url,date,title,text,sitename
https://www.forbes.com/sites/qai/2021/07/09/beyond-meat-inc-ranked-among-todays-trending-stocks/,2021-07-09,"Beyond Meat, Inc Ranked Among Today’s Trending Stocks","The stock market rallied today after a minor pullback yesterday, shoving aside worries about covid-19, growth rates, and slipping bond yields signaling some trouble on the horizon. The Dow Jones was the major winner, pushing up over 350 points, and reversing yesterday’s losses - apparently, the dip has been bought. Reopening stocks and financials were surging more than 2.5% in some cases, as General Motors led the way up 3.5% after an upgrade from Wedbush on its future prospects. Big Tech was muted, however, as President Biden took aim with an executive order to encourage federal agencies to adopt push-back policies to some of their competitive practices.
Q.ai runs daily factor models to get the most up-to-date reading on stocks and ETFs. Our deep-learning algorithms use Artificial Intelligence (AI) technology to provide an in-depth, intelligence-based look at a company – so you don’t have to do the digging yourself.
Sign up for the free Forbes AI Investor newsletter here to join an exclusive AI investing community and get premium investing ideas before markets open.
Nike Inc (NKE)
Apparel giant Nike is tops on our trending stocks list today. Nike remains the world's largest supplier of athletic shoes and apparel, and is the world’s most valuable brand among sports businesses. Earnings have been pretty strong for the giant lately, as their push into the Chinese market has continued to thrive. Next earnings aren’t out until September, but judging by the market reaction lately, they could be impressive. The stock closed up 0.29% to $160.63 on volume of 6,081,641 vs its 10-day price average of $154.94 and its 22-day price average of $141.93, and has posted a respectable 13.54% gain for the year.
Our AI systems rated Nike solid but unspectactular, with a C in Technicals, C in Growth, B in Low Volatility Momentum, and C in Quality Value. Speaking of earnings, revenue grew by 13.86% over the last three fiscal years, while Operating Income grew by 50.82% in the three fiscal years. EPS impressively grew by 42.97% in the last three fiscals. Overall, revenue was $44538.0M in the last fiscal year compared to $39117.0M three years ago, Operating Income was $7197.0M in the last fiscal year compared to $4772.0M three years ago, EPS was $3.56 in the last fiscal year compared to $2.49 three years ago, and ROE was 55.01% in the last year compared to 42.74% three years ago. The stock is trading with a Forward 12M P/E of 37.28.
Wells Fargo & Company (WFC)
Wells Fargo & Company is another trending stock today. Wells Fargo is one of the largest banks in the United States, with approximately $1.9 trillion in balance sheet assets. The company is split into four primary segments: consumer banking, commercial banking, corporate and investment banking, and wealth and investment management. It is almost entirely focused on the U.S. With financials surging today, Wells Fargo is no exception gaining almost 3%. Yesterday was another story, as the stock closed down 2.49% to $42.32 on volume of 29,148,740 vs its 10-day price average of $44.71 and its 22-day price average of $44.63. Still, the company has posted a fantastic 40.23% gain for the year.
Our AI systems rated Wells Fargo D in Technicals, D in Growth, B in Low Volatility Momentum, and D in Quality Value. Revenue has been solid with a 9.26% increase in the last fiscal year, while Operating income grew by 216.11% in the last fiscal. EPS was where the company has really shined lately with a growth of 255.17% gain in the last fical year.
Overall numbers are impressive as well, with revenue coming in at $58319.0M in the last fiscal year compared to $84696.0M three years ago, Operating Income was $2117.0M in the last fiscal year compared to $28538.0M three years ago. EPS followed with $0.41 in the last fiscal year compared to $4.28 three years ago, and ROE was a disappointing 1.92% in the last year compared to 11.29% three years ago. The stock is also trading with a Forward 12M P/E of 12.18.
Moderna, Inc (MRNA)
Moderna, Inc is a trending stock today and third on our list. Obviously, this stock has had an excellent year, developing a covid-19 vaccine using techniques that go along with its stock ticker (mRNA). The company overall is a commercial-stage biotech that was founded in 2010 and had its initial public offering in December 2018. The firm's mRNA technology was rapidly validated with its COVID-19 vaccine, which was authorized in the United States in December 2020. The stock has done exceptionally this year, up 122.83%, and closed up 4.91% to $232.79 on volume of 8,719,363 vs its 10-day price average of $228.99 and its 22-day price average of $218.47.
Our AI systems rated the company C in Technicals,F in Growth, D in Low Volatility Momentum, and B in Quality Value. Overall earnings have been in line with the stock movement, with revenue growing by 240.11% in the last fiscal year and by a whopping 1922.98% over the last three fiscal years. Revenue was $803.4M in the last fiscal year compared to $135.07M three years ago, Operating Income was $(763.14)M in the last fiscal year compared to $(413.27)M three years ago, EPS was $(1.96) in the last fiscal year compares to $(4.95) three years ago, and ROE was (39.99%) in the last year compared to (35.7%) three years ago. Forward 12M revenue is expected to grow by 17.05% over the next 12 months and the stock is also trading with a Forward 12M P/E of 16.9.
Beyond Meat, Inc (BYND)
Beyond Meat, Inc is our fourth trending stock today. Beyond Meat is a provider of plant-based meats, such as burgers, sausage, ground beef, and chicken. Unlike other vegetarian products, Beyond Meat seeks to replicate the look, cook, and taste of meat, is targeted to omnivores and vegetarians alike, and is sold in the meat case. Of course, the company has flourished in an age where global climate change due to the meat industry has been given many issues, and the launch to fandom since their IPO back in 2019 has been impressive. The stock closed down 0.79% to $139.23 on volume of 2,260,522 vs its 10-day price average of $148.99 and its 22-day price average of $148.7, but is still up 11.38% for the year.
Our AI systems rated the company D in Technicals, F in Growth, D in Low Volatility Momentum, and F in Quality Value. Revenue has been slow lately but impressive over the long term, growing by 2.73% in the last fiscal year but by 375.21% over the last fiscal year, part in thanks to many corporate partnerships. Operating income grew by 83.62% in the last fiscal year and by 118.58% in the last three fiscal years, while EPS grew by 54.07% in the last fiscal year.
Revenue was $406.78M in the last fiscal year compared to only $87.93M three years ago, Operating Income was $(31.52)M in the last fiscal year compared to $(26.47)M three years ago, EPS was $(0.85) in the last fiscal year compared to $(4.75) three years ago, and ROE was (14.04%) in the last year compared to (45.95%) three years ago. Forward 12M revenue is expected to grow by 8.21% in the next 12 months and the stock is also trading with a Forward 12M P/E of 13.14.
Delta Air Lines, Inc (DAL)
Delta Air Lines, Inc is our final trending stock today, and well it should be given the reopening trade is really picking up steam today. July 4 travel has been huge for this company, as travel exceeded last year’s holiday by far. The Atlanta-based airline is one of the world's largest airlines, with a network of over 300 destinations in more than 50 countries. The stock closed down 1.1% to $42.07 on volume of 10,363,900 vs its 10-day price average of $43.48 and its 22-day price average of $44.73, but has gained 4.63% for the year.
Our AI systems rated Delta D in Technicals, F in Growth, F in Low Volatility Momentum, and F in Quality Value. Operating Income grew by 23.68% in the last fiscal year while EPS grew by 5.22%. Revenue was $17095.0M in the last fiscal year compared to $44438.0M three years ago, Operating Income was $(9200.0)M in the last fiscal year compared to $5459.0M three years ago, EPS was $(19.49) in the last fiscal year compared to $5.67 three years ago, and ROE was (146.64%) in the last year compared to 30.02% three years ago. Forward 12M Revenue is expected to grow by 14.5% over the next 12 months as people get back to flying comfortably.
Liked what you read? Sign up for our free Forbes AI Investor Newsletter here to get AI driven investing ideas weekly. For a limited time, subscribers can join an exclusive slack group to get these ideas before markets open.
Source: S&P Global Market Intelligence
Q.ai, a Forbes Company, formerly known as Quantalytics and Quantamize, uses advanced forms of quantitative techniques and artificial intelligence to generate investment
…Q.ai, a Forbes Company, formerly known as Quantalytics and Quantamize, uses advanced forms of quantitative techniques and artificial intelligence to generate investment recommendations across all asset classes. When it comes to money, no one should have to settle. We make investing less intimidating, more accessible and a lot of fun for everyone. That’s investing, reimagined.",Forbes
https://www.forbes.com/sites/tomtaulli/2021/07/09/how-to-evaluate-ai-software/,2021-07-09,How To Evaluate AI Software,"Buying off-the-shelf AI (Artificial Intelligence) software is a good first step for those companies that are new to the technology. There should be little need to make investments in technical infrastructure or to hire expensive data sciences. There will also be the benefit of getting a solution that has been tested by other customers. For the most part, there should be confidence in the accuracy levels as the algorithms will probably be implemented properly.
But there is a nagging issue: there are many AI applications on the market and it is extremely difficult to determine which is the best option. After all, it seems that most tech vendors are extolling their AI capabilities as a way to stand out from the crowd.
Then what are some factors to consider when evaluating a new solution? Let’s take a look at the following:
Data Connectors: AI is useless without data. It is the fuel for the insights.
But when it comes to a new AI solution, it can be tough to find the right sources of data, wrangle it and integrate it. Thus, when evaluating an application, you need to make sure that there are ways to handle this process.
“The most complex task in an AI solution is not to implement the machine learning algorithm anymore—this is usually available as a set of functions in every tool—but to collect the data,” said Rosaria Silipo, a Ph.D. and a principal data scientist at KNIME. “That is, to connect to a variety of data sources, on premise, on the web, or on the cloud, and extract the data of interest.”
Flexibility: AI does not have general scope. Instead, it is focused on particular use cases. This is known a “weak AI.”
This is why it is important to see if the application is built to handle your particular vertical or situation.
“Take search, for instance, where AI can be used to re-rank results and improve relevance,” said Ciro Greco, who is the Vice President of Artificial Intelligence at Coveo. “When applied to ecommerce, search is searching on semi-structured records, such as products with little text available and we can count on reasonable amounts of behavioral data produced by users who browse the website. A strategy based on user behavior can be very effective, because we can count on having enough data to learn from.”
Yet AI-search for customer service use cases is often much different. It’s often about finding technical documents. “There is plenty of unstructured text, such as Knowledge Articles, and fewer behavioral data points, because customer service websites usually are less visited than e-commerce platforms,” said Greco. “So in that case, a strategy based on NLP for topic modeling will probably be more effective, because we need to maximize the gain from the information we have, in this case free text.”
Ease-of-use: This is absolutely critical. The user of AI is often a non-technical person. If the application is complex, there could easily be little adoption.
Ethical AI: Even if the application is accurate, there could be risks. The data may have inherent biases, which could skew the results. This is why you should get an explanation of the data and how it is used.
“What many forget when evaluating an AI solution is the potential damage or risk it could pose to your organization,” said Michael Mazur, who is the founder and CEO of AI Clearing. “What if your organization is sued for deploying this solution?”
Costs: “If you’re the first customer in a specific industry for an AI vendor, then you’re a very valuable customer to have and you can use that as negotiating leverage for a beneficial contract,” said Brian Jackson, who is an analyst and research director at Info-Tech Research Group.
Tom (@ttaulli) is an advisor/board member to startups and the author of Artificial Intelligence Basics: A Non-Technical Introduction, The Robotic Process Automation Handbook: A Guide to Implementing RPA Systems and Implementing AI Systems: Transform Your Business in 6 Steps. He also has developed various online courses, such as for the COBOL and Python programming languages.
Tom (@ttaulli) is the author of Artificial Intelligence Basics: A Non-Technical Introduction ( https://amzn.to/2InAZeT) and The Robotic Process Automation Handbook: A
…Tom (@ttaulli) is the author of Artificial Intelligence Basics: A Non-Technical Introduction ( https://amzn.to/2InAZeT) and The Robotic Process Automation Handbook: A Guide to Implementing RPA Systems ( https://amzn.to/2tURWJx)",Forbes
https://www.forbes.com/sites/henryflynn/2021/07/10/spains-most-valuable-euro-2020-star-was-french-born-laporte-suggests-ai/,2021-07-10,"Spain’s Most Valuable Euro 2020 Star Was French-Born Laporte, Suggests AI","Manchester City defender Aymeric Laporte was in limbo one month before this summer’s European Championship began.
The 27-year-old was born in the French Basque town of Agen and was a France international until he suddenly switched his soccer allegiance to Spain. For all his talent, Laporte had never played a senior game for his birth country. And before wearing Spanish colors at the Euros, he had only featured in one senior international: a preparatory friendly against Portugal.
Now, after his chosen team exited at the semi-final stage of the competition, it seems he was Spain’s most valuable player. At least, that is according to Olocip, an artificial intelligence (AI) company founded by former Real Madrid playmaker Esteban Granero. Olocip assesses player performance and other soccer facets by gathering in-game data to draw results. The AI department also investigates basketball and tennis, looking at scouting and injury prevention alongside on-field influence.
To calculate soccer players’ value to their teams at Euro 2020—arguably both a qualitative and quantitative measure—the company aggregated a total of 62 variables, such as how often players recovered possession, their types of shots on goal and everything in between. For Spain, Laporte came first, with Ferran Torres, Jordi Alba and Pedri trailing behind him. Olocip also found him the second most valuable player at Euro 2020, after Czech Republic striker Patrick Schick.
There is a catch, though. According to the findings, Laporte was Spain’s most valuable player, but he also played every minute of every game, which gave him more time to contribute. To illustrate the point, striker Álvaro Morata offered only slightly more to Spain than Artem Dobvyk did to Ukraine, for example, despite playing many more times than the other striker. So, while Morata was more valuable, Dobvyk was arguably a more efficient finisher.
Indeed, there was more to Spain than the impressive Laporte. Despite reaching the semi-finals, Spain underachieved most in front of goal. Olocip notes that Spain—with more shots than any other team—was particularly wasteful in attack. Luis Enrique’s side lacked a clinical edge in what was an otherwise respectable tournament.
Laporte’s showing was undoubtedly a success story, though. He is one of the best central defenders in Europe and has settled into a new team within a short time frame. His emergence symbolized Spain’s tournament, in which a new-look group—without Sergio Ramos or any Real Madrid players—took to the pitch and almost made the final. Beforehand, there had been little excitement surrounding the national team.
A similar squad will be pushing for World Cup qualification. But how much can AI tell us about Laporte and his teammates? Olocip is one of a handful of companies championing AI in soccer and appears confident in its approach.
“We’re satisfied with the systems we’ve developed and with the precision of our models because all of them are scientifically validated, guaranteeing accuracy and reliability,” its team, which includes some with PhDs in AI, told me in a joint statement.
“Pairing technology with soccer will help enhance the capacities of both fields.”
They consider AI an invaluable tool for those working within soccer but admit some things are tricky to measure, such as a player’s state of mind before a game. Olocip believes AI’s potential in soccer is massive, however, and remains open to advancing its technologies further.
There is more to come. But in a saturated world of sports stats, AI is trying to make the next step. How much of Olocip is AI compared to advanced number crunching is debatable, but it is a streamlined process that provides conclusions.
That said, players are still subject to differing opinions. But if the figures are anything to go by, Laporte’s feats in a red shirt may have only started.
I am a freelance journalist with a specialist interest in soccer in Spain, a country I have lived in and adore. I currently write articles for SUR in English, one of
…I am a freelance journalist with a specialist interest in soccer in Spain, a country I have lived in and adore. I currently write articles for SUR in English, one of newspaper Diario SUR’s foreign language editions in Andalusia. For this publication, I mainly cover local team Malaga, who made a lasting impression by reaching the UEFA Champions League quarter-finals in 2013, but now play in Spain’s second tier. I have also contributed copy to Marca (in English) and World Soccer magazine. I strive to write stories that scratch beneath the surface and focus on soccer culture.",Forbes
https://www.forbes.com/sites/glenngow/2021/07/11/google-facebook-and-microsoft-are-working-on-ai-ethics-heres-what-your-company-should-be-doing/,2021-07-11T10:41:31Z,"Google, Facebook, And Microsoft Are Working On AI Ethics. Here’s What Your Company Should Be Doing","As AI is making its way into more companies, the board and senior executives need to mitigate the risk of their AI-based systems. One area of risk includes the reputational, regulatory, and legal risks of AI-led ethical decisions.
AI-based systems are often faced with making decisions that were not built into their models — decisions representing ethical dilemmas.
For example, suppose a company builds an AI-based system to optimize the number of advertisements we see. In that case, the AI may encourage incendiary content that causes users to get angry and comment and post their own opinions. If this works, users spend more time on the site and see more ads. The AI has done its job without ethical oversight. The unintended consequence is the polarization of users.
Examples
What happens if your company builds a system that automates work so that you no longer need that employee? What is the company's ethical responsibility to that employee, to society? Who is determining the ethics of the impact related to employment?
What if the AI tells a loan officer to recommend against providing a loan to a person? If the human doesn't understand how the AI came to that conclusion, how can the human know if the decision was ethical or not? (see How AI Can Go Terribly Wrong: 5 Biases That Create Failure)
Suppose the data used to train your AI system doesn't have sufficient data about specific classes of individuals. In that case, it may not learn what to do when it encounters those individuals. Would a facial recognition system used for check-in to a hotel recognize a person with freckles? If the system stops working and makes check-in harder for a person with freckles, what should the company do? How does the company address this ethical dilemma? (see Why Are Technology Companies Quitting Facial Recognition?)
If the developers who identify the data to be used for training an AI system aren't looking for bias, how can they prevent an ethical dilemma? For example, suppose a company has historically hired more men than women. In that case, a bias is likely to exist in the resume data. Men tend to use different words than women in their resumes. If the data is sourced from men's resumes, then women's resumes may be viewed less favorably, just based on word choice.
Ethical Principles for Companies
Google, Facebook, and Microsoft are addressing these ethical issues. Many have pointed to the missteps Google and Facebook have made in attempting to address AI ethical issues. Let's look at some of the positive elements of what they and Microsoft are doing to address AI ethics.
While each company is addressing these principles differently, we can learn a lot by examining their commonalities. Here are some fundamental principles they address.
- Fairness: AI systems should treat all people fairly and avoid creating or reinforcing unfair bias
- Inclusiveness: AI systems should empower everyone and engage people, and include cultural diversity
- Reliability and Safety: AI systems should perform reliably and safely to avoid unintended results
- Transparency: AI systems should be understandable and explainable
- Privacy and Security: AI systems should be secure and respect privacy and provide privacy safeguards
- Accountability: AI systems should have algorithmic accountability to enable appropriate human direction and control
While these tech giants are imperfect, they are leading the way in addressing ethical AI challenges. What are your board and senior management team doing to address these issues?
Suggestions
Below are some suggestions you can implement now.
- Make the ethics of AI a board-level discussion
- Examine the many different risks associated with the ethics of AI
- Ensure senior executives understand how and where AI-based systems are being considered and implemented
- Develop an approach to building systems that considers ethical dilemmas before the system is built
By addressing these issues now, your company will reduce the risks of having AI make or recommend decisions that imperil the company. (see AI Can Be Dangerous - How to Reduce Risk When Using AI) Are you aware of the reputational, regulatory, and legal risks associated with the ethics of your AI?",Forbes
https://www.cnbc.com/2021/07/11/future-ai-toys-may-be-smarter-than-parents-and-less-protective.html,2021-07-11,"Future AI toys could be smarter than parents, but a lot less protective","The thought of a child's toy listening in on a family 24/7 is unsettling. While smart toys can be useful, educational tools for kids, they also pose privacy risks which toy makers and privacy experts are still learning how to balance.
Smart toys made with artificial intelligence, such as machine-learning capabilities, can collect different forms of data from kids. Whether an AI-enabled toy is personalizing lessons based on how fast your kid learns shapes, or a doll is learning your kid's favorite ice cream flavor, toy experts expect more of these toys to be introduced in the years ahead, even though early missteps and high sales prices have limited consumer interest to date.
""As an AI toy starts to learn the child, this means the toy in the next 15 years will be smarter than the parent and gather all this data that could one day hurt the child,"" said Will.i.am, singer-songwriter and chair of the World Economic Forum's Smart Toy Awards' judging committee, recently speaking at CNBC's Evolve Global Summit.
Forms of smart play
AI toy concerns vary based on toy type and the capabilities it has in terms of collecting data.
In general, smart toys learn from children and provide an adaptive and responsive play experience. However, there are two main categories of smart toys that fit within this framework. First, smart companions, which learn from and interact with the child during activities. Second, programmable toys designed with machine learning that move and perform tasks to teach kids educational skills.
One example of the latter is ROYBI Robot, which creates personalized lessons to teach kids educational subjects like science, languages and math. It has a camera and microphone to detect facial and emotional reactions from kids, but all of the information collected is controlled through a parent or guardian's account.
While ROYBI Robot is a smart toy that handles data collection ethically and responsibly, according to Seth Bergeson, an artificial intelligence and machine learning fellow at the World Economic Forum, there are other smart toys that have risked personal and data privacy.
Cautionary toy stories
Between 2014 and 2017, a toy company named Genesis Toys sold My Friend Cayla marketed as an interactive doll that could listen to and respond to kids. The problem: it was recording its conversations with kids, as well as conversations with parents, siblings and anyone else around the doll, Bergeson said, and able to share the data with third-party companies.
""This is a really troublesome example and cautionary tale for a toy,"" Bergeson said. ""There were several FTC [Federal Trade Commission] complaints filed in the U.S. The nation of Germany just banned the toy completely and called it a concealed espionage device, and ordered families to destroy the toy if they had it at home.""
Another example, better known in the U.S. for its privacy backlash: Mattel's Hello Barbie.
Similar to My Friend Cayla, Hello Barbie was designed to talk with children, take in information about them and create a profile of the child in order to develop better conversations in the future. For instance, if a child told Hello Barbie about their favorite ice cream flavor or the sports they play, then Barbie created a persona of the child.
""There are severe consequences around child protection laws,"" said Stephanie Wissink, a senior research analyst and managing director in the consumer practice at Jefferies. ""When you start creating a technology profile of a child, you are crossing a privacy line.""
Mattel's Hello Barbie was released in 2015 even though concerns preceded the launch, but it was met with a social media campaign titled, ""#HellnoBarbie"" to demonstrate consumer opposition to the doll. Hello Barbie is no longer manufactured but can be found used on eBay.
Mattel did not respond to a CNBC request for comment.
Kids and privacy laws
There are rules in the United States to protect a child's personal privacy as it relates to internet data.
The Children's Online Privacy Protection Act (COPPA) protects children 13 years and younger and their personal information on the internet from being taken without express approval from parents, according to the Federal Trade Commission.
""The purpose of COPPA is to control systems, and limit and restrict the attempt to collect data on children,"" said Alan Butler, executive director at the Electronic Privacy Information Center (EPIC), a public interest research center focused on privacy issues.
EPIC, along with other parties, filed a complaint to the FTC in 2016 about Genesis Toys and its My Friend Cayla dolls along with another product, iQue intelligent robots. EPIC said these toys collect, use and disclose recordings of children's voices without parental consent, which is a direct violation of COPPA, according to the complaint report filed.
Artificial intelligence is extremely important to society, whether we like it or not. It's going to be progressively more important to play.Richard Gottlieb, CEO of Global Toy Experts
A year after the report, these toys were still available on Amazon but were removed from other retailers like Walmart, Target and Toys ""R"" Us. Now, neither of these toys are sold at any U.S. retailers, except on used toy markets like eBay. According to Ailo Ravna, a senior policy advisor at the Norwegian Consumer Council, it is unclear if Genesis Toys is operational today. Ravna said My Friend Cayla dolls and iQue robots don't appear to be sold in Europe and the company's website has not been updated in years.
""For any new device coming onto the market, if it's not complying with COPPA, then it's breaking the law,"" Butler said. ""There's a lot of toys on the market and there's a need to ensure that they're all complying with COPPA.""
There is no pre-clearance review of toys before they hit the market, and it can get harder when toys are manufactured outside of the U.S., according to Butler, who added that while the FTC is fairly aggressive at enforcing COPPA, there needs to be a better system in place regulating toys and identifying issues before they become available for sale.
High prices and varying demand
Pricing may prove to be a bigger impediment to the uptake of smart toys by consumers than privacy issues, for the time being.
The majority of toys sold to consumers are at a price point as low as $10 to $15, according to Wissink, and the integration of artificial intelligence can raise toy cost to as high as $60 to $75, which is too expensive for many parents. Until smart toys become more affordable, the prevalence of these toys is going to stay relatively low, she said.
Market demand for smart toys has been low.
Between May 2020 and May 2021, the market for programmable smart toys, specifically, made up 0.1% of the whole toy industry, according to Juli Lennett, the U.S. toys industry advisor at NPD Group, and sales were roughly half of the previous year period.
There have been sales spikes when a specific toy hits, such as in 2018, when Anki, a robotics and artificial intelligence start-up, was selling a popular toy named Cozmo, similar to ROYBI Robot, designed to use programmable features to enhance learning.
According to NPD, Anki had $24 million in annual sales from Cozmo, but Lennett said the company went bankrupt in 2019, potentially due to high manufacturing costs.
Cozmo was acquired by Digital Dream Labs, where it is in the process of being rereleased in the coming months, as an AI-powered smart companion, according to Matthew Eversole, chief marketing officer of Digital Dream Labs.
""Customer demand for these devices are still high today,"" Eversole said.
Lennett is more cautious about demand.
""Every now and then, you'll see something hit the market and cause some crazy trends, and a toy might last on the market for two or three years on average, and then fade away,"" she said.
Future of AI in child's world
""Parents tend to like it simple. If it's something that doesn't really enhance the play value of the toy and it adds cost, then it's not going to be successful,"" said Gerrick Johnson, an BMO Capital Markets equity research analyst following toy companies like Mattel, Hasbro, which sold a smart R2-D2 droid and later discontinued it, and Funko, which does not currently sell any smart toys.
But the success of AI toys, like other technological advancements, may be inevitable in coming years.
""I don't think any of us have any doubt that the world these children are going to live in is going to be a world that's enhanced by artificial intelligence,"" said Richard Gottlieb, CEO of Global Toy Experts, a toy industry consultancy firm.
Gottlieb said the introduction of AI toys is similar to when kids were first introduced to books. Books are now vital forms of literacy and education, but parents were initially concerned about access to uncensored information.
""Artificial intelligence is extremely important to society, whether we like it or not,"" Gottlieb said. ""It's going to be progressively more important to play.""",CNBC
https://www.forbes.com/sites/lanceeliot/2021/07/11/the-bathroom-break-gotta-go-conundrum-for-riders-inside-ai-self-driving-cars/,2021-07-11,The Bathroom Break ‘Gotta Go’ Conundrum For Riders Inside AI Self-Driving Cars,"Sometimes, something that might seem inconsequential can be a rather daunting problem.
Have you ever been driving your car and suddenly had your toddler announce that they have to go the bathroom? For most parents, this has happened at least once in their parental lives, if not many times. Indeed, parents that go through this circumstance are bound to repeatedly in the future admonish their children to go to the bathroom before any long road trip gets underway.
I know it sounds like a trivial matter, but when dealing with a crying youngster that is insisting that they need to find relief, any caring parent is going to realize this is rather important stuff to deal with. Of course, movies and TV shows have often utilized such scenarios for comedic purposes. Though not occurring within a car, there is a quite famous scene in the movie Liar Liar in which attorney-portraying actor Jim Carrey tells a judge during a courtroom trial that he just has to go to the restroom, for which the judge questions whether the matter can wait or not. The ensuing dialogue is precious, that’s for sure.
I suppose the point too is that the urgent need to gain relief is not solely apt to occur only for children. Adults can find themselves mired in the same problem.
Perhaps you are driving on the freeway to work and had consumed an entire cup of coffee that morning, plus you are sipping from a second full cup that is in your car with you. Traffic is snarled. The drive to the office is taking a lot longer than you anticipated.
Regrettably, you begin to feel the need for finding a nearby restroom. The problem is that there aren’t any exit ramps up ahead. Even if you were to do a timely exit from the freeway, you aren’t sure where you would find a suitable place that has a clean and safe restroom. It used to be that gas stations prided themselves on offering such a handy service, aiming to bring in customers that would then buy petrol and purchase some merchandise at the convenience store. Nowadays, it seems that many gas station bathrooms are oftentimes so deplorably kept that it is the last place you’d ever consider visiting, even in a time of dire crisis.
It used to be that you had to randomly hope for some establishment to be off the next exit up ahead of your vehicle. The good news is that nowadays with GPS and mapping systems, you can usually peek at the digital map and see what kinds of businesses might be at the next series of exits. A rule of thumb seems to be that if there is a well-known eatery such as a McDonald’s or similar, those usually have a restroom that is sanitary and safe enough to use in a pinch.
In any case, the driver of the car is on the hot seat, as it were, in the sense that when a request occurs for seeking relief, the driver needs to ascertain where, when, and how to find a reasonably suitable place to stop. You can’t just hit the brakes and miraculously have a solution at the door of your vehicle. It will take some amount of additional driving and precious, ostensibly nerve-racking, time to navigate to and arrive at a locale that will resolve the matter appropriately.
As mentioned, that’s why any seasoned driver usually considers such conundrums before getting behind the wheel of a car. If a drive is going to require any significant amount of time, the odds of a request for urgent aid is going to increase with each mile driven. The potential ensnarement can be an obvious one when taking a vacation trip that goes across many miles of open desert or through vast farmlands. You know beforehand that there won’t be viable options during the driving journey. Meanwhile, it is easy to get caught off-guard by those shorter trips that take place on highways or freeways and you get jammed into backed up bumper-to-bumper traffic, thus unexpectedly prolonging the time in the vehicle.
With today’s ridesharing, you don’t usually hear about situations of this nature arising in a ridesharing context. The chances are that a ridesharing trip is going to be short and sweet. Furthermore, ridesharing typically occurs in cities and populated areas that would allow for cutting a trip short, to utilize a location that seems suitable for the pressing matter. There are instances of ridesharing drivers that have been asked to find a restroom, though such cases are relatively uncommon.
We are back to the notion that the driver is going to be a key determiner of how fate will play out. A passenger that has a request will need to convey the request to the driver. The driver then has to try and figure out a means to accommodate the request. The classic “hold it” is often used by parents, though this can be a stress-inducing instruction and not especially satisfactory to all parties.
Speaking of drivers, the future of cars will consist of self-driving cars, meaning that the driver is an AI-based driving system (for more on my coverage, see the link here). Rather than having a human sitting at the steering wheel, there won’t be any steering wheel at all, and nor will there be a human driver involved in the driving task.
This raises an intriguing question: How will AI-based true self-driving cars cope with requests involving an urgent bathroom break as expressed by a passenger inside the vehicle?
Before we leap into the answer, one might be doubtful that such a question is worth posing at this time. Surely, of all the issues facing the advent of self-driving cars, this particular dilemma has got to be pretty low on the priority list.
You’d be right that the focus of the automakers and self-driving tech makers is more so on the challenges of technologically making AI driving systems that can safely drive from point A to point B. That has to happen for self-driving cars to make any substantive progress in terms of being readily accepted and utilized on our public roadways.
There are plenty of so-called edge or corner cases that will gradually and inexorably need to be worked out. Certainly, the matter being addressed in this discussion could be placed onto such a future-topics list to be resolved at a later date. Nonetheless, there is no getting around the fact that this is an aspect that happens in the real world of driving, at least concerning human drivers, and we would expect that eventually, the full gamut of self-driving cars ought to be able to contend with the same trials and tribulations that occur to human drivers.
All told, this topic is assuredly worth giving some modest consideration toward, and also provides interesting fodder for thinking about how self-driving cars will need to be programmed or adapted to handle the vagaries and nuances of carrying around human riders.
Let’s unpack the matter and see.
Understanding The Levels Of Self-Driving Cars
As a clarification, true self-driving cars are ones that the AI drives the car entirely on its own and there isn’t any human assistance during the driving task.
These driverless vehicles are considered Level 4 and Level 5 (see my explanation at this link here), while a car that requires a human driver to co-share the driving effort is usually considered at Level 2 or Level 3. The cars that co-share the driving task are described as being semi-autonomous, and typically contain a variety of automated add-on’s that are referred to as ADAS (Advanced Driver-Assistance Systems).
There is not yet a true self-driving car at Level 5, which we don’t yet even know if this will be possible to achieve, and nor how long it will take to get there.
Meanwhile, the Level 4 efforts are gradually trying to get some traction by undergoing very narrow and selective public roadway trials, though there is controversy over whether this testing should be allowed per se (we are all life-or-death guinea pigs in an experiment taking place on our highways and byways, some contend, see my coverage at this link here).
Since semi-autonomous cars require a human driver, the adoption of those types of cars won’t be markedly different than driving conventional vehicles, so there’s not much new per se to cover about them on this topic (though, as you’ll see in a moment, the points next made are generally applicable).
For semi-autonomous cars, it is important that the public needs to be forewarned about a disturbing aspect that’s been arising lately, namely that despite those human drivers that keep posting videos of themselves falling asleep at the wheel of a Level 2 or Level 3 car, we all need to avoid being misled into believing that the driver can take away their attention from the driving task while driving a semi-autonomous car.
You are the responsible party for the driving actions of the vehicle, regardless of how much automation might be tossed into a Level 2 or Level 3.
Self-Driving Cars And Restroom Breaks
For Level 4 and Level 5 true self-driving vehicles, there won’t be a human driver involved in the driving task.
All occupants will be passengers.
The AI is doing the driving.
One aspect to immediately discuss entails the fact that today’s AI is not sentient.
In other words, the AI is altogether a collective of computer-based programming and algorithms, and most assuredly not able to reason in the same manner that humans can. I mention this aspect because many headlines boldly proclaim or imply that AI has turned the corner and become equal to human intelligence. As if that wasn’t bad enough, the outsized headlines seek to amp further the matter by contending that AI is reaching superhuman capabilities (for why the use of “superhuman” as a moniker is especially misleading and inappropriate, see my discussion at this link here).
Why this emphasis about the AI not being sentient?
Because I want to underscore that when discussing the matter of concern herein, it is important to not ascribe human qualities to the AI. Please be aware that there is an ongoing and dangerous tendency these days to anthropomorphize AI. In essence, people are assigning human-like sentience to today’s AI, despite the undeniable and inarguable fact that no such AI exists as yet.
In short, if a tearful child inside a self-driving car were to suddenly blurt out to the AI driving system that there was an urgent need to find a restroom, the AI is not somehow sentient and going to instantly respond with a caring reply. The AI driving systems are currently pretty much very limited in any kind of interaction with the passengers of the vehicle. Other than finding out the desired destination, most of the AI driving systems do nothing else as interaction and will simply and silently drive the car to the indicated address.
You can expect that the use of Natural Language Processing (NLP) akin to an Alexa or Siri will step-by-step be included in AI driving systems. This will allow a limited range of discourse with the AI driving system. For example, you might want to change your destination indication, so you speak-up, saying a wake-up keyword for the NLP, and then in short and clear-cut commands would state that you wish to go to a different address.
In theory, this NLP could encompass a capability associated with the bathroom break conundrum.
The NLP would have to be programmed accordingly. A passenger would need to indicate that they are requesting that the AI driving system reroute to a suitable locale that would have a restroom. Presumably, the AI driving system would examine the digital maps being used and proffer potential choices for the passenger, of which the rider might then select one that seems suitable.
Let’s mull that over.
Have you ever changed your driving path and came to a nearby restroom that upon actually seeing the locale it became evident that stopping there would unwise?
I’m sure that you have.
The same could happen when rerouting the self-driving car. Even once you arrive at the seemingly nearest option or one that you otherwise designated, upon seeing the nature of the place and where it resides, you might change your mind and desire a secondary choice instead. This means that you would need to instruct the AI driving system to try and go to the next possibility.
These kinds of interactions with a human driver are quite easy and we do not put much thought toward carrying on such conversations. A human driver might instantly realize when they pullup to a filthy gas station that the place does not look safe to stop at. At that juncture, a tough battle can ensue over whether it is worth a chance at using the locale or opting to proceed further.
Meanwhile, one might say the clock is ticking.
Do not expect the NLP capabilities to be as fluid and seemingly able as what you would experience with a human driver. On the other hand, it is sometimes the case that a human driver is recalcitrant and will either refuse to stop, even though the need has reached a crucial level, or will stop at a place that is patently scary and just say that you ought to get out of the car and proceed accordingly.
Hopefully, a well-crafted NLP would not be set up in the same manner.
Some wonder whether self-driving cars might be outfitted with accommodations within the vehicle itself, thus obviating the need to stop anywhere for the pressing need.
This is an interesting idea.
First, let’s clarify that self-driving cars will potentially be redesigned beyond what a conventional car currently consists of, especially altering the interior of the vehicle. Right now, a car has to have a driver’s seat and driving controls, all of which take up a blocked area in the interior. Without any need for human-accessible driving controls, the entire interior is suddenly openly available and can be reimagined accordingly.
Some futuristic designs showcase that there might be swivel seats inside a self-driving car. This would allow the passengers to face in whatever direction they wished. At one point during a driving journey, perhaps everyone is facing forward, just like in a conventional car. During a trek, perhaps all those seats are swiveled to face each other, allowing for direct face-to-face interaction.
There is also a design approach that involves seats that recline, allowing for taking a nap or outright snoozing while letting the AI do the driving. This makes abundant sense. If you are taking a long road trip, you might as well catch some winks on the way to your destination. That morning commute to work can even provide an opportunity for catching some shuteye, making you ready and refreshed when you reach the office.
Given those redesigns, some wonder whether a form of a “portable potty” might be included in the interior of a self-driving car. This would certainly be handy when the time arises. On the other hand, this would indubitably open other problems and make for a can of worms. You can imagine the logistics difficulties that would underpin having such a capability.
Returning to the more likely options, namely rerouting the self-driving car, you won’t necessarily need to interact with the AI driving system to do so. Most of the self-driving cars are going to be equipped with a telecommunications link that will allow you to speak with a remote agent, kind of akin to an OnStar-like feature. You could press a button and have a remote agent, a human, available to speak with about your need to find a restroom.
One aspect that has some controversy involves what the remote agent can and cannot do concerning the AI driving system. There are some automakers and self-driving tech firms that are going to allow a remote human agent to take over the driving controls from the AI driving system. This has some serious downsides and there will be a great deal of debate yet to come on such a provision (see my discussion at this link here).
Some believe that a more prudent approach involves the remote agent being able to provide advice to the AI driving system, rather than being able to directly control the vehicle. For example, the remote agent in this instance might look-up in an online database whether there are any suitable restrooms nearby to your present driving location, and then send an indication to the AI driving system to reroute to that location. Notice that the remote agent is not taking over the driving controls and instead merely changing the destination address.
All told, the options seem to be that the passenger might instruct the AI driving system to go to a location that will provide the needed accommodations, or the rider might make use of a remote agent to assist in altering the course of the self-driving car. The AI is not likely to play an active role in solving the dilemma per se, unlike a human driver that would potentially aid in reasoning about how to deal with the situation. There is also an off chance that some self-driving cars might have a built-in restroom-like option, though this is unexpected and seemingly unlikely.
Conclusion
There is an added twist to this.
It is conceivable that waystations for self-driving cars might be established. These would be set up to enable the recharging or refueling of self-driving cars. There might also be a maintenance and cleaning crew at those spots. Since self-driving cars are potentially going to be on-the-go 24x7, this implies that there will need to be relatively frequent efforts to keep the vehicle clean and in proper shape for driving and for carrying passengers.
Okay, it is also conceivable that those might be locales that a rider could use a restroom. Similar to the notion of using a restroom at a gas station, these newer kinds of waystations might provide the same facility. On top of that, one supposes that these specially devised waystations might be expanded to include a convenience store capacity too.
Nobody can say whether those kinds of waystations will be established. At this time, there are so few self-driving cars being tested on the roadways that we don’t know for sure what will be needed to scale-up the volume of self-driving cars for full deployment (see my analysis of the scale-up problem, at this link here).
Likewise, the self-driving cars being utilized are right now aimed at very short trips. The bathroom break is just not likely to arise during these existing tryouts. Only until there is a vast number of self-driving cars, and they are traveling greater distances, would the matter begin to become apparent.
As earlier stated, sometimes there are seemingly small things that can make a big difference in the world. Both children and adults can likely sympathize with the need to use a restroom, having undoubtedly found themselves in such a predicament at one point or another.
That’s something that no AI system is likely to experience, and we need to trust that the developers of AI will work behind-the-scenes to craft AI driving systems that can accommodate the needs of human passengers.
Can’t wait for that to happen.
Dr. Lance B. Eliot is a world-renowned expert on Artificial Intelligence (AI) with over 3.8+ million amassed views of his AI columns. As a seasoned executive and
…Dr. Lance B. Eliot is a world-renowned expert on Artificial Intelligence (AI) with over 3.8+ million amassed views of his AI columns. As a seasoned executive and high-tech entrepreneur, he combines practical industry experience with deep academic research and serves as a Stanford Fellow at Stanford University. Formerly a professor at USC and UCLA, and head of a pioneering AI Lab, he frequently speaks at major AI industry events. Author of over 50 books, 500 articles, and 250 podcasts, he has made appearances on media outlets such as CNN and co-hosted the popular radio show Technotrends. He's been an adviser to Congress and other legislative bodies and has received numerous awards/honors. He serves on several boards, has worked as a Venture Capitalist, an angel investor, and a mentor to founder entrepreneurs and startups.",Forbes
https://www.washingtonpost.com/technology/2021/07/12/facebook-ai-robotics/,2021-07-12,How do you teach robots to navigate new places? Study toddlers.,"It’s tough to program robots to make instantaneous adjustments to their legs and feet to accommodate such a variety of tasks, mainly because it’s hard to train them to deal with corner cases, or objects and environments they’ve never seen before.
This is one of the main things AI struggles with today, said David Cox, IMB director of the MIT-IBM Watson AI Lab, a collaborative effort between IBM and the Massachusetts Institute of Technology. ""How do you build systems that can adapt to all the corner cases they may see?”
Advanced robot navigation could revolutionize services in a wide range of fields such as emergency response, agriculture, autonomous driving and manufacturing. It could hold the key to more complex chore robots. But it also requires teaching machines to act in the same way humans do subconsciously, based on lived experience — something that, at best, would be tedious and potentially impossible.
Humans learn to navigate new environments by stumbling and trying again. But that’s an expensive and lengthy undertaking when applied to robots, which need to be fixed or have their code tweaked when damaged. Researchers try to avoid this by simulating new environments and adjusting robot brains accordingly.
It’s a challenge Facebook says it has solved in collaboration with the University of California, Berkeley and Carnegie Mellon University.
First, researchers used simulations to train AI to respond to various environmental conditions, such as slippery ground or a sudden incline. Then, they taught a generic dog-like robot to learn from its mistakes and keep walking as far as possible despite sudden changes to its environment. They layered the two strategies, and together they “enable the robot to perform robust and adaptive locomotion without any fine tuning,” Facebook says.
What this means is that AI allows them to adapt to factors in their environment without having seen them first. Rather than trying to avoid disruptions, they learn from surprises and move with them. Through the observation AI, each new leg movement is informed by previous ones. Obstacles that push against the robot’s feet or legs can reveal information about the ground around it. The AI learns from that.
The so-called Rapid Motor Adaptation software might allow companies to create cheaper automated machines that figure out how to operate at peak performance with more affordable, not-as-accurate hardware.
Cheaper robots are a critical step toward more advanced robots in more fields. Facebook showed off its AI development in a video.
An eerie four-legged robot is shown pacing through the woods with relative ease. But when brought inside and tested in other situations, such as slippery surfaces, it had balance issues and difficulty walking. In one example, when weighted bags were placed on its back, the robot fell over. With Facebook’s AI software enabled, it wobbled but managed to stay upright and keep walking when the bags were tossed onto it. There are no cameras on the device. All of the robot’s movements were guided by sensors in its feet and various joints, which allow it to experience the world through “touch.”
Researchers compare it to what happens when humans try to walk on the sand at the beach for the first time. “The first few steps are awkward, but after a few steps, you’re walking on a beach as normally as you would on a hard road surface,” said Jitendra Malik, a computer vision researcher at Facebook AI and UC Berkeley. The team studied scientific literature on how children learn to walk to inform their project.
Facebook isn’t the only big tech firm trying to create software that makes robots act more like real people.
IBM, for instance, is researching AI methods that simulate raising a baby to understand what “common sense” knowledge a child gains, which can be applied to robotics. Last year, Google published a framework for wheeled robots to move through “unforeseen environments.” Boston Dynamics, a pioneer in agile, mobile robots, has a system on its Spot robots so they can “feel” the ground beneath them to try to avoid falling in low visibility.
Facebook’s system was built on a $2,700 Unitree robot. Boston Dynamics’ Spot robot costs $74,500.",The Washington Post
https://www.forbes.com/sites/forbestechcouncil/2021/07/12/autonomous-software-testing-the-next-peak-to-conquer/,2021-07-12,Council Post: Autonomous Software Testing: The Next Peak To Conquer,"Gil Sever is co-founder and CEO of Applitools.
In today’s software delivery-focused enterprise, it is now critical for engineering leaders to master quality assurance to deliver impeccable software faster than ever before. Why? Because millions of customers around the world are using different devices, from different vendors, with different operating systems, and it is essential that businesses deliver flawless user experiences. After all, it only takes a split second, 50 milliseconds or less, for a visitor to develop an opinion of a website and decide whether to continue browsing or leave.
Business stakes are high and leaders must find ways to not only delight customers but also entice them to use their applications over their competitors. In order to deliver and build the perfect app, organizations have had to champion innovative practices that align business, research and development (R&D) and user experience. As companies continue to innovate and transition to digital, there is an evolution beyond agile software development and DevOps practices and shortening software delivery cycles from months or weeks to hours or less.
The Hurdles For Automated Software Testing
The problem is that automated testing hasn’t fully delivered on its promise. Automating the mundane, error-prone and repetitive manual tasks of software testing was supposed to be the holy grail of modern software delivery but it has since created more bottlenecks. Even the most rigorous testing cycles still don’t catch all the bugs, and even worse, the delivery of new features to customers is being delayed or not delivered at all.
Artificial intelligence (AI), however, is emerging to help take what is instrumental for the software delivery life cycle and finally make it work. The shift from heuristic algorithms to AI algorithms has replaced the logic developed by software engineers with algorithms that are self-evolving and self-improving.
Software delivery has evolved from slow, discrete and sequential to fast, continuous and parallel. A full delivery cycle now only takes hours, sometimes even minutes. Teams of developers are now coding, building tests, running tests, deploying to production, fixing small bugs and repeating the process faster than ever before. These new, innovative approaches have paved the way for collaborative software, full test automation and comprehensive test coverage. But even with all this innovation, testing is still a bottleneck to software delivery.
Looking back on the improvements of automated testing that have unfolded over the past few years, businesses must recognize that there is still a need for drastic improvement. In fact, in a 2018 survey, only 55% of organizations believed their automation program had so far been successful. More than that, over half of respondents found their automation program to be harder to implement than they originally anticipated.
AI And Machine Learning (ML) Can Open Software Testing Bottlenecks
For many software development teams and organizations, it’s difficult to find the correct test automation approach and, furthermore, it is often cumbersome to implement a test automation infrastructure. It often takes time to find the right tools and identify which tests are optimal for automation within the infrastructure. The real weakness of automated testing is that, for the most part, the test authoring, maintenance and results analysis are still manual. This is where AI and ML come in.
When AI and ML started to weave themselves into test automation practices, IT leaders could see the potential of autonomy in testing infrastructures. ML, a pattern-recognition technology, uses machine learning algorithms to predict trends. While testing creates an excess of information and logs, AI and ML tools cut through the noise and spot irregularities within apps.
AI has continued to unlock even more potential. Technology like visual AI, which we use in our automated testing solution at Applitools, can mimic the human eye and brain as it analyzes differences in what is displayed to consumers on computer screens, web and mobile applications and more. With millions of customers around the world using a variety and combination of browsers and device types, it’s easy to imagine how important visual perfection is to each and every company with a digital footprint.
AI and ML technologies are unlocking an understanding of the future and the potential for autonomy within software testing. AI has the ability to detect the root cause analysis for a specific problem, pointing developers to the exact piece of code that needs to be fixed. With these evolving technologies and methodologies, AI algorithms will think for themselves and create and run tests without any manual user intervention.
Autonomous Testing And Why It’s Important
Autonomous testing is the automated creation of tests, the maintenance of tests and analysis of the results with the computer acting and thinking like a human brain. This kind of autonomy equals testing without coding. Instead of writing hundreds and thousands of lines of code, autonomous testing allows tests to be created autonomously without much human intervention and can reduce the workload for engineering teams.
Futuristically speaking, software has the potential to inject its own required data, simulating human testing behavior, before running the necessary tests for the application to be completed. The efficiency gains through autonomous testing can shrink the time to market for new digital products and apps considerably.
The way I see it, autonomous testing is critical for the ubiquity of digital transformation. As engineering teams continue to innovate around their testing and quality assurance processes, a new era of expanded testing coverage, increased software release velocity and superior visual quality will take hold. IT leaders may look back on the current automated testing reality and lean into the autonomous future.
Leading brands are already implementing AI as part of their testing processes and are making progress toward autonomous testing. Those that aren’t on a path to autonomous testing are likely to be unable to keep up with the pace of change to remain competitive in a business landscape that requires digital everything.
In future articles, I will review different strategies and methodologies that can pave the way to a fully autonomous testing solution.
Forbes Technology Council is an invitation-only community for world-class CIOs, CTOs and technology executives. Do I qualify?
Gil Sever is co-founder and CEO of Applitools. Read Gil Sever's full executive profile here.
…Gil Sever is co-founder and CEO of Applitools. Read Gil Sever's full executive profile here.",Forbes
https://www.forbes.com/sites/theyec/2021/07/12/how-artificial-intelligence-is-democratizing-market-research/,2021-07-12,Council Post: How Artificial Intelligence Is Democratizing Market Research,"By Andy Pandharikar, CEO and Founder of Commerce.AI, powering product innovation with the largest product data platform.
Market research is the foundation of a successful product or service launch. It's the process of understanding what people want and need, why they want it, their expectations for your offering and how much they are willing to pay for your product or service.
When you do not invest in market research ahead of time, you may end up with a product failure like the infamous Segway or the Ford Edsel. Product success without market research is nearly impossible today, yet many businesses fail to incorporate sufficient market research into decision-making processes.
Traditional Market Research Is Expensive
However, while businesses are becoming more and more aware of the importance of market research in order to thrive in a competitive market, they are also realizing that gathering this information can be expensive and time-consuming.
There is an array of traditional market research techniques that an organization can use to learn more about their customers, including interviews, surveys, focus groups and market reports.
That said, traditional market reports cost anywhere from $15,000 to $35,000, depending on the size and scope, making them inaccessible to many product teams.
Other forms of market research, like interviews, are just as costly at scale. Interviews are useful when conducting customer journeys or developing and testing new products because they can lead to spontaneous conversations that include asking clarifying questions, providing real-time feedback or giving suggestions. However, a typical business interview costs from $300 to $500.
Focus groups aren’t much better. Clients are often disappointed by the lack of meaningful feedback they receive during a focus group because there is less spontaneity in comparison with an interview. Moreover, the cost of a focus group ranges from $4,000 to $12,000.
Beyond being costly and slow, traditional market research simply can’t handle the scale of data out there today, as there are billions of product data points, making it less and less effective.
AI-Powered Market Research
Artificial intelligence (AI) has brought about a new solution: By using algorithms developed with data from sources like Amazon, Walmart and Target, businesses can scan huge amounts of market research information in far less time than traditional methods.
Commerce firms are quickly becoming aware that artificial intelligence is cheaper than traditional market research methods.
In one example, my company, a product data firm, used AI to scan billions of data points and generate 10,000 market reports. The cost savings generated by using AI is staggering: While it would take an army of analysts months or years to scan the same amount of data, AI can do so in minutes.
These AI-generated market reports are available for anyone to browse, which is a big difference from traditional market research sources, where single reports are paid for and usually cost upward of $4,000.
The availability and use of AI in market research will have a huge impact on how companies build products. With an unlimited amount of information at their fingertips, brands can make more informed decisions.
In addition, AI can scan market data in any language and from a wide range of sources — my company’s data engine scanned over 100 sources of data in 12 languages — meaning that market insights are accessible to anyone, anywhere, in any market segment.
Ultimately, market research used to be so expensive as to be out of reach for many product teams. Now, with the power of AI and big data, market research insights are more accessible than ever before, enabling greater product innovation.",Forbes
https://www.washingtonpost.com/world/interactive/2021/vaticano-abusi-sessuali/,2021-07-12T14:26:33Z,Un adolescente era stato accusato di abusi in Vaticano. Ma poi è diventato sacerdote con l’aiuto di alti prelati.,"Un adolescente era stato accusato di abusi in Vaticano. Ma poi è diventato sacerdote con l’aiuto di alti prelati.
CITTÀ DEL VATICANO — Le segnalazioni cominciano ad arrivare otto anni fa, indirizzate ad alti prelati della Chiesa cattolica, avvertendoli di possibili reati di abuso sessuale. Ma era un caso diverso dal solito.
Insolito lo era già di per sé il profilo dell’accusato: non un prete, ma un chierichetto adolescente, che si sosteneva aver costretto un coetaneo a subire diversi tipi di abusi sessuali, una notte dopo l’altra, lungo l’arco di sei anni. Ma d’insolito c’era anche il contesto indicato: proprio all’interno delle mura vaticane, nel preseminario dove alloggiavano i circa 15 chierichetti al servizio del papa.
“In questo momento [c’è] un ragazzo che non dovrebbe già essere più lì,” si legge in una lettera anonima inviata a Papa Francesco e a vari cardinali nel 2013, nella quale il neoeletto pontefice veniva allertato della presenza di un presunto abusatore “a 20 metri da dove dorme lei.”
Quel presunto abusatore aveva perfino preso parte alla prima messa del papa nella Cappella Sistina.
Per una Chiesa impegnata ad affrontare abusi e insabbiamenti in tutto il mondo, le segnalazioni sul conto di Gabriele Martinelli hanno rappresentato un banco di prova istituzionale. Infatti, in base alle circostanze descritte nella lettera anonima, così come nei resoconti della presunta vittima e di un testimone, tutto sarebbe avvenuto proprio sotto il naso della chiesa. Nel 2013 le accuse contro Martinelli erano state trasmesse al papa e a un’élite di cardinali e vescovi. L’anno seguente il numero tre del Vaticano, riferendosi alle accuse in una missiva, asserì che il papa “ben conosce il caso.”
E tuttavia, nel 2017 Martinelli fu ordinato prete.
“Fu un maledetto sbaglio,” dice intervistato Kamil Jarzembowski, un ex chierichetto che sostiene d’esser stato testimone di “dozzine e dozzine” di abusi commessi da Martinelli ai danni del proprio ex-compagno di stanza.
Solo in seguito all’ordinazione di Martinelli, a causa dell’attenzione mediatica suscitata in Italia, il Vaticano decise di tornare sul caso. Martinelli, che oggi di anni ne ha 28, è così finito sotto processo, imputato di presunti abusi sessuali — è la prima volta che la città-Stato si è trovata a procedere su un caso simile all’interno del proprio territorio. Anche l’ex rettore del preseminario, don Enrico Radice, vi è imputato, con l’accusa di favoreggiamento. Martinelli e Radice negano entrambi d’aver commesso alcun reato.
Ma l’analisi condotta dal Washington Post su una mole di più di 2000 pagine di documenti, prevalentemente inedite, ha rivelato come figure ben più autorevoli all’interno delle gerarchie ecclesiastiche abbiano minimizzato tali segnalazioni, agevolando l’ascesa di Martinelli. Una responsabilità centrale nel determinare le sorti di Martinelli spetta al Cardinale Angelo Comastri e al Vescovo Diego Coletti, i quali — secondo lo stesso Coletti — liquidarono rapidamente le accuse nei suoi confronti come una “calunnia.” Nessuno dei due prelati è coinvolto nel processo, o in altri procedimenti ecclesiastici attualmente noti.
I documenti ottenuti dal Post includono corrispondenza interna alla Chiesa, interrogatori di polizia, testimonianze, e trascrizioni di conversazioni registrate da Martinelli ed estratte dal suo telefono. Alcuni di quei carteggi provengono dal Vaticano, e si riferiscono a interrogatori preparatori del processo cominciato l’anno scorso. Altri ancora sono frutto dell’attività investigativa degli inquirenti di Roma, dove Martinelli e Radice si sono visti ancora una volta imputati in quanto cittadini italiani.
Il seguente resoconto, basato su quei documenti e una serie d’interviste, è l’anatomia di un fallimento piantato nel cuore geografico e amministrativo della Chiesa cattolica. Un fallimento derivante non solo dai fattori che notoriamente caratterizzano gli insabbiamenti ecclesiastici — una predilezione per la segretezza, una pulsione a proteggersi dagli scandali — ma anche dalle difficoltà mostrate dalle autorità ecclesiastiche nel condurre indagini credibili, e nel comprendere i rapporti di potere, la sessualità e il consenso nell’universo adolescenziale.
Il Vaticano ha declinato di rispondere a una lista di domande inviate dal Post, nonché l’invito a condividere il proprio punto di vista su alcuni aspetti fondamentali del caso.
Una fonte ecclesiastica di primo livello, che ha richiesto l’anonimato per sintetizzare il ragionamento della Chiesa, ha spiegato che il Vaticano riteneva che Martinelli “non poteva essere accusato di abuso sessuale,” essendo più grande di appena 221 giorni del compagno chierichetto. Fonti che conoscono bene il caso sostengono che tale convinzione si rifletta in quella che fu la reazione della Chiesa alle segnalazioni, e che questa abbia indotto le autorità a trascurare un aspetto cruciale del rapporto fra Martinelli e la presunta vittima: Martinelli era quello che aveva il potere.
In quanto pupillo del rettore, a Martinelli era stato attribuito un ruolo diverso da quello di qualsiasi altro adolescente al Preseminario San Pio X, nome ufficiale dell’istituto. Era lui ad assegnare gli incarichi per le messe papali, selezionando fra gli altri adolescenti quelli che sarebbero stati sistemati di fronte al papa, o al suo fianco — per poi magari ritrovarsi a tu per tu col pontefice in sagrestia. Agli occhi di ragazzi delle medie e superiori che avevano lasciato casa e famiglia in nome dell’aspirazione a servire il papa, Martinelli rappresentava una specie di portinaio papale.
“Approfittava di questa circostanza per esercitare una sorta di dominio sugli altri giovani,” ha dichiarato un sacerdote, Ambrogio Marinoni, interrogato dalle autorità ecclesiastiche dopo l’ordinazione di Martinelli.
Attraverso il proprio avvocato, la presunta vittima ha declinato l’invito del Post a rilasciare un’intervista per via del processo in corso. (Il Post non pubblica mai i nomi delle presunte vittime di abusi sessuali.) E tuttavia il suo resoconto si articola coerentemente nel testo delle sue missive, in un breve memoriale, nella denuncia sporta in Vaticano nel 2018, e nella trascrizione del suo interrogatorio, condotto da un sostituto procuratore di Roma nel 2019.
Viene descritta una situazione di abuso prolungata, cominciata a pochi mesi dall’ingresso della presunta vittima, allora tredicenne, nel preseminario — nel 2013. Durante la prima di quelle notti, Martinelli, che allora di anni ne aveva 14, si sarebbe infilato nel letto del compagno chierichetto, abbassandogli le mutande, e costringendolo a subire sesso orale mentre lui si masturbava.
La presunta vittima racconta d’essersi sentito “pietrificato” e incapace di reagire.
Sostiene poi che Martinelli continuò a tornare — centinaia di volte, per un periodo di sei anni. La presunta vittima afferma d’aver occasionalmente provato a reagire, cercando di far rumore, sbattendo il cassetto del comodino o i pugni sul muro, nella speranza di spaventare Martinelli e mandarlo via, o quanto meno d’attirare l’attenzione di un supervisore. Ma dice anche d’essersi sentito terrorizzato dal rischio di vedersi etichettato come omosessuale, perdere il proprio posto al preseminario ed esser rimandato a casa nel suo paese del Nord Italia — lì dove il calendario della parrocchia esibiva una sua foto di fianco al papa. Proprio a causa dello status di Martinelli, sostiene la presunta vittima, quel sesso divenne “un rituale al quale io non potevo opporre resistenza.”
Secondo l’ex-chierichetto, Martinelli arrivava a sottolineare la propria posizione di potere perfino nel corso degli atti sessuali, dicendo cose come: “Dai, che poi ti faccio servire la messa, faccio subito.”
La presunta vittima ritiene d’esser stato abusato con maggiore frequenza all’approssimarsi delle messe papali.
Un’indagine raffazzonata
Per la Chiesa, una prima occasione persa di capire che cosa fosse successo si delineò nel 2010, quando la presunta vittima tentò per la prima volta d’allertare un’autorità. In tale occasione si rivolse in termini vaghi al rettore, Radice, dicendogli che Martinelli gli stava dando “fastidio.” Ma secondo il suo racconto, in tutta risposta Radice minacciò di mandarlo a casa e parlarne coi genitori, se non avesse smesso di ripetere simili “fandonie.” La presunta vittima riferisce poi di non aver più provato a rivolgersi ad altre autorità nel corso degli ultimi due anni al preseminario.
La seconda occasione di affrontare il caso Martinelli si presentò dopo una serie di segnalazioni ben più chiare, nel 2013. La dettagliata lettera anonima, inviata al papa e a diversi cardinali, si diffuse rapidamente in Vaticano, accendendo un faro sulla vicenda.
Nello stesso periodo, la presunta vittima cercò di far sentire la propria voce. All’epoca non era più un chierichetto, pur restando nell’ambiente ecclesiastico, e cantava in un coro nella Basilica di San Pietro.
Dopo un paio d’incontri in Vaticano, le sue accuse giunsero all’attenzione di Angelo Comastri, che in qualità di Vicario Generale era incaricato della gestione quotidiana delle questioni spirituali nella città-Stato.
Comastri scrisse all’epoca che in preseminario c’era bisogno di “partire con una pagina nuova,” e di un ricambio ai vertici, ma fondamentalmente lasciò la questione in mano a qualcun altro: Diego Coletti, il vescovo di Como, una grande diocesi a oltre 600 chilometri di distanza dal Vaticano.
Per una serie di ragioni storiche il preseminario era infatti gestito da una piccola associazione di preti comasca chiamata Opera don Folci, al cui fondatore, amico di Papa Pio XII, era stato chiesto verso la metà degli anni ’50 di allestire all’interno del Vaticano un vivaio per aspiranti preti.
Perciò, agli occhi di alcuni chierichetti non era Coletti quanto Comastri ad incarnare l’espressione massima dell’autorità. E tuttavia, nel luglio del 2013 fu Coletti a incontrare faccia a faccia la presunta vittima, e fu lui a chiedergli di mettere tutto per iscritto. Fu sempre Coletti a ricevere la lettera nella quale la presunta vittima riferì: “Tutt’ora mi capita di svegliarmi nella notte di soprassalto, spaventato, con l’impressione che ci sia qualcuno sdraiato nel mio letto.”
Fu ancora Coletti che lesse la lettera e, secondo la presunta vittima, non rispose mai.
Il vescovo invece si basò sulla versione degli eventi presentata dal presunto abusatore e dal rettore del preseminario — i quali, stando alla documentazione raccolta dagli inquirenti di Roma, negarono tutto. Martinelli e Radice raccontarono al vescovo di rivalità interne alla scuola che avrebbero spiegato la ragione per cui le accuse di abusi sarebbero state inventate. Tre mesi più tardi Coletti si recò in Vaticano per incontrare Comastri, e sostanzialmente dichiarò il caso chiuso.
Nelle parole dello stesso Coletti, messe nero su bianco subito dopo la trasferta, all’interno del preseminario aveva avuto modo di riscontrare un clima “ottimo.” E di ritenere che non sussistesse “fumus alcuno.” Condivise le conclusioni di Martinelli e Radice, per cui tali accuse derivavano in realtà da un conflitto fra gruppetti in competizione fra loro, nonché dall’influenza occulta di un certo altro prete, che Coletti si convinse esser stato l’autore della lettera anonima. Aggiunse di aver ricevuto da Comastri “conferma della macchinosità e della calunnia sottostante alle accuse,” e che lo stesso gli aveva chiesto di archiviare la questione.
“Quindi ritengo, in coscienza, non sia necessario procedere ad ulteriora,” concluse.
LEFT: All’epoca in cui i presunti abusi si sarebbero verificati, il Cardinale Angelo Comastri era Vicario Generale del Vaticano, incaricato delle questioni spirituali nella città-Stato. (Franco Origlia / Getty Images) (Franco Origlia/Getty Images) RIGHT: Diego Coletti, Vescovo di Como dal 2007 al 2016, si limitò a condurre un’indagine sbrigativa (Stefano Cardini) (Photo by Stefano Cardini/Photo by Stefano Cardini)
Anni dopo un sottoposto di Coletti dichiarò che le prove non erano state trovate solo perché gli incaricati non si erano dati la briga di cercarle. A Roma, infatti, Coletti era andato in compagnia di Andrea Stabellini, l’allora vicario giudiziale della sua diocesi, il quale si era convinto che le accuse nei confronti di Martinelli meritassero “approfondimento.” Invece, come si legge nella trascrizione analizzata dal Post della testimonianza offerta da Stabellini ai procuratori vaticani, la sua permanenza romana Coletti l’aveva trascorsa a sparlare di preti e chierichetti.
“Non si sfiorò neanche l’argomento se i presunti fatti di abuso si fossero realmente verificati,” riferisce Stabellini.
A differenza di quanto credeva Coletti, in realtà la lettera non era stata scritta da un altro prete, bensì da Alessandro Flamini Ottaviani, uno studente del preseminario venuto indirettamente a conoscenza dei presunti abusi, che solo anni dopo spiegò come non se la fosse sentita di usare il proprio nome.
Secondo Stabellini, in Vaticano i prelati non prestarono orecchio ad alcun chierichetto, nemmeno alla presunta vittima. La riunione risolutiva a porte chiuse fra Comastri, Coletti e il rettore, riferisce, durò “cinque minuti” in tutto. E mentre lui aspettava fuori un sacerdote, Marinoni, gli confidò che il caso aveva fondamento.
“Quando la riunione tra i tre si concluse, mi rivolsi con espressione interrogativa al Vescovo Coletti,” dice Stabellini ai procuratori vaticani.
Ricordando d’aver sentito Coletti rispondere: “Adesso la questione si chiude.”
E Comastri dichiarare che all’indagine si era messo fine “per il bene della Chiesa.”
Verso l’ordinazione sacerdotale
Martinelli si trasferì successivamente al Pontificio seminario francese, un noto centro di formazione sacerdotale a pochi isolati dal Pantheon. Ma i carteggi dimostrano come, nonostante una sostanziale assoluzione, le autorità vaticane avvertissero ancora la necessità di tenerlo sotto stretta osservazione.
“Le chiedo la cortesia di avere un occhio di riguardo sul seminarista in parola,” scrive l’allora Vescovo Angelo Becciu, all’epoca numero tre del Vaticano, in una missiva in cui fa riferimento alle accuse di abuso. In essa Becciu specifica che tale richiesta veniva fatta “a nome del Santo Padre Francesco, che ben conosce il caso.”
(Becciu, che l’anno scorso è stato rimosso da Francesco dal suo precedente incarico, è imputato di peculato e abuso d’ufficio in un processo in Vaticano che comincerà questo mese.)
Nel mondo delle gerarchie ecclesiastiche Martinelli non era nessuno. Ma negli anni trascorsi in preseminario era diventato un volto familiare a porporati e monsignori. La sua presenza aveva inoltre un rilevante valore simbolico, quello del giovane aspirante sacerdote. In effetti, di tutti i chierichetti mai passati dal preseminario, solo circa 200 avevano finito per diventare preti. Ancor meno poi quelli entrati nell’Opera don Folci, l’associazione che gestisce l’istituto.
Eppure una volta l’Opera era stata un’istituzione ricca e influente. Col tempo però si è andata ridimensionando, fino a contare oggi all’incirca una dozzina di preti in Lombardia, prevalentemente anziani, fiaccata dalla penuria di nuove leve. È proprio in quelle zone che Martinelli sarebbe entrato in servizio, dopo l’ordinazione. Il rettore Radice, a sua volta membro dell’Opera, nel corso del processo ha avuto modo di descrivere Martinelli come un futuro leader.
La Diocesi di Como riceveva dal Seminario francese aggiornamenti di fine anno sulla performance di Martinelli, attraverso una serie di comunicazioni di natura “confidenziale.” Si trattava sostanzialmente di pagelle, nelle quali si riferiva sull’apprendimento della lingua francese, sul volontariato svolto in ospedale e in un gruppo scout, ma anche sulle “buone relazioni fraterne” coi suoi compagni di studi. Ma qui traspare anche il consolidarsi nel tempo di quelle che erano state le conclusioni tratte da Comastri e Coletti.
“Rimangono un vero punto interrogativo le gravi accuse di cui è stato oggetto,” scrive nel 2015 il rettore del Seminario francese, Antoine Hérouard.
“Sembra sempre più verosimile che il sospetto subentrato … ormai qualche anno fa, si sia rivelato senza fondamento,” conclude Hérouard l’anno dopo.
I documenti analizzati dal Post rivelano un’ulteriore accusa di condotta inappropriata nei confronti di Martinelli. Diversi testimoni hanno infatti informato le autorità italiane e vaticane d’averlo visto palpeggiare i genitali di un altro adolescente all’interno del preseminario. Martinelli ha risposto ai procuratori vaticani sostenendo che “può darsi che ciò sia avvenuto,” inavvertitamente, nel corso di un gioco.
Ma in assenza di alcun pattern noto di comportamento predatorio sessuale, le autorità ecclesiastiche si erano formate la convinzione che le accuse originarie dovessero esser state inventate.
Nel periodo del Seminario francese, il Vaticano assunse un’unica iniziativa fuori dall’ordinario per sondare l’idoneità di Martinelli al sacerdozio, sottoponendolo a una valutazione psichiatrica. L’inusuale misura serviva a discernere eventuali problemi comportamentali, anche di natura sessuale. Ma come Hérouard ha dichiarato in un’intervista al Post, ciò non serviva a stabilire se Martinelli avesse commesso dei reati. La perizia non riscontrò problemi di natura psichiatrica. E secondo Hérouard tale esito contribuì a sollevare il morale di Martinelli.
Hérouard scrisse alla Diocesi di Como che quelle accuse si stavano “allontanando.” Ma ciò era dovuto in parte al fatto che nel frattempo la presunta vittima aveva tagliato i ponti con la Chiesa, essendosi sentito tradito da quelli che ne erano i rappresentanti. Stando a una sua perizia psicologica presentata al processo, gli incubi notturni e gli attacchi di panico che lo perseguitavano lo mandavano ripetutamente al pronto soccorso.
A tentare di suonare un campanello d’allarme a questo punto era rimasta una sola persona: Jarzembowski, l’ex compagno di stanza del preseminario.
Jarzembowski, un ragazzo originario della campagna polacca, aveva indirizzato a Comastri una lettera poco dopo la breve indagine del 2013. In un’intervista rilasciata al Post dice di aver sperato che ciò spingesse il Vaticano a riesaminare il caso. Al contrario, Jarzembowski riferisce che il giorno dopo aver incontrato il cardinale di persona, nel 2014, gli fu ordinato di fare i bagagli e lasciare il preseminario.
Né il Vaticano né la Diocesi di Como hanno voluto rispondere sull’allontanamento di Jarzembowski. Lo stesso Jarzembowski sostiene di non aver mai ricevuto una spiegazione ufficiale. Nel corso del processo, il sacerdote a capo dell’Opera ha dichiarato che Jarzembowski era stato allontanato perché aveva trasgredito alle regole, dopo esser brevemente fuggito dal preseminario un anno prima. Un documento ufficiale dell’Opera risalente all’anno dell’allontanamento di Jarzembowski, nel quale si forniva una valutazione del suo comportamento, presenta diversi passaggi di natura omofoba, insinuando che uno dei problemi fosse stata l’amicizia di Jarzembowski con altri ragazzi. Vi si descrive un “intenso” e “troppo evidente” legame con un altro compagno di preseminario, definito “la ragione della sua vita,” e Jarzembowski viene inoltre presentato come qualcuno che portava altri “sulla stessa strada.”
L’allontanamento di Jarzembowski, a 18 anni, un anno prima del diploma di maturità, lo fece sentire talmente perso e alienato dalla Chiesa da finire per abbandonare, in seguito, la propria fede. Cercò di farsi sentire in ogni modo.
Quattro giorni dopo il suo allontanamento scrisse a Coletti, riferendogli come Martinelli fosse ripetutamente entrato nella sua camera da letto, costringendo il proprio compagno di stanza al sesso orale. Nove giorni più tardi scrisse una lettera analoga a Becciu. Poi scrisse a Stabellini, l’inquirente diocesano di Como. Ancora a Comastri. E di nuovo a Coletti.
Ma anche quando delle risposte le riceveva, il tono era sbrigativo. “Ti raccomando di rasserenare il tuo animo e di mettere pace nel tuo cuore,” gli consigliò Comastri.
Jarzembowski andò avanti. Le sue lettere hanno finito per rappresentare non solo un diario di quanto affermava d’esser stato testimone, ma anche un registro delle persone che aveva informato. Scrisse al capo dell’Opera, un prete di nome Angelo Magistrelli. Scrisse al numero due del Vaticano, il Cardinale Pietro Parolin. Scrisse alla Congregazione per la Dottrina della Fede, l’organo della Santa Sede per i procedimenti disciplinari. Scrisse al rettore del Seminario francese, dove Martinelli si era trasferito. E quando Coletti stava per andare in pensione, scrisse all’imminente successore alla Diocesi di Como, sotto il quale sarebbe avvenuta l’eventuale ordinazione di Martinelli.
Scrisse anche direttamente a Papa Francesco.
“Nel corso dei miei colloqui diretti o tramite missiva con le autorità [ecclesiastiche,] nessuna di queste ha mostrato di occuparsi del caso denunciato, facendo una qualche indagine,” Jarzembowski scrisse al papa nel novembre 2016. “Nessuno si è preoccupato di accertare e valutare i fatti, mostrando piuttosto una volontà di ignorarli o, peggio ancora, di occultarli.”
Sette mesi più tardi, nel corso di una cerimonia officiata dal nuovo vescovo di Como, Martinelli fu ordinato prete.
Una parziale resa dei conti
Don Gabriele Martinelli venne presto messo al lavoro in una valle punteggiata da piccole comunità collegate da una statale, e cinta fra due catene montuose. In giro per la valle si notano chiese abbandonate, e il rarefarsi dei parrocchiani. Qui, Martinelli era stato accolto come una ventata d’aria fresca. Cominciò a guidare i servizi domenicali. A coordinare i programmi giovanili. Partecipò a una sagra delle castagne e organizzò una festa di Halloween durante la quale i bambini si erano travestiti da santi.
Mentre le accuse nei suoi confronti scivolavano sempre più in secondo piano, Martinelli avrebbe anche potuto costruirsi una carriera, in quella valle. Se non fosse stato per Jarzembowski, che in un’intervista rammenta quanto si sentisse nauseato, e senza alternative.
“Avevo provato a risolvere la questione in seno alla Chiesa,” dice Jarzembowski. “Ma a distanza di anni, non mi avevano mai risposto. Così mi sono chiesto, ‘Che cosa posso fare?’”
Ciò che fece fu portare le sue lettere a un giornalista italiano, Gianluigi Nuzzi, il quale a sua volta mise Jarzembowski in contatto con un reporter televisivo, Gaetano Pecoraro. Le due storie, uscite quasi simultaneamente — quella di Nuzzi in un libro, quella di Pecoraro in un programma televisivo — rivelarono le accuse contro Martinelli a cinque mesi dall’ordinazione. Entrambi descrissero i tentativi compiuti da Jarzembowski di suonare il campanello d’allarme, menzionando il coinvolgimento di Coletti e Comastri in un possibile insabbiamento. Il servizio di Pecoraro, nel programma “Le Iene,” includeva un’intervista alla presunta vittima, la cui identità veniva celata.
Il Vaticano comunicò pubblicamente che sarebbe stata condotta una nuova indagine, “in considerazione di nuovi elementi recentemente emersi.”
Di lì a poco Martinelli disse ai propri parrocchiani che sarebbe andato in ritiro spirituale. E come si legge nei documenti interni, la diocesi gli proibì ogni contatto con minori.
“È rimasto qui talmente poco che a stento c’è stato modo di conoscerlo,” racconta un altro prete dell’Opera, Gian Pietro Rigamonti, di 71 anni.
LEFT: Un poster che annuncia l’ordinazione di Gabriele Martinelli e altri seminaristi, affisso in una chiesa nel suo paese d’origine, Lanzo d’Intelvi, in Italia. (Foto di Chiara Goia / per il Washington Post) (Chiara Goia/FTWP) RIGHT: Gian Pietro Rigamonti, un altro prete dell’Opera, che da giovane frequentò il Preseminario San Pio X, dice che Martinelli quasi non fece in tempo ad ambientarsi prima di dire ai parrocchiani che sarebbe andato in “ritiro spirituale.” (Foto di Chiara Goia / per il Washington Post) (Chiara Goia/FTWP)
I documenti analizzati dal Post presentano un dietro le quinte più dettagliato delle scelte compiute dalle autorità ecclesiastiche, prima e dopo le inchieste italiane.
Ciò che seguì la trasmissione del 2017 fu una resa dei conti a Como e in Vaticano, parziale e perlopiù riservata. Nei giorni immediatamente successivi a quando andò in onda, diversi preti precedentemente in servizio al preseminario si misero in contatto col nuovo vescovo di Como, Oscar Cantoni. Stando a un rapporto stilato dallo stesso, i sacerdoti gli riferirono di come fossero sempre stati convinti della fondatezza delle accuse contro Martinelli, e di come Radice avesse imposto loro il silenzio. Così il nuovo vescovo di Como chiese il permesso a Becciu, all’epoca braccio destro di Francesco, di ri-indagare.
Il risultato di tale indagine fu un rapporto di 21 pagine trasmesso alla Santa Sede ma non divulgato. Il documento — uno di quelli di cui il Post è entrato in possesso — si esprime in modo aspramente critico sui passi falsi compiuti nella gestione del caso Martinelli, ma si dilunga anche in affermazioni non-scientifiche su aspetti riguardanti il consenso e lo sviluppo sessuale adolescenziale. Il rapporto asfalta Coletti, sostenendo che la sua indagine fosse stata sviata da pregiudizi, e “quantomeno superficiale.” Il nucleo centrale delle accuse della presunta vittima viene ritenuto “attendibile” e “coerente.” Ma si conclude che il comportamento di Martinelli, per quanto inappropriato, sia da considerarsi comprensibile per degli adolescenti, nei quali “accade frequentemente che non vi sia perfetta consonanza di volontà.”
“I comportamenti de quibus sono stati l’espressione di una tendenza omosessuale transitoria, di un’adolescenza non ancora compiuta,” scrisse Cantoni alla fine del rapporto.
Su richiesta del Post, Simon Hackett, docente esperto di abusi e negligenza su minori all’Università britannica di Durham — specializzato sul tema dei reati sessuali nel mondo dell’infanzia, ha commentato il caso, del quale gli sono stati sintetizzati gli aspetti salienti, dicendo che le autorità ecclesiastiche sembravano alla ricerca di un modo per spiegare-ergo-allontanare il problema da sé, lasciandosi sviare dal tema dell’omosessualità invece di concentrarsi sui potenziali abusi.
“Accomunare l’omosessualità, ovverosia una forma legittima di comportamento sessuale, con l’abuso sessuale è profondamente problematico,” dice Hackett.
Nel processo, le cui udienze sono state aperte a un ristretto pool di giornalisti, si sta vagliando se il comportamento di Martinelli non sia stato solo inappropriato, ma anche un reato. In una serie di udienze a cavallo della pandemia sono stati ascoltati più di dodici testi, inclusa la presunta vittima e l’ex compagno di stanza, Jarzembowski.
Martinelli, che intanto continua a vivere lontano dai riflettori in una casa di riposo gestita dall’Opera, circondato da gente più anziana di lui di parecchi decenni, una volta interrogato ha definito le accuse infondate. A sua volta Radice ha negato ogni colpa.
LEFT: A soli 28 anni, Martinelli vive nell’Istituto Santa Croce, una casa di riposo per preti a Como (Foto di Chiara Goia / per il Washington Post) (Chiara Goia/FTWP) RIGHT: Bambini che giocano sul Lago di Como, un’ambientazione idilliaca in una regione segnata dalla penuria di sacerdoti (Foto di Chiara Goia / per il Washington Post) (Chiara Goia/FTWP)
Alcuni ex studenti hanno sostenuto di non aver assistito ad alcun abuso. Altri hanno descritto un’istituzione fuori controllo, sotto una supervisione distratta, dove gli studenti si scambiavano costantemente battute a sfondo omosessuale, affibbiandosi reciprocamente nomignoli femminili.
“L’ambiente in sostanza era malsano,” ha detto Flamini Ottaviani, che al preseminario c’era rimasto per un solo anno.
Non esiste alcuna indicazione che Papa Benedetto XVI, il pontefice in carica durante i presunti abusi, fosse al corrente di tali accuse. Quanto a Papa Francesco, esistono informazioni discordanti su quanto attivamente abbia partecipato alla gestione del caso.
Benché a seguirne la maggior parte degli aspetti sia stato un gruppo di prelati sotto Francesco, nel 2017 Martinelli sostenne che fosse stato proprio il papa a ordinare, personalmente, la sua perizia psichiatrica. “È stato il Papa in persona,” sostiene Martinelli nel corso di una conversazione da lui stesso registrata, successivamente estratta dal suo telefono dagli inquirenti di Roma. In un’altra di quelle registrazioni, un uomo chiamato “don Angelo” — “verosimilmente” identificato dai Carabinieri come il sacerdote a capo dell’Opera, Angelo Magistrelli — riferisce a Martinelli che il suo trasferimento al Pontificio seminario francese sarebbe stato incoraggiato dallo stesso papa, nelle convinzione che quelle accuse fossero una “calunnia.” Magistrelli ha rifiutato numerose richieste d’intervista.
Il Vaticano non ha risposto a una domanda sul ruolo svolto dal pontefice, o sull’eventuale mutamento del suo punto di vista sul caso. Nel luglio 2019 Francesco introdusse un apposito provvedimento che permise l’istituzione del processo, evitandone la prescrizione. A maggio il pontefice ha inoltre annunciato che trasferirà il preseminario fuori dai confini della città-Stato vaticana –– decisione che il Vaticano sostiene esser slegata dal processo.
I nomi del Vescovo Coletti e del Cardinale Comastri sono stati ripetutamente menzionati da chi è stato chiamato a testimoniare. Ma il processo non si è concentrato su di loro, né si contano fra i testimoni. Il Vaticano non ha risposto a domande sul ruolo svolto da Coletti e Comastri.
Francesco Zanardi, che ha seguito il processo come rappresentante di un gruppo italiano di vittime di abusi ecclesiastici, ritiene “scandaloso” che la posizione dei due prelati non sia stata più attentamente passata al vaglio dalla Chiesa. Zanardi definisce Radice, l’ex rettore del preseminario accusato di favoreggiamento, “nient’altro che un capro espiatorio.”
A circa trent’anni dall’inizio della crisi degli abusi sessuali, la Chiesa si è dimostrata spesso più incline a punire i sacerdoti di rango inferiore che quei superiori che non reagiscono scrupolosamente alle informazioni ricevute su possibili abusi. Nella gerarchia ecclesiastica i vescovi e i cardinali rispondono solo al papa, e il Vaticano ha faticato a progettare un sistema efficace nel quale i prelati si tengano reciprocamente sotto controllo. In alcune occasioni la Chiesa si è astenuta dall’imporre misure disciplinari a sacerdoti che avessero raggiunto, o quasi raggiunto, l’età della pensione. E tali pene, quando impartite, tendono ad esser tenute riservate, senza spiegazioni da parte del Vaticano.
Jarzembowski dice di ritenere sia Coletti che Comastri “moralmente responsabili.”
“Lei aveva un gruppo di quindici ragazzi da proteggere, ed ha fallito,” scrisse a Comastri nel 2019.
Secondo il suo medico, Coletti, che ha 79 anni, non ha potuto partecipare al processo a causa del proprio stato di salute. Nella perizia trasmessa ai giudici vaticani si sostiene che, benché ancora in grado di svolgere le attività di base della vita quotidiana, Coletti sia affetto da una forma di “decadimento cognitivo,” e da diabete.
Il vescovo emerito sta trascorrendo gli anni della pensione a nord di Como, nella casa parrocchiale di una chiesa del dodicesimo secolo, con un orto e due asini. Gli abitanti del quartiere lo descrivono ancora attivo nella comunità, raccontando di come lo si veda passeggiare la sera, ascoltare le confessioni, e dire messa con l’aiuto di un’assistente. La donna che ha risposto alla porta dell’abitazione di Coletti ha detto che il vescovo non era presente, e che sarebbe stato via per “giorni.” Si è rifiutata di riferirgli alcun messaggio.
Interpellata, la Diocesi di Como non ha autorizzato Coletti a parlare, né ha voluto rispondere a domande volte a meglio comprendere le sue condizioni mentali.
Comastri, di 77 anni, ha lasciato il suo incarico di Vicario Generale del Vaticano — gesto che alcuni insider ritengono collegato al processo. Ma Comastri ha dichiarato al Post che il suo è solo un normale pensionamento, non una punizione. Il cardinale continua a recitare il rosario nella Basilica di San Pietro, mettendosi in posa per le foto, e benedicendo i bambini dopo la cerimonia di mezzogiorno.
“Un prete non va mai in pensione,” ha commentato Comastri dopo una breve conversazione in sagrestia.
Prima della fine dell’intervista, il cardinale ha voluto riaffermare che il caso Martinelli è stato gestito nel modo appropriato. Sottolineando come, in ogni caso, la responsabilità principale resti in capo a Coletti, e le accuse — che ritiene nate da “gelosie” — non fossero credibili.
“La mia opinione è che qui di accuse serie non ce ne siano,” ha concluso.",The Washington Post
https://www.forbes.com/sites/gilpress/2021/07/12/this-ai-asks-questions-finds-answers-and-suggests-actions-all-at-scale/,2021-07-12T14:30:19Z,"This AI Asks Questions, Finds Answers And Suggests Actions, All At Scale","The Covid-19 pandemic has revealed to us a very inconvenient truth: Regardless of all the technological advances of the last century and a half, our lives can be stopped and destroyed suddenly and unexpectedly by an invisible plague. The excitement over the most recent technological breakthrough—artificial intelligence or deep learning—has met the grim reality of our inability to adequately prepare for, manage, and overcome society’s most important and consequential challenges.
While Google’s DeepMind set itself up to “solve intelligence,” i.e., to advance the state of AI and then use the hoped-for “superior intelligence” to solve humanity’s challenges, Sagie Davidovich and Ron Karidi co-founded SparkBeyond 7 years ago “to harness the world’s collective intelligence in order to solve the world’s toughest challenges.” They aimed to use existing AI, algorithms, and knowledge to advance humanity’s problem-solving capabilities.
Most important, SparkBeyond wanted to go beyond the typical use of AI which is basically an extension and an upgrade of what has been called “predictive analytics” before the 2010s. “We focus on coming up with an idea that can change a system, solve a problem, rather than reacting through better predictive analytics,” says Davidovich, SparkBeyond’s CEO. And he adds: “Instead of predicting where the next lightning strike will hit, we can try to invent the lightning rod.”
To use AI as a tool for coming up with new ideas and new solutions, SparkBeyond first established a comprehensive library of algorithms. That gave it what Davidovich calls “a hypothesis engine,” producing ideas at scale, a number of possible solutions which is much larger than what an individual (e.g., a data scientist defining a few models for data analysis) or a group of people can come up with. The hypothesis engine delivers “entirely new and possibly crazy ideas,” says Davidovich, and then proceeds to autonomously tests and rank the ideas, discovering which are better supported by the data.
For SparkBeyond, “data” means all available data and the most up-to-date data. The second pillar of the SparkBeyond platform is the “knowledge engine,” a data library of more than 400 billion web pages. Using natural language understanding software, the SparkBeyond engine scans and reads these pages to find possible answers to complex questions. Davidovich sees this as the essence of creativity: “We want to optimize for creativity. We want the machine to discover a new signal, new ideas, we don’t want to be constrained by ‘here’s the problem, here’s what makes sense for this problem.’”
As an example of SparkBeyond’s creativity and how is goes beyond typical predictive analytics solutions, Davidovich relates the question facing a Japanese convenience store chain of where to establish new retail locations. It turns out the profitability of these convenience stores is highly correlated with proximity to laundromats. (Possibly because people living in small apartments without laundry machines, especially young people, do their convenience store shopping during the time their clothes enjoy automated cleaning and drying). Where SparkBeyond went, in this case, beyond generating a “heat map” of the right locations for new stores, was to suggest a strategic action: Acquiring a laundromat chain, to facilitate co-locating laundromats and convenience stores.
So SparkBeyond re-invents, re-engineers, re-thinks the age-old idea (and widespread business process) of “strategic planning.” It transforms it to a “science project” with an AI-driven dynamic research engine, a continuously updated library of algorithms and linked data, helping business executives emulate scientists. Articulating questions and hypotheses, testing against available data and finding answers, even identifying the type of data that could refute their theories and challenge existing practices. Unlike research scientists, however, managers use the research to support their business decisions and to take specific actions. The successful ones believe that the best way to predict the future is to create it and, just like the SparkBeyond platform, don’t stop at finding correlations but create new combinations, new markets, new ways to compete.
SparkBeyond is currently working on the third pillar of their idea-generation platform, looking for direct augmentation of machine and web intelligence with human intelligence. Davidovich envisions “a self-organizing network of agents, humans and machines,” training together to improve their research methods and real-world impact.
“We are not domain experts so we partner with the best,” explains Davidovich their approach to developing special applications of the SparkBeyond platform. These include a leading management consulting firm, energy companies, and Baker McKenzie, a leading law firm.
Baker McKenzie is collaborating with SparkBeyond to develop and provide new services to its clients and improving the insight, speed, and accuracy of the law firm’s own machine learning-enabled decision-making. As both Baker McKenzie and SparkBeyond strongly advocate “social impact at scale,” they recently announced that their first social impact project is nearing completion of its first stage, aiming to demonstrate “the links between child detention and unintended negative consequences for detained children and the authorities detaining them.”
Will combining machine, web, and human intelligence help address society’s challenges? “The current pandemic is an example of how horrible we are in solving problems. Collective intelligence may help us come up with better approaches and accelerate the time to solutions,” concludes Davidovich.
I'm Managing Partner at gPress, a marketing, publishing, research and education consultancy. Previously, I held senior marketing and research management positions at
…I'm Managing Partner at gPress, a marketing, publishing, research and education consultancy. Previously, I held senior marketing and research management positions at NORC, DEC and EMC. Most recently, I was Senior Director, Thought Leadership Marketing at EMC, where I launched the Big Data conversation with the “How Much Information?” study (2000 with UC Berkeley) and the Digital Universe study (2007 with IDC). Twitter: @GilPress",Forbes
https://www.forbes.com/sites/kensilverstein/2021/07/12/artificial-intelligence-is-improving-energy-companies---not-replacing-workers/,2021-07-12T14:31:41Z,Artificial Intelligence Is Improving Energy Companies — Not Replacing Workers,"A power plant that will run on “artificial intelligence” is about to get underway in West Africa. The joint venture between Swiss-based Xcell Security House and Finance and U.S.-based Beyond Limits will embed intelligence and awareness into the operations — something that will create more efficiencies, greater productivity, and increased environmental protections.
When ordinary people hear about artificial intelligence — AI for short — they immediately think about how machines will replace humans. But as the experts explained to this reporter, AI is meant to eliminate “mundane activities” so that those running heavy industrial operations can solve problems and improve performance, which translates into healthier bottom lines.
“Nothing we build is designed to replace a person,” says Michael Krause, senior manager for oil and gas at Beyond Limits. “People need to make decisions. But AI can remove that mundane component of their work and allow managers to focus on the value-added part.”
Krause likens the exercise to a chess match: There are millions of potential strategies for humans to pursue — each one a function of intelligence and experience. But AI will provide the context so that better decisions are made. In other words, the machines will play millions of games and memorize all potential patterns — something that people cannot do. An algorithm is created that incorporates the data and that is updated in real-time.
In the case of Xcell, humans can make adjustments to improve efficiencies. But they have limits. AI, by contrast, can monitor an entire system and account for all variables. As for power plants, the technology can help managers balance supply and demand issues, maintain their plants, and improve safety measures. When AI’s algorithms are combined with cloud computing and high-speed 5G networks, the true potential is realized: companies will a have holistic view that leverages the data, giving them a competitive advantage.
According to McKinsey & Company, AI and digitization can increase asset productivity by up to 20% while also reducing maintenance costs by 10%. And IDC, a market intelligence business, says that spending on such technologies will more than double from $50 billion today to $110 billion in 2024.
“One of the keys to power operations is handling variations in supply and demand,” says Lynnwood Farr, chief executive of Xcell. “We feel that (AI) will give us the upper hand to control costs and maintain efficient, dependable power generation for our customers.”
The same AI tools can predict weather patterns. That will allow grid operators to more accurately gauge when wind and solar resources will be available for use. Reliability is therefore bolstered.
Endless Possibilities
To give AI a practical context, we can focus on the need to reduce CO2 emissions and specifically, President Biden’s goal of becoming carbon-neutral by mid-century. According to Beyond Limits’ Krause, AI can reduce CO2 emissions between 1%-10% by improving industrial processes and reducing downtime. No, AI does not take the carbon out of fossil fuels. But AI can, for example, help power plants or oil companies decide where to bury the CO2 — a way to offset future emissions until renewable energy might replace those fuels.
Engineers, for example, are also building three-dimensional models that allow them to test where to locate oil and gas wells. Most of that time is spent gathering data from various silos — a repetitive exercise that is time-consuming and that requires a lot of manual labor. AI allows those engineers to gather and upload that data before they receive intelligence on where to place those wells. And that has endless possibilities, which can improve drilling performance and limit environmental costs.
Beyond Limits and NVIDIA are using AI to identify the best locations for their wells — a process that they say will improve the net present value of those assets by 10%. How? The timeline to place a well is reduced from months to hours, netting a company millions of dollars and thereby creating a quicker return on investment.
The companies say that the same actions can be used when it comes to storing CO2 underground. That is, the technology can single out the best CO2 injection points across depleted fields. “We can identify the best place to put a well and to inject CO2 underground, says Krause. “AI can’t make that decision for them. But it can provide the context they need to make those decisions for themselves.”
Artificial intelligence is not about robots doing the jobs of humans. It is about taking a holistic view of the company and gathering data to improve productivity, limit expenses, and reduce environmental costs — a process that is now possible because of bandwidth capacity and cloud technologies. AI can develop algorithms and thus eliminate repetitive tasks, allowing managers to add value: organizations that are increasing productivity while minimizing costs will be globally competitive and capable of hiring more workers.
Since the late 1990s, I’ve covered energy, beginning with the rise and fall of Enron — first as a magazine writer before becoming a columnist and editor. For nearly 10
…Since the late 1990s, I’ve covered energy, beginning with the rise and fall of Enron — first as a magazine writer before becoming a columnist and editor. For nearly 10 years, I’ve been a columnist for Forbes, focusing on fossil fuels, renewables and nuclear energy while expanding my coverage to include emerging technologies and environmental causes. My stories, which cover the globe, have appeared in, and have been cited by, dozens of publications and broadcasts. My features and my columns have also won several national awards. Twitter: @Ken_Silverstein. Email: ken@silversteineditorial.com",Forbes
https://www.forbes.com/sites/arunshastri/2021/07/12/does-your-ai-governance-focus-on-the-right-questions/,2021-07-12,Does Your AI Governance Focus On The Right Questions?,"A pharma IT executive recently mused that he owed the success of his SaaS platform to good governance. What he meant was, his business stakeholders were pushing for more and varied solutions quicker and, as a result, the project risked going wide, long and over budget.
The governance process helped balance the desire to tackle wildly ambitious use cases with smart pragmatism. It did this in a transparent and shared way, so he didn’t have to play the role of the bad guy who tells everyone no.
In business, governance is necessary. Does it always help? Not always. Among the reasons governance fails around IT data and systems, for example, is that the governing body doesn’t have enough authority. Typically, it focuses on compliance and managing costs rather than how the right choices can deliver value to more people. Not all decision makers see value in the same way or are engaged enough with the governance process to know how to judge use cases on gains for the larger enterprise.
Jane’s dilemma
But what about AI governance? Is it inherently different? And what does it take to ensure its success? Before we get to that, consider the following hypothetical scenario:
Jane needed to drive sales for her product in the next six months. Competing for sales force attention is never easy, so she started planning. Jane heard that her colleague Mary, responsible for another product, had worked with the AI and sales teams to build recommender models.
The modelers used data and advanced techniques to predict which customers are likely to be the next-best customers for acquisition, upsell, cross-sell and more. Then they surfaced these signals to individuals on the sales team via the organizations’ CRM system. The salespeople loved it because it improved their productivity, and Mary was thrilled because she had more allies in her quest to meet her product goals for the quarter.
Jane wanted what Mary had. Digging around, she discovered that all AI-related initiatives had to be approved by an AI governance council. Her next task was to get in front of them.
Unfortunately, the council’s agenda was packed, and Jane waited for two months to present her case. She assembled the facts and benefits; she clearly and enthusiastically articulated her asks. Then the AI governance council informed her that while her ask was reasonable and perhaps important, they had other more pressing matters to deal with for the next six months. Jane would have to wait until they could assign resources to work on her proposal.
By this time, Jane was now two months into her six-month target to drive sales. She wondered what it would take to build a model, even if crude, and how she could disseminate the insights to the sales organization. A shadow AI organization started to form.
Chances are, you can relate to this. For most, this or a similar story of governance and controls is familiar. Would you say that governance worked here?
Highly aligned but loosely coupled
Jane’s dilemma is quite common and perhaps unfair to ask a governance council to tackle. In a podcast I hosted, we spoke with Suresh Kumar, global chief technology officer and chief development officer at Walmart. He noted how different departments independently building technology solutions can result in inefficiencies. They work to avoid this at Walmart while also ensuring people can innovate quickly within their areas.
Walmart uses a concept that they refer to as highly aligned but loosely coupled. They do not believe that every Jane needs to take her need to a governing council. Instead, the governing leaders at Walmart have anticipated where AI and machine learning can create significant value for customers and the business. They’ve aligned data, algorithms and models to serve those needs. In effect, they’ve thought ahead for how to enable dozens of Janes.
How to shape AI governance for success
Part of the power and promise of AI comes from being able to democratize it. With a governance model based on the same concept of highly aligned technology services but a looser view on who these technologies serve, the use of AI can scale.
Here are three considerations for getting started when it comes to AI governance that can help you scale:
Intent and business value
AI guides or replaces human decisions, but which ones? You may decide that your governance model should serve a few critical business capabilities where AI and machine learning can create outsized value for the business and focus less on the rest.
You may have departments asking for custom solutions that improve the customer experience, like Walmart’s CTO did. Perhaps you want to provide data, algorithms and interfaces that can be widely used as a foundation for experimenting with customer value.
Adjacent needs become apparent after narrowing down your initial intent. Adjacent needs could include, for example, more focus on cybersecurity, data privacy or risks related to external partners.
To solve or defer
With a sense of the business capabilities you want to strengthen, determine the classes of problems that different units are free to solve with AI and which ones they should defer.
For example, for ethical reasons, healthcare providers may decide that they won’t attempt AI to predict the likelihood of a change in patient states, such as the onset of a disease or the need for a higher level of care. In other cases, regulatory or legal considerations could shift the value trade-off. Even though ambitious developers can answer sophisticated pricing questions, should they if regulators have strict pricing rules?
Being too rigid upfront in defining these guidelines for the business can stifle creativity, but having no boundaries could ultimately result in gridlock and lack of progress.
Representation
Cross-domain representation on your governing council can help you think through the life cycle of any AI system. A life-cycle approach helps you anticipate downstream implications and use planning and design to manage them.
While a chief digital officer or chief technology officer is typically accountable for AI governance, invite others for a cross-functional view. Risk, legal, analytics and regulatory thinkers add diversity of thought to AI governing bodies.
It’s never too late to reset on fundamentals and design AI governance. Your model can work now and be flexible enough to evolve as AI scales. While not complete, these few questions give you a starting point to begin a charter for any stage of maturity.
Arun provides strategy and advisory services, helping clients build their analytics capabilities and leverage their data and analytics for greater commercial
…Arun provides strategy and advisory services, helping clients build their analytics capabilities and leverage their data and analytics for greater commercial effectiveness. He currently works with clients on a broad range of analytics needs that span multiple industries, including technology, telecommunications, financial services, travel and transportation and healthcare. His areas of focus are AI adoption and ethics, as well as analytics organization design, capability building, AI explainability and process optimization.",Forbes
https://www.forbes.com/sites/qai/2021/07/12/ai-identifies-amyris-inc-among-todays-top-shorts/,2021-07-12,AI Identifies Amyris Inc Among Today’s Top Shorts,"Monday markets were slow today, trading flat, as investors eyed the start of Q2 earnings season. Earnings this quarter will be of extra significance, given that markets are at all-time highs, but expectations are strong with S&P 500 earnings expected to grow 65% above levels seen this time last year, the strongest since Q4 2009 coming off the Great Recession. A lot has been made lately of the great resignation, as employees across the country leave jobs to greener pastures, so it will be interesting to see if that is affecting companies’ bottom lines right now as they raise wages to compete for talent. If you’re looking for a way to play this market, the deep learning algorithms at Q.ai have crunched the data to give you a set of Top Shorts. Our Artificial Intelligence (“AI”) systems assessed each firm on parameters of Technicals, Growth, Low Volatility Momentum, and Quality Value to find the best short plays.
Sign up for the free Forbes AI Investor newsletter here to join an exclusive AI investing community and get premium investing ideas before markets open.
Carvana Co (CVNA)
Carvana Co is our first Top Short today. Carvana is an e-commerce platform for buying and selling used cars. The company derives revenue from used vehicle sales, wholesale vehicle sales and other sales and revenues. Our AI systems rated the company C in Technicals, F in Growth, F in Low Volatility Momentum, and F in Quality Value. The stock closed up 0.28% to $323.42 on volume of 1,252,623 vs its 10-day price average of $310.83 and its 22-day price average of $298.14, and is up 36.89% for the year. Revenue grew by 20.53% in the last fiscal year and grew by 244.35% over the last three fiscal years, Operating income grew by -23.77% in the last fiscal year, while EPS grew by -22.3% over the last three fiscal years. Revenue was $5586.56M in the last fiscal year compared to $1955.47M three years ago, Operating Income was $(332.4)M in the last fiscal year compared to $(220.73)M three years ago, EPS was $(2.63) in the last fiscal year compared to $(2.03) three years ago, and ROE was (93.05%) in the last year, compared to (100.05%) three years ago. Forward 12M Revenue is also expected to grow by 6.75% over the next 12 months.
Plug Power Inc (PLUG)
Plug Power Inc is second on our list of Top Shorts today. The company is an innovator of modern hydrogen and fuel cell technology. It has revolutionized the material handling industry with its full-service GenKey solution, which is designed to increase productivity, lower operating costs and reduce carbon footprints in a reliable and cost-effective way. Our AI systems rated Plug C in Technicals, F in Growth, F in Low Volatility Momentum, and F in Quality Value. The stock closed down 1.48% to $29.39 on volume of 17,545,080 vs its 10-day price average of $32.23 and its 22-day price average of $31.69, and is down 8.64% for the year. Revenue grew by -33.4% in the last fiscal year while EPS grew by -9.39% in the last fiscal year. Revenue was $-93.24M in the last fiscal year compared to $174.22M three years ago, Operating Income was $(576.61)M in the last fiscal year compared to $(76.44)M three years ago, EPS was $(1.68) in the last fiscal year compared to $(0.39) three years ago, and ROE was (74.61%) in the last year compared to (157.5%) three years ago. Forward 12M Revenue is also expected to grow by 9.18% over the next 12 months.
Amyris Inc (AMRS)
Our next Top Short is Amyris Inc. Amyris is an industrial biotechnology company. Our AI systems rated the company C in Technicals, F in Growth, D in Low Volatility Momentum, and D in Quality Value. The stock closed up 1.49% to $15.67 on volume of 1,146,366 vs its 10-day price average of $16.21 and its 22-day price average of $16.07, and is up 123.22% for the year. Revenue grew by 85.32% in the last fiscal year and by 404.47% over the last three fiscal years, Operating income grew by -101.07% in the last fiscal year and by -101.0% over the last three fiscal years, and EPS grew by -31.64% in the last three fiscal years. Revenue was $173.14M in the last fiscal year compared to $63.6M three years ago, Operating Income was $(123.42)M in the last fiscal year compared to $(132.72)M three years ago, EPS was $(1.88) in the last fiscal year compared to $(3.69) three years ago.
Blink Charging Co (BLNK)
Blink Charging Co is the fourth Top Short today. Blink is an owner, operator, and provider of electric vehicle charging services. Our AI systems rated the company C in Technicals, F in Growth, F in Low Volatility Momentum, and D in Quality Value. The stock closed down 0.23% to $35.4 on volume of 1,192,267 vs its 10-day price average of $38.95 and its 22-day price average of $39.4, and is down 5.61% for the year. Revenue grew by 14.98% in the last fiscal year, and grew by 166.67% over the last three fiscal years, while EPS grew by -49.11% over the last three fiscal years. Revenue was $6.23M in the last fiscal year compared to $2.69M three years ago, Operating Income was $(17.39)M in the last fiscal year compared to $(11.61)M three years ago, EPS was $(0.59) in the last fiscal year compared to $(1.3) three years ago, and ROE was (103.16%) in the last year. Forward 12M Revenue is expected to grow by 25.93% over the next 12 months.
Livent Corp (LTHM)
Livent Corp is our final Top Short today. The company is a pure-play lithium producer formed when FMC spun off its lithium business in October 2018. Our AI systems rated Livent F in Technicals, D in Growth, D in Low Volatility Momentum, and F in Quality Value. The stock closed up 6.43% to $19.85 on volume of 1,650,647 vs its 10-day price average of $19.05 and its 22-day price average of $18.67, and is up 5.7% for the year. Revenue grew by 8.05% in the last fiscal year and EPS grew by -5.85% in the last fiscal year. Revenue was $288.2M in the last fiscal year compared to $442.5M three years ago, Operating Income was $(10.8)M in the last fiscal year compared to $165.7M three years ago, EPS was $(0.13) in the last fiscal year compared to $0.99 three years ago, and ROE was (3.41%) in the last year compared to 28.94% three years ago. Forward 12M Revenue is also expected to grow by 2.87%% over the next 12 months and the stock is trading with a forward 12M P/E of 120.38.
Liked what you read? Sign up for our free Forbes AI Investor Newsletter here to get AI driven investing ideas weekly. For a limited time, subscribers can join an exclusive slack group to get these ideas before markets open.
Source: S&P Global Market Intelligence
Q.ai, a Forbes Company, formerly known as Quantalytics and Quantamize, uses advanced forms of quantitative techniques and artificial intelligence to generate investment
…Q.ai, a Forbes Company, formerly known as Quantalytics and Quantamize, uses advanced forms of quantitative techniques and artificial intelligence to generate investment recommendations across all asset classes. When it comes to money, no one should have to settle. We make investing less intimidating, more accessible and a lot of fun for everyone. That’s investing, reimagined.",Forbes
https://www.forbes.com/sites/qai/2021/07/12/builders-firstsource-ranked-among-todays-top-buys/,2021-07-12,Builders Firstsource Ranked Among Today’s Top Buys,"It was quite a weekend for Richard Branson, who made himself the first passenger on Virgin Galactic’s flight to space as a citizen as opposed to an astronaut. Unfortunately for his company, the stock sold off deeply into double digits as a result of possibly ‘sell the news’ type event, after a massive surge lately. Markets overall were flat to mixed ahead of the start of Q2 earnings season. Expectations are high this time around, with S&P 500 earnings expected to be up 65% from the same quarter a year ago, bouncing off those pandemic lows. With markets teetering around all-time highs, it is time for companies to show us if they have been executing, or if they have been struggling during the great reopening of the economy. The deep learning algorithms at Q.ai have crunched the data to give you a set of Top Buys. Our Artificial Intelligence (“AI”) systems assessed each firm on parameters of Technicals, Growth, Low Volatility Momentum, and Quality Value to find the best Top Buys.
Sign up for the free Forbes AI Investor newsletter here to join an exclusive AI investing community and get premium investing ideas before markets open.
Builders Firstsource (BLDR)
Builders Firstsource is today’s first Top Buy. Builders is a manufacturer and supplier of building materials building a variety of structural and related building products. Our AI systems rated the company C in Technicals, B in Growth, C in Low Volatility Momentum, and A in Quality Value. The stock closed up 2.44% to $42.77 on volume of 2,607,569 vs its 10-day price average of $43.23 and its 22-day price average of $43.39, and is up 7.38% for the year. Revenue grew by 27.89% in the last fiscal year and grew by 41.7% over the last three fiscal years, Operating Income grew by 37.62% in the last fiscal year and grew by 102.85% over the last three fiscal years, while EPS grew by 27.88% in the last fiscal year and grew by 93.27% over the last three fiscal years. Revenue was $8558.87M in the last fiscal year and $7724.77M three years ago, Operating Income was $543.85M in the last fiscal year and $368.97M three years ago, while EPS was $2.66 in the last fiscal year compared to $1.76 three years ago. ROE was 31.71% in the last year compared to 42.2% three years ago. The stock is trading with a Forward 12M P/E of 10.54.
Community Bank System Inc (CBU)
Community Bank System Inc is our second Top Buy today. Community Bank System is a financial holding company. The company primarily operates through two wholly-owned subsidiaries: Community Bank, N.A. and Benefit Plans Administrative Services. Our AI systems rated the company B in Technicals, C in Growth, A in Low Volatility Momentum, and B in Quality Value. The stock closed up 3.02% to $74.06 on volume of 146,078 vs its 10-day price average of $74.98 and its 22-day price average of $76.88, and is up 19.39% for the year. Revenue grew by 2.6% in the last fiscal year and grew by 6.93% over the last three fiscal years, Operating Income grew by 6.53% in the last fiscal year and grew by 5.21% over the last three fiscal years, while EPS grew by 6.87% in the last fiscal year and grew by 1.59% over the last three fiscal years. Revenue was $582.19M in the last fiscal year compared to $558.6M three years ago, Operating Income was $227.84M in the last fiscal year compared to $230.69M three years ago, and EPS was $3.08 in the last fiscal year compared to $3.24 three years ago. ROE was 8.32% in the last year versus 10.07% three years ago. The stock is trading with a Forward 12M P/E of 23.49.
Fuller (H. B.) Co (FUL)
Fuller (H. B.) Co is our third Top Buy today. The company manufactures and sells adhesives, sealants, and other chemical-based products. Our AI systems rated the company B in Technicals, B in Growth, B in Low Volatility Momentum, and B in Quality Value. The stock closed up 1.68% to $64.58 on volume of 247,003 vs its 10-day price average of $63.94 and its 22-day price average of $65.8, and is up 23.01% for the year. Revenue grew by 8.34% in the last fiscal year, Operating Income grew by 16.24% in the last fiscal year and grew by 12.51% over the last three fiscal years, while EPS grew by 28.64% in the last fiscal year. Revenue was $2790.27M in the last fiscal year compared to $3041.0M three years ago, Operating Income was $246.6M in the last fiscal year compared to $254.76M three years ago, while EPS was $2.36 in the last fiscal year compared to $3.29 three years ago. ROE was 9.51% in the last year versus 15.53% three years ago. Forward 12M Revenue is expected to grow by 2.29% over the next 12 months and the stock is trading with a Forward 12M P/E of 17.03.
Nortonlifelock Inc (NLOK)
Nortonlifelock Inc is our fourth Top Buy today. The company sells cybersecurity and identity protection for individual consumers through its Norton antivirus and LifeLock brands. Our AI systems rated the company C in Technicals, B in Growth, A in Low Volatility Momentum, and B in Quality Value. The stock closed up 1.65% to $27.66 on volume of 3,519,321 vs its 10-day price average of $27.35 and its 22-day price average of $27.59, and is up 33.17% for the year. Revenue was $2551.0M in the last fiscal year compared to $2456.0M three years ago, Operating Income was $1083.0M in the last fiscal year compared to $379.0M three years ago, while EPS was $0.92 in the last fiscal year compared to $0.05 three years ago. ROE was (2.04%) three years ago, and the stock is trading with a Forward 12M P/E of 16.22.
Tenneco Inc (TEN)
Tenneco Inc (TEN) is our fifth and final Top Buy today. The company’s emissions-control products meet strict air-quality legislation, optimize engine performance, improve fuel economy, and acoustically tune engine sound to fit a vehicle's profile. Our AI systems rated the company B in Technicals, C in Growth, C in Low Volatility Momentum, and B in Quality Value. The stock closed up 4.03% to $19.1 on volume of 660,211 vs its 10-day price average of $19.37 and its 22-day price average of $20.19, and is up 86.16% for the year. Revenue grew by 5.82% in the last fiscal year and grew by 38.35% over the last three fiscal years, Operating Income grew by 81.9% in the last fiscal year, while EPS grew by -59.53% in the last fiscal year. Revenue was $15379.0M in the last fiscal year compared to $11763.0M three years ago, Operating Income was $232.0M in the last fiscal year compared to $549.0M three years ago, while EPS was $(18.69) in the last fiscal year compared to $0.93 three years ago. ROE was (140.79%) in the last year versus 7.99% three years ago and the stock is trading with a Forward 12M P/E of 4.63.
Liked what you read? Sign up for our free Forbes AI Investor Newsletter here to get AI driven investing ideas weekly. For a limited time, subscribers can join an exclusive slack group to get these ideas before markets open.
Source: S&P Global Market Intelligence
Q.ai, a Forbes Company, formerly known as Quantalytics and Quantamize, uses advanced forms of quantitative techniques and artificial intelligence to generate investment
…Q.ai, a Forbes Company, formerly known as Quantalytics and Quantamize, uses advanced forms of quantitative techniques and artificial intelligence to generate investment recommendations across all asset classes. When it comes to money, no one should have to settle. We make investing less intimidating, more accessible and a lot of fun for everyone. That’s investing, reimagined.",Forbes
https://www.forbes.com/sites/qai/2021/07/12/ishares-msci-kld-400-social-rated-best-among-top-us-broad-market-smart-beta-etfs/,2021-07-12,IShares MSCI KLD 400 Social Rated Best Among Top US Broad Market Smart Beta ETFs,"The S&P 500 rose slightly this morning to a record high, yet again, after the big three closed at records on Friday last week. The gain for the S&P 500 now sits at more than 16% for the year, after a strong showing in 2020 despite a global pandemic. This week should bring some fireworks, however, with the start of the Q2 earnings season. Some major financials like JPMorgan Chase and Goldman Sachs will report Tuesday, kicking off an expected 64% surge in expectations on earnings this time last year. That number is the highest since 2009, and all 11 sectors are set to post growth as the economy reopens. There are some concerns to come, with inflation rising at troubling levels and valuations looking expensive, but so far so good for markets in 2021.
That being said, Q.ai’s deep learning algorithms have identified several of the top US Broad Market Smart Beta ETFs based on fund flows over the last 90-days, 30-days, and 7-days. We’ve rated one ETF as Best, one as Good, two as Caution, one as Poor, and one as worst.
Sign up for the free Forbes AI Investor newsletter here to join an exclusive AI investing community and get premium investing ideas before markets open.
Best
iShares MSCI KLD 400 Social ETF (DSI)
The first and only ETF that scored Best for the week according to our AI systems is the iShares MSCI KLD 400 Social ETF. This ETF seeks to track the investment results of an index composed of U.S. companies that have positive environmental, social and governance characteristics as identified by the index provider. Based on AUM, it is on the smaller side this week with $3,046,130,035.20 AUM. It has seen positive fund flows lately of $124,293,910.00 over the last 90-days, $36,988,690.00 over the last 30-days, and $8,357,500.00 over the last week. Its net expense ratio of 0.25% is relatively pricey.
Good
Schwab US Broad Market ETF (SCHB)
The Schwab US Broad Market ETF is our first and only Good-rated ETF this week. This ETF’s goal is to track as closely as possible, before fees and expenses, the total return of the Dow Jones U.S. Broad Stock Market Index. The fund is medium-sized this week with $20,320,606,875.64 AUM. The ETF has seen positive fund flows, with a 90-day fund flow of $429,927,705.00, a 30-day fund flow of $124,126,317.20, and a 1-week fund flow of $10,512,681.10. Its net expense ratio of 0.03% is tied for cheapest this week.
Caution
Vanguard Total Stock Market ETF (VTI)
The Vanguard Total Stock Market ETF comes in as our first of two Caution-scored ETF for the week. This ETF seeks to track the performance of the CRSP US Total Market Index. With $234,272,783,020.77 AUM, it is the largest in size this week. It has seen positive fund flows, with a 90-day fund flow of $11,410,542,589.42, a 30-day fund flow of $3,909,434,879.23, and a 1-week fund flow of $1,217,183,592.68. Its net expense ratio of 0.03% is excellent.
iShares Core S&P Total U.S. Stock Market ETF (ITOT)
The iShares Core S&P Total U.S. Stock Market ETF is our second Caution-rated ETF this week. The fund’s strategy is to track the investment results of a broad-based index composed of U.S. equities. The ETF is medium-sized this week with $37,652,824,137.00 AUM. It has seen mixed fund flows, with a 90-day fund flow of $938,238,575.00, a 30-day fund flow of $48,855,910.00, and a 1-week fund flow of -$9,811,730.00. Its net expense ratio of 0.03% is the tied alongside others for cheapest this week.
Poor
Invesco BuyBack Achievers ETF (PKW)
The Invesco BuyBack Achievers ETF comes in as our only Poor-scored ETF for the week. This ETF is based on the NASDAQ US BuyBack Achievers Index. The Index is designed to track the performance of companies that meet the requirements to be classified as BuyBack Achievers. With $1,778,491,662.20 AUM, it is smaller in size this week. It has seen positive fund flows, with a 90-day fund flow of $316,424,765.80, 30-day fund flow of $105,646,960.60, and 1-week fund flow of $37,918,187.10. It also has a fairly elevated net expense ratio of 0.63%.
Worst
iShares Russell 3000 ETF (IWV)
The iShares Russell 3000 ETF comes in as our only Worst-rated ETF for the week. This ETF’s objective is to track the investment results of a broad-based index composed of U.S. equities. With $11,368,406,187.60 AUM, it is smaller in size this week. It has seen mixed fund flows, with a 90-day fund flow of $22,036,710.00 and a 30-day fund flow of -$90,341,655.00. It also has a higher net expense ratio of 0.20%.
Liked what you read? Sign up for our free Forbes AI Investor Newsletter here to get AI-driven investing ideas weekly. For a limited time, subscribers can join an exclusive slack group to get these ideas before markets open.
Source: ETF Global
Q.ai, a Forbes Company, formerly known as Quantalytics and Quantamize, uses advanced forms of quantitative techniques and artificial intelligence to generate investment
…Q.ai, a Forbes Company, formerly known as Quantalytics and Quantamize, uses advanced forms of quantitative techniques and artificial intelligence to generate investment recommendations across all asset classes. When it comes to money, no one should have to settle. We make investing less intimidating, more accessible and a lot of fun for everyone. That’s investing, reimagined.",Forbes
https://www.forbes.com/sites/qai/2021/07/12/spdr-sp-500-etf-trust-ranked-among-this-weeks-top-buy-etfs/,2021-07-12,SPDR S&P 500 ETF Trust Ranked Among This Week’s Top Buy ETFs,"Markets remain flat to mixed this morning, coming off a big rally off the lows last week to close higher on Friday. This week will be a busy one, with US Consumer prices for June released on Tuesday, Retail Sales on Friday, and Federal Reserve Chairman Jay Powell testimony coming on Wednesday as the big economic points. Alongside the data dump, we have the start of Q2 earnings season, where expectations are for a sky-high 65% growth over this time last year in the S&P 500. We will see whether companies can come out swinging or if there needs to be an expectation damper going into Q3. Markets are trading near or at all-time highs and it might be a good idea to rebalance your portfolio into something less risky than individual stocks. This week’s Top Buy ETFs are here to find a diversified way to gain exposure to certain sectors of the market. Q.ai’s deep learning algorithms have identified several to look out for this week based on their fund flows over the last 90-days, 30-days, and 7-days.
Sign up for the free Forbes AI Investor newsletter here to join an exclusive AI investing community and get premium investing ideas before markets open.
Invesco QQQ Trust (QQQ)
The Invesco QQQ Trust is our first Top Buy this week. The Nasdaq continues to outperform with Growth taking the driver’s seat over Value again this year, and our AI-systems finds that QQQ is one of the better buys this week. The ETF is one of the largest with $164,136,811,474.50 AUM. It has seen positive fund flows, with a 90-day fund flow of $5,961,906,986.50, a 30-day fund flow of $7,425,738,435.00, and a 1-week fund flow of $2,538,315,670.50. This ETF has a reasonable but elevated net expense ratio of 0.20%.
Vanguard Growth ETF (VUG)
The Vanguard Growth ETF is our next Top Buy on the list this week. This ETF aims to give investors exposure to the CRSP US Large Cap Growth Index, which provides a convenient way to match the performance of many of the nation’s largest growth stocks. This ETF carries an AUM of $73,465,594,499.10. The ETF has also seen positive flows in recent months, with a 90-day fund flow of $1,853,772,594.16, a 30-day fund flow of $717,903,223.99, and a 1-week fund flow of $279,032,916.13. With a net expense ratio of 0.04%, this ETF is one of the cheapest out there.
Vanguard Total Stock Market ETF (VTI)
Our next Top Buy for our weekly ETFs is the Vanguard Total Stock Market ETF. This is the largest ETF on our list with AUM of $234,272,783,020.77 and covers the total stock market in the US. It has seen positive fund flows lately, with a 90-day fund flow of $11,410,542,589.42, a 30-day fund flow of $3,909,434,879.23, and 1-week fund flow of $1,217,183,592.68. Its net expense ratio of 0.03% is extremely attractive and the cheapest by a hair on our list today as well.
SPDR S&P 500 ETF Trust (SPY)
One of the most common ETFs used is up next in the SPDR S&P 500 ETF Trust. The ETF carries an AUM of a massive $357,840,044,986.53. It has seen mixed fund flows recently, with a 90-day fund flow of $5,501,406,251.75, a 30-day fund flows of $9,603,543,842.25, and a 1-week fund flow of -$553,008,589.50. The ETF has a relatively cheap net expense ratio of 0.094%.
iShares S&P 500 ETF (IVV)
The iShares counterpart to the SPY is next up in the iShares S&P 500 ETF. The ETF carries an AUM $273,877,156,749.00. It has seen positive fund flows recently, with a 90-day fund flow of $3,004,278,180.00, a 30-day fund flows of $2,747,363,055.00, and a 1-week fund flow of $778,460,200.00. Its cost is one of the lowest in the business with a net expense ratio of only 0.03% in comparison.
iShares Core U.S. Aggregate Bond ETF (AGG)
Bond ETFs are also on the Top Buy list this week, with the iShares Core U.S. Aggregate Bond ETF up next. This ETF covers the total US bond market to give investors exposure to the overall fixed-income market. The ETF has an AUM of $85,805,140,912.00, and has seen mixed fund flows. The ETF has a 90-day fund flow of $2,781,493,270.00, a 30-day fund flow of $690,022,880.00, and a 1-week fund flow of $92,484,440.00. Its net expense ratio of 0.05% is very cheap.
Vanguard Value ETF (VTV)
Another Top Buy this week in our ETFs is the Vanguard Value ETF. This ETF concentrates on tracking the CRSP US Large Cap Value Index, which measures the investment return of large-capitalization value stocks. This is an excellent ETF to play the sector passively and carries an AUM of $74,533,882,248.64, but has seen positive fund flows recently. The ETF has a 90-day fund flow of $5,374,436,219.03, a 30-day fund flow of $744,565,992.07, and a 1-week fund flow of $30,604,800.21. Its net expense ratio of 0.04% is attractive for the space.
Vanguard Total Bond Market ETF (BND)
Another Top Buy ETF this week is another bond ETF in the Vanguard Total Bond Market ETF, similar to the iShares holding above. This ETF carries an AUM of $72,294,153,077.30. The ETF has seen positive fund flows with a 90-day fund flow of $6,582,199,000.00, a 30-day fund flow of $2,411,771,000.00, and a 1-week fund flow of $290,869,000.00 The ETF also has an attractive 0.05% net expense ratio, matching the iShares holding.
Vanguard S&P 500 ETF (VOO)
The Vanguard S&P 500 ETF is next on our list of Top ETFs this week, similar to the SPDR S&P 500 ETF and the iShares S&P 500 ETF, the Vanguard holding tracks the S&P 500 index. The ETF runs with an AUM of $215,377,023,543.30. The ETF has seen positive fund flows, with a 90-day fund flow of $11,519,110,433.22, a 30-day fund flow of $4,204,016,110.44, and 1-week fund flow of $1,718,896,590.23. The ETF has a net expense ratio of 0.03%, which is more attractive than most on the list today.
iShares S&P SmallCap 600 ETF (IJR)
The iShares S&P SmallCap 600 ETF is our final Top Buy ETF today. Small caps have had an incredibly volatile 15 months, but has still been a strong bet in recent months. With $68,860,805,533.80 in AUM, the ETF has been attractive as of late. Its fund flows have been mixed with a 90-day fund flow of $332,517,865.00, a 30-day fund flow of $144,473,665.00, and 1-week fund flow of -$50,488,580.00. With a net expense ratio of 0.06%, it is relatively inexpensive.
Liked what you read? Sign up for our free Forbes AI Investor Newsletter here to get AI driven investing ideas weekly. For a limited time, subscribers can join an exclusive slack group to get these ideas before markets open.
Source: ETF Global
Q.ai, a Forbes Company, formerly known as Quantalytics and Quantamize, uses advanced forms of quantitative techniques and artificial intelligence to generate investment
…Q.ai, a Forbes Company, formerly known as Quantalytics and Quantamize, uses advanced forms of quantitative techniques and artificial intelligence to generate investment recommendations across all asset classes. When it comes to money, no one should have to settle. We make investing less intimidating, more accessible and a lot of fun for everyone. That’s investing, reimagined.",Forbes
https://www.forbes.com/sites/qai/2021/07/12/wells-fargo--company-ranked-among-todays-trending-stocks/,2021-07-12,Wells Fargo & Company Ranked Among Today’s Trending Stocks,"Last week’s shortened trading week brought mixed news for the stock market. Last Tuesday saw U.S. oil prices surge to six-year highs before jumping up again on Wednesday, while stock futures plunged 1.3% Thursday after Japan announced a state of emergency in Tokyo for the duration of the upcoming summer Olympics.
The sudden switch led to the island nation locking down the Olympics on updated Covid policies, after which a number of stocks – particularly airline and cruise industries – plummeted on the day. Thursday’s jobless report didn’t ease investor worries, as last week saw 373,000 new unemployment claims.
However, Friday brought relief as the three major stock indices closed at record highs after Thursday’s sell-off. Leading the charge were many of the stocks tied to economic recovery that fell Thursday, including banks, airlines, and cruise stocks. All told, the Dow added about 0.2% for the week, with the S&P 500 and Nasdaq ticking up 0.4%.
And now, investors are bracing themselves for the start of earnings season, as several key economic players plan to start rolling out their reports in the coming week. Among these are financial kings such as JPMorgan Chase, Goldman Sachs, and Bank of America, as well as investment bank Morgan Stanley and healthcare giant UnitedHealth.
And with our rundown out of the way, let’s take a look at the real reason you’re here: Q.ai’s weekly trending stocks list.
Q.ai runs daily factor models to get the most up-to-date reading on stocks and ETFs. Our deep-learning algorithms use Artificial Intelligence (AI) technology to provide an in-depth, intelligence-based look at a company – so you don’t have to do the digging yourself.
Sign up for the free Forbes AI Investor newsletter here to join an exclusive AI investing community and get premium investing ideas before markets open.
Wells Fargo & Company (WFC)
Wells Fargo & Company jumped 3.8% Friday to $43.91 per share on the back of 25 million trades. The stock is trending below its 10- and 22-day price averages, though it remains up 45.5% YTD. Currently, Wells Fargo is trading at 12.7x forward earnings.
Wells Fargo is trending headed into the new week thanks to a decried decision made in the latter half of last week, as the bank announced that it is shuttering all personal lines of credit. Instead, the bank is moving its focus to personal loans and credit cards.
These lines of credit provided customers with access to up to $100,000 in revolving credit to help consolidate high-interest debt, pay for home renovations, or avoid overdraft fees. In a six-page letter sent to customers, Wells Fargo warned that this action “may have an impact on your credit score.”
While the move has angered some customers, the decision follows a pattern ever since the Federal Reserve’s 2018 ban on Wells Fargo growing its balance sheet until it fixed compliance shortcomings related to fake account scandals. Other similar actions include halting all new HELOCs and withdrawing from part of its auto lending products.
The Fed-mandated asset cap has proven detrimental to the bank’s balance sheet over the last three fiscal years. Revenue shrank from $84.7 billion to just $58.3 billion in the last fiscal year, while operating income is down from $28.5 billion to just $2.1 billion. Per-share earnings have absolutely plummeted from $4.28 to a mere $0.41 in the same periods; and return on equity has plunged from 11.3% to 1.9%.
All told, our AI rates Wells Fargo as a poor investment at this time, with a B in Low Volatility Momentum and D’s in Technicals, Growth, and Quality Value.
Nike, Inc (NKE)
Nike, Inc nudged up 0.2% Friday to $161 even, trading 5 million shares on the day to a price well above the 22-day, $143 average. The stock is up 13.8% for the year and currently trades around 37.4x forward earnings.
Nike stock has been trending since the start of summer as shoppers once again have the money – and lack of coronavirus restrictions – to explore the great outdoors (and the occasional indoor gym).
The company’s most recently quarterly report definitely helped, too, with the three-month period ending on the last day of May marking $12.3 billion in revenue growth – nearly double that of the year prior.
Management also raised its forecast to $50 billion in full-year sales, thanks in large part to its rebounding business in North American segments. (And despite continuing controversies related to its Chinese ties.)
In the last three fiscal years, Nike’s revenue has jumped 13.4% from $39.1 billion to $44.5 billion in the most recent year. Operating income has grown 50.8% in the period from $4.77 billion to $7.2 billion, while per-share earnings have risen nearly 43% to $3.56 compared to $2.49. Moreover, return on equity jumped from 42.7% to 55% in the three-year timespan.
Currently, our AI rates this athleticwear giant slightly above average as an investment opportunity, with a B in Low Volatility Momentum and Cs in Technicals, Growth, and Quality Value.
The Boeing Company (BA)
The Boeing Company jumped 1.2% Friday to $239.59 per share with 12.4 million trades on the books. The stock is down from its 22-day price average of around $242, though it remains up 11.9% YTD. Currently, Boeing is trading at a bloated 12-month P/E of 171x.
Boeing has trended nearly nonstop since the pandemic hit, beginning with the cancellation or delay of hundreds of airplanes and ending last week with reports that a decades-old Boeing cargo plane was forced to make an emergency landing off the coast of Hawaii. Both pilots were rescued shortly after the crash. The company aided search crews in the effort to find the sunken vessel, which was reported found on Friday.
In the last three fiscal years, Boeing’s revenue has plummeted from over $101 billion to just under $58.2 billion. In the same three-year period, operating income fell from $11.8 billion to $8.7 billion, while per-share earnings climbed from $17.85 to $20.88.
All told, Boeing is expected to see 12-month revenue growth in the neighborhood of 8.1%. Our AI rates the airplane manufacturer negatively overall, with a C in Growth, D in Technicals, and Fs in Low Volatility Momentum and Quality Value.
International Business Machines Corporation (IBM)
International Business Machines Corporation jumped up 0.6% to $141.52, trading 3.9 million shares on the day. The stock is up 12.4% for the year and currently trades around 12.5x forward earnings.
IBM’s last week proved to be a bumpy ride for the information technology giant, as shares fell following an announcement that the company’s president, James Whitehurst, chose to step down from his post. Whitehurst, former Red Hat CEO, was appointed to his position shortly after IBM acquired the cloud software provider in 2019.
The company reports that Whitehurst will remain on as Senior Advisor in its hybrid cloud and AI strategy. This most recent move denotes a series of completed and upcoming changes in the tech giant’s management structure as it moves into its “client-centric culture,” per CEO Arvind Krishna.
In the last three fiscal years, IBM has seen its revenue fall from $79.6 billion to just over $73.6 billion as the company has strived to innovate and accelerate in the changing digital landscape. The company’s operating income also fell in the same period, from $13.2 billion to $8.58 billion, with per-share earnings dropping over three dollars to $6.23 and return on equity plunging from 50.3% to 26.4%.
At this time, the information technology and cloud computing provider is only expected to see around 0.56% revenue growth in the next 12 months. Our AI rates this company slightly above average, with a B in Quality Value and Cs in Technicals, Growth, and Low Volatility Momentum.
Advanced Micro Devices, Inc (AMD)
Advanced Micro Devices, Inc. jumped 1.3% to $90.90 on Friday, ending the day on the back of 35.3 million trades and more than $4 over the 22-day price average. The stock is down 0.9% YTD and currently trades around 42.1x forward earnings.
AMD is trending leading the week thanks to receiving a pair of updated bullish ratings from top analysts at Bank of America and Goldman Sachs last week. The company’s stock recently received a boost as reports suggest that the global chip shortage could last well through the year, only easing up in early-to-mid 2022.
AMD’s own CEO, Lisa Su, recently reported that the company’s GPU supplies will remain tight for the rest of the year at least. This in spite of the fact that the company has boosted manufacturing capacity to the best of its ability – but there’s only so much that chip fabricators can do in the short-term, as chip production orders are typically placed months to years in advance.
The chip shortage will likely prove fruitful for the company’s short-term bottom line, as shortages provide an opportunity for companies to capitalize on the basic laws of supply and demand pricing. Not the AMD needs it, however – the company pulled in a 76.4% revenue increase over the last three fiscal years, with cash flow rising from just under $6.5 billion to over $9.76 billion.
In the same period, operating income jumped from $451 million to almost $1.37 billion – a change of over 314% – while EPS rose an astonishing 644% to $2.06 in the most recent fiscal year. Moreover, return on equity jumped from 36.2% to 57.5% in the three-year time frame.
Currently, AMD is expected to see forward 12-month revenue growth around 2.1%. Our AI rates this chip manufacturer as a mixed bag at this time, with an A in Growth, Cs in Low Volatility Momentum and Quality Value, and a D in Technicals.
Liked what you read? Sign up for our free Forbes AI Investor Newsletter here to get AI driven investing ideas weekly. For a limited time, subscribers can join an exclusive slack group to get these ideas before markets open.
Source: S&P Global Market Intelligence
Q.ai, a Forbes Company, formerly known as Quantalytics and Quantamize, uses advanced forms of quantitative techniques and artificial intelligence to generate investment
…Q.ai, a Forbes Company, formerly known as Quantalytics and Quantamize, uses advanced forms of quantitative techniques and artificial intelligence to generate investment recommendations across all asset classes. When it comes to money, no one should have to settle. We make investing less intimidating, more accessible and a lot of fun for everyone. That’s investing, reimagined.",Forbes
https://www.forbes.com/sites/qai/2021/07/13/the-new-york-times-company-ranked-among-todays-trending-stocks/,2021-07-13,The New York Times Company Ranked Among Today’s Trending Stocks,"Friday was a banner day for the stock market as all three major indices closed up to record highs, relieving the day before’s stock sell-off fueled by frazzled, inflation-wary investors. Whereas the Dow Jones Industrial Average added a modest 0.2% for the week, the S&P 500 and Nasdaq Composite both added an additional 0.4% to their record high prices.
At the forefront of the rally were many of the same stocks that plunged Thursday – partly as a result of Japan’s latest state of emergency declaration for the summer Tokyo Olympics – including banks, airlines, and cruise liners.
Thursday’s jobless report certainly did nothing to ease investor worries, with a surprising 373,000 new unemployment claims clocked the week before. That said, overall unemployment has fallen from recent highs – a trend that (hopefully) appears poised to continue as the economy reopens.
Q.ai runs daily factor models to get the most up-to-date reading on stocks and ETFs. Our deep-learning algorithms use Artificial Intelligence (AI) technology to provide an in-depth, intelligence-based look at a company – so you don’t have to do the digging yourself.
Sign up for the free Forbes AI Investor newsletter here to join an exclusive AI investing community and get premium investing ideas before markets open.
General Motors Company (GM)
General Motors Company surged 4.8% to $58.76 on Friday, closing the day with 24.36 million trades on the books. The stock is up over 41% YTD and trading at a forward 12-month P/E of 9.85x.
General Motors got a boost this week after Wedbush – a U.S.-based wealth management, brokerage, and advisory firm – upgraded the stock to “outperform” for the coming months. The firm also noted that General Motors’ steady transition toward electric vehicles (EVs) underlines the firms’ new status as a tech stock – which, if the most recent tech rally is any indication, will prove good news for the company’s stock price and bottom line.
In the last three fiscal years, GM saw its revenue plunge from $147 billion to around $122 billion, with per-share earnings dropping over a dollar to $4.33 and return on equity plunging from 20.5% to 13.2% in the same period. That said, operating income saw a nearly 73% rise in the three-year span, climbing to $8.56 billion compared to $6.29 billion.
All told, GM is expected to see forward 12-month revenue growth in the ballpark of 4.4%. Our AI rates this automotive giant C in Growth and Quality Value, D in Low Volatility Momentum, and F in Technicals.
The New York Times Company (NYT)
The New York Times Company jumped 1.7% on Friday, closing out the day at $43.27 per share on the back of 725k trades. The stock is down 16.4% for the year, though it’s currently trading around 39x forward earnings.
The New York Times is a stock that rarely gets any direct coverage – typically, you’re more likely to read about other stocks in their Daily Business Briefing. But the company is publicly traded, which means that it does crop up on our trending lists from time to time as readership trends, advertising decisions, and dividend announcements affect the stock’s price.
However, there’s no one reason that The New York Times is trending this week, other than it just is. The famed media giant has proven remarkably resilient throughout the pandemic as it shifts its strategy away from printed editions and toward a digital future, with advertisements picking up the pace in the most recent quarter to feed the company’s bottom line.
And while the company has some legwork to do if it hopes to move past its most recent deceleration, the last five years have shown time and again that, eventually, The New York Times will rise again.
In the last three fiscal years, The New York Times’ revenue grew incrementally from $1.72 billion to around $1.75 billion. Meanwhile, operating income shrank to $174 million compared to $188 million, whereas per-share earnings dropped from $0.75 to just $0.60. All told, return on equity fell to 8% compared to 13% three years ago.
At this time, The New York Times is expected to see revenue growth around 1.5% in the coming year. Our AI rates this famous media company A in Growth, B in Low Volatility Momentum, and C in Technicals and Quality Value.
GATX Corporation (GATX)
GATX Corporation closed up 2% Friday, ending the first week of July at a share price of $87.53. The stock is up over 5.2% for the year, though it’s trending below the 22-day price average of $90.83. Currently, GATX is trading at 20.3x forward earnings.
GATX Corporation is a stock that pops up in our trending lists whenever the railcar leasing firm gets battered and buffeted – but mostly boosted – by yet another shift in shipping and travel trends.
The company, which holds a prominent position as a leading railcar owner in the United States and Europe, proved silently integral in the behind-the-scenes mechanics of keeping the world rolling during lockdown – and beyond. And while recent price hikes in goods and fuels have seen the company’s stock price falter somewhat, it’s likely that this stock will be able to pick up, dust off, and chug along in no time.
In the last three fiscal years, GATX has seen its revenue climb 3.5% from $1.175 billion to $1.21 billion, with operating income inching up to $285 million compared to $279 million in the three-year-ago period. Meanwhile, per-share earnings fell from $5.52 to $4.27, while return on equity dropped from 10.6% to just over 7.9%.
At this time, GATX Corporation is expected to see forward 12-month revenue growth around 4.1%. Our AI rates the stock just above average with a B in Low Volatility Momentum and Cs in Technicals, Growth, and Quality Value.
Nordstrom, Inc (JWN)
Nordstrom, Inc skyrocketed 6.6% on Friday, closing out the day at $36 even with 2.86 million trades on the docket. The stock is trending a full dollar above its 22-day price average and up 15.4% for the year. Nordstrom is trading at 20.4x forward earnings.
Nordstrom, Inc. is trending this week after announcing a partnership with Asos, an online British fashion house, in an attempt to appeal to younger generations of shoppers hitting the shopping racks as the world reopens. The luxury department store retailer purchased a minority stake in four of Asos’ underlying brands: HIIT, Topshop, Miss Selfridge, and Topman. The deal gives Nordstrom exclusive retail rights for both the Topman and Topshop lines in North America.
In other news, Nordstrom is also trending this week for being the first major retailer to commit to the 15 Percent Pledge, a nonprofit that encourages and holds accountable large brands’ commitment to supporting Black-owned brands. In the landmark 10-year agreement, Nordstrom announced that it would increase purchases and partnerships with Black-owned and founded retailers ten times by the year 2030.
Nordstrom was one of many nonessential stocks hit hard by the pandemic – though its numbers were on the way up after falling from three-year highs just before. Over the last three fiscal years, the company’s revenue plunged from $15.86 billion to just $10.7 billion. Meanwhile, operating income slipped from $837 million to $822 million.
That said, it wasn’t all doom and gloom for the luxury department store chain, as EPS climbed to $4.39 compared to $3.32 three years prior. ROE ballooned from 61% to over 107% in the period, as well.
Currently, Nordstrom is expected to see around 1.7% revenue growth over the next 12 months. Our AI rates this investment as a poor portfolio holding at this time, with a C in Quality Value, Ds in Technicals and Growth, and a big, fat F in Low Volatility Momentum.
Best Buy Company, Inc (BBY)
Best Buy Company, Inc leapt 2.5% on Friday to end the day at a final price of $110.86. The company traded almost 2.1 million shares on the day and ended up 11% for the year, though it’s trending below the 10-day average of almost $113. Currently, Best Buy is trading around 14x forward earnings.
Best Buy was one of the undisputed winners of the pandemic thanks to its essential stores of laptops, webcams, and other gizmos – but the infamous Geek Squad employer and purveyor of snazzy gadgets, gaming consoles, and home appliances is no longer limiting itself to all things tech. No, the company has something a little less conventional up its sleeve for the summer shopping season: grills, patio furniture, and luggage.
That’s right. The company made headlines last month after it announced that it would start selling these and other travel- and home improvement-related items as it uses its pandemic-learned savvy to capitalize on reopening economic and consumer trends…even if they’re only tangentially related to its core business.
While the move hasn’t stopped the company’s stock price from slipping recently, it’s likely to boost its bottom line, at least in the short-term. Not that it needs it – the tech and home appliances retailer saw 17.4% revenue growth in the last three fiscal years, climbing from $42.9 billion to over $47.26 billion.
Operating income jumped over 57.5% in the same period to $2.58 billion in the most recent fiscal year, compared to $1.96 billion three years prior. Expanding profits and cash flows also saw per-share earnings balloon over 64% to $6.84, while return on equity nicked up from 42.3% to 44.6%.
Currently, Best Buy is one the best-rated stocks on today’s trending list, as our AI grades this essential retailer B in Growth, Low Volatility Momentum, and Quality Value, and D in Technicals.
Liked what you read? Sign up for our free Forbes AI Investor Newsletter here to get AI driven investing ideas weekly. For a limited time, subscribers can join an exclusive slack group to get these ideas before markets open.
Source: S&P Global Market Intelligence
Q.ai, a Forbes Company, formerly known as Quantalytics and Quantamize, uses advanced forms of quantitative techniques and artificial intelligence to generate investment
…Q.ai, a Forbes Company, formerly known as Quantalytics and Quantamize, uses advanced forms of quantitative techniques and artificial intelligence to generate investment recommendations across all asset classes. When it comes to money, no one should have to settle. We make investing less intimidating, more accessible and a lot of fun for everyone. That’s investing, reimagined.",Forbes
https://www.businessinsider.com/jpmorgan-manuela-veloso-top-artificial-intelligence-research-executive-priorities-ai-2021-7,2021-07-13,JPMorgan's top AI research exec details the 7 challenges her PhD-packed task force are trying to solve for the bank,"- JPMorgan hired Manuela Veloso in 2018 to explore the potential of AI in finance.
- Veloso is on leave from her role as head of Carnegie Mellon's machine learning department.
- She told Insider about the seven principles that drive her team's research.
- See more stories on Insider's business page.
Incumbent financial institutions often have notoriously slow, clunky technology — but that's exactly what lured Manuela Veloso, Carnegie Mellon University's head of machine learning, to JPMorgan Chase three years ago.
""JPMorgan has been around for a long time. Unlike some technology companies like Amazon or Google, JPMorgan wasn't born digital and that was one of the challenges that attracted me: How do you bring AI to these non-digital services?"" Veloso told Insider.
Veloso is the head of AI research at JPMorgan, currently on leave from her role at the university. Her work, unlike many tech teams on Wall Street, is not driven by business needs. Instead, Veloso mulls the infinite what-ifs.
What if Chase gained 2 million online-only users tomorrow? What if the Federal Reserve aggressively hiked the interest rate this week? And what are the ripple effects of those what-ifs?
Exploration is key to Veloso's research. It's one of her goals as JPM's lead AI researcher to ""make people embrace, grow their hearts, for the use of AI,"" even if it doesn't necessarily lead to tech deployment or a business tool.
Veloso's at the helm of a team of nearly 60 academics whose expertise span mathematics, cryptography, electrical engineering, and machine learning, to name a few.
She outlined the seven main challenges her team is trying to solve with AI.
Financial crime
JPMorgan is researching how AI can help eradicate financial crime, which is one of the most frustrating problems Veloso said she has encountered since joining the bank.
""I didn't anticipate financial crime would be such a major focus area for my group,"" she said.
Identity theft will cost US firms $721 billion in 2021, up 42% from 2019's $502 billion loss, according to a March report from Aite Group, a financial research and advisory firm. In that timeframe, nearly half (47%) of American respondents reported being victims of some kind of identity theft, like account takeover or application fraud.
One way to fight financial crime is exploring how data and AI can improve fraud and anomaly detection, she said. The bank is working to expand its detection beyond single events and instead train AI to identify behavioral patterns, or sequences of events, that are indicative of financial crime. Graphs are used to model these behavioral networks, she added.
Large economic systems
Veloso's team uses AI to predict the impact of interactions between the various players within large economic systems, often referred to as multi-agent systems. Examples include supply chains or when multiple parties are involved in a trade or exchange.
A key part of this — and an underplayed application that people have yet to take advantage of — is the use of AI-powered simulations to understand and test the ripple effects of those interactions, Veloso said. But to understand that, researchers have to go beyond historical data, she added.
Real data, while valuable, doesn't necessarily allow the user to expand into different possibilities. Veloso likened deploying AI to historical data to a copy machine. Whatever happens can be reproduced, ""but it doesn't let you go beyond the cycle. Simulations enable you to explore a much larger space than what the real data tells you,"" she said.
Data management
Despite the limitations historical data can have when deploying AI, data is still embedded into JPMorgan's framework. Veloso's team is exploring how to use AI for data management, like sharing data safely between multiple divisions within a bank or externally, she said.
The bank is using AI to fetch public information and help with the controls of who has access and sharing permissions, Veloso said. There's a lot of emphasis on the infrastructure, specifically about having that data available on the cloud, she added.
The team is also deepening its understanding of how cryptography and synthetic data can help with data privacy and protection, she added.
Employee empowerment
Another main goal of the research team is figuring out how AI can improve how employees work.
That includes using internal chatbots to help call center agents siphon through bank resources, using AI methods to classify emails, and automating the generation of reports and PowerPoints, Veloso added.
Client experience
Veloso's work is also focused on the customer experience. That includes how quickly employees access data for customers, and using data to streamline the customer experience.
For example, information required for know-your-customer regulations often already exists on JPMorgan documents or publicly-available ones. However, mapping the existing information to a given data field is a manual process, Veloso said.
Now, JPMorgan is automating that with natural-language processing and presenting the customer with a form pre-filled by AI that they just have to check is correct, she said.
Regulation and compliance
As a global bank, JPMorgan has thousands of obligations and rules it must understand, and know which regulations apply to which jurisdictions and businesses.
If a banker talks on the phone with a client from Singapore, or they write a contract with a client in Italy, understanding what laws govern what they do is critical.
It's a complex system to navigate, Veloso said. The bank is analyzing how natural-language processing can help and is spending time to understand how human-AI interactions are evolving, she said.
Corporate and industry values
All of this work must be done in a way that strengthens the bank's and industry's values of explainability, trust, fairness and social good, while keeping a reign on the powerful tech.
Much of this work is centralized in the bank's Explainable AI Center of Excellence. Created in July 2020 and led by the AI research team, the group shares techniques and tools that support understanding how the tech works and ensuring it is used fairly.",Business Insider
https://www.forbes.com/sites/amazonwebservices/2021/07/13/machine-learning-can-set-your-document-data-freeheres-how/,2021-07-13,Amazon Web Services BrandVoice: Machine Learning Can Set Your Document Data Free - Here’s How,"IDC predicts that worldwide data will exceed 175 zettabytes by 2025, from 45 zettabytes in 2019. That’s a lot of data! Business data makes up a significant portion of it. But unfortunately, 80% of all business data is trapped in unstructured formats such as documents, emails, images, and PDFs. Converting unstructured, handwritten, scanned documents into digital, searchable, computer-readable documents is one of the biggest challenges faced by many organizations.
Some industries suffer more from this challenge than others. Financial services organizations need to examine documents, such as a loan or credit applications, with the highest degree of accuracy and care, often turning to manual review to pull out sensitive or critical information, such as mortgage rates or credit scores. Healthcare and life sciences organizations are fighting an uphill battle against an ever-growing mountain of documents and forms, searching for and analyzing data that is essential to clinical trial research and patient diagnosis in order to more accurately treat their patients. Public sector entities are forced to tie up their already-strained resources to process data from documents, such as applications for a wide variety of services. However, unstructured data present both a challenge and an opportunity for a business.
Digitization is the need of the hour
Digitization (not to be confused with Digital Transformation) is often discussed as one of the possible solutions to make the most of business data trapped in documents. Digitization is the process of converting information into digital format. Over the years we have seen many digitization initiatives across different industries. But digitization is not revolutionary anymore, it’s evolutionary. Organizations have to embrace it to survive and stay relevant. Intelligent Document Processing (IDP) is one of the digitization workflows that uses advanced technologies such as natural language processing (NLP), Computer Vision, Optical Character Recognition (OCR), and machine learning (ML) to capture, extract, and process data from different types of documents.
Even though digitization and IDP has been top of the mind for many business, the pandemic has drastically increased the urgency of it. In early 2020, almost all business were forced to go ‘online’ in a matter of days. And the consequences of not doing effective digitization were far too real to overcome. In April 2020, the US federal government announced the Paycheck Protection Program (PPP) to provide small businesses with funds to cover up to 8 weeks of payroll, mortgage, rent, and utility expenses. With phenomenal demand and over $349 billion allocated in just the first 13 days of the program, small business owners were scrambling to qualify.
BlueVine, a fintech company that provides small business banking, used their technology, engineering expertise, and the power of machine learning to help process billions in loans. BlueVine used AWS machine learning to automatically extract text and data from documents, to help automate the loan application process. In just 4 months, they were able to serve more than 155,000 small businesses with over $4.5 billion in loans during the first round of the Paycheck Protection Program. They delivered services to those who needed it most, with 79% of loans going to customers with fewer than 10 employees and 94% of loans under $60,000—serving small businesses struggling to remain afloat. BlueVine worked closely with DoorDash as their strategic partner to serve many stressed small independent restaurants, and simplify and accelerate the loan process. BlueVine used ML to automate loan application processing and scale quickly to meet the unprecedented demand. The company estimates they helped save 705,000 jobs in 2020 and 2021 as a result of their efforts.
Desirable side effects of IDP - increased accuracy and improved productivity
One of the biggest advantages of digitization through IDP is the improved productivity. Document processing has traditionally been a very labor and time intensive task. For example, a typical PDF form has about 50 form fields; to recreate it as a digital form, the person has to drag and drop data to the right location on each form—a particularly time-consuming and dreadful task. HelloSign, a Dropbox company that automates the signature process, introduced HelloWorks, a product that turns PDFs into mobile friendly forms. Using AWS machine learning, HelloSign automatically processes pdf documents and saves its customers hundreds of precious hours. Intuit, who provides innovative financial management solutions, including TurboTax and QuickBooks, to approximately 50 million customers worldwide uses machine learning to understand documents and eliminate manual data entry for its customers. For millions of Americans who rely on TurboTax every year, this technology simplifies tax filing by saving them from the tedious, time-consuming task of entering data from financial documents.
We still need humans in the loop for extra oversight
One of the most crucial parts of document processing is ensuring the accuracy and security of information. Due to regulatory requirements and other unique business needs, many organizations must still rely on manual processes to analyze documents while processing sensitive documents in healthcare, handwritten documents, or insurance claims. Machine learning technologies with a built in human-in-the-loop mechanism helps organizations get the best of both worlds.
National Health Service, Business Services Authority (NHS BSA) provides a range of support services to healthcare organizations, contractors, and patients in the United Kingdom. As part of those services, NHS processes 54 million paper prescriptions per month. The organization requires an IDP solution that can do that work quickly—but can also enable fast, easy human intervention where necessary. NHS BSA uses machine learning with human in the loop technology to apply expert human judgement to various workflows.
Undoubtedly, documents are the building blocks of every business. Getting the most of the data trapped in documents is of utmost importance for modern businesses. IDP augments human workforce by giving modern workers the tools needed to uncover valuable information from business documents. As we reimagine the future of work and the future of data processing, intelligent document processing is where it all starts.
Learn more about novel ways to reinvent your business with data.",Forbes
https://www.forbes.com/sites/qai/2021/07/13/central-garden--pet-co-ranked-among-todays-top-buys/,2021-07-13,Central Garden & Pet Co Ranked Among Today’s Top Buys,"Stocks opened flat to slightly lower today with all three major indices trading timid after a higher-than-expected inflation reading. US consumer prices rose 5.4% in June versus expectations of a 5% gain, while Core CPI, which excludes food and energy, jumped 4.5% - the highest since 1991 - and well above estimates of 3.8%. While corporate earnings started off with a bang, with JPMorgan Chase and Goldman Sachs blowing past estimates, inflation remains a hot topic for stocks and whether they can continue this legendary run. Federal Reserve Chairman Jay Powell is set to testify this week which will surely bring some market moves behind it, especially after easy monetary policy appears to be not only working, but driving inflation much higher despite the transitory tag placed on it. The deep learning algorithms at Q.ai have crunched the data to give you a set of Top Buys. Our Artificial Intelligence (“AI”) systems assessed each firm on parameters of Technicals, Growth, Low Volatility Momentum, and Quality Value to find the best Top Buys.
Sign up for the free Forbes AI Investor newsletter here to join an exclusive AI investing community and get premium investing ideas before markets open.
Central Garden & Pet Co (CENTA)
Central Garden & Pet Co is today’s first Top Buy. The company understands that home is central to life and has nurtured happy and healthy homes for over forty years. Central is on a mission to lead the future of the pet and garden industries. Our AI systems rated the company B in Technicals, B in Growth, C in Low Volatility Momentum, and C in Quality Value. The stock closed down 0.32% to $52.19 on volume of 82,409 vs its 10-day price average of $52.22 and its 22-day price average of $53.64, and is up 35.0% for the year. Revenue grew by 12.67% in the last fiscal year and grew by 37.09% over the last three fiscal years, Operating Income grew by 33.38% in the last fiscal year and grew by 57.81% over the last three fiscal years, while EPS grew by 33.94% in the last fiscal year and grew by 27.01% over the last three fiscal years. Revenue was $2695.51M in the last fiscal year compared to $2215.36M three years ago, Operating Income was $197.98M in the last fiscal year compared to $167.34M three years ago, while EPS was $2.2 in the last fiscal year compared to $2.32 three years ago. ROE was 11.72% in the last year versus 15.61% three years ago. Forward 12M Revenue is expected to grow by 1.61% over the next 12 months and the stock is trading with a Forward 12M P/E of 20.59.
Cavco Industries Inc (CVCO)
Cavco Industries Inc is our second Top Buy today. Cavco designs and produces factory-built homes under the Cavco Homes, Fleetwood Homes, and Palm Harbor Homes brands. It also produces modular homes, park model homes, and vacation cabins, as well as commercial structures, among others. Our AI systems rated the company D in Technicals, B in Growth, B in Low Volatility Momentum, and A in Quality Value. The stock closed down 0.42% to $215.39 on volume of 25,145 vs its 10-day price average of $221.87 and its 22-day price average of $219.67, and up 23.53% for the year. Revenue was $1108.05M in the last fiscal year compared to $962.75M three years ago, Operating Income was $88.09M in the last fiscal year compared to $80.69M three years ago, while EPS was $8.25 in the last fiscal year compared to $7.4 three years ago. ROE was 11.87% in the last year, which compares to 13.91% three years ago. The stock is trading with a Forward 12M P/E of 23.92.
Gates Industrial Corp Plc (GTES)
Gates Industrial Corp Plc is our third Top Buy today. The company is a manufacturer of engineered power transmission and fluid power solutions. Our AI systems rated the company C in Technicals, B in Growth, A in Low Volatility Momentum, and B in Quality Value. The stock closed up 1.22% to $18.22 on volume of 544,607 vs its 10-day price average of $17.93 and its 22-day price average of $17.85, and is up 45.76% for the year. Revenue grew by 6.13% in the last fiscal year, Operating Income grew by 28.98% in the last fiscal year, while EPS grew by 41.5% in the last fiscal year. Revenue was $2793.0M in the last fiscal year compared to $3347.6M three years ago, Operating Income was $271.6M in the last fiscal year compared to $516.0M three years ago, while EPS was $0.27 in the last fiscal year compared to $0.84 three years ago. ROE was 2.91% in the last year versus 14.44% three years ago. Forward 12M Revenue is expected to grow by 1.71% over the next 12 months and the stock is trading with a Forward 12M P/E of 13.62.
Maximus Inc (MMS)
Maximus Inc is our fourth Top Buy today. The company is an operator of government health and human services programs in the United States, United Kingdom, Canada, Australia, and Saudi Arabia. Our AI systems rated the company A in Technicals, B in Growth, A in Low Volatility Momentum, and A in Quality Value. The stock closed down 0.2% to $88.7 on volume of 161,876 vs its 10-day price average of $87.82 and its 22-day price average of $90.06, and is up 21.39% for the year. Revenue grew by 7.76% in the last fiscal year and grew by 55.92% over the last three fiscal years, Operating Income grew by 29.11% in the last fiscal year and grew by 26.15% over the last three fiscal years, while EPS grew by 29.58% in the last fiscal year and grew by 31.13% over the last three fiscal years. Revenue was $3461.54M in the last fiscal year compared to $2392.24M three years ago, Operating Income was $292.9M in the last fiscal year compared to $299.78M three years ago, while EPS was $3.39 in the last fiscal year compared to $3.35 three years ago. ROE was 17.23% in the last year which compares to 21.73% three years ago. Forward 12M Revenue is expected to grow by 3.28% over the next 12 months and is trading with a Forward 12M P/E of 21.59.
Rollins Inc (ROL)
Rollins Inc is our fifth and final Top Buy today. The company’s emissions-control products meet strict air-quality legislation, optimize engine performance, improve fuel economy, and acoustically tune engine sound to fit a vehicle's profile. Our AI systems rated the company B in Technicals, B in Growth, A in Low Volatility Momentum, and A in Quality Value. The stock closed down 0.08% to $35.36 on volume of 865,674 vs its 10-day price average of $34.81 and its 22-day price average of $34.13, and is down 7.53% for the year. Revenue grew by 2.2% in the last fiscal year and grew by 21.26% over the last three fiscal years, Operating Income grew by 8.4% in the last fiscal year and grew by 28.86% over the last three fiscal years, while EPS grew by 18.87% in the last fiscal year and grew by 34.05% over the last three fiscal years. Revenue was $2161.22M in the last fiscal year compared to $1821.56M three years ago, Operating Income was $368.09M in the last fiscal year compared to $309.64M three years ago, and EPS was $0.53 in the last fiscal year compared to $0.47 three years ago. ROE was 29.69% in the last year which compares to 33.92% three years ago. Forward 12M Revenue is expected to grow by 1.48% over the next 12 months and the stock is trading with a Forward 12M P/E of 52.78.
Liked what you read? Sign up for our free Forbes AI Investor Newsletter here to get AI-driven investing ideas weekly. For a limited time, subscribers can join an exclusive slack group to get these ideas before markets open.
Source: S&P Global Market Intelligence
Q.ai, a Forbes Company, formerly known as Quantalytics and Quantamize, uses advanced forms of quantitative techniques and artificial intelligence to generate investment
…Q.ai, a Forbes Company, formerly known as Quantalytics and Quantamize, uses advanced forms of quantitative techniques and artificial intelligence to generate investment recommendations across all asset classes. When it comes to money, no one should have to settle. We make investing less intimidating, more accessible and a lot of fun for everyone. That’s investing, reimagined.",Forbes
https://www.forbes.com/sites/lanceeliot/2021/07/13/whether-those-endless-edge-or-corner-cases-are-the-long-tail-doom-for-ai-self-driving-cars/,2021-07-13,Whether Those Endless Edge Or Corner Cases Are The Long-Tail Doom For AI Self-Driving Cars,"Get ready to go on a seemingly endless loop of sorts.
Imagine that you are driving your car and perchance come upon a dog that has suddenly darted into the roadway.
Most of us have had this happen. You hopefully were able to take evasive action. Assuming that all went well, the pooch was fine and nobody in your car got hurt either.
In a kind of Groundhog Day movie manner, let’s repeat the scenario. We will though make a small change.
Are you ready?
Imagine that you are driving your car and perchance come upon a deer that has suddenly darted into the roadway.
Fewer of us have had this happen, though nonetheless, it is a somewhat common occurrence for those that live in a region that has deer aplenty.
In any case, would you perform the same evasive actions when coming upon a deer as you would in the case of the dog that was in the middle of the road?
We can debate this open question and derive potential differences.
Some might claim that a deer is more likely to be trying to get out of the street and be more inclined to sprint toward the side of the road. The dog might decide to stay in the street and run around in circles. With that being said, that kind of blanket statement will rankle either dog lovers or deer lovers, or both. It is hard to say whether there would be any pronounced difference in behavior.
Let’s anyway iterate this once again and make another change.
Imagine that you are driving your car and perchance come upon a chicken that has suddenly darted into the roadway.
What do you do?
For some drivers, a chicken is a whole different matter than a deer or a dog. If you were going fast while in the car and there wasn’t much latitude to readily avoid the chicken, it is conceivable that you would make the tough decision to go ahead and ram the chicken. The logic being that we generally accept the aspect of having chicken as part of our everyday meals, thus one less chicken is ostensibly okay, especially in comparison to the risk of possibly rolling your car or veering into a ditch upon sudden braking.
Essentially, you might be more risk-prone if the animal was a deer or a dog and be willing to put yourself at greater risk to save the deer or the dog. But when the situation involves a chicken, you might decide that the personal risk versus the harming of the intruding creature is differently balanced. Of course, some would vehemently argue that the chicken, the deer, and the dog are all equal and drivers should not try to split hairs by saying that one animal is more precious than the other.
We’ll move on.
Let’s make another change. This change is about something that wasn’t explicitly discussed earlier.
Without having said so, it was likely that you assumed that the weather for these scenarios of the animal crossing into the street was relatively neutral. Perhaps it was a sunny day and the road conditions were rather plain or uneventful.
Change that assumption about the conditions and imagine that there have been gobs of rain, including that you in the midst of a heavy downpour. Your windshield wiper blades can barely keep up with the sheets of water and you are straining mightily to see the road ahead. The roadway is completely soaked and extremely slick.
Do your driving choices alter now that the weather is adverse?
Any reasonable person would say so.
Whereas you might have earlier opted to radically steer around the animal, any such maneuver now, while in the rain, is a lot dicier. The tires might not stick to the roadway due to the coating of water. Your visibility is reduced and you might not be able to properly judge where the animal is and nor what else might be near to the street. All in all, the bad weather makes this become an even worse situation.
The point of this varying scenario is that the nature of the driving scene and the overall situation can significantly impact what actions you might opt to take as a driver.
We can keep going with this scenario.
For example, pretend that it is nighttime rather than being daytime. That certainly changes things. Another facet would be the surrounding traffic. Imagine that the setting involves no other traffic for miles. After you’ve given that situation some careful thought, reimagine things and pretend that there is traffic all around you, cars and trucks abundantly, and also there is heavy traffic on the opposing side of the roadway.
How many such twists and turns can we concoct?
In one sense, you might claim that there is an endless variety. We can continue to add or adjust the elements, doing so over and over. Each new instance becomes its own particular consideration. You would presumably need to mentally recalculate what to do as the driver. Some of the story adjustments might reduce your viable options, while other of the adjustments might widen the number of feasible options.
The combination and permutations can be dizzying.
A newbie teenage driver is oftentimes taken aback by the variability of driving. They encounter one situation that they’ve not encountered before and go into a bit of a momentary panic mode. What to do? Much of the time, they muddle their way through and do so without any scrape or calamity. Hopefully, they learn what to do the next time that a similar setting presents itself and thus be less caught off-guard.
Experienced drivers seem to have seen it all and therefore are able to usually react as needed. That vastness of knowledge about driving situations does have its limits. You would be unduly tempting fate to contend that you have seen it all.
As an example, there was a news report about a plane that landed on a highway because of in-flight engine troubles. I ask you, how many of us have seen a plane land on the roadway in front of them? A rarity, for sure.
These examples bring up a debate about the so-called edge or corner cases that can occur when driving a car. An edge or corner case is a reference to the instance of something that is considered rare or unusual. These are events that tend to happen once in a blue moon. They are usually coined as outliers.
A plane landing on the roadway amidst car traffic would be a candidate for consideration as an edge or corner case. A dog or deer or chicken that wanders into the roadway would be less likely construed as an edge or corner case. The former instance is extraordinary, while the latter instance being somewhat commonplace.
Another way to define an edge or corner case entails the somewhat apparent aspect that those are instances beyond the core or crux of whatever our focus is. As an analogy, envision that we have a large-sized card table and we are going to try putting together a jigsaw puzzle. We will place all of the jigsaw pieces onto the table, initially splaying them here and there. Our next task entails arranging the scattered pieces.
The mainstay of the table will have the core set of puzzle pieces. Toward the corners or edge of the table, we will put the pieces that seem out of sorts. To put together the puzzle, we will aim to deal with the core or crux first, now residing in the middle of the table. Once we get that core work done, we will turn our attention to those pesky edges or corner pieces.
I had mentioned that there is a debate about edge or corner cases.
Here’s the rub.
How do we decide what is on the edge or corner, rather than being classified as in the core?
This can get very nebulous and be subject to acrimonious discourse. Those instances that someone claims are edge or corner cases might be more appropriately tagged as part of the core. Meanwhile, instances tossed into the core could be potentially argued as more rightfully be placed into the edge or corner cases category. If you’ve ever done a jigsaw puzzle with someone else, you must know what it is like to have heated discussions on such matters.
One aspect that escapes attention oftentimes is that the core does not necessarily have to be larger than the number or size of the edges. We just assume that would be the logical arrangement. Yet it could be that we have a very small core and a tremendously large set of edges or corner cases.
The whole thing gets especially mushy if you don’t have any definitive concordance on what constitutes a core versus an edge. Those debating about whether something is considered core or considered an edge can readily talk past one another. They do not realize that they are going to be arguing until the cows come home since they each have hidden assumptions about which is which.
We can add more fuel to this fire by bringing up the concept of having a long tail (not per se the kind of tail as on the wagging tail of a dog).
People use the catchphrase “long tail” to generally refer to circumstances of having a preponderance of something as a constituted central or core and then in a presumed ancillary sense have a lot of other elements that tail off. You can mentally make a picture of a large bunched area on a graph and then have a narrow offshoot that goes on and on, becoming a veritable tail to the bunched-up portion.
This notion is borrowed from the field of statistics. There is a somewhat more precise meaning in a purely statistical sense, but that’s not how most people make use of the phrase. The informal meaning is that you might have lots of less noticeable aspects that are in the tail of whatever else you are doing.
A company might have a core product that is considered it's blockbuster or main seller. Perhaps they sell only a relative few of those but do so at a hefty price each and it gives them prominence in the marketplace. Turns out the company has a lot of other products too. Those aren’t as well-known. When you add up the total revenue from the sales of their products, it could be that all of those itty-bitty products bring in more dough than do the blockbuster products.
Based on that description, I trust that you realize that the long tail can be quite important, even if it doesn’t get much overt attention. The long tail can be the basis for a company and be extremely important. If the firm only keeps its eye on the blockbuster, it could end up in ruin if they ignore or undervalue the long tail.
That doesn’t always have to be the case. It could be that the long tail is holding back the company. Maybe they have a slew of smaller products that just aren’t worth keeping around. Those long-tail products might be losing money and draining away from the blockbuster end.
On a lighter note, you could say that sometimes the dog wags the tail, and other times the tail wags the dog. And since I’ve gotten the mention of dogs repeatedly into this saga, allow me to recast that last sentence. You could say that sometimes the cat wags the tail, and other times the tail wags the cat. This should appease dog and also cat lovers.
Overall, the long tail ought to get its due and be given proper scrutiny. Combining the concept of the long tail with the concept of the edge or corner cases, we could suggest that the edge or corner cases are lumped into that long tail.
Getting back to driving a car, the dog or even a deer that ran into the street proffers a driving incident or event that we probably would agree is somewhere in the core of driving. It seems that you would be hard-pressed to argue that there is something highly unlikely about such an occurrence.
In terms of a chicken entering into the roadway, well, unless you live near a farm, this would seem a bit more extreme. On a daily drive in a typical city setting, you probably will not see many chickens charging into the street (for my coverage of such an instance, see the link here).
Speaking of drivers and driving, the future of cars consists of self-driving cars.
Self-driving cars are driven via an AI driving system. There isn’t a need for a human driver at the wheel, and nor is there a provision for a human to drive the vehicle. For my extensive coverage of Autonomous Vehicles (AVs) and especially self-driving cars, see the link here.
Some pundits fervently state that we will never attain true self-driving cars because of the long tail problem. The argument is that there are zillions of edge or corner cases that will continually arise unexpectedly, and the AI driving system won’t be prepared to handle those instances. This in turn means that self-driving cars will be ill-prepared to adequately perform on our public roadways.
Furthermore, those pundits assert that no matter how tenaciously those heads-down all-out AI developers keep trying to program the AI driving systems, they will always fall short of the mark. There will be yet another new edge or corner case to be had. It is like a game of whack-a-mole, wherein another mole will pop up.
The thing is, this is not simply a game, it is a life-or-death matter since whatever a driver does at the wheel of a car can spell life or possibly death for the driver, and the passengers, and for drivers of nearby cars, and pedestrians, etc.
Here’s an intriguing question that is worth pondering: Are AI-based true self-driving cars doomed to never be capable on our roadways due to the endless possibilities of edge or corner cases and the infamous long-tail conundrum?
Before jumping into the details, I’d like to clarify what is meant when referring to true self-driving cars.
Understanding The Levels Of Self-Driving Cars
As a clarification, true self-driving cars are ones that the AI drives the car entirely on its own and there isn’t any human assistance during the driving task.
These driverless vehicles are considered Level 4 and Level 5 (see my explanation at this link here), while a car that requires a human driver to co-share the driving effort is usually considered at Level 2 or Level 3. The cars that co-share the driving task are described as being semi-autonomous, and typically contain a variety of automated add-on’s that are referred to as ADAS (Advanced Driver-Assistance Systems).
There is not yet a true self-driving car at Level 5, which we don’t yet even know if this will be possible to achieve, and nor how long it will take to get there.
Meanwhile, the Level 4 efforts are gradually trying to get some traction by undergoing very narrow and selective public roadway trials, though there is controversy over whether this testing should be allowed per se (we are all life-or-death guinea pigs in an experiment taking place on our highways and byways, some contend, see my coverage at this link here).
Since semi-autonomous cars require a human driver, the adoption of those types of cars won’t be markedly different than driving conventional vehicles, so there’s not much new per se to cover about them on this topic (though, as you’ll see in a moment, the points next made are generally applicable).
For semi-autonomous cars, it is important that the public needs to be forewarned about a disturbing aspect that’s been arising lately, namely that despite those human drivers that keep posting videos of themselves falling asleep at the wheel of a Level 2 or Level 3 car, we all need to avoid being misled into believing that the driver can take away their attention from the driving task while driving a semi-autonomous car.
You are the responsible party for the driving actions of the vehicle, regardless of how much automation might be tossed into a Level 2 or Level 3.
Self-Driving Cars And The Long Tail
For Level 4 and Level 5 true self-driving vehicles, there won’t be a human driver involved in the driving task.
All occupants will be passengers.
The AI is doing the driving.
One aspect to immediately discuss entails the fact that the AI involved in today’s AI driving systems is not sentient. In other words, the AI is altogether a collective of computer-based programming and algorithms, and most assuredly not able to reason in the same manner that humans can.
Why this added emphasis about the AI not being sentient?
Because I want to underscore that when discussing the role of the AI driving system, I am not ascribing human qualities to the AI. Please be aware that there is an ongoing and dangerous tendency these days to anthropomorphize AI. In essence, people are assigning human-like sentience to today’s AI, despite the undeniable and inarguable fact that no such AI exists as yet.
With that clarification, you can envision that the AI driving system won’t natively somehow “know” about the facets of driving. Driving and all that it entails will need to be programmed as part of the hardware and software of the self-driving car.
Let’s dive into the myriad of aspects that come to play on this topic.
First, it would seem nearly self-evident that the number of combinations and permutations of potential driving situations is going to be enormous. We can quibble whether this is an infinite number or a finite number, though in practical terms this is one of those counting dilemmas akin to the number of grains of sand on all of the beaches throughout the entire globe. In brief, it is a very, very, very big number.
If you were to try and program an AI driving system based on each possible instance, this indeed would be a laborious task. Even if you added a veritable herd of ace AI software developers, you can certainly expect this would take years upon years to undertake, likely many decades or perhaps centuries, and still be faced with the fact that there is one more unaccounted edge or corner case remaining.
The pragmatic view is that there would always be that last one that evades being preestablished.
Some are quick to offer that perhaps simulations would solve this quandary.
Most of the automakers and self-driving tech firms are using computer-based simulations to try and ferret out driving situations and get their AI driving systems ready for whatever might arise. The belief by some is that if enough simulations are run, the totality of whatever will occur in the real world will have already been surfaced and dealt with before entering self-driving cars into the real world.
The other side of that coin is the contention that simulations are based on what humans believe might occur. As such, the real world can be surprising in comparison to what humans might normally envision will occur. Those computer-based simulations will always then fall short and not end up covering all the possibilities, say those critics.
Amid the heated debates about the use of simulations, do not get lost among the fray and somehow reach a conclusion that simulations are either the final silver bullet or fall into the trap that simulations won’t reach the highest bar and ergo they should be utterly disregarded.
Make no mistake, simulations are essential and a crucial tool in the pursuit of AI-based true self-driving cars.
There is a floating argument that there ought not to be any public roadway trials taking place of true self-driving cars until the proper completion of extensive and apparently exhaustive simulations. The counterargument is that this is impractical in that it would delay roadway testing on an indefinite basis, and that the delay means more lives lost due to everyday human driving. There is a lot more to these vital imbroglios, which I’ve covered in my prior columns (see the link here), and I suggest that readers interested further should consult those analyses.
An allied topic entails the use of closed tracks that are purposely set up for the testing of self-driving cars. By being off the public roadways, a proving ground ensures that the public at large is not endangered by whatever waywardness might emerge during driverless testing. The same arguments surrounding the closed track or proving grounds approach are similar to the tradeoffs mentioned when discussing the use of simulations (again, see my remarks posted in my columns).
This has taken us full circle and returned us back to the angst over an endless supply of edge or corner cases. It has also brought us squarely back to the dilemma of what constitutes an edge or corner case in the context of driving a car. The long tail for self-driving cars is frequently referred to in a handwaving manner. This ambiguity is spurred or sparked due to the lack of a definitive agreement about what is indeed in the long tail versus what is in the core.
This squishiness has another undesirable effect.
Whenever a self-driving car does something amiss, it is easy to excuse the matter by claiming that the act was merely in the long tail. This disarms anyone expressing concern about the misdeed. Here’s how that goes. The contention is that any such concern or finger-pointing is misplaced since the edge case is only an edge case, implying a low-priority and less weighty aspect, and not significant in comparison to whatever the core contains.
There is also the haughtiness factor.
Those that blankly refer to the long-tail of self-driving cars can have the appearance of one-upmanship, holding court over those that do not know what the long-tail is or what it contains. With the right kind of indignation and tonal inflection, the haughty speaker can make others feel incomplete or ignorant when they “naively” try to refute the legendary (and notorious) long-tail.
Conclusion
There are a lot more twists and turns on this topic.
Due to space constraints, I’ll offer just a few more snippets to further whet your appetite.
One perspective is that it makes little sense to try and enumerate all the possible edge cases. Presumably, human drivers do not know all the possibilities and despite this lack of awareness are able to drive a car and do so safely the preponderance of the time. You could argue that humans lump together edge cases into more macroscopic collectives and treat the edge cases as particular instances of those larger conceptualizations.
You sit at the steering wheel with those macroscopic mental templates and invoke them when a specific instance arises, even if the specifics are somewhat surprising or unexpected. If you’ve dealt with a dog that was loose in the street, you likely have formed a template for when nearly any kind of animal is loose in the street, including deer, chickens, turtles, and so on. You didn’t need to beforehand prepare for every animal on the planet.
The developers of AI driving systems can presumably try to leverage a similar approach.
Some also believe that the emerging ontologies for self-driving cars will aid in this endeavor.
You see, for Level 4 self-driving cars, the developers are supposed to indicate the Operational Design Domain (ODD) in which the AI driving system is capable of driving the vehicle. Perhaps the ontologies being crafted toward a more definitive semblance of ODDs would give rise to the types of driving action templates needed (see my analyses at this link here).
The other kicker is the matter of common-sense reasoning.
One viewpoint is that humans fill in the gaps of what they might know by exploiting their capability of performing common-sense reasoning. This acts as the always-ready contender for coping with unexpected circumstances. Today’s AI efforts have not yet been able to crack open how common-sense reasoning seems to occur and thus we cannot, for now, rely upon this presumed essential backstop (for my coverage about AI and common-sense reasoning, see my columns).
Doomsayers would indicate that self-driving cars are not going to successfully be readied for public roadway use until all edge or corner cases have been conquered. In that vein, that future nirvana can be construed as the day and moment when we have completely emptied out and covered all the bases that furtively reside in the imperious long-tail of autonomous driving.
That’s a tall order and a tale that might be telling, or it could be a tail that is wagging the dog and we can find other ways to cope with those vexing edges and corners.
Dr. Lance B. Eliot is a world-renowned expert on Artificial Intelligence (AI) with over 3.8+ million amassed views of his AI columns. As a seasoned executive and
…Dr. Lance B. Eliot is a world-renowned expert on Artificial Intelligence (AI) with over 3.8+ million amassed views of his AI columns. As a seasoned executive and high-tech entrepreneur, he combines practical industry experience with deep academic research and serves as a Stanford Fellow at Stanford University. Formerly a professor at USC and UCLA, and head of a pioneering AI Lab, he frequently speaks at major AI industry events. Author of over 50 books, 500 articles, and 250 podcasts, he has made appearances on media outlets such as CNN and co-hosted the popular radio show Technotrends. He's been an adviser to Congress and other legislative bodies and has received numerous awards/honors. He serves on several boards, has worked as a Venture Capitalist, an angel investor, and a mentor to founder entrepreneurs and startups.",Forbes
https://www.forbes.com/sites/paulnoble/2021/07/13/ai-success-in-the-supply-chain-depends-on-human-augmentation/,2021-07-13,AI Success In The Supply Chain Depends On Human Augmentation,"The past year showed how vital the continuity of the supply chain is to healthcare, goods manufacturing, and practically every facet of everyday life. The recent attention the industry has experienced, (as shortages continue to mount), has also led to a massive wake-up call for the supply chain to closely embrace digital transformation. Within this thread of having a more precise and actionable view of inventory, AI is playing a critical role in accelerating the supply chain. AI in the supply chain management market is expected to reach $1.3 billion by 2024.
But AI success within the supply chain can’t happen without human augmentation. You can’t just plug in IBM’s Watson and expect it to know everything about your company. Watson was programmed—or taught by a human — how to play chess and answer trivia questions, just like AI must be instructed for its role within your organization’s supply chain. Here are three ways that human augmentation determines the successful utilization of AI.
Knowledge Transfer
Organizations using legacy systems are reliant on human interaction. Legacy systems are rigid when it comes to the decision-making processes, not taking into account the changes that happen along the line—from extreme changes in consumer buying patterns to adjustments in stock supplies.
Another important aspect of knowledge transfer is harnessing the expertise of an experienced but also aging workforce. Yes, machines will replace some workers who are retiring or moving on to other positions, but robots can’t replace the vast amount of experience and knowledge that will leave with these employees.
Think of knowledge transfer like teaching information to a toddler. If a toddler is taught bad habits, that’s how they’ll model their behavior going forward. If AI is taught bad habits, it will produce wrong decisions and negative outcomes, which will adversely impact the organization and its supply chain. Humans have to guide AI on the right path, transferring knowledge and learnings built from rich past experiences.
Purpose-Built
When AI is introduced into the supply chain, it is done so for a specific purpose. However, AI doesn’t automatically know what its role is. Its purpose must be built into the model.
For example, an AI model that is supposed to route trucks to the right place won’t work properly unless it knows what parts are needed at the final destination. AI can’t make decisions it hasn’t been taught how to make. Humans are responsible for teaching the machine the correct information. When AI is given the wrong information, it is up to human intervention to discover and fix the algorithms, driving perfection in outcomes. For example, only experienced employees will know the patterns of the company’s e-commerce site and the number of raw materials needed at specific times of the year to meet demand. That expertise is needed to have an AI model present the information for a decision to be confirmed and to have it learn.
The importance of how data is programmed into AI models can’t be stressed enough. Humans may know that “bearing” and “BRG” mean the same thing within supply chain materials or that “five inches by ten inches” equal 5” by 10”, but AI won’t know this unless it is built to recognize that two things can have the same meaning via Natural Language Processing (NLP).
A Unique Human Augmentation Solution
An innovative way to accomplish accelerated AI programming is through collaboration. Here at Verusen, we are working with Daivergent, a company that helps unlock the unique aptitude of people on the autism spectrum, connecting companies to a high-quality remote workforce. Daivergent employees are helping Verusen tackle the seemingly impossible challenges related to further developing AI and machine learning specifically as it is related to solving supply chain issues.
Verusen and Daivergent’s collaboration pairs people with specific job types and tech problem solving related to targeted AI data training that improves outcomes. Specifically, Daivergent employees provide Verusen with annotations, training data, for both new and exploratory AI tasks. For example, they have provided training data for identifying similar materials across data sets, abbreviation expansion (e.x. expand the part description: “BRG RLLR CY321CR KOYO” —> “BEARING ROLLER CY321CR KOYO”), and manufacturer equivalency. Such annotations are being used to provide examples to existing and next-gen Verusen AI supply chain systems.
Human Execution
Your organization could have the coolest new AI system, with all sorts of bells and whistles that offer new ways to streamline the supply chain, but if your AI models aren’t executed properly, it will have little to no positive outcome or impact and run the risk of losing trust from its human partners.
What is meant by execution? Execution starts by transferring knowledge and getting validation that AI has the right information. The AI must be purpose-built with a distinct goal. AI is going to analyze this information into useful data. Now it is up to the human to take what the AI has told them and put it into action. For example, an organization builds a model to look at the pain points in the supply chain, and after analysis, it is verified that you can save $30 million by making specific changes. While AI can handle some of those functions, it is up to humans to work across departments and execute them — from operations to logistics to finance. This is critical as companies embrace digital transformation, where each area is working in its silo. It is only through human augmentation and understanding how everything works together that AI success in the supply chain will happen.
I’m Paul Noble, Founder, and CEO of Verusen, an innovator in supply chain data, inventory, and procurement technology. AI is helping manufacturers unlock the value in
…I’m Paul Noble, Founder, and CEO of Verusen, an innovator in supply chain data, inventory, and procurement technology. AI is helping manufacturers unlock the value in their data and optimize their businesses. In my column, I focus on the benefits AI brings to materials management, inventory optimization, and in delivering procurement intelligence. I have extensive experience in the industrial supply chain and distribution space, having spent over a decade with The Sherwin-Williams Company, where I specialized in supply chain/manufacturing
and led its Eastern U.S. Industrial Distribution business unit.",Forbes
https://www.forbes.com/sites/qai/2021/07/13/ai-identifies-carvana-co-as-a-top-short-today/,2021-07-13,AI Identifies Carvana Co As A Top Short Today,"Inflation is rearing its ugly head again, with CPI coming in higher than expected for June at 5.4%, versus expectations of 5%. That is putting a lid on markets this morning, as all three indices traded flat to slightly lower. Earnings so far have been excellent, with JPMorgan and Goldman Sachs blowing past expectations before the bell today, but all eyes will be on the Federal Reserve Chairman Jay Powell meeting in front of Congress Wednesday and Thursday this week to get cues on future interest rate hikes. Given the inflation numbers, it wouldn’t be surprising to see some tapering thoughts or moving up of interest rate hike expectations, which would potentially drop markets lower. Of course, this market is like an unstoppable train at this point, with every pullback being bought up. But that can’t last forever. If you’re looking for a way to play this market, the deep learning algorithms at Q.ai have crunched the data to give you a set of Top Shorts. Our Artificial Intelligence (“AI”) systems assessed each firm on parameters of Technicals, Growth, Low Volatility Momentum, and Quality Value to find the best short plays.
Sign up for the free Forbes AI Investor newsletter here to join an exclusive AI investing community and get premium investing ideas before markets open.
Carvana Co (CVNA)
Carvana Co is our first Top Short today. Carvana is an e-commerce platform for buying and selling used cars. The company derives revenue from used vehicle sales, wholesale vehicle sales and other sales and revenues. Our AI systems rated the company C in Technicals, F in Growth, F in Low Volatility Momentum, and F in Quality Value. The stock closed up 0.22% to $324.12 on volume of 654,826 vs its 10-day price average of $313.23 and its 22-day price average of $300.85, and is up 37.18% for the year. Revenue grew by 20.53% in the last fiscal year and grew by 244.35% over the last three fiscal years, Operating income grew by -23.77% in the last fiscal year, while EPS grew by -22.3% over the last three fiscal years. Revenue was $5586.56M in the last fiscal year compared to $1955.47M three years ago, Operating Income was $(332.4)M in the last fiscal year compared to $(220.73)M three years ago, EPS was $(2.63) in the last fiscal year compared to $(2.03) three years ago, and ROE was (93.05%) in the last year, compared to (100.05%) three years ago. Forward 12M Revenue is also expected to grow by 6.75% over the next 12 months.
Plug Power Inc (PLUG)
Plug Power Inc is second on our list of Top Shorts today. The company is an innovator of modern hydrogen and fuel cell technology. It has revolutionized the material handling industry with its full-service GenKey solution, which is designed to increase productivity, lower operating costs and reduce carbon footprints in a reliable and cost-effective way. Our AI systems rated Plug C in Technicals, F in Growth, F in Low Volatility Momentum, and F in Quality Value. The stock closed down 1.26% to $29.02 on volume of 19,078,240 vs its 10-day price average of $31.95 and its 22-day price average of $31.53, and is down 9.79% for the year. Revenue grew by -33.4% in the last fiscal year while EPS grew by -9.39% in the last fiscal year. Revenue was $-93.24M in the last fiscal year compared to $174.22M three years ago, Operating Income was $(576.61)M in the last fiscal year compared to $(76.44)M three years ago, EPS was $(1.68) in the last fiscal year compared to $(0.39) three years ago, and ROE was (74.61%) in the last year compared to (157.5%) three years ago. Forward 12M Revenue is also expected to grow by 9.18% over the next 12 months.
Hexcel Corp (HXL)
Our next Top Short is Hexcel Corp. Hexcel designs and manufactures high-performance composites, including carbon fibers, for use in commercial aerospace, defense, and other industrial markets. Our AI systems rated the company D in Technicals, D in Growth, F in Low Volatility Momentum, and C in Quality Value. The stock closed up 0.44% to $61.72 on volume of 268,179 vs its 10-day price average of $61.46 and its 22-day price average of $61.77, and is up 32.5% for the year. Revenue was $1502.4M in the last fiscal year compared to $2189.1M three years ago, Operating Income was $72.0M in the last fiscal year compared to $378.9M three years ago, while EPS was $0.38 in the last fiscal year compared to $3.11 three years ago. ROE was 2.14% in the last year which compares to 19.64% three years ago. Forward 12M Revenue is expected to grow by 6.02% over the next 12 months and the stock is trading with a Forward 12M P/E of 101.61.
Blink Charging Co (BLNK)
Blink Charging Co is the fourth Top Short today. Blink is an owner, operator, and provider of electric vehicle charging services. Our AI systems rated the company C in Technicals, F in Growth, F in Low Volatility Momentum, and D in Quality Value. The stock closed down 2.18% to $34.63 on volume of 917,363 vs its 10-day price average of $38.19 and its 22-day price average of $39.17, and is down 7.67% for the year. Revenue grew by 14.98% in the last fiscal year, and grew by 166.67% over the last three fiscal years, while EPS grew by -49.11% over the last three fiscal years. Revenue was $6.23M in the last fiscal year compared to $2.69M three years ago, Operating Income was $(17.39)M in the last fiscal year compared to $(11.61)M three years ago, EPS was $(0.59) in the last fiscal year compared to $(1.3) three years ago, and ROE was (103.16%) in the last year. Forward 12M Revenue is expected to grow by 25.93% over the next 12 months.
Livent Corp (LTHM)
Livent Corp is our final Top Short today. The company is a pure-play lithium producer formed when FMC spun off its lithium business in October 2018. Our AI systems rated Livent F in Technicals, D in Growth, D in Low Volatility Momentum, and F in Quality Value. The stock closed up 6.05% to $21.05 on volume of 5,151,048 vs its 10-day price average of $19.35 and its 22-day price average of $18.7, and is up 12.09% for the year. Revenue grew by 8.05% in the last fiscal year and EPS grew by -5.85% in the last fiscal year. Revenue was $288.2M in the last fiscal year compared to $442.5M three years ago, Operating Income was $(10.8)M in the last fiscal year compared to $165.7M three years ago, EPS was $(0.13) in the last fiscal year compared to $0.99 three years ago, and ROE was (3.41%) in the last year compared to 28.94% three years ago. Forward 12M Revenue is also expected to grow by 2.87%% over the next 12 months and the stock is trading with a forward 12M P/E of 127.65.
Liked what you read? Sign up for our free Forbes AI Investor Newsletter here to get AI driven investing ideas weekly. For a limited time, subscribers can join an exclusive slack group to get these ideas before markets open.
Source: S&P Global Market Intelligence
Q.ai, a Forbes Company, formerly known as Quantalytics and Quantamize, uses advanced forms of quantitative techniques and artificial intelligence to generate investment
…Q.ai, a Forbes Company, formerly known as Quantalytics and Quantamize, uses advanced forms of quantitative techniques and artificial intelligence to generate investment recommendations across all asset classes. When it comes to money, no one should have to settle. We make investing less intimidating, more accessible and a lot of fun for everyone. That’s investing, reimagined.",Forbes
https://www.forbes.com/sites/aparnadhinakaran/2021/07/13/unleashing-the-power-of-a-diverse-team-to-build-more-ethical-ai-technologies/,2021-07-13,Unleashing The Power Of A Diverse Team To Build More Ethical AI Technologies,"In a recent article, WIRED senior writer Tom Simonite talked to Kate Crawford, author of Atlas of AI, to explore the ethical issues facing artificial intelligence and machine learning technologies.
“We’re relying on systems that don’t have the sort of safety rails you would expect for something so influential in everyday life,” notes Crawford. “There are tools actually causing harm that are completely unregulated.”
When people that aren’t in the industry hear me say that artificial intelligence and machine learning can become forces for positive change in society, they ask me to explain why these technologies have been mired in controversy for more than a decade. And why ethical issues seem to be getting worse versus getting better.
Indeed, in recent years several high-profile cases of ML technologies causing harm to marginalized parts of society have captured headlines. Household name brands like Amazon, Apple, Facebook, Google have been accused of algorithmic bias, thus affecting society. As a result, there is a growing sentiment that systems designed to improve everything from people’s financial lives to their physical well-being have become a threat to many populations already suffering.
To answer these questions, I draw from my own experience and observations in the field. There’s never one answer to such a complex set of issues. Still, one contributor is that, historically, the teams responsible for the systems that make millions of life-changing decisions every second have been largely homogeneous, built without extreme care for whether they are reflective of all of society.
In other words, there is an entire generation of data scientists and engineers in our industry that are building systems that impact groups of society they don’t understand.
To be fair, there’s nothing wrong with a company reflecting on solving some of the world’s most vexing problems by hiring the best and brightest talent to do so. However, unless there’s a conscious effort to build diversity into the fabric of an organization, the result is a pool of talent in the ML community that isn’t being discovered and nurtured, and their skills and experience are being wasted.
More importantly, teams that lack a diversity of backgrounds, experiences, and perspectives not only perpetuate workplace inequality but also serve as a barrier to solving many of the problems that ML and AI technologies have the potential to address.
Although no single company or team can solve the ethical AI dilemma, the hope for all companies in our industry is that they embrace fairness, transparency, and accountability in their hiring and R&D processes so developments in AI advance positive outcomes for all people and societies.
Some recent developments suggest that there is good reason to believe many companies will adopt these principles. More and more organizations are investing in teams to ensure algorithmic accountability and ethics with an ultimate eye towards improving how their products impact the world.
Yet, these steps are just the beginning. We know that implementing systems that are free from bias and ethical concerns is essential; however, achieving this goal requires direct action in the following areas:
- Acknowledging that we live in a system where data science and research teams are not reflective of society as a whole, you can proactively consider and mitigate the negative impacts of this system on marginalized populations.
- Understanding that data and engineering teams can only be truly successful if built from the ground up with diverse representation and a culture where all experiences are equally factored into how technologies are developed and implemented.
- Investing heavily in recruiting, training, and developing a diverse workforce (ideally from the start), with a realization that this effort is not only an investment in your company but in the future of the industry and society.
- Recognizing that we must overcome a significant ethical deficit and continue to face a complex future that requires practical solutions that can monitor, troubleshoot, explain and provide guardrails on AI, as it is deployed into the real world.
Conclusion
In the world of AI and machine learning, we are quickly learning that data and models can often obscure the hard truths of a person’s lived experience. This is particularly true if the models are built by teams that are not representative of race, gender, sexual orientation, or socioeconomic status. Suppose we imagine different outcomes, have the readiness to pursue them, and start with the people behind the products first. In that case, we can create a new reality where ML and AI technologies truly serve all people fairly and without harm.
Aparna Dhinakaran is Chief Product Officer at Arize AI, a startup focused on ML Observability. She was previously an ML engineer at Uber, Apple, and Tubemogul (acquired
…Aparna Dhinakaran is Chief Product Officer at Arize AI, a startup focused on ML Observability. She was previously an ML engineer at Uber, Apple, and Tubemogul (acquired by Adobe). During her time at Uber, she built a number of core ML Infrastructure platforms including Michaelangelo. She has a bachelors from Berkeley's Electrical Engineering and Computer Science program where she published research with Berkeley's AI Research group. She is on a leave of absence from the Computer Vision PhD program at Cornell University.",Forbes
https://www.forbes.com/sites/gabrielasilva/2021/07/13/the-little-known-cells-that-are-as-important-as-neurons-for-cognition/,2021-07-13,The Little Known Cells That Are As Important As Neurons For Cognition,"When most people think about the brain they think about a huge interconnected network of neurons. Neurons are often called ‘brain cells’, and the two are used interchangeably. Neurons are, of course, critical cells in the makeup of the brain and play key roles in everything the brain is able to do. But it’s incorrect to think of neurons as the only cells in the brain. Or even the most important. In fact, neurons are actually only half the story. If you only considered neurons you’d be missing half the brain - quite literally.
Roughly speaking, there are 85 billion neurons in a typical adult brain. But there are also another 86 billion cells that are not neurons. The most important class of non-neuronal cells are neuroglial cells. And without them, you simply wouldn’t be able to function. In fact, you wouldn’t be you at all. There are three major types of glial cells in the brain: oligodendrocytes, microglia, and astrocytes.
Oligodendrocytes speed up electrical signals in some neurons. When neurons need to send electrical impulses over long distances, oligogendrocytes send out finger-like projections that wrap around parts of the axon, or cable, of the neuron over which these impulses travel. This lets the electrical impulses jump over the axon, thereby speeding up how fast they travel. It’s sort of like skipping instead of walking. In neurological disorders like multiple sclerosis, the body attacks certain proteins in oligodendrocytes that strips away the insulating layer they form along axons, resulting in slower impulses. If left untreated, it can lead to serious motor and functional deficits.
Microglia act as the immune cells of the brain and spinal cord, because the normal immune cells and antibodies in your blood don’t have access to the isolated chemical environment of the central nervous system.
But the most mysterious and important - from the perspective of how the brain learns and processes information - are astrocytes. All together, there are about as many glial cells in your brain as there are neurons. And about 20–40% of all glial cells are astrocytes. Without them, neurons would not be able to function properly. They perform critical house-keeping functions to support a chemical environment that allows neurons to survive. This is neuroscientists refer to as homeostasis.
But beyond their homeostatic roles, astrocytes are also likely participating and modulating how the brain processes information and achieves cognitive functions.
Supporting neurons - Astrocytes and homeostasis
The 1858 the German pathologist Rudolf Virchow first described neuroglia as a “substance… which lies between the proper nervous parts, holds them together and gives the whole its form in a greater or lesser degree”. The term ‘glia’ has the same origin as the word ‘glue’, since it was initially thought that neuroglia were just there to bind - or hold - neurons together.
It was only later that scientists realized that astrocytes provide homeostatic support for neurons. Neurons are electrically excitable cells - they communicate between each other by passing signals and messages encoded as electrical impulses called action potentials. As such, they are susceptible to becoming overly electrically excited, which if left unchecked can affect their function, and even kill them. Neurons communicate via chemical signaling, and there are many different types of molecules (e.g. neurotransmitters) and charged chemical species (e.g. ions) that participate in creating and propagating action potentials and the messages they carry.
Astrocytes form a network onto themselves that is physically separate from the network formed by neurons. In order to maintain a homeostatic environment, astrocytes ‘mop up’ excess chemicals in the environment. They literally take chemicals like extra neurotransmitters and ions into the interior of the cells through various pumps and channels from the environment they - and neurons - live in.
Once they’re inside astrocytes, the cells shuttle the chemicals internally from astrocyte to astrocyte through their network so they can dump them into the blood stream for disposal. Astrocytes at edge of the network have processes called endfeet that come into close contact with blood vessels. ‘Waste’ chemicals are effectively dumped into the blood stream and whisked away.
In addition to taking waste chemicals away from the brain, astrocytes also bring ‘food’ to neurons. In the reverse direction, astrocytes shuttle glucose and related energy byproducts from the blood stream to areas of high neuronal activity, where neurons at work need energy the most.
Astrocytes are likely critical to cognition and memory
In the early 1990’s neuroscientists recognized that the neurotransmitter glutamate, one of the most important signaling molecules in the brain responsible for how neurons ‘talk’ to each other, was also capable of activating astrocytes and inducing long range communication within astrocyte networks. The scientists realized that astrocytes have the ability to eavesdrop and listen in as neurons talk to each other. But unlike neurons though, when astrocytes are activated by neurotransmitters like glutamate, they don’t communicate with each other via electrical impulses, but rather by using calcium and other forms of chemical signaling.
In addition to detecting neurotransmitter signaling and communications between neurons, they also have the ability to release neurotransmitters presumably capable of modulating neuronal activity. In effect, they have the ability shape information processing in the brain. When neurotransmitters are released by astrocytes rather than neurons they are referred to as gliotransmitters. But they are chemically the exact same thing.
The intimate association between neurons and astrocytes takes place at the tripartite synapse, or three part synapse. A synapse is the connection point where two neurons meet and pass signals between one another. When a neuron becomes electrically excited a wave of electrical activity propagates down its axon until it reaches the synapse, which in turn triggers the release of neurotransmitters that act as a chemical message. In a tripartite synapse, a part of the astrocyte wraps around the neuronal synapse in order to listen in and participate in the signaling process.
A single astrocyte can extend multiple tentacle-like arms to different synapses, so it can participate in many tripartite synapses. One implication of this fact is that an astrocyte may be able to functionally connect pairs of neurons that normally would not be connected. It’s possible that synaptic signaling at one tripartite synapse leads to the astrocyte affecting a different synapse it’s connected to. In effect, an astrocyte can ‘short circuit’ the neuronal network.
There is accumulating data that suggests astrocytes have a number of important roles in physiological processes that affect cognition. For example, they modify synaptic plasticity — the ‘strength’ of the connections between neurons. And they play an important role in memory consolidation and how vigilance and arousal affect what we remember and how.
Yet, even though neuroscientists know quite a bit about the molecular biology, biophysics, and chemical makeup of astrocytes, they still have no real idea how astrocytes ultimately influence and modulate neuronal signaling and information processing. There are a number of ideas and hypothesis, but there is a lack of anything close to a coherent mechanistic understanding of their computational role in the brain. This is one arguably of the most exciting areas of neuroscience at the very boundary of our knowledge about the brain.
We literally have a second network in our brains beyond the network of neurons that plays a critical role not just in maintaining the health of the brain, but that also affects learning and information processing in ways neuroscientists do not yet understand. And scientists have even less understanding of what roles astrocytes might contribute to in complex neurodevelopmental and neuropsychiatric disorders such as autism or schizophrenia.
Will astrocytes be important for further advances in machine learning and AI?
Beyond neuroscience and the biological brain, incorporating astrocytic-like elements into artificial neural networks might have implications for future machine learning and artificial intelligence.
Engineering astrocytic-like elements into artificial neural networks might have implications in next-generation algorithms. In fact, there have been some early attempts at building neuronal-astrocyte-like artificial neural networks that suggest an improved performance on classification tasks. In general, machine learning and artificial intelligence arguably may have a lot to learn from the biological brain.
I am a Professor of Bioengineering and Neurosciences at the University of California San Diego, where I hold a Jacobs Family Scholar in Engineering Endowed Chair. I have
…I am a Professor of Bioengineering and Neurosciences at the University of California San Diego, where I hold a Jacobs Family Scholar in Engineering Endowed Chair. I have been on the faculty at UCSD for the past 18 years. I am also the Founding Director of the Center for Engineered Natural Intelligence, and Associate Director of the Kavli Institute for Brain and Mind. My research aims to understand what the algorithms are that the brain uses, and how technologies can interface with the brain in order to treat neurological disorders. I am also exploring new forms of machine learning derived from neuroscience. My doctorate and post-doctorate fellowship work were at the University of Illinois at Chicago and Northwestern University, respectively, in neuroscience and neural engineering. Prior to that I was at the University of Toronto where I received double Bachelor degrees in human physiology and biophysics, and a Masters degree in neurophysiology. My contributions to Forbes focus on neuroscience and brain research, and their intersections with technology, engineering, and mathematics.",Forbes
https://www.theguardian.com/technology/2021/jul/14/welcome-to-guardian-techscape-will-ai-make-centaurs-of-us-all,2021-07-14,Welcome to TechScape: will AI make centaurs of us all?,"Hello and welcome to the debut issue of TechScape, the Guardian’s newsletter on all things tech, and sometimes things not-tech if they’re interesting enough. I can’t tell you how excited I am to have you here with me, and I hope between us we can build not just a newsletter, but a news community.
Copilot
Sometimes there’s a story that just sums up all the hopes and fears of its entire field. Here’s one.
GitHub is a platform that lets developers collaborate on coding with colleagues, friends and strangers around the world, and host the results. Owned by Microsoft since 2018, the site is the largest host of source code in the world, and a crucial part of many companies’ digital infrastructure.
Late last month, GitHub launched a new AI tool, called Copilot. Here’s how chief executive Nat Friedman described it:
A new AI pair programmer that helps you write better code. It helps you quickly discover alternative ways to solve problems, write tests, and explore new APIs without having to tediously tailor a search for answers on the internet. As you type, it adapts to the way you write code – to help you complete your work faster.
In other words, Copilot will sit on your computer and do a chunk of your coding work for you. There’s a long-running joke in the coding community that a substantial portion of the actual work of programming is searching online for people who’ve solved the same problems as you, and copying their code into your program. Well, now there’s an AI that will do that part for you.
And the stunning thing about Copilot is that, for a whole host of common problems … it works. Programmers I have spoken to say it is as stunning as the first time text from GPT-3 began popping up on the web. You may remember that, it’s the superpowerful text-generation AI that writes paragraphs like:
The mission for this op-ed is perfectly clear. I am to convince as many human beings as possible not to be afraid of me. Stephen Hawking has warned that AI could “spell the end of the human race”. I am here to convince you not to worry. Artificial intelligence will not destroy humans. Believe me.
Centaurs
It’s tempting, when imagining how tech will change the world, to think of the future as one where humans are basically unnecessary. As AI systems manage to tackle increasingly complex domains, with increasing competence, it’s easy enough to think of them as being able to achieve everything a person can, leaving the human that used to be employed doing the same thing with idle hands.
Whether that is a nightmare or a utopia, of course, depends on how you think society would adapt to such a change. Would huge numbers of people be freed to live a life of leisure, supported by the AIs that do their jobs in their stead? Or would they instead find themselves unemployed and unemployable, with their former managers reaping the rewards of the increased productivity an hour worked?
But it’s not always the case that AI is here to replace us. Instead, more and more fields are exploring the possibility of using the technology to work alongside people, extending their abilities, and taking the drudge work from their jobs while leaving them to handle the things that a human does best.
The concept’s come to be called a “centaur” – because it leads to a hybrid worker who has an AI back half and human front. It’s not as futuristic as it sounds: anyone who’s used autocorrect on an iPhone has, in effect, teamed up with an AI to offload the laborious task of typing correctly.
Often, centaurs can come close to the dystopian vision. Amazon’s warehouse employees, for instance, have been gradually pushed along a very similar path as the company seeks to eke out every efficiency improvement possible. The humans are guided, tracked and assessed throughout the working day, ensuring that they always take the optimal route through the warehouse, pick exactly the right items, and do so at a consistent rate high enough to let the company turn a healthy profit. They’re still employed to do things that only humans can offer – but in this case, that’s “working hands and a low maintenance bill”.
But in other fields, centaurs are already proving their worth. The world of competitive chess has, for years, had a special format for such hybrid players: humans working with the assistance of a chess computer. And, generally, the pairs play better than either would on their own: the computer avoids stupid errors, plays without getting tired, and presents a list of high-value options to the human player, who’s able to inject a dose of unpredictability and lateral thinking into the game.
That’s the future GitHub hopes Copilot will be able to introduce. Programmers who use it can stop worrying about simple, welldocumented tasks, like how to send a valid request to Twitter’s API, or how to pull the time in hours and minutes from a system clock, and start focusing their effort on the work that no one else has done.
But …
The reason why Copilot is fascinating to me isn’t just the positive potential, though. It’s also that, in one release, the company seems to have fallen into every single trap plaguing the broader AI sector.
Copilot was trained on public data from Github’s own platform. That means all of that source code, from hundreds of millions of developers around the world, was used to teach it how to write code based on user prompts.
That’s great if the problem is a simple programming task. It’s less good if the prompt for autocomplete is, say, secret credentials that you use to sign into user account. And yet:
GitHubCopilot gave me a [Airbnb] link with a key that still works (and stops working when changing it).
And:
The AI is leaking [sendgrid] API keys that are valid and still functional.
The vast majority of what we call AI today isn’t coded but trained: you give it a great pile of stuff, and tell it to work out for itself the relationships between that stuff. With the vast sum of code available in Github’s repository, there are plenty of examples for Copilot to learn what code that checks the time looks like. But there are also plenty of examples for Copilot to learn what an API key accidentally uploaded in public looks like – and to then share it onwards.
Passwords and keys are obviously the worst examples of this sort of leakage, but they point to the underlying concern about a lot of AI technology: is it actually creating things, or is it simply remixing work already done by other humans? And if the latter, should those humans get a say in how their work is used?
On that latter question, GitHub’s answer is a forceful no. “Training machine learning models on publicly available data is considered fair use across the machine learning community,” the company says in an FAQ.
Originally, the company made the much softer claim that doing so was merely “common practice”. But the page was updated after coders around the world complained that GitHub was violating their copyright. Intriguingly, the biggest opposition came not from private companies concerned that their work may have been reused, but from developers in the open-source community, who deliberately build in public to let their work be built upon in turn. Those developers often rely on copyright to ensure that people who use open-source code have to publish what they create – something GitHub didn’t do.
GitHub is probably right on the law, according to legal professor James Grimmelmann. But the company isn’t going to be the last to reveal a groundbreaking new AI tool and then face awkward questions over whether it actually has the rights to the data used to train it.
Your papers, please
On Sunday, the Observer published a feature I’ve been working on for some time, looking at the upcoming requirements for age verification online.
Depending on your position, that might sound like a long-overdue corrective to the wild west tech sector, or a hopelessly restrictive attempt to achieve an impossible end: a child-safe internet. Either way, it’s far closer to reality than many realise.
(If reading’s not your thing, why not try the article in podcast form?)
There’s a host of different bills, codes and proposals floating round the UK parliament right now, but the upshot of them all is that over the next year, companies are going to have to start treating children online with kid gloves, or face serious financial penalties for their failure to do so. That, in turn, means that sites that have never much cared who you are are likely to begin eyeing up ways to check that their users are in fact adults – or try to make their entire platform child-safe in case they get it wrong.
The UK is not leading the curve on this tech. That, of course, would be China, where the massive game developer Tencent has just introduced facial analysis technology to try to prevent minors from playing video games after bedtime. Really:
The so-called “Midnight Patrol” facial recognition system is an attempt to check that an “adult” is actually an adult. It launched 5 July in over 60 mobile games, including the hits Honor of Kings and Game for Peace – AKA China’s more patriotic version of PUBG. The facial recognition system is only for China and only for mobile games, the company confirms, so PC games like League of Legends are currently exempt.
But child protection is just one part of the pincer movement. Since England lost the football at the weekend, and as a result of the widespread racist abuse that followed, proposals for ID checks online have bubbled up from counter-hate groups, the Football Association, and a bunch of celebrities who regularly face abuse online. The proposals aren’t at the level of full policy outlines yet, but they generally call for social networks to gather real IDs of their users as part of the account creation process, in order to help with any prosecution attempts that may ensue if the user abuses others online:
The Guardian understands that the move is gaining support ahead of the online safety bill coming before parliament this year. Critics say it could have the long-term effect of harming the ability of minorities to speak freely online and that online abuse is already posted by people using their own identity.
These policies are the sort that, I think, create a real divide in society. Those who support them can’t understand why anyone wouldn’t, and those who oppose them can’t believe anyone thinks they’d work. I’d like to hear from you, though – one of the benefits of a newsletter is that the writer is just a click away.
So, readers of TechScape, what do you think about the rash of policies under discussion here? Would you be happy to show your face to prove your age, or share your real name to help arrest abusers? Do you think this is statist overreach, or too little, too late? Hit reply, and let’s talk. I’ll publish some of your comments next week.
Tech shakedown
France has fined Google €500m for failing to follow an order requiring it to pay publishers who are linked to from its news service, Bloomberg’s Gaspard Sebag reports:
The Alphabet Inc unit ignored a 2020 decision to negotiate in good faith for displaying snippets of articles on its Google News service, the Autorité de la concurrence said Tuesday. The fine is the second-biggest antitrust penalty in France for a single company.
It’s the same basic dispute that led Google and Facebook to threaten to shut off the entirety of Australia from their platforms earlier this year. That dispute ultimately ended up with both companies signing the required deals with large publishers. (Disclosure: Guardian Australia, too, signed those deals, licensing content with Facebook last week).
The laws – and there are similar on the books around the world – are based on the idea that big tech companies generate value from the copyrighted work of others, without paying them anything. But, whether you’re for or against the specific transfer here – which does see some of the largest and richest companies in the world forced to subsidise an industry that is financially perilous but generally held to be crucial to the basic functioning of democratic society – the actual cases seem little more than a tax on tech, says former venture capitalist Benedict Evans:
It’s hard to see how making tech companies pretend to ‘buy’ something that has little to no economic value to them is a path to a sustainable model for newspapers. If you want a tax and a subsidy, be honest and call it that.
The wider techscape
Facebook has a problem: Creators don’t want to create on its platform. There’s a bunch of Facebook-native content, of course, but the hip young drivers of online culture would rather post … literally anywhere else. And that’s starting to worry Zuckerberg’s company, write the New York Times’ Mike Isaac and Taylor Lorenz:
One issue for Facebook and Instagram is that a user’s posts and videos are only served to people who follow them, which means it can take years to build up a large audience to make money from. Facebook also has more than three billion users worldwide, so standing out from the crowd is no easy feat.
---
Google’s country-specific search results are fragmenting the internet just as surely as more concrete barriers like the Chinese firewall, argues MIT student Rodrigo Ochigame. He’s made Search Atlas, which lets users see just how different search results can be based on simple location. Wired’s Tom Simonitereports:
“Any attempt to quantify relevance necessarily encodes moral and political priorities,” Ochigame says … Results for “how to combat climate change” tend to divide island nations and countries on continents. In European countries such as Germany, the most common words in Google’s results related to policy measures such as energy conservation and international accords; for islands such as Mauritius and the Philippines, results were more likely to cite the enormity and immediacy of the threat of a changing climate, or harms such as sea level rise.
---
Did you know that the chances of catching Covid-19 from surface contact are less than one in 10,000, according to the CDC? The disease is almost entirely spread through aerosolised droplets – so why are we still sanitising every available surface almost 18 months on? Sirin Kale’s exploration of “hygiene theatre” is infuriating, but may at least make you feel better about the fact that you stopped wiping down your phone about two days into the pandemic:
It is her job to maintain stringent cleaning protocols at the London skincare clinic where she works. When clients arrive for their appointments, Claudia checks them in, offers them a drink – the clinic only uses disposable cups or plastic water bottles – and takes them through to the treatment room.
Once her colleague is performing their treatment, Claudia begins furiously scrubbing every surface the customer could conceivably have touched.",The Guardian
https://www.forbes.com/sites/qai/2021/07/14/johnson--johnson-ranked-among-todays-trending-stocks/,2021-07-14,Johnson & Johnson Ranked Among Today’s Trending Stocks,"Friday proved to be a great day for the stock market as all three major indices – the Dow Jones Industrial Average, S&P 500, and Nasdaq Composite – closed at record highs. The move reversed Thursday’s sudden sell-off, spurred on by Japan’s state of emergency declaration over the spreading delta variant prior to the upcoming Summer Olympics.
But the start of this week brought mixed news for the market as Dow futures dropped more than 100 points and the 10-year Treasury yield slipping to 1.3%. By Tuesday, the stock market rally had retreated thanks to a report from the Labor Department showing that the consumer price index (CPI) had jumped 5.4% YOY, well outpacing the 5% expected increase as shipping and manufacturing bottlenecks continue to strangle the supply chain.
Fortunately – or perhaps not – all these factors come together to provide myriad opportunities to invest in (and profit from) the stock market. But instead of telling you what you should buy, we’re going to tell you what’s already trending as we head into hump day.
Q.ai runs daily factor models to get the most up-to-date reading on stocks and ETFs. Our deep-learning algorithms use Artificial Intelligence (AI) technology to provide an in-depth, intelligence-based look at a company – so you don’t have to do the digging yourself.
Sign up for the free Forbes AI Investor newsletter here to join an exclusive AI investing community and get premium investing ideas before markets open.
Johnson & Johnson (JNJ)
Johnson & Johnson ticked down 0.16% Monday to end the day at $169.48 per share, closing out the day with 7.8 million trades on the books. The stock is trending $4 above the 22-day price average and is up around 7.7% for the year. Currently, Johnson & Johnson is trading at almost 18x forward earnings.
Johnson & Johnson is trending, once again, for all the wrong reasons after the Food and Drug Administration updated the pharmaceutical giant’s coronavirus vaccine fact sheet to reflect the possibility of a new adverse event following vaccination: Guillain-Barré syndrome. This incredibly rare neurological disorder can cause numbness, muscle weakness, and full-body paralysis, though most people recover. Around 100 cases have been reported out of 12.5 million vaccine doses, with most cropping up in the 50+ male demographic.
Additionally, the company is researching potential modifications that would reduce or eliminate another risk of their Covid-19 vaccine: blood clots. The FDA added a warning label about the rare blood-clotting disorder back in April after a handful of “immune thrombotic thrombocytopenia” cases originally surfaced.
But if it comes down to it, these reports likely won’t impact the Big Pharma company’s bottom line too much. In the last three fiscal years, Johnson & Johnson’s revenue expanded around 3.2% to $82.58 billion, a rise of around $1 billion from the three years prior. Meanwhile, operating income shrank from $21.2 billion to $20 billion, while per-share earnings dropped just 10 cents to $5.51 in the most recent fiscal year.
Johnson & Johnson is expected to see around 1.5% revenue growth in the next 12 months. The company is rated well above average overall, with As in Low Volatility Momentum and Quality Value and Cs in Technicals and Growth.
Mastercard, Inc (MA)
Mastercard, Inc nicked up 0.7% by Monday’s close, ending the day at a $375.56 per share with 2.6 million trades on the docket. The stock remains up around 5.3% YTD and is trading near 46x forward earnings.
Mastercard is trending this week after the financial services giant announced a joint partnership with Verizon to innovate new 5G contactless consumer payment options by 2023. They will also look to create solutions for small- and medium-sized businesses out of the collaboration. According to Mastercard, the partnership aims to help businesses use emerging tech to turn smartphones and watches into cash registers and payment devices. The end goal? To facilitate the new future of retail transactions – a contactless, quick-shop model á la Amazon Go.
Mastercard’s continuing innovation has netted the enormous financial company around 3.3% revenue gains over the last three fiscal years, with the company’s cash flow growing from $14.95 billion to just over $15.3 billion. And while operating and income both slipped somewhat (down to $8.2 billion and 102.5%, respectively), per-share earnings leapt from $5.60 to $6.37 in the three-year period.
All told, Mastercard is expected to see forward 12-month revenue growth in the ballpark of 4.8%. Our AI rates this modernizing mammoth B in Low Volatility Momentum and Quality Value and C in Technicals and Growth.
The9 Ltd (NCTY)
The9 Ltd dropped 1.5% to $11.39 per share on Monday, ending the day with around 711.5k trades. The stock is up an astonishing 221.75% for the year, though it’s trading well below its 22-day average of nearly $15.
The9 Ltd. is a Shanghai-based internet company best known for obtaining exclusive distribution rights to World of Warcraft in China. While the company previously focused on gaming operations, it has since begun expanding into cryptocurrency mining, with a goal to “become a diversified high-tech Internet company.”
In its most recent news, The9 Limited and Moscow-based BitRiver signed a cryptocurrency mining hosting agreement. Under the newly inked terms, BitRiver will reserve 15MW of electric capacity for The9’s mining operations for two years as the internet company seeks low-cost, sustainable energy mining facilities.
This agreement – among myriad others – is intended to positively impact The9’s bottom line, which has suffered in the last three fiscal years. For instance, revenue plunged from $17.4 million to just over $630,000, while operating income dipped from $115 million to $112 million. Meanwhile, per-share earnings have bottomed out – though they remain high – from $124.61 to $72.60.
All told, The9 Ltd. has earned a C in Quality Value and Ds in Technicals and Low Volatility Momentum from our AI. However, our deep-learning algorithms declined to provide a Growth rating.
American Airlines Group, Inc (AAL)
American Airlines Group, Inc nudged down 0.24% to $20.84 on Monday. The stock closed out the day on the back of 20.78 million trades. Currently, American Airlines is trending up around 32% for the year.
American Airlines is trending this week after the airliner forecast smaller losses and better revenue gains than previously estimated for the company’s second quarter report. The Texas-based carrier noted that it’s expecting a “slight” pretax profit, with resulting ranging from up to $25 million in profit to a loss of $35 million. The company will webcast its second quarter results on Thursday, 22 July.
Hopefully, current tailwinds will lead to positive changes for the airliner as the industry rejoices in climbing travel rates and reduced coronavirus restrictions. In the last three fiscal years, American Airlines’ revenue plunged from $44.5 billion to $17.3 billion. That said, the pandemic allowed for the airline industry to take advantage of some fancy financial footwork, leading the company’s operating income to increase over the last three years, soaring from $3.76 billion to nearly $11.1 billion. Meanwhile, per-share earnings leapt from $3.03 to $18.36.
All told, American Airlines is expected to see revenue growth around 18% in the coming twelve months. But at this time, our AI rates the airliner poorly overall, with a D in Technicals and Fs in Growth, Low Volatility Momentum, and Quality Value.
Hewlett Packard Enterprise Company (HPE)
Hewlett Packard Enterprise Company closed down 0.75% to $14.47 per share on Monday, ending the day pennies below its 10- and 22-day price averages. The stock is up 22.1% for the year and trading at 7.5x forward earnings.
Hewlett Packard Enterprise is trending this week after expanding its decades-long partnership with XYPRO Technology Corporation. The collaboration will allow Hewlett Packard to offer the entire XYPRO suite with its HPE NonStop systems, providing mission-critical environments at 100% fault tolerance with optimal threat detection and security management abilities.
Additionally, Hewlett Packard last week revealed the acquisition of Ampool, which provides an SQL engine based on the Presto project, to allow users access to data across multiple databases at once. By incorporating the distributed SQL engine with its Ezmeral container, Hewlett Packard can offer reduced overhead, increased data access, and accelerated speeds at scale.
Hopefully, these moves will allow Hewlett Packard to once again top the charts in information technology after its revenue slipped from $30.85 billion to $26.98 billion over the last three fiscal years. That said, operating income did balloon a whopping 72.6% to $1.66 billion in the same period – though per-share earnings and return on equity both plunged significantly to $0.25 and 1.9%, respectively.
Currently, Hewlett Packard is expected to see forward 12-month revenue growth around 0.86%. Our AI rates this information technology giant A in Growth and C in Technicals, Low Volatility Momentum, and Quality Value.
Liked what you read? Sign up for our free Forbes AI Investor Newsletter here to get AI driven investing ideas weekly. For a limited time, subscribers can join an exclusive slack group to get these ideas before markets open.
Source: S&P Global Market Intelligence
Q.ai, a Forbes Company, formerly known as Quantalytics and Quantamize, uses advanced forms of quantitative techniques and artificial intelligence to generate investment
…Q.ai, a Forbes Company, formerly known as Quantalytics and Quantamize, uses advanced forms of quantitative techniques and artificial intelligence to generate investment recommendations across all asset classes. When it comes to money, no one should have to settle. We make investing less intimidating, more accessible and a lot of fun for everyone. That’s investing, reimagined.",Forbes
https://www.forbes.com/sites/qai/2021/07/14/artificial-intelligence-identifies-carvana-co-among-todays-top-shorts/,2021-07-14,Artificial Intelligence Identifies Carvana Co Among Today’s Top Shorts,"The S&P 500 is up more than 16% now this year and over 36% in the last 12 months, but this bull move appears to not be listening to any overvaluation arguments. Markets were well into the green this morning after Federal Reserve Chairman Jay Powell noted that the central bank is going to keep easy monetary policy going for the foreseeable future, despite some massive moves in inflation, including a record breaking rise of 7.3% year on year hike in PPI from this morning and a 5.4% year on year gain in CPI from yesterday. Those are big numbers, but if they are indeed transitory, then it wouldn’t be an issue. However, that is yet to be proven, and if fiscal and monetary policy keeps on the gas there are sure to be more readings like these — just take a look at what it costs to fill up your car with fuel. At some point, you would think there will be a pullback in stocks, but gains beget gains in the markets. If you’re looking for a way to play this market, the deep learning algorithms at Q.ai have crunched the data to give you a set of Top Shorts. Our Artificial Intelligence (“AI”) systems assessed each firm on parameters of Technicals, Growth, Low Volatility Momentum, and Quality Value to find the best short plays.
Sign up for the free Forbes AI Investor newsletter here to join an exclusive AI investing community and get premium investing ideas before markets open.
Carvana Co (CVNA)
Carvana Co is our first Top Short today. Carvana is an e-commerce platform for buying and selling used cars. The company derives revenue from used vehicle sales, wholesale vehicle sales and other sales and revenues. Our AI systems rated the company C in Technicals, F in Growth, F in Low Volatility Momentum, and F in Quality Value. The stock closed down 0.32% to $323.07 on volume of 1,329,202 vs its 10-day price average of $314.99 and its 22-day price average of $303.41, and is up 36.74% for the year. Revenue grew by 20.53% in the last fiscal year and grew by 244.35% over the last three fiscal years, Operating income grew by -23.77% in the last fiscal year, while EPS grew by -22.3% over the last three fiscal years. Revenue was $5586.56M in the last fiscal year compared to $1955.47M three years ago, Operating Income was $(332.4)M in the last fiscal year compared to $(220.73)M three years ago, EPS was $(2.63) in the last fiscal year compared to $(2.03) three years ago, and ROE was (93.05%) in the last year, compared to (100.05%) three years ago. Forward 12M Revenue is also expected to grow by 6.75% over the next 12 months.
Plug Power Inc (PLUG)
Plug Power Inc is second on our list of Top Shorts today. The company is an innovator of modern hydrogen and fuel cell technology. It has revolutionized the material handling industry with its full-service GenKey solution, which is designed to increase productivity, lower operating costs and reduce carbon footprints in a reliable and cost-effective way. Our AI systems rated Plug C in Technicals, F in Growth, F in Low Volatility Momentum, and F in Quality Value. The stock closed down 4.14% to $27.82 on volume of 16,746,210 vs its 10-day price average of $31.32 and its 22-day price average of $31.36, and is down 13.52% for the year. Revenue grew by -33.4% in the last fiscal year while EPS grew by -9.39% in the last fiscal year. Revenue was $-93.24M in the last fiscal year compared to $174.22M three years ago, Operating Income was $(576.61)M in the last fiscal year compared to $(76.44)M three years ago, EPS was $(1.68) in the last fiscal year compared to $(0.39) three years ago, and ROE was (74.61%) in the last year compared to (157.5%) three years ago. Forward 12M Revenue is also expected to grow by 9.2% over the next 12 months.
Amyris Inc (AMRS)
Our next Top Short is Amyris Inc. Amyris is an industrial biotechnology company. Our AI systems rated the company C in Technicals, F in Growth, D in Low Volatility Momentum, and D in Quality Value. The stock closed down 5.98% to $14.15 on volume of 2,254,393 vs its 10-day price average of $15.81 and its 22-day price average of $15.97, and is up 101.57% for the year. Revenue grew by 85.32% in the last fiscal year and by 404.47% over the last three fiscal years, Operating income grew by -101.07% in the last fiscal year and by -101.0% over the last three fiscal years, and EPS grew by -31.64% in the last three fiscal years. Revenue was $173.14M in the last fiscal year compared to $63.6M three years ago, Operating Income was $(123.42)M in the last fiscal year compared to $(132.72)M three years ago, EPS was $(1.88) in the last fiscal year compared to $(3.69) three years ago.
Blink Charging Co (BLNK)
Blink Charging Co is the fourth Top Short today. Blink is an owner, operator, and provider of electric vehicle charging services. Our AI systems rated the company C in Technicals, F in Growth, F in Low Volatility Momentum, and D in Quality Value. The stock closed down 4.56% to $33.05 on volume of 1,274,668 vs its 10-day price average of $37.16 and its 22-day price average of $38.92, and is down 11.88% for the year. Revenue grew by 14.98% in the last fiscal year, and grew by 166.67% over the last three fiscal years, while EPS grew by -49.11% over the last three fiscal years. Revenue was $6.23M in the last fiscal year compared to $2.69M three years ago, Operating Income was $(17.39)M in the last fiscal year compared to $(11.61)M three years ago, EPS was $(0.59) in the last fiscal year compared to $(1.3) three years ago, and ROE was (103.16%) in the last year. Forward 12M Revenue is expected to grow by 25.93% over the next 12 months.
Fluor Corp (FLR)
Fluor Corp is our final Top Short today. The company manufactures automobiles under its Ford and Lincoln brands. The company has about 14% market share in the United States and about 7% share in Europe. Our AI systems rated Fluor D in Technicals, D in Growth, F in Low Volatility Momentum, and D in Quality Value. The stock closed down 3.48% to $16.35 on volume of 2,116,266 vs its 10-day price average of $16.93 and its 22-day price average of $17.54, and is up 3.35% for the year. EPS grew by -41.2% in the last fiscal year. Revenue was $15668.48M in the last fiscal year compared to $18851.01M three years ago, Operating Income was $144.96M in the last fiscal year compared to $426.32M three years ago, while EPS was $(3.1) in the last fiscal year compared to $1.22 three years ago. ROE was (15.85%) in the last year versus 6.56% three years ago. Forward 12M Revenue is expected to grow by 2.29% over the next 12 months and the stock is trading with a Forward 12M P/E of 22.58.
Liked what you read? Sign up for our free Forbes AI Investor Newsletter here to get AI driven investing ideas weekly. For a limited time, subscribers can join an exclusive slack group to get these ideas before markets open.
Source: S&P Global Market Intelligence
Q.ai, a Forbes Company, formerly known as Quantalytics and Quantamize, uses advanced forms of quantitative techniques and artificial intelligence to generate investment
…Q.ai, a Forbes Company, formerly known as Quantalytics and Quantamize, uses advanced forms of quantitative techniques and artificial intelligence to generate investment recommendations across all asset classes. When it comes to money, no one should have to settle. We make investing less intimidating, more accessible and a lot of fun for everyone. That’s investing, reimagined.",Forbes
https://www.forbes.com/sites/qai/2021/07/14/boise-cascade-co-ranked-among-todays-top-buys/,2021-07-14,Boise Cascade Co Ranked Among Today’s Top Buys,"Another day in the markets, another new all-time high for the S&P 500. All three major indices were in the green today with the S&P 500, the Dow, and the Nasdaq all trading higher on optimism after Federal Reserve Chairman Jay Powell said that the central bank is not close to altering its easy monetary stance, leaving the money printers going. This comes despite inflation being on the rise, with wholesale prices rising a whopping 7.3% in June from a year ago, a new record reading for PPI, up 1% from May. Economists were expecting a reading of about 0.6%, so the Fed is really betting that things are transitory. This comes after a massive CPI reading from yesterday where prices jumped 5.4% year over year, so things are definitely getting more expensive. Yields dropped on the 10-year Treasury, conversely, which might be giving a boost to growth stocks. The deep learning algorithms at Q.ai have crunched the data to give you a set of Top Buys. Our Artificial Intelligence (“AI”) systems assessed each firm on parameters of Technicals, Growth, Low Volatility Momentum, and Quality Value to find the best Top Buys.
Sign up for the free Forbes AI Investor newsletter here to join an exclusive AI investing community and get premium investing ideas before markets open.
Boise Cascade Co (BCC)
Boise Cascade Co is today’s first Top Buy. The company is a producer of engineered wood products and plywood, and operates in two segments namely Wood Products and Building Materials Distribution. Our AI systems rated the company F in Technicals, A in Growth, A in Low Volatility Momentum, and B in Quality Value. The stock closed down 1.62% to $58.43 on volume of 614,480 vs its 10-day price average of $57.91 and its 22-day price average of $58.16, and is up 22.26% for the year. Revenue grew by 11.89% in the last fiscal year and grew by 22.63% over the last three fiscal years, Operating Income grew by 47.47% in the last fiscal year and grew by 265.48% over the last three fiscal years, while EPS grew by 77.88% in the last fiscal year and grew by 1418.83% over the last three fiscal years. Revenue was $5474.84M in the last fiscal year compared to $4995.29M three years ago, Operating Income was $344.28M in the last fiscal year compared to $138.91M three years ago, and EPS was $4.44 in the last fiscal year compared $0.52 three years ago. ROE was 22.55% in the last year versus3.04% three years ago. The stock is trading with a Forward 12M P/E of 6.25.
Lowe's Cos Inc (LOW)
Lowe's Cos Inc is our second Top Buy today. Lowe’s is the second-largest home improvement retailer in the world, operating about 1,970 stores throughout the United States and Canada. Our AI systems rated the company D in Technicals, D in Growth, A in Low Volatility Momentum, and B in Quality Value. The stock closed down 0.66% to $194.28 on volume of 3,192,075 vs its 10-day price average of $194.83 and its 22-day price average of $192.09, and is up 21.14% for the year. Revenue grew by 5.3% in the last fiscal year and grew by 32.3% over the last three fiscal years, Operating Income grew by 11.51% in the last fiscal year and grew by 144.39% over the last three fiscal years, while EPS grew by 18.29% in the last fiscal year and grew by 222.8% over the last three fiscal years. Revenue was $89597.0M in the last fiscal year compared to $71309.0M three years ago, Operating Income was $10892.0M in the last fiscal year compared to $4970.0M three years ago, while EPS was $7.75 in the last fiscal year compared to $2.84 three years ago. ROE was 342.33% in the last year versus 48.63% three years ago and the stock is trading with a Forward 12M P/E of 17.97.
Gates Industrial Corp Plc (GTES)
Gates Industrial Corp Plc is our third Top Buy today. The company is a manufacturer of engineered power transmission and fluid power solutions. Our AI systems rated the company C in Technicals, B in Growth, A in Low Volatility Momentum, and B in Quality Value. The stock closed down 0.71% to $18.09 on volume of 422,562 vs its 10-day price average of $17.94 and its 22-day price average of $17.85, and is up 44.72% for the year. Revenue grew by 6.13% in the last fiscal year, Operating Income grew by 28.98% in the last fiscal year, while EPS grew by 41.5% in the last fiscal year. Revenue was $2793.0M in the last fiscal year compared to $3347.6M three years ago, Operating Income was $271.6M in the last fiscal year compared to $516.0M three years ago, while EPS was $0.27 in the last fiscal year compared to $0.84 three years ago. ROE was 2.91% in the last year versus 14.44% three years ago. Forward 12M Revenue is expected to grow by 1.71% over the next 12 months and the stock is trading with a Forward 12M P/E of 13.62.
Insight Enterprises Inc (NSIT)
Insight Enterprises Inc is our fourth Top Buy today. The company is a Fortune 500 global IT provider primarily engaged in helping businesses of all sizes, large enterprises, governments, schools, and health care organizations. Our AI systems rated the company A in Technicals, B in Growth, A in Low Volatility Momentum, and A in Quality Value. The stock closed down 2.23% to $96.92 on volume of 150,245 vs its 10-day price average of $99.22 and its 22-day price average of $100.46, and is up 28.75% for the year. Revenue grew by 0.59% in the last fiscal year and grew by 18.49% over the last three fiscal years, Operating Income grew by 1.33% in the last fiscal year and grew by 22.26% over the last three fiscal years, while EPS grew by 4.69% in the last fiscal year and grew by 12.05% over the last three fiscal years. Revenue was $8340.58M in the last fiscal year compared to $7080.14M three years ago, Operating Income was $286.18M in the last fiscal year compared to $237.19M three years ago, while EPS was $4.87 in the last fiscal year compared to $4.55 three years ago. ROE was 13.8% in the last year versus 17.88% three years ago. Forward 12M Revenue is expected to grow by 1.04% over the next 12 months, and the stock is trading with a Forward 12M P/E of 13.83.
Schnitzer Steel Inds - Cl A (SCHN)
Schnitzer Steel Inds - Cl A is our fifth and final Top Buy today. The company is one of the largest ferrous and nonferrous scrap metal recyclers in the U.S. Its metal recycling business collects and recycles auto bodies, rail cars, appliances, machinery, and construction demolition. Our AI systems rated the company C in Technicals, A in Growth, B in Low Volatility Momentum, and C in Quality Value. The stock closed down 1.26% to $50.75 on volume of 338,395 vs its 10-day price average of $49.85 and its 22-day price average of $50.0, and is up 56.39% for the year. Revenue grew by 38.85% in the last fiscal year and grew by 0.54% over the last three fiscal years, Operating Income grew by 728.01% in the last fiscal year and grew by 19.81% over the last three fiscal years, while EPS grew by -2972.01% in the last fiscal year. Revenue was $1712.34M in the last fiscal year compared to $2364.72M three years ago, Operating Income was $20.74M in the last fiscal year compared to $143.35M three years ago, while EPS was $(0.15) in the last fiscal year compared to $5.47 three years ago. ROE was (0.3%) in the last year versus 26.41% three years ago. Forward 12M Revenue is expected to grow by 18.42% over the next 12 months and the stock is trading with a Forward 12M P/E of 7.31.
Liked what you read? Sign up for our free Forbes AI Investor Newsletter here to get AI-driven investing ideas weekly. For a limited time, subscribers can join an exclusive slack group to get these ideas before markets open.
Source: S&P Global Market Intelligence
Q.ai, a Forbes Company, formerly known as Quantalytics and Quantamize, uses advanced forms of quantitative techniques and artificial intelligence to generate investment
…Q.ai, a Forbes Company, formerly known as Quantalytics and Quantamize, uses advanced forms of quantitative techniques and artificial intelligence to generate investment recommendations across all asset classes. When it comes to money, no one should have to settle. We make investing less intimidating, more accessible and a lot of fun for everyone. That’s investing, reimagined.",Forbes
https://www.abc.net.au/news/science/2021-07-15/ai-art-tool-makes-paintings-of-australia/100288386,2021-07-15,We asked an AI tool to 'paint' images of Australia. Critics say they're good enough to sell,"We asked a new kind of AI art tool to make 'paintings' of Australia
By technology reporter James Purtill
The images are so crafted and ""painterly"" that you may not realise at first they have been dreamed up by a machine in just a few minutes.
Maybe you've seen one already, but not realised what it was.
It may have looked like something you'd seen before in an art book or a museum.
These images are the product of a new AI-generated art scene that's exploded thanks to the development of free and easy-to-use tools that require (at the very least) short text prompts to create unique pictures.
The image in the tweet above, for example, was created by giving the text prompt ""a summer day"" to an AI tool.
Supplied with a short excerpt from T.S. Eliot's poem The Lovesong of J. Alfred Prufrock, it produced this:
These images are hard to classify — they're part artwork, part a function of computer coding, part glimpse into some collective, online unconscious that maps the associations between images and words.
Some have described them as ""alien dreams"" or ""peering into the 'mind' of a neural network"".
Sounds interesting.
So we had a go at making our own images, with the broad theme of ""Australia"".
Here's the results.
A neural network trained on the internet 'seeing' Australia
The first result wasn't great.
We used a free online tool called CLIP+VQ-GAN that can be accessed through this how-to guide.
Given the text prompt '""Australia"" the AI tool produced this image in about 15 minutes:
The engine behind CLIP+VQ-GAN consists of two neural networks – algorithms designed to mimic a human brain – one of which classifies images (CLIP) and one that generates images (VQ-GAN)
CLIP is trained to recognise images using a mountain of raw data drawn from the internet, where people routinely upload images and identify them with captions.
Given the text prompt (""Australia"") it combs through a library of 400 million images to find visual elements that correspond with this term.
The image results CLIP produces have been described as like a ""statistical average of the internet"".
According to the image above, the elements that best correspond to ""Australia"" are roads, a desert horizon, the ocean, and a few furry and scaly creatures.
Once it has its image results, CLIP then feeds these to VQ-GAN, which has been trained to assemble and compose original images of its own.
This happens mostly out of sight, but you can get some sense of the process in this video of CLIP+VQ-GAN making the image.
LoadingThe surface flickers as the AI-tool fine-tunes the composition, adding elements and changing tones and colours.
The final image is showing how a neural network trained on the internet ""sees"" Australia.
Getting some tips from the pros
To improve the result, we turned to Ryan Murdock, a 23-year-old from Salt Lake City who had been working on a PhD in cognition and neuroscience when he began tinkering with AI image generation.
Then in March this year he had a breakthrough; figuring out how to cobble together CLIP with VQ-GAN to create a single text-to-image AI tool.
""I was like 'holy cow, this is kind of freaky and interesting',"" he said of the moment of discovery.
""There's definitely something eerie about seeing what a neural network thinks after it's been trained on the internet.""
Neither CLIP nor VQ-GAN were designed to work together or intended to generate art, Mr Murdock said.
In fact, he suspects that OpenAI, the company that released CLIP's source code to the public in January 2021, was caught unawares by his discovery in March.
This is because the company already has its own powerful image-generating AI that works like CLIP+VQ-GAN but which is not free to use.
Mr Murdock says he's often surprised by the creative ways the twin neural networks of CLIP+VQ-GAN interpret his text prompts.
One of these moments came when he asked the tool to make an image of a ""four-eyed horse"".
Previous AI tools may have generated a horse with four eyes, but this one made an image of a horse wearing glasses.
""And I thought that was the most charming little thing it could have done,"" Mr Murdock said.
Introducing Rembrandt to a Sydney traffic jam
We asked Mr Murdock, who posts his images under the Twitter handle @advanoun, what we could do to improve our Australia-series of images.
He recommended we make our text prompts more precise and request the style of a specific painter.
We took his advice and asked CLIP+VQ-GAN to generate an image of a Melbourne cafe in the style of the medieval Italian painter Giotto.
Next we tried the English romantic painter J.M.W. Turner and a Perth sunset.
Are they any good? For critical feedback, we turned to Daniel Browning, host of RN's The Art Show, who said he was ""pleasantly surprised"" by some of the results, though others were ""hideous"".
""The Perth sunset in the style of Turner — I would probably buy that,"" he said.
This image of Alice Springs in the style of the Mexican painter Frida Kahlo he rated a ""strong pass"".
“This feels like the technology has extended itself to do something beyond just remixing two artworks,"" he said.
""I think what's interesting is that the technology has worked out how to render topography — the bird's eye view — flattening aspects of the built environment and enlarging what could be red-tailed black cockatoo feathers and patches of curly windmill grass.""
He also liked the 20th century English painter Francis Bacon giving an impression of Hobart in winter.
And Rembrandt painting a Sydney traffic jam.
Whistler's Mother meets Blade Runner
Next, Mr Browning asked us to run an experiment: combine the ""joyless arrangement"" of the 19th century painting Whistler's Mother with the ""speculative architecture"" of the 1982 film Blade Runner.
He was curious how it would blend ""two completely different aesthetic worlds"".
The result is neither recognisably Whistler's Mother nor Blade Runner, but something unique, Mr Browning said.
Strangely, it looks a little like a painting by Van Gogh, he added.
""Is it saying Van Gogh was an articulation of the space between Whistler's Mother and Blade Runner?"" he said.
""Or is this where Whistler's Mother could go in the 21st century?""
'It's not real art'
Hoping to refine our images even further, we turned to Katherine Crowson, who posts her work under the handle @RiversHaveWings.
Ms Crowson and Mr Murdock have coded the web-based tools that link CLIP and VQ-GAN and make it possible to turn text prompts into art.
""When we first started it was a lot of trial and error, but slowly the community learned certain prompt phrases that get good results,"" she said.
""Some of these are 'general' and tend to make any prompt they're added to better.
""For example the phrase 'trending on artstation' makes outputs higher quality and more kaleidoscopic.""
So we gave this a go.
Here's our next attempt: ""A film noir set in Sydney trending on artstation"".
And ""Bondi love story photorealistic"".
Again, each of these took the AI 15 minutes.
The ease with which these images can be made has seen a flood of interest in AI-generated art in the past few months, Ms Crowson said.
""These programs have only existed since January,"" she said.
""Of course, this is about the surest possible sign something has become real art.""
Mirroring our 'collective imaginative space'
One way of thinking about this art, said Ted Underwood, a literature professor at the University of Illinois, is that it's about exploring and understanding the way neural networks see the world.
This attempt to connect with another ""mind"" is a bit like the 1960s drug culture's experiments with psychedelics, he said.
But he said the AI-generated images were also interesting for a more sober reason.
Because CLIP has been trained on captions provided by humans the generated images present a mirror to us of our own associations of words and images.
For example, Professor Underwood has found that asked to generate an image of a ""super-villain"", CLIP+VQ-GAN will always use green and purple.
These are the colours that — consciously or not — we associate with super-villains.
""It's really just the associations that human beings have created between images and words by labeling images on the internet,"" he said.
Sometimes these AI-generated images appear to have figurative meanings — to be using metaphors.
For example, we asked CLIP+VQ-GAN to generate an image of ""Australia 2021 COVID in the style of Sidney Nolan"".
Multiple times it returned images with insect-like beings at the centre, possibly because of the association between ""bug"" and ""disease"".
Making these connections and exploring this collective imaginative space is something that artists do all the time, Mr Browning said.
Now machines can do it ""for free, dumbly and very quickly,"" he said.
""I can see a market in generating what is more or less unique artworks.""
Some artists, including Ms Crowson, have already sold AI-generated artworks as NFTs (a kind of digital commodity).
This raises all kinds of thorny questions around who owns the rights to these artworks, both legally and morally.
""It's a bit of a nightmare,"" Mr Browning said.
""Giotto may be upset his religious paintings were turned into a Melbourne cafe.""",ABC News
https://www.seattletimes.com/business/technology/how-do-you-teach-robots-to-navigate-new-places-study-toddlers/,2021-07-14,How do you teach robots to navigate new places? Study toddlers,"Facebook has developed what it calls a foundational “breakthrough” in the race to create more humanlike robots: software that enables machines to learn to walk like toddlers.
Humans are very efficient at maneuvering. As kids, we figure out how to adjust our stride and cadence to trek through mud, water and up and down hills with ease. Through trial and error, we adapt, figuring out the best ways to move our feet according to real-time situations. And we can do this while toting a variety of objects, either in our hands or on our backs.
It’s tough to program robots to make instantaneous adjustments to their legs and feet to accommodate such a variety of tasks, mainly because it’s hard to train them to deal with corner cases, or objects and environments they’ve never seen before.
This is one of the main things artificial intelligence struggles with today, said David Cox, IMB director of the MIT-IBM Watson AI Lab, a collaborative effort between IBM and the Massachusetts Institute of Technology. “How do you build systems that can adapt to all the corner cases they may see?”
Advanced robot navigation could revolutionize services in a wide range of fields such as emergency response, agriculture, autonomous driving and manufacturing. It could hold the key to more complex chore robots. But it also requires teaching machines to act in the same way humans do subconsciously, based on lived experience — something that, at best, would be tedious and potentially impossible.
Humans learn to navigate new environments by stumbling and trying again. But that’s an expensive and lengthy undertaking when applied to robots, which need to be fixed or have their code tweaked when damaged. Researchers try to avoid this by simulating new environments and adjusting robot brains accordingly.
It’s a challenge Facebook says it has solved in collaboration with the University of California, Berkeley and Carnegie Mellon University.
First, researchers used simulations to train AI to respond to various environmental conditions, such as slippery ground or a sudden incline. Then, they taught a generic dog-like robot to learn from its mistakes and keep walking as far as possible despite sudden changes to its environment. They layered the two strategies, and together they “enable the robot to perform robust and adaptive locomotion without any fine tuning,” Facebook says.
What this means is that AI allows them to adapt to factors in their environment without having seen them first. Rather than trying to avoid disruptions, they learn from surprises and move with them. Through the observation AI, each new leg movement is informed by previous ones. Obstacles that push against the robot’s feet or legs can reveal information about the ground around it. The AI learns from that.
The so-called Rapid Motor Adaptation software might allow companies to create cheaper automated machines that figure out how to operate at peak performance with more affordable, not-as-accurate hardware.
Cheaper robots are a critical step toward more advanced robots in more fields. Facebook showed off its AI development in a video.
An eerie four-legged robot is shown pacing through the woods with relative ease. But when brought inside and tested in other situations, such as slippery surfaces, it had balance issues and difficulty walking. In one example, when weighted bags were placed on its back, the robot fell over. With Facebook’s AI software enabled, it wobbled but managed to stay upright and keep walking when the bags were tossed onto it. There are no cameras on the device. All of the robot’s movements were guided by sensors in its feet and various joints, which allow it to experience the world through “touch.”
Researchers compare it with what happens when humans try to walk on the sand at the beach for the first time. “The first few steps are awkward, but after a few steps, you’re walking on a beach as normally as you would on a hard road surface,” said Jitendra Malik, a computer vision researcher at Facebook AI and UC Berkeley. The team studied scientific literature on how children learn to walk to inform their project.
Facebook isn’t the only big tech firm trying to create software that makes robots act more like real people.
IBM, for instance, is researching AI methods that simulate raising a baby to understand what “common sense” knowledge a child gains, which can be applied to robotics. Last year, Google published a framework for wheeled robots to move through “unforeseen environments.” Boston Dynamics, a pioneer in agile, mobile robots, has a system on its Spot robots so they can “feel” the ground beneath them to try to avoid falling in low visibility.
Facebook’s system was built on a $2,700 Unitree robot. Boston Dynamics’ Spot robot costs $74,500.",The Seattle Times
https://www.cnbc.com/2021/07/15/building-ethical-ai-products-can-put-businesses-at-competitive-advantage.html,2021-07-15T10:27:02Z,Building ethical A.I. products can put businesses at a competitive advantage,"SINGAPORE — Making sure that AI-driven services and products are ethical and can be trusted could become a competitive strength for businesses, experts said Wednesday.
Artificial intelligence systems are already transforming businesses. They are able to automate repetitive tasks, analyze large volumes of data, recommend content, translate languages and even play games.
But the current scope of things that AI can do is relatively narrow. Some experts say the technology is a long way from becoming so-called artificial general intelligence, or AGI — which states AI's hypothetical ability to understand or learn any intellectual task that a human being can.
But others have pointed out that even in its current, narrow capabilities, AI raises a series of ethical questions — such as whether the data fed into AI programs are without bias, and whether AI can be held accountable if something goes wrong.
To build trusted AI systems, there needs to be cooperation among countries and various stakeholders, according to Wonki Min, a former vice minister at South Korea's science and technology ministry, who spearheaded the country's national AI strategy.
That means working together with neighboring countries as well as industry experts, academics, and everyday people who use those technologies, Min said during a panel discussion about AI governance at the Asia Tech x Singapore conference.
Essentials for building trust
Experts have previously warned that inherently biased AI programs can pose serious problems and it may hinder people's trust in those systems. Facial recognition software, for example, may incorporate accidental racial and gender bias that may pose a threat to a particular group of people.
Trust is fundamental to adopting any technology and experiencing its full benefits, said Andrew Wyckoff, director of the science, technology and innovation directorate at the OECD, who was part of the panel.
Artificial intelligence creates a competitive strength for industry.Ieva Martinkenaitevice president at Telenor Research
He pointed out there are several ""essential"" elements to building trust in AI systems. They include: being able to explain how a program works in a transparent manner, ensuring the program is robust, secure, safe, and accountable.
Regulators face a difficult task of finding balance in encouraging further AI developments and managing the associated risks. Some researchers say it's too early for policymakers to impose strict new rules on the technology.
For its part, the OECD's principles on AI promote artificial intelligence that's ""innovative and trustworthy and that respects human rights and democratic values,"" and provides recommendations to policymakers and other stakeholders.
A competitive advantage
Building trusted and ethical AI systems and the governance around them could potentially become a competitive strength for companies, according to Hiroaki Kitano, president and CEO at Sony Computer Science Laboratories.
The Japanese conglomerate uses AI in a variety of its products, including cameras.
For Norwegian telecommunication giant Telenor, ethical AI is ""responsible business in the making,"" according to Ieva Martinkenaite, a vice president at Telenor Research. She pointed out that many of the next-generation telecommunication networks will be driven by AI-embedded software and that technology will be crucial for new growth opportunities.
That requires a set of global rules and trust principles built around AI that are followed not only by the telecom companies, but also by global vendors that they outsource parts of their operations to, according to Martinkenaite. Vendors may include stakeholders like equipment providers, software firms and service assurance companies, he added.
""Artificial intelligence creates a competitive strength for industry,"" she said.
Wonki Min, currently president at the State University of New York, Korea, added that if companies fail to meet the ethical standards set around AI, they would not survive in the marketplace. If governments are unable to create a trusted AI environment, they would not maximize the technology's benefits.
""So, it is essential to build a trusted AI in order to maximize the potential benefits of AI technology and the way we should do that is in global multi-stakeholder approach,"" Min said.",CNBC
https://www.forbes.com/sites/forbestechcouncil/2021/07/15/how-ai-can-create-meaningful-change-in-traditional-industries/,2021-07-15,Council Post: How AI Can Create Meaningful Change In Traditional Industries,"Matt co-founded Afresh with the belief that fresh food is the future of what we eat, yet is underserved by retail technology.
It’s been a decade since Marc Andreessen penned his prescient essay declaring that “software is eating the world.” We need only look at a few software companies with massive impact on our daily lives (Uber, DoorDash and Slack, to name a few) to understand that this is true. Yet currently, multiple multitrillion-dollar industries such as retail, supply chain, food and energy have critical workflows and decision-making processes that rely on Excel spreadsheets or literal pen and paper.
What’s holding software back from eating these industries? The answer lies in the physicality, dynamism and unpredictability of the non-digital world.
How AI Works In The Digital World
In the digital world, the inputs needed are knowable. Take the business of optimizing ad placement to maximize clicks as people surf the web or scroll through social media. At the highest level, the objective is to maximize clickthrough rate and conversion. The inputs needed for optimization software to work are knowable; demand factors (who’s visiting their site), advertiser and ad supply (which ads can be shown) and placement locations (where can they be shown) are largely simple, available data points. Optimizing ad placement is still tricky to get right, but operating within a digital context in which the inputs and outputs are cleanly captured and understood makes it much easier.
How AI Can Work In The Physical World
It gets much, much harder in the physical world with greater complexity and many more unknowns. Unlike digital “locations,” data about the world isn’t constantly available or accurate. Your house doesn’t somehow “know” where your desk is placed, whereas your computer knows exactly where every icon is located. This is one simple example of many things that make the world of atoms multiplicatively more complicated than the world of bits.
So what’s needed to inject technology into the brutally complicated context of the physical world? I believe a new generation of software is required that can leverage the best of technology but also rely on and partner with the intuition and flexibility of human users. Instead of automating everything fully, this new generation can acknowledge missing data by allowing people to step in to use their judgment and boots-on-the-ground senses occasionally. The next generation of applying AI to the physical world can engage AI for predictable cases in which it can be optimized and then leverage humans for the areas where the world is dynamic and unpredictable or where judgment and intuition are necessary.
Self-Driving Cars As An Example
The first consumer self-driving car technology to become ubiquitous will not completely automate humans away. It will allow the technology to drive itself when the physical world permits it, and it will allow for a human to take over when it doesn’t. The car might drive itself on the highway or in designated autonomous vehicle lanes. Then, a human operator in the vehicle (or remote location) can drive it in the chaotic city center.
In this way, we can automate and harness the immense power of AI to optimize decisions that it’s well-equipped to handle and empower people to handle the things it can’t. Just as this principle applies to self-driving cars, it can be applied to countless business use cases in heavy industries. The result could be an incredible digitization and optimization of critical physical industries that have historically remained underpenetrated by technology — and that, in turn, can create astonishing efficiencies, value and sustainability.
Why Have Physical Industries Lagged?
Large, traditional industries like grocery or construction have digitized some of their processes but still rely on manual input and human judgment for their most critical decisions. Why is this still happening when we see AI revolutionizing other digital industries? The real world has some core challenges:
• The real world is messy, dynamic and ever-changing (like the Covid-19 pandemic).
• The real world isn’t perfectly captured in data.
• The real world is subject to the fluctuations of people, and the degrees of input from people are unlimited.
• Physical goods are subject to chaotic elements that bits and bytes aren’t subject to.
• Black swan events, big and small, are unpredictable and out of our control (like September 11).
These are significant challenges, and what makes it even more difficult is that these real-world traits are directly at odds with the core construct of technology:
• Technology requires consistency and predictability.
• Technology requires perfect and reliable data inputs.
• Technology is built on simpler, closed-loop systems that aren’t as vulnerable or subject to edge cases.
• Digital goods are pixels on a screen.
This clash has made it hard for AI to extend from the digital world to the physical world. With our self-driving cars example, the reason they aren’t ubiquitous yet is the core challenges of the real world listed above; it’s challenging for self-driving cars to try to scan all the data in the real world to operate seamlessly.
How AI Can Change The World
To positively change the world and solve humanity’s most pressing problems, we must apply technology. Yes, technology can serve up targeted ads, improve streaming quality and suggest better content, and these applications have a place in our lives. However, applying artificial intelligence in traditional, physical industries can drive meaningful and positive benefits like less waste, more availability, less risk and more robust industries.
Maybe, eventually, software will entirely consume the crazy edge cases and unpredictability of the physical world. In the meantime, let’s build a bridge by developing human-centered AI and systems designed for the physical world to affect the global change we need to mitigate climate change, solve our biggest human health problems and remove tons of risk from the world. When human-centered AI is applied to traditional industries, we can then create real change. It may not be as flashy as completely autonomous vehicles, facial recognition or robotics, but it’s no less world-changing and hugely needed.
Forbes Technology Council is an invitation-only community for world-class CIOs, CTOs and technology executives. Do I qualify?
Matt co-founded Afresh with the belief that fresh food is the future of what we eat, yet is underserved by retail technology. Read Matt Schwartz's full executive profile
…Matt co-founded Afresh with the belief that fresh food is the future of what we eat, yet is underserved by retail technology. Read Matt Schwartz's full executive profile here.",Forbes
https://www.forbes.com/sites/alexzhavoronkov/2021/07/15/mind-over-body-can-we-control-psychological-aging/,2021-07-15,Mind Over Body: Can We Control Psychological Aging?,"""It's not how old you are. It's how you are old."" - Jules Renard
Even as life expectancy continues to rise worldwide (especially in developed nations), we are still preoccupied with living even longer. Which is why the anti-aging market is already expected to reach nearly $300 billion by 2024. But aging is a far more complex process than most people appreciate, especially since we begin aging before we are even born. Not only does growing older involve gaining a few more wrinkles or graying hair, but aging in humans affects us at all levels, from biological changes to changes in our mental outlook, our hopes, our expectations, and how we interact with the people around us.
For the 8th year in a row I co-organize the the pharmaceutical industry’s largest forum on aging research, the Aging Research and Drug Discovery forum and it gives me a front-row perspective on the industry. And while there are many breakthroughs in the many areas of basic science and even translational medicine, especially in the biomarkers of aging, and there are interventions that show a lot of promise, it is hard to make any actionable recommendations on how to dramatically slow down of reverse biological aging. At the very least, these would not be available to the average consumer for quite some time. However, there is one aspect of aging that we may be able to control and that is psychological aging.
How Do We Measure Aging?
While we all age at different rates, researchers have identified numerous biomarkers allowing for more precise measurement of age-related changes in the body that are often more accurate than measurement of chronological aging alone.
Among the most essential biomarkers are epigenetic clocks which can be estimated based on key DNA -methylation (DNAm) patterns. Epigenetic age is particularly valuable compared to chronological age since individuals showing accelerated epigenetic aging are much more vulnerable to cognitive decline, dementia, and a higher risk of mortality as well. By contrast, individuals showing slowed epigenetic age compared to chronological age demonstrate increased physical and mental fitness and a longer life expectancy overall.
Other biomarkers which have been identified include telomere attrition, MRI brain imaging, blood chemical parameters, and metabolic concentrations, all of which can be used to predict biological aging. Collectively known as ""deep aging clocks"", these biomarkers are already broadly used in clinical research, the insurance industry, plus a soaring number of consumer applications. Also, the increasing use of machine learning algorithms and deep neural networks to interpret these biomarkers means that personalized medical techniques to address various age-related conditions may be just around the corner.
Is Aging Psychological as well as Biological?
But, along with biological markers of aging, it is also important to recognize that we age on the psychological level as well. This also includes the impact of significant life events, both pleasant and unpleasant, have on our goals, beliefs, values, principles, and how we behave towards others.
Also known as subjective age or age identity, an individual's psychological age is based on whether they perceive themselves as younger or older than their chronological age and how this perception affects health decisions in general. Research has certainly demonstrated the important role that emotional well-being and subjective age can have on health as people grow older.
For example, a recent research study has shown that older subjective age is linked to accelerated epigenetic aging suggesting a strong reciprocal relationship. Subjective aging is also closely tied with life satisfaction, though, interestingly enough, research suggests that too great a discrepancy between subjective and chronological age can be detrimental as well.
Other psychological factors that have a powerful impact on long-term health and aging include key personality traits such as neuroticism (the degree to which a person experiences the world as threatening and unsafe) and conscientiousness (the tendency to responsible and well-organized) both of which are part of the Big Five personality model currently dominant in psychology.
Along with personality traits, attitudes towards aging, such as how individuals perceive growing older and social and cultural stereotypes about age, can also influence health outcomes.
A longitudinal study that came out last year in the journal Psychology and Aging specifically examined the role that neuroticism, conscientiousness, and attitudes towards aging had on a large sample of German adults followed over a twenty-year period. Results showed that low neuroticism scores and positive attitudes about aging were strongly linked with physician ratings of physical health. Overall, however, the best health outcomes for seniors were in individuals with positive attitudes about aging combined with high conscientiousness scores.
It is also important to consider that subjective aging can vary widely across different populations around the world. An intriguing new meta-analysis recently published in the journal Psychology and Aging combined data from hundreds of studies and well over a million people worldwide. Results showed that adults over the age of forty and older adults tended to feel on average between 6.4 and 21.1 years younger than their chronological age, a gap which appears to increase steadily with time. Conversely, children and adolescents typically viewed themselves as being much older than their chronological age.
Compared across different geographical regions, the greatest discrepancy between subjective and chronological age was found in North America, followed closely by Western Europe and Australasia/Oceania. The smallest discrepancy was in African adults, which may relate to the overall quality of life and cultural/economic factors.
Understanding Future Time Perspective
But another factor closely linked to subjective age deals with our future time perspective, or the amount of time we feel we have left to us to accomplish important goals in our lives. As we move through different life stages, we become more acutely aware that time is passing for us, and it becomes more important than ever that we make the ""right choices,"" as well as feeling the need to evaluate our lives based on our successes and failures.
Although we know that we will grow old and die someday, that scarcely seems important in the first two or three decades of our lives. By the fourth or fifth decade, however, that far-off horizon when death or old age will overtake us seems much closer and, almost inevitably, our goals and long-term plans will change as well.
To explore this changing time perspective, Dr. Laura Carstensen of Stanford University proposed a social-emotional selectivity theory which suggests that the goals we set for ourselves are largely based on how we perceive the amount of time we have to pursue these goals. Younger people, who know they have decades of life ahead of them, are often more likely to pursue knowledge-based goals (such as a high school senior choosing a college major). This also means accepting that more emotionally based goals will need to be delayed until after graduation. While they may adopt other goals along the way (such as romantic relationships and even marriage), they continue to take the long view meeting these goals.
As we grow older, our social networks will become smaller as we shift from numerous friendships towards deeper affiliations with a few close friends. Research has also demonstrated that the emotions we experience will become more easily managed while negative emotions will become more infrequent (until very old age). Our sense of psychological well-being and life satisfaction will become greater as well due to an accumulated lifetime of experience dealing with serious crises and daily hassles. While we may well pursue goals such as going back to school as seniors, our motivation will have changed from pursuing a far-off degree to attending classes for personal enjoyment.
What Role Does Psychological Aging Play in Health?
These different approaches have yielded intriguing research findings suggesting that our perceived age can play an important role in coping with physical disease and how successfully we function as we grow older. Numerous studies show that the older we become chronologically, the younger we feel we are inside, which appears to be equally true for both men and women. Studies examining different biomarkers also show a significant relationship between feeling younger and improved health, including decreased obesity and inflammation, increased liver enzymes, increased grip strength, body mass index. Elderly individuals with a younger subjective age also showed evidence of younger brain age, including a higher volume of grey matter in key brain regions as well as retaining cognitive abilities in later life.
One of the most productive research areas into psychological and subjective aging deals with how stressful life events can impact overall health and make our bodies age faster. Many studies already have shown that too much adverse stress can trigger a range of different physiological changes such as the production of pro-inflammatory cytokines, cortisol, prolactin, and adrenocorticotropic hormone, all of which are associated with the body's ""fight or flight"" response to traumatic situations. One 2009 study of military veterans has also linked post-traumatic stress disorder to increased subjective age and physical health issues, memory problems, and weight gain. Subjective age has also been associated with aging biomarkers such as shortened leukocyte telomere length, suggesting that increased subjective age can affect aging well beyond what could be expected by chronological age alone.
Given that depression is one of the most common mental disorders worldwide, researchers have also focused on the role that severe depression can have on subjective and biological aging. Much like acute and chronic stress, research has also linked depressed to increased serum cortisol levels along with various somatic, behavioral, and cognitive impairments. Though depression can strike at any age, it is especially debilitating in seniors and can often exacerbate other medical problems they may develop.
In more extreme cases, severe geriatric depression is often misdiagnosed as dementia (or vice versa). Longitudinal studies have also found that older subjective age can predict serious medical problems and depression later in life.
The Problem with Measuring Psychological Aging
Despite extensive research linking psychological age and subjective age with health, there is still the problem of how they can be effectively measured. As we have already seen, biomarkers for aging can be established in many different ways but doing the same with more subjective measures is much more difficult.
Historically, research studies looking at subjective age simply involved asking research subjects a single basic question: ""What age do you feel?"" Another approach involves asking people whether they felt younger, older, or the same as their chronological age, or else asking them what their ideal age might be, i.e., ""if you could choose your age, what age would you like to be?"" Yet another approach involves using digital photographs or physical appearance to determine how old research participants see themselves as being.
Despite this lack of consensus among researchers looking at psychological aging, new approaches involving machine learning and neural networks may well pave the way towards a better understanding of subjective aging and how it relates to health.
Measuring Psychological and Subjective Aging Using Artificial Intelligence
As we have already seen in a previous section, new tools for evaluating different biomarkers for aging are already promising to usher in a new age of personalized medicine. But would it be possible to do the same with measures of subjective aging?
A new study recently published in the journal Aging suggests that it can. In this study scientists at Deep Longevity, recently acquired by Regent Pacific, used machine learning to evaluate the data taken from a large open U.S. longitudinal study of health and well-being. The research team examined different aspects of chronological and subjective age using neural networks. These aspects included health status, relationship quality, perceived life changes, occupational concerns, community involvement, personality traits, psychological beliefs, demographic features, and perceived well-being.
In this study, the interdisciplinary group developed two ""psychological clocks"": PsychoAge, which predicted chronological age in the healthy state, and SubjAge, for predicting perceived age, also commonly referred to as subjective age. Both clocks proved to be powerful predictors of chronological age and subjective age. They were also significant predictors of all-cause mortality though SubjAge was a more decisive risk factor.
One important finding about both clocks was that they could be ""reversed"" using social and behavioral interventions. This using this research to help individuals to develop healthier behaviors and have a more positive life outcome as a result.
The most important finding that can be employed in our daily lives was that the optimistic attitude to life and personal well-being plays the most important role in prediction of both the psychological and subjective age. This attitude may be
What Does the Future Hold for Psychological Aging Research?
In the same way that research into biomarkers of aging is being used to develop personalized medical treatments to help people live longer and healthier lives, we see that research looking at subjective and psychological aging holds similar promise for the future. But can significant life changes such as improvements in lifestyle choices, teaching people better ways to handle stress, and develop improved life satisfaction leading to longer lives in general? As we already see in numerous research studies, psychological aging clocks based on lifestyle and behavioral data may well prove to be just as impactful as biological aging clocks are in promoting longer and healthier lives overall.
Artificial Intelligence can be a very powerful tool for studying psychological aging and developing novel interventions to help reverse it, and prevent the onset of a plethora of associated diseases. I hope to cover this research in the following articles.
To learn more about aging research, I highly recommend attending the 8th ARDD conference in Copenhagen either on-site or online. It is organized by the University of Copenhagen and Columbia University. It is one of the largest conferences on aging in the world bringing together academic scientists, startups, venture capitalists, and pharmaceutical companies. In 2021 for the first time it will feature a workshop on the nascent field of Longevity Medicine to cover the recent advances in clinical research.
Alex Zhavoronkov, PhD, is an expert in artificial intelligence for drug discovery and aging research with over 120 peer-reviewed publications since 2014. He is also the
…Alex Zhavoronkov, PhD, is an expert in artificial intelligence for drug discovery and aging research with over 120 peer-reviewed publications since 2014. He is also the author of ""The Ageless Generation: How Advances in Biotechnology Will Impact the Global Economy"", Palgrave Macmillan, 2013.
Disclaimer:
The articles do not represent the official position of the institutions the author is affiliated with.",Forbes
https://www.forbes.com/sites/lanceeliot/2021/07/15/culture-eats-ai-self-driving-cars-for-lunch/,2021-07-15,Culture Eats AI Self-Driving Cars For Lunch,"As many headlines will ostensibly tell you, culture is apparently quite hungry and always eating someone’s breakfast, lunch, or dinner.
That’s a bit of a tongue-in-cheek commentary, but the expression that culture is eating something comes up quite a bit. The general emphasis is that culture will tend to intercede in whatever the matter consists of. Furthermore, culture will rule the day when it comes to whether the matter of focus will succeed or falter.
I’d dare say that this is a kind of viral saying that rolls off the tongue and enchants the imagination.
We are dutifully fascinated when told that one thing can overtake another. This can either be surprising and therefore startlingly informative, or perhaps be construed as mundane though well worth pointing out for those that hadn’t given much thought to the issue.
Dog bites man is an example. This line is bound to be notable, depending upon the circumstance. Switch it around and indicate that man bites dog, which then can be particularly eyebrow-raising. Nearly in any direction, the line is going to be sufficiently intriguing to draw your attention. One thing is overtaking another.
Note that the overtaking posture proffered about culture is that it is seemingly eating something.
What makes the saying especially catchy is that it decisively exploits the altogether analogous analog of eating, which is certainly a vital essence-of-life consideration. Presumably, those that don’t eat are doomed to expire. You have to be eating. We all can relate to the notion that one thing is eating another, just as the eternal struggle of a predator seeking and eating its prey is always on our minds (somewhere in our deep recesses).
Most tracing of the “culture eating” aspects seem to credit the earliest known variant to the famous management guru Peter Drucker, though as will be explained in a moment, there is much haziness about this attribution.
Supposedly, this line was uttered about corporate strategy: Culture eats strategy.
To clarify it, I’ll augment the line to say this: Organizational culture beats organizational strategy.
You see, there was a period of time when the corporate strategy was the hottest buzzword of the day. Top executives were supposed to get their act together and put together a vaunted corporate strategy. This entailed laying out where the firm was going and how it was proposing to get there. Without a roadmap about the strategy of the corporation, all else was likely to flounder and proceed without any substantive direction or purpose.
The corporate strategy seemed to be at the top pinnacle of things. If you had a corporate strategy, you were set. Nobody could try to refute such contention that you had to have a stated corporate strategy since the alternative of having no corporate strategy could be readily shot down as a grand omission and your organization would roam aimlessly and fruitlessly.
Along comes a presumed hidden factor that could knock the revered corporate strategy off its lofty perch.
Organizational culture.
Yes, it certainly makes sense that the culture of a firm can shape the fate of corporate strategy.
If the people within a company are not going to rally around its corporate strategy, the strategy will likely never see the light of day. It will be nothing more than a paper-based exercise. You need to be mindful as a leader and get the organizational culture to accept and promulgate the corporate strategy.
Of course, worse still, if the company culture is in opposition to the corporate strategy, for sure things are going to go awry. People inside the firm will readily find ways to subvert the corporate strategy, either doing so by outward intent or by the invisible hand of the company culture all told.
The beauty of the line that culture eats strategy is that it is entirely straightforward and doesn’t necessarily need a bulky explanation to drive home the gist of the matter. For some leaders, this was a mundane point, yet they were nonetheless skirting past their company culture and trying to ramrod a new corporate strategy throughout the firm. Thus, despite the powerful nature of the line, many were not seeing the utility of the underlying assertion.
Other leaders saw this line as entirely inspirational and an eye-opening revelation. They were unsure of why their corporate strategies were flailing and not catching hold. It could be that they mindlessly walked right past their own company culture. This in turn led to a huge niche of consultants, books, courses, and the like that told leaders how to get their organizational culture to shift or be transformed as needed.
I’d like to think that Peter Drucker was the originating source, but nobody can seem to definitively pin down that Peter Drucker uttered this line as the deriving source. I knew Peter firsthand, primarily as an academic colleague, and can attest that it is the kind of catchphrase or clever witticism he was known for coming up with.
There is a cavalcade of references in the literature attributing the line to him as the initial source, but these are all secondhand and done without any specificity of when he said it and nor where or in what context. Adding some credence to the attribution, there are some documented indications that the CEO of Ford attributed the line to Peter (that was Mark Fields at the time), though again this is not fully cited and though perhaps adds to the potentiality of Peter being the keystone source, we are still left with a bit of a mystery.
Continuing, an additional twist to the line is the part about when the eating takes place.
Eating for humans seems to take place consisting of three general square meals a day, occurring at breakfast, lunch, and dinner. When you mention that something ate something else, you can embellish the phrasing by stating which meal of the day the act took place.
Therefore, we can state this: Culture eats strategy for breakfast.
Realize that without including the part about being “organizational” there is a bit of added generalization taking place. Anyone reading the line might assume that culture of any sort will always be eating a strategy of any kind, pushing us far beyond the boundaries of thinking about companies and how they operate. Whether this broader general case is applicable can be up for heated debate.
So, as more fully elaborated in this instance: Organizational culture eats organizational strategy for breakfast.
The nice thing about adding the time of day to the eating process is that you can then try to do a one-upmanship of the line. You can state that Y eats X for breakfast, while Z eats Y for lunch. Voila, Z is now the top line of the predatory scale.
To see how this works, assign “culture” to Y, assign “strategy” to X, and assign “power” to Z. Envision that we were to state that culture eats strategy for breakfast, and then we could try to do a grandiose topper by claiming that power eats culture for lunch. Boom, we just created a catchy phrase. Exciting!
But Z had better watch out since there is the chance that S eats Z for dinner (whatever you wish to assign to S, you are welcome to do so).
Do you see how that progression can be handy?
Though this might seem like somewhat cynical posturing about the mealtime aspects, please know that the mealtime does cleverly amplify the already meaningful expression. We relish those simplistic sayings that have a kernel of truth and can spoon-feed us with catchy wording.
Indeed, I have a new one for you: Culture eats AI self-driving cars for lunch.
Okay, I admit that this is once again a leveraging of the culture eating sage advice, but I assure you that it rings true and provides yet another hearty and memorable indicator of what we need to be watching out for. And in this case, I’m referring to societal culture rather than organizational culture, plus I’ve chosen the mealtime of lunch rather than breakfast or dinner (I’ll explain why, shortly).
Before we can jump directly into the gist of this powerful message, it is important to ensure we are all on the same page about my reference to AI self-driving cars.
The future of cars consists of AI-based true self-driving cars. There isn’t a human driver involved in a true self-driving car. Keep in mind that true self-driving cars are driven via an AI driving system. There isn’t a need for a human driver at the wheel, and nor is there a provision for a human to drive the vehicle. For my extensive and ongoing coverage of Autonomous Vehicles (AVs) and especially self-driving cars, see the link here.
Here’s an intriguing question that is worth pondering: How will today’s societal culture be a means of shaping the advent of AI-based true self-driving cars?
Understanding The Levels Of Self-Driving Cars
As further clarification, true self-driving cars are ones that the AI drives the car entirely on its own and there isn’t any human assistance during the driving task.
These driverless vehicles are considered Level 4 and Level 5 (see my explanation at this link here), while a car that requires a human driver to co-share the driving effort is usually considered at Level 2 or Level 3. The cars that co-share the driving task are described as being semi-autonomous, and typically contain a variety of automated add-on’s that are referred to as ADAS (Advanced Driver-Assistance Systems).
There is not yet a true self-driving car at Level 5, which we don’t yet even know if this will be possible to achieve, and nor how long it will take to get there.
Meanwhile, the Level 4 efforts are gradually trying to get some traction by undergoing very narrow and selective public roadway trials, though there is controversy over whether this testing should be allowed per se (we are all life-or-death guinea pigs in an experiment taking place on our highways and byways, some contend, see my coverage at this link here).
Since semi-autonomous cars require a human driver, the adoption of those types of cars won’t be markedly different than driving conventional vehicles, so there’s not much new per se to cover about them on this topic (though, as you’ll see in a moment, the points next made are generally applicable).
For semi-autonomous cars, it is important that the public needs to be forewarned about a disturbing aspect that’s been arising lately, namely that despite those human drivers that keep posting videos of themselves falling asleep at the wheel of a Level 2 or Level 3 car, we all need to avoid being misled into believing that the driver can take away their attention from the driving task while driving a semi-autonomous car.
You are the responsible party for the driving actions of the vehicle, regardless of how much automation might be tossed into a Level 2 or Level 3.
Self-Driving Cars And Culture On Top
For Level 4 and Level 5 true self-driving vehicles, there won’t be a human driver involved in the driving task.
All occupants will be passengers.
The AI is doing the driving.
One aspect to immediately discuss entails the fact that the AI involved in today’s AI driving systems is not sentient. In other words, the AI is altogether a collective of computer-based programming and algorithms, and most assuredly not able to reason in the same manner that humans can.
Why this added emphasis about the AI not being sentient?
Because I want to underscore that when discussing the role of the AI driving system, I am not ascribing human qualities to the AI. Please be aware that there is an ongoing and dangerous tendency these days to anthropomorphize AI. In essence, people are assigning human-like sentience to today’s AI, despite the undeniable and inarguable fact that no such AI exists as yet.
With that clarification, you can envision that the AI driving system won’t natively somehow “know” about the facets of driving. Driving and all that it entails will need to be programmed as part of the hardware and software of the self-driving car.
Let’s dive into the myriad of aspects that come to play on this topic.
The core premise that we want to examine is that culture purportedly eats AI self-driving cars for lunch.
First, what does that exactly mean?
Returning to the earlier discussion that provided some definitional fundamentals, when culture “eats” something there is an implied indication that culture is interceding in whatever that thing is. More so, culture will rule or win the day when it comes to whether that something will succeed or falter.
In this instance, the implied general assertion is that society and its cultural norms will bear heavily upon the advent of AI self-driving cars. The bearing will be so strong and persistent that the outcome of achieving self-driving cars might be determined by the pressures of culture.
This is somewhat surprising to some. If your attention is riveted solely on the technological elements of self-driving cars, you might fail to see that the cultural elements surrounding the fielding and use of self-driving cars are a huge determiner in whether self-driving cars are going to be accepted on our public roadways.
A classic technoid viewpoint of the world is that you can simply toss your technological creations into the midst of everyone and see how things perchance go. Fail fast, that’s the touted mantra. The problem with this kind of witticism is that it utterly fails to gauge human reaction to technological innovations. Time and again, there are plenty of cases whereby technological wizardry was foisted upon the public and the reaction either dented the adoption or perilously undercut and nearly eviscerated any future potential for the presumed breakthrough.
Numerous possible paths are entailing how culture is potentially going to eat AI self-driving cars.
We begin with the proverbial 600-pound gorilla which is the nature of safety as it pertains to the use of self-driving cars. This serves in exploring the intertwining of cultural perceptions of safety pertaining to cars and correspondingly the perceptions about such safety as associated with the emergence of true self-driving cars.
In the United States alone, via today’s conventional human-driven cars there are about 6.7 million car crashes annually (that is a count based on reported crashes, so there are likely a lot more crashes if you were to include unreported crashes too). Sadly, those abysmal crashes annually produce about 2.5 million injuries and approximately 40,000 fatalities. For more coverage on those kinds of driving-related statistics, see my discussion at this link here.
I bring up the existing litany of car crashes to try and ferret out the meaning of safety when it comes to driving a car.
One means to define safety is based on the existing “default standard” as accepted by society and our culture of today, per the numbers just highlighted. Presumably, if you can attain a lower number of car crashes, or a lower number of injuries, or a lower number of fatalities, you could contend that the driving circumstances are safer than they once were.
As an aside, this is a bit loosey-goosey because we would likely want to also include the number of miles driven. Rather than concentrating on the counts per se, we ought to even out the playing field by calculating ratios of the number of car crashes per the number of miles being driven. Likewise, we would want to compute the number of injuries per mile driven and the number of fatalities per mile driven. I say this because otherwise, you could potentially and easily trick the numbers by simply restricting how many miles can be driven, getting a hefty reduction in the foulness but cheating somewhat by that mathematical mischief.
Right now, how many car crashes and corresponding injuries and fatalities are we as a society willing to tolerate when it comes to true self-driving cars?
It would seem that we ought to be willing to accept some semblance of sizable counts, as long as those counts appeared to be lessening the counts (or ratios) associated with human-driven cars. In essence, we would rationally be willing to exchange human-driven cars for self-driving cars by the very logical thinking that we are stridently going to be reducing the number of injuries and fatalities related to cars of today, assuming that is indeed the case.
But that seems to be an unlikely sentiment as expressed by existing culture.
Some claim that any crashes by self-driving cars are not to be allowed, never ever. Meanwhile, some pundits and vendors are going around and recklessly touting that self-driving cars will be uncrashable (see my debunking of this terrible myth, at this link here). All of this is fueling a perception that the number of car crashes that society will tolerate in the case of self-driving cars is zero.
That’s unfortunate.
There is a zero chance of attaining zero car crashes involving self-driving cars.
We are going to have car crashes that encompass self-driving cars. As a quick example, consider that a self-driving car is coming down a street and a child suddenly darts into the middle of the street. The physics of the situation is going to come to the forefront. Even if the AI driving system immediately detects the child and slams on the brakes, the distances and timing are going to overtake any viable driving actions. I’ve covered these types of scenarios in many of my columns, so I won’t continue herein to further expound on it.
The point overall is that our cultural predilections or societal perspective about what constitutes safety as it relates to driving are going to overtake the efforts of crafting and fielding true self-driving cars. If we only are willing to accept zero crashes as the safety metric for driverless cars, you might as well turn off the lights and send everyone home that is embarking upon devising them.
Thus, culture eats AI self-driving cars.
Conclusion
There are more twists and turns on this topic.
For example, one hope is that self-driving cars will bring forth an era of mobility-for-all.
The idea is that those in society that today are mobility disadvantaged will finally have an opportunity to make use of cars as a mode of travel. The presumption is that the cost of the use of self-driving cars will be a lot less than the comparable cost of utilizing human-driven cars (partially due to the excising of the labor component involved in driving). This will open widely the use of automotive transportation and we’ll see a boon in vehicular travel as a result of self-driving car pervasiveness.
Suppose though that the pricing for the use of self-driving cars is somehow exorbitant. I’ve analyzed the claims by some that self-driving cars might be extraordinarily expensive and thus only the rich and famous will have access to these autonomous vehicles, see the link here.
Contemplate what society and our culture would do if it turned out that self-driving cars were only available to those with grand wealth. I’ll let you ponder that one. I think it would be fair to assume that culture would end up eating self-driving cars in that somewhat glum scenario.
As a final word, for now, there is something else about these types of sage credos that is worth giving a modicum of attention to. You can usually reverse them and discover equally enlightening insights.
Let’s try that.
Going with the commonplace version of culture eats strategy, we can try reversing this saying and claim that strategy eats culture. How so? Well, if you prepare your corporate strategy wisely, it would presumably encompass how to shift the organizational culture to aid in attaining the corporate strategy being proffered. By anticipating the role of culture, you could overtake the overtaking that otherwise by a failure of omission potentially might occur.
The prey becomes the predator if you will.
This makes indubitable sense.
We can give it go with the topic of self-driving cars too. Perhaps true self-driving cars will eat culture. In essence, the advent of self-driving cars might shift our cultural norms and cause us to collectively rethink the nature of cars and our beliefs about automotive travel.
The initial thinking was this: Culture eats AI self-driving cars for lunch.
But maybe we can also imagine this: AI self-driving cars eat culture for dinner.
Well, all this talk about eating has made me hungry, so I’m off to get a bite to eat. While dining, I’ll be giving more thought to this whole cultural thingamabob and the emergence of self-driving cars, and perhaps you might find it handy to do so during your next breakfast, lunch, or dinner.
Bon appétit!
Dr. Lance B. Eliot is a world-renowned expert on Artificial Intelligence (AI) with over 3.8+ million amassed views of his AI columns. As a seasoned executive and
…Dr. Lance B. Eliot is a world-renowned expert on Artificial Intelligence (AI) with over 3.8+ million amassed views of his AI columns. As a seasoned executive and high-tech entrepreneur, he combines practical industry experience with deep academic research and serves as a Stanford Fellow at Stanford University. Formerly a professor at USC and UCLA, and head of a pioneering AI Lab, he frequently speaks at major AI industry events. Author of over 50 books, 500 articles, and 250 podcasts, he has made appearances on media outlets such as CNN and co-hosted the popular radio show Technotrends. He's been an adviser to Congress and other legislative bodies and has received numerous awards/honors. He serves on several boards, has worked as a Venture Capitalist, an angel investor, and a mentor to founder entrepreneurs and startups.",Forbes
https://www.forbes.com/sites/qai/2021/07/15/ai-identifies-amyris-inc-among-todays-top-shorts/,2021-07-15,AI Identifies Amyris Inc Among Today’s Top Shorts,"Thursday marked a lower day on Wall Street with all three indices trading in the red, albeit slightly. Financials were trading lower on the back of some pretty strong earnings reports, with Morgan Stanley reporting an excellent beat this morning, yet the shares are trading lower. The 10-year Treasury yield is a major reason here, as it shed a few points to yield only 1.326% as of this morning, much lower than the 1.7% yields back in March of this year. It is possible the great reopening trade is losing steam as a surge in variants and lack of global access to vaccines may prolong the pandemic for the foreseeable future. A big drop out of Netflix this morning, as they announced they are entering into the streaming gaming space, something that Alphabet has tried to accomplish with its Stadia game streaming system, which has largely flopped, so far. If you’re looking for a way to play this market, the deep learning algorithms at Q.ai have crunched the data to give you a set of Top Shorts. Our Artificial Intelligence (“AI”) systems assessed each firm on parameters of Technicals, Growth, Low Volatility Momentum, and Quality Value to find the best short plays.
Sign up for the free Forbes AI Investor newsletter here to join an exclusive AI investing community and get premium investing ideas before markets open.
Carvana Co (CVNA)
Carvana Co is our first Top Short today. Carvana is an e-commerce platform for buying and selling used cars. The company derives revenue from used vehicle sales, wholesale vehicle sales and other sales and revenues. Our AI systems rated the company C in Technicals, F in Growth, F in Low Volatility Momentum, and F in Quality Value. The stock closed down 2.67% to $314.43 on volume of 1,854,163 vs its 10-day price average of $316.26 and its 22-day price average of $305.22, and is up 33.08% for the year. Revenue grew by 20.53% in the last fiscal year and grew by 244.35% over the last three fiscal years, Operating income grew by -23.77% in the last fiscal year, while EPS grew by -22.3% over the last three fiscal years. Revenue was $5586.56M in the last fiscal year compared to $1955.47M three years ago, Operating Income was $(332.4)M in the last fiscal year compared to $(220.73)M three years ago, EPS was $(2.63) in the last fiscal year compared to $(2.03) three years ago, and ROE was (93.05%) in the last year, compared to (100.05%) three years ago. Forward 12M Revenue is also expected to grow by 6.75% over the next 12 months.
Plug Power Inc (PLUG)
Plug Power Inc is second on our list of Top Shorts today. The company is an innovator of modern hydrogen and fuel cell technology. It has revolutionized the material handling industry with its full-service GenKey solution, which is designed to increase productivity, lower operating costs and reduce carbon footprints in a reliable and cost-effective way. Our AI systems rated Plug C in Technicals, F in Growth, F in Low Volatility Momentum, and F in Quality Value. The stock closed down 4.6% to $26.54 on volume of 23,195,930 vs its 10-day price average of $30.56 and its 22-day price average of $31.12, and is down 17.5% for the year. Revenue grew by -33.4% in the last fiscal year while EPS grew by -9.39% in the last fiscal year. Revenue was $-93.24M in the last fiscal year compared to $174.22M three years ago, Operating Income was $(576.61)M in the last fiscal year compared to $(76.44)M three years ago, EPS was $(1.68) in the last fiscal year compared to $(0.39) three years ago, and ROE was (74.61%) in the last year compared to (157.5%) three years ago. Forward 12M Revenue is also expected to grow by 9.18% over the next 12 months.
Amyris Inc (AMRS)
Our next Top Short is Amyris Inc. Amyris is an industrial biotechnology company. Our AI systems rated the company C in Technicals, F in Growth, D in Low Volatility Momentum, and D in Quality Value. The stock closed down 3.18% to $13.7 on volume of 2,279,435 vs its 10-day price average of $15.54 and its 22-day price average of $15.87, and is up 95.16% for the year. Revenue grew by 85.32% in the last fiscal year and by 404.47% over the last three fiscal years, Operating income grew by -101.07% in the last fiscal year and by -101.0% over the last three fiscal years, and EPS grew by -31.64% in the last three fiscal years. Revenue was $173.14M in the last fiscal year compared to $63.6M three years ago, Operating Income was $(123.42)M in the last fiscal year compared to $(132.72)M three years ago, EPS was $(1.88) in the last fiscal year compared to $(3.69) three years ago.
Blink Charging Co (BLNK)
Blink Charging Co is the fourth Top Short today. Blink is an owner, operator, and provider of electric vehicle charging services. Our AI systems rated the company C in Technicals, F in Growth, F in Low Volatility Momentum, and D in Quality Value. The stock closed down 5.84% to $31.12 on volume of 1,783,683 vs its 10-day price average of $36.07 and its 22-day price average of $38.54, and is down 17.02% for the year. Revenue grew by 14.98% in the last fiscal year, and grew by 166.67% over the last three fiscal years, while EPS grew by -49.11% over the last three fiscal years. Revenue was $6.23M in the last fiscal year compared to $2.69M three years ago, Operating Income was $(17.39)M in the last fiscal year compared to $(11.61)M three years ago, EPS was $(0.59) in the last fiscal year compared to $(1.3) three years ago, and ROE was (103.16%) in the last year. Forward 12M Revenue is expected to grow by 25.93% over the next 12 months.
Livent Corp (LTHM)
Livent Corp is our final Top Short today. The company is a pure-play lithium producer formed when FMC spun off its lithium business in October 2018. Our AI systems rated Livent F in Technicals, D in Growth, D in Low Volatility Momentum, and F in Quality Value. The stock closed down 1.21% to $19.63 on volume of 4,102,504 vs its 10-day price average of $19.58 and its 22-day price average of $18.77, and is up 4.53% for the year. Revenue grew by 8.05% in the last fiscal year and EPS grew by -5.85% in the last fiscal year. Revenue was $288.2M in the last fiscal year compared to $442.5M three years ago, Operating Income was $(10.8)M in the last fiscal year compared to $165.7M three years ago, EPS was $(0.13) in the last fiscal year compared to $0.99 three years ago, and ROE was (3.41%) in the last year compared to 28.94% three years ago. Forward 12M Revenue is also expected to grow by 2.87%% over the next 12 months and the stock is trading with a forward 12M P/E of 117.76.
Liked what you read? Sign up for our free Forbes AI Investor Newsletter here to get AI driven investing ideas weekly. For a limited time, subscribers can join an exclusive slack group to get these ideas before markets open.
Source: S&P Global Market Intelligence
Q.ai, a Forbes Company, formerly known as Quantalytics and Quantamize, uses advanced forms of quantitative techniques and artificial intelligence to generate investment
…Q.ai, a Forbes Company, formerly known as Quantalytics and Quantamize, uses advanced forms of quantitative techniques and artificial intelligence to generate investment recommendations across all asset classes. When it comes to money, no one should have to settle. We make investing less intimidating, more accessible and a lot of fun for everyone. That’s investing, reimagined.",Forbes
https://www.forbes.com/sites/qai/2021/07/15/jabil-inc-ranked-among-todays-top-buys/,2021-07-15,Jabil Inc Ranked Among Today’s Top Buys,"Markets opened in the red slightly today, with the Dow, S&P 500, and Nasdaq all trading lower. A multitude of earnings reports have been coming in this week, with major financials all posting excellent results. The latest was Morgan Stanley, topping analyst expectations, however, the stock was lower in early trading. Those minuscule Treasury Yields might have something to do with it as, despite the financials sector looking strong from an earnings standpoint, the outlook for yields is not strong at this point. Initial jobless claims also came in at 360,000 this morning, which marked a new low for the pandemic riddled jobs market, which matched economist expectations. Today marks the second day that Federal Reserve Chairman Jay Powell will be speaking in front of Congress after he noted there wouldn’t be a rollback in easy policies anytime soon, but that they would act in the face of increased inflation if necessary. We will see if these extremely elevated inflation readings are indeed transitory, or if they are here to stay. The deep learning algorithms at Q.ai have crunched the data to give you a set of Top Buys. Our Artificial Intelligence (“AI”) systems assessed each firm on parameters of Technicals, Growth, Low Volatility Momentum, and Quality Value to find the best Top Buys.
Sign up for the free Forbes AI Investor newsletter here to join an exclusive AI investing community and get premium investing ideas before markets open.
Asgn Inc (ASGN)
Asgn Inc is today’s first Top Buy. The company is a global provider of skilled professional staffing in the technology, life sciences, and creative fields across commercial and government sectors. Operating in three segments, the company offers contract, contract-to-hire, and direct-hire services. Our AI systems rated the company C in Technicals, C in Growth, A in Low Volatility Momentum, and A in Quality Value. The stock closed up 0.62% to $97.12 on volume of 170,706 vs its 10-day price average of $95.74 and its 22-day price average of $96.93, and is up 20.56% for the year. Revenue grew by 0.89% in the last fiscal year and grew by 17.24% over the last three fiscal years, Operating Income grew by 1.26% in the last fiscal year and grew by 15.47% over the last three fiscal years, while EPS grew by 2.38% in the last fiscal year and grew by 29.18% over the last three fiscal years. Revenue was $3950.6M in the last fiscal year compared to $3399.8M three years ago. Operating Income was $310.4M in the last fiscal year compared to $272.2M three years ago, and EPS was $3.76 in the last fiscal year compared to $2.98 three years ago. ROE was 13.52% in the last year versus 14.54% three years ago. Forward 12M Revenue is expected to grow by 2.51% over the next 12 months and the stock is trading with a Forward 12M P/E of 19.53.
Jabil Inc (JBL)
Jabil Inc is our second Top Buy today. Jabil is a United States-based company engaged in providing manufacturing services and solutions. Our AI systems rated the company C in Technicals, B in Growth, C in Low Volatility Momentum, and A in Quality Value. The stock closed down 0.07% to $57.04 on volume of 946,086 vs its 10-day price average of $57.55 and its 22-day price average of $57.34, and is up 35.26% for the year. Revenue grew by 7.0% in the last fiscal year and grew by 32.04% over the last three fiscal years, Operating Income grew by 54.88% in the last fiscal year and grew by 91.56% over the last three fiscal years, while EPS grew by 979.57% in the last fiscal year and grew by 671.12% over the last three fiscal years. Revenue was $27266.44M in the last fiscal year compared to $22095.42M three years ago, Operating Income was $736.75M in the last fiscal year compared to $595.67M three years ago, whileEPS was $0.35 in the last fiscal year compared and compares to $0.49 three years ago. ROE was 3.05% in the last year versus 4.04% three years ago. Forward 12M Revenue is expected to grow by 4.47% over the next 12 months and the stock is trading with a Forward 12M P/E of 9.74.
Insight Enterprises Inc (NSIT)
Insight Enterprises Inc is our third Top Buy today. The company is a Fortune 500 global IT provider primarily engaged in helping businesses of all sizes, large enterprises, governments, schools, and health care organizations. Our AI systems rated the company B in Technicals, C in Growth, B in Low Volatility Momentum, and A in Quality Value. The stock closed up 0.05% to $96.97 on volume of 169,798 vs its 10-day price average of $98.89 and its 22-day price average of $100.02, and is up 28.81% for the year. Revenue grew by 0.59% in the last fiscal year and grew by 18.49% over the last three fiscal years, Operating Income grew by 1.33% in the last fiscal year and grew by 22.26% over the last three fiscal years, while EPS grew by 4.69% in the last fiscal year and grew by 12.05% over the last three fiscal years. Revenue was $8340.58M in the last fiscal year compared to $7080.14M three years ago, Operating Income was $286.18M in the last fiscal year compared $237.19M three years ago, while EPS was $4.87 in the last fiscal year compared to $4.55 three years ago. ROE was 13.8% in the last year versus 17.88% three years ago. Forward 12M Revenue is expected to grow by 1.04% over the next 12 months and the stock is trading with a Forward 12M P/E of 13.84.
Ubiquiti Inc (UI)
Ubiquiti Inc is our fourth Top Buy today. The company is a wireless and wireline network equipment provider for small Internet service providers and small- and midsized-business integrators. Our AI systems rated the company B in Technicals, B in Growth, C in Low Volatility Momentum, and B in Quality Value. The stock closed down 0.49% to $301.84 on volume of 47,841 vs its 10-day price average of $306.86 and its 22-day price average of $307.72, and is up 11.48% for the year. Revenue grew by 35.13% in the last fiscal year and grew by 70.69% over the last three fiscal years, Operating Income grew by 41.75% in the last fiscal year and grew by 107.85% over the last three fiscal years, while EPS grew by 51.08% in the last fiscal year and grew by 249.11% over the last three fiscal years. Revenue was $1284.5M in the last fiscal year compared to $1016.86M three years ago, Operating Income was $478.2M in the last fiscal year compared to $326.13M three years ago, and EPS was $5.8 in the last fiscal year compared to $2.51 three years ago. ROE was 42.79% three years ago and the stock is trading with a Forward 12M P/E of 34.09.
Werner Enterprises Inc (WERN)
Werner Enterprises Inc is our fifth and final Top Buy today. The company ranks among the top five full-truckload carriers by revenue, with a fleet of more than 7,800 tractors, including owner-operators. Our AI systems rated the company D in Technicals, B in Growth, A in Low Volatility Momentum, and C in Quality Value. The stock closed up 1.6% to $45.79 on volume of 817,951 vs its 10-day price average of $44.68 and its 22-day price average of $44.47, and is up 18.02% for the year. Revenue grew by 1.0% in the last fiscal year, Operating Income grew by 9.69% in the last fiscal year and grew by 26.94% over the last three fiscal years, while EPS grew by 14.4% in the last fiscal year and grew by 19.8% over the last three fiscal years. Revenue was $2372.18M in the last fiscal year compared to $2457.91M three years ago, Operating Income was $230.67M in the last fiscal year compared to $199.32M three years ago, while EPS was $2.44 in the last fiscal year compared to $2.33 three years ago. ROE was 14.66% in the last year versus 13.73% three years ago. Forward 12M Revenue is expected to grow by 2.23% over the next 12 months and the stock is trading with a Forward 12M P/E of 12.68.
Liked what you read? Sign up for our free Forbes AI Investor Newsletter here to get AI-driven investing ideas weekly. For a limited time, subscribers can join an exclusive slack group to get these ideas before markets open.
Source: S&P Global Market Intelligence
Q.ai, a Forbes Company, formerly known as Quantalytics and Quantamize, uses advanced forms of quantitative techniques and artificial intelligence to generate investment
…Q.ai, a Forbes Company, formerly known as Quantalytics and Quantamize, uses advanced forms of quantitative techniques and artificial intelligence to generate investment recommendations across all asset classes. When it comes to money, no one should have to settle. We make investing less intimidating, more accessible and a lot of fun for everyone. That’s investing, reimagined.",Forbes
https://www.forbes.com/sites/qai/2021/07/15/microsoft-corporation-ranked-among-todays-trending-stocks/,2021-07-15,Microsoft Corporation Ranked Among Today’s Trending Stocks,"The second week of July kicked off the first major reports as we swing into earnings season, with JPMorgan Chase, Goldman Sachs, and PepsiCo all reporting significant growth that outpaced Wall Street estimates.
But in the rest of the market, news was rather mixed after the Labor Department reported that inflation is rising at its fastest pace in nearly 13 years.
Thanks to skyrocketing prices in largely pandemic-affected markets such as used vehicles, food, energy, and transportation, the June consumer price index jumped an astonishing 0.9%. Year-over-year, that comes out to a 5.4% increase in headline CPI as supply-chain bottlenecks, high demand, and an abysmal prior year by comparison jack up a reopening economy. A superheated housing market is doing nothing to quell the economic surge.
That said, it’s a great time to be many of today’s trending stocks after the week opened with all three major indices once again soaring to record highs – despite rumbling undertones of inflation worries in the Fed and the broader markets.
Q.ai runs daily factor models to get the most up-to-date reading on stocks and ETFs. Our deep-learning algorithms use Artificial Intelligence (AI) technology to provide an in-depth, intelligence-based look at a company – so you don’t have to do the digging yourself.
Sign up for the free Forbes AI Investor newsletter here to join an exclusive AI investing community and get premium investing ideas before markets open.
Microsoft Corporation (MSFT)
Microsoft Corporation closed up 1.3% to $280.98 per share on Tuesday on volume over 26.1 million trades. The stock is up 26.3% for the year and well over the 22-day average of $268.66. Currently, Microsoft Corporation is trading over 35x forward earnings.
Microsoft is trending this week after its rollout of Windows 365. This new service gives organizations’ employees access to a virtual, cloud-based PC running Windows operating system – even if they’re running non-Windows devices, such as Apple or Android PCs or tablets. The system runs on Microsoft’s Azure Virtual Desktop (formerly Windows Virtual Desktop), which surged in popularity during the pandemic.
This news comes after the Department of Defense last week cancelled Microsoft’s $10 billion cloud contract – a contract that has been at the heart of a legal battle between Amazon and Microsoft since it was awarded. Instead, the Pentagon is launching a new multivendor cloud computing contract and accepting proposals from Microsoft, Amazon, and likely outside bidders in the coming weeks.
In the last fiscal year, Microsoft’s revenue ballooned to $143 billion, coming in a hefty 45% above the $110 billion seen three years prior. Meanwhile, operating income soared 83% to $53 billion compared to just $35 billion, and per-share earnings leapt nearly 245% to $5.76 in the last fiscal year compared to $2.13 three years ago. In the same period, return on equity surged over double to 40%.
At this time, Microsoft is expected to see around 8.7% revenue growth in the next 12 months. Our AI rates this investment prospect positively overall, with As in Low Volatility Momentum and Quality Value and Bs in Technicals and Growth.
Delta Air Lines (DAL)
Delta Air Lines plummeted 3.6% to $41.33 per share by Tuesday’s close, ending the day with 14.6 million trades on the books. The stock is up 2.8% for the year, though trending below the 22-day average of $44 and change. Delta Air Lines is trading at 16.7x forward earnings.
Delta is trending this week after the company released its Q2 earnings on Wednesday and posted its first quarterly profit since 2019 (coming in at $652 million) thanks to federal payroll aid. Delta also reported revenue of $7.13 billion and an adjusted EPS loss of $1.07 after stripping out the $1.5 billion it received in federal payroll aid.
Moreover, Delta management noted that it expects to be profitable in the latter half of the year without aid – though Q3 revenue may still 30-35% from 2019 levels. The airliner credits future potential earnings to steadily increasing domestic leisure and corporate travel bookings.
Still, Delta has a long way to climb before its balance sheet returns to anything approaching “normal.” In the last three fiscal years, the company’s revenue plunged from $44.4 billion to just $17.1 billion, even as operating income soared from $5.5 billion to $9.2 billion. Per-share earnings and ROE both skyrocketed as well, coming in at $19.49 and 147%, respectively.
Currently, Delta Air Lines is expected to see forward 12-month revenue growth around 29.3%. Our AI rates the company poorly overall: D in Technicals and F in Growth, Low Volatility Momentum, and Quality Value.
The Boeing Company (BA)
The Boeing Company plunged 4.2% Tuesday to $228.20 per share on the back of 21 million trades, ending the day more than $12 below the 22-day price average. The stock remains up around 6% for the year as it trades around 166x forward earnings.
Boeing’s sudden drop came after the aircraft maker announced that it’s slashing delivery targets for its undelivered 787 Dreamliner jets to less than half of those already produced but still on the lot. The company is also temporarily shifting production below its current rate of five planes per month after the U.S. Federal Aviation Administration noted unacceptable defects around the forward pressure bulkhead of some of its wide-body jets.
This bad news comes after the struggling plane manufacturer reported last month that it would deliver the “lion’s share” of roughly 100 Dreamliners still in its inventory. At the time, Boeing had just received FAA clearance to begin fixing electrical defects in another line of aircraft, the oft-embattled 777 MAX.
Good news couldn’t come soon enough for this grounded aircraft manufacturer, as the company’s revenue has been kneecapped to just $58 billion in the last fiscal year compared $101 billion three years prior. Operating income has suffered as well, dropping from $11.8 billion to $8.66 billion – though per-share earnings jumped from $17.85 to $20.88 in the same period.
Still, Boeing is expected to see 7.5% revenue growth in the next 12 months. At this time, our AI rates this company C in Growth, D in Technicals, and F in Low Volatility Momentum and Quality Value.
Mastercard, Inc (MA)
Mastercard, Inc jumped 2.2% on Tuesday to $383.71 per share, closing out the day with 5.16 million trades on the books. The stock is up 8% for the year and trading over 45x forward earnings after climbing over $7 per share again on Wednesday.
Mastercard made our trending list just yesterday after the credit card giant announced a new partnership with Verizon to accelerate 5G contactless payment innovation. The end goal of the collaboration is to bring customers and small- to medium-sized businesses the same opportunities that companies such as Amazon Go already enjoy.
Unfortunately, Mastercard made our trending lists again for a different reason entirely: an indefinite, country-wide ban on new domestic credit and debit lines, courtesy of the Reserve Bank of India. The ban is the latest move from India in a battle over 2018-enacted data storage rules, which states that payment data must be stored on servers exclusively located in India to provide regulators “unfettered supervisory access” to transaction details.
And while the ban won’t affect current India-based Mastercard customers, the company will feel the effects going forward as it’s cut off from growth in one of its key markets.
In the last fiscal year, Mastercard’s revenue has grown around 3.3% to $15.3 billion compared to $14.95 billion three years prior. Operating income has slipped from $8.4 billion to $8.16 billion in the same period, while per-share earnings jumped 16% to $6.37 from $5.60. Meanwhile, return on equity fell from 106% to 102.5%.
Currently, Mastercard is expected to see forward 12-month revenue growth around 4.8%. Our AI rates this card giant just above average, with Bs in Low Volatility Momentum and Quality Value and Cs in Technicals and Growth.
Wells Fargo & Company (WFC)
Wells Fargo & Company nicked down 2.1% on Tuesday, trading 25.4 million shares down to a final price of $43.23. The stock is up 43.2% for the year and trading at 13x forward earnings.
Wells Fargo is trending this week thanks to its Wednesday Q2 earnings report that topped Wall Street expectations – despite a moratorium on increasing their balance sheet beyond the $2 trillion asset cap set by the Federal Reserve way back in 2018. The beleaguered banking giant reported $20.27 billion in revenue and an adjusted EPS of $1.38.
That said, CEO Charlie Scharf noted in a press release that “the headwinds of low interest rates and tepid loan demand remains” in the face of its considerable earnings. Moreover, Wells Fargo made the controversial decision last week to shutter all personal lines of credit to focus on credit cards and personal loans instead.
Over the last three fiscal years, Wells Fargo’s revenue has plunged from $84.7 billion to just over $58.3 billion. Operating income plummeted to less than 10% of its three-year-ago profit, coming in at just $2.1 billion compared to $28.5 billion. And per-share earnings have fallen drastically from $4.28 to $0.41, while return on equity bottomed out at 1.9% against 11.3%.
All told, Wells Fargo is currently rated poorly by our AI, with a B in Low Volatility Momentum and Ds in Technicals, Growth, and Quality Value.
Liked what you read? Sign up for our free Forbes AI Investor Newsletter here to get AI driven investing ideas weekly. For a limited time, subscribers can join an exclusive slack group to get these ideas before markets open.
Source: S&P Global Market Intelligence
Q.ai, a Forbes Company, formerly known as Quantalytics and Quantamize, uses advanced forms of quantitative techniques and artificial intelligence to generate investment
…Q.ai, a Forbes Company, formerly known as Quantalytics and Quantamize, uses advanced forms of quantitative techniques and artificial intelligence to generate investment recommendations across all asset classes. When it comes to money, no one should have to settle. We make investing less intimidating, more accessible and a lot of fun for everyone. That’s investing, reimagined.",Forbes
https://www.forbes.com/sites/helenleebouygues/2021/07/15/what-happens-when-robots-make-fake-news/,2021-07-15,What Happens When Robots Make Fake News?,"Through automation and the use of Artificial Intelligence, our ability to understand complex subjects and apply ourselves as journalists is rapidly diminishing. As AI software is refined, media literacy becomes increasingly complex.
We must be able to detect and recognize the techniques used by the AI to generate news and what is being produced to satisfy what we may see as the desire of powerful social and political actors. This may pose a danger to society, especially to the disadvantaged.
I didn’t write the previous two paragraphs. They were written by a bot, an AI program that uses natural language processing and machine learning to generate prose. I gave the bot a topic, a few sentences to get started, and it “wrote” a whole blog post. I just sampled one section of the resulting article.
Writing created by artificial intelligence and machine learning has dramatically improved in quality and adoption over the last few years. Such robot-generated text is now used in newsrooms around the globe as well as by companies looking to generate content quickly and cheaply. Worse, these tools are being used by those creating fake news as well.
Does this software, as the AI itself seems to be telling us, “pose a danger to society?” I think it does. The modern world runs on truth and good faith. Robots have neither, and the AI-generated text is yet more evidence of the need for far more media literacy.
Known as GPT-3, the technology has some limitations. Tolstoy it is not. In the sample paragraph, “how AI works, how it functions” is oddly repetitive, for example. The word choice is slightly off throughout, and the phrasing in the third sentence is a mess. But despite the syntactical awkwardness and heavy use of cliché, the text is somewhat convincing.
Bloomberg and the Associated Press adopted such tools early on to produce articles in specialized areas, where producing human-written journalism would be too laborious and expensive. Economist editor Kenn Cukier said of the new technology: “We didn't cling to the quill in the age of the typewriter, so we shouldn’t resist this either. It’s a scale play serving niche markets that wouldn't be cost-effective to reach otherwise.”
Automated journalism has grown over time and is particularly successful in numbers-heavy fields, where it can translate raw data, like the stats from a baseball game or the performance of a group of stocks, into short, cogent stories. Others have used such tools to produce marketing copy for brochures and websites.
Researchers cite a number of potential problems with automated text, especially if it is used for more complex topics. Good writers don’t just list facts; they interpret them, make decisions about which ones are important, and provide relevant context. There are dangers that automated news will lack such context, reproduce bias, and mislead readers.
The greater danger is AI-generated fake content. Recent years have, of course, already shown how much damage false and misleading news stories can have on public discourse and democratic processes. Artificially generated content can be an enormously productive tool for propagandists and spreaders of disinformation. The developers of GPT-3 even withheld access to an earlier version of the technology initially, amid fears that it would be misused.
The wider adoption of AI tools among bad actors will pose serious challenges to online platforms, governments, and news consumers. The danger is not just specific fake news stories will spread, but that they will further degrade the information ecosystem and erode trust in journalism and media, which is already experiencing a serious crisis of trust.
Faced with a confusing media environment, more people may fall prey to fake news, but still more may simply throw their hands in the air and give up, judging the whole media landscape untrustworthy. Authoritarian and illiberal leaders thrive on this kind of confusion, exhaustion, and skepticism. They can fuel the desire for the scapegoating, divisiveness, and simple solutions that authoritarians capitalize on.
What can be done? Social media companies and other developers will likely build tools to detect AI-generated content. But these can’t be the only solution. For one thing, it’s hard to detect fake writing, and the AI tools themselves will likely stay one step ahead.
The solution must be more holistic, involving both measures to improve the information ecosystem and to improve the general public’s ability to navigate it. With respect to the former, that means social media platforms and journalists must find ways to foreground factual and useful information and downgrade disinformation and sensationalistic opinion, without encroaching on the freedom of speech.
But even with the best policies and practices in place, the information environment is only going to get more complicated. More needs to be done to equip people, beginning at a young age, with the critical thinking and media literacy skills to navigate this environment. Explicit instruction in media literacy is important. But the nation must also recommit to a liberal arts education that teaches students critical thinking, including skills like how to cope with ambiguity and uncertainty, formulate and analyze arguments, and manage their emotions.
This is a time of great technological change, much of it beneficial. But if people want to maximize these benefits, while avoiding the drawbacks, they need to learn how to think clearly in an environment where information — and disinformation — threaten to drown out reasoning.
I founded the Reboot Foundation, an organization that aims to better integrate critical thinking into the daily lives of people around the world. The foundation conducts
…I founded the Reboot Foundation, an organization that aims to better integrate critical thinking into the daily lives of people around the world. The foundation conducts surveys and opinion polls, leads its own research, and supports the work of university-affiliated scholars. The foundation also develops practical tools for parents, teachers, employers and others interested in cultivating a capacity for critical thinking.",Forbes
https://www.forbes.com/sites/markminevich/2021/07/15/futureproofing-our-cities-with-climate-smart-solutions/,2021-07-15,Futureproofing Our Cities With Climate-Smart Solutions,"One of the biggest questions worldwide before the 2021 United Nations Climate Change Conference is how we could get our cities more resilient and sustainable? We need new innovative solutions and thinking to make cities worldwide a lot more sustainable and resilient than they’re now. The concept of “Climate-Smart” cities conducive to positive environmental outcomes has become central to today’s urban development projects. From climate change, pandemics, and AI to the billions of dollars of federal funding for transportation, electrification, waste and water, broadband, we are making progress to futureproofing our cities. According to the UN’s Climate Action research, the Green Transition could generate as much as $7 trillion in investments with some 144 million new jobs created by 2030. Jobs in renewable energy reached 11.5 million in the previous year, and the Circular Economy model is forecasted to launch another 700,000 jobs in Europe alone by 2030. Countries like the Kingdom of Saudi Arabia and Singapore have invested billions into the construction of Climate-smart cities to re-invent their economies, encourage tourism and redefine the future of urban living. Because of the vast financial returns that Climate-smart cities promise, in addition to the environmental benefits they provide, the idea of funding Environment-focused public housing has transitioned from being a “pie in the sky” idea into something lucrative and tangible. To develop true resilience, we must plan for self-sufficient, intelligent, and resilient communities of all sizes if we do not meet the carbon reduction goals set for 2050. Climate-Smart cities are the true meaning of resilience.
There are many Smart city projects to fight climate change. One of the most impressive examples of a Climate-Smart city initiative is that of the Kingdom of Saudi Arabia, called “The Line'' and will be a part of Neom, the Kingdom’s automated $500 billion region. The City will be entirely powered by renewable energy. Known as the “revolution in urban living,” the Line will be a 170 km climate-first smart city with no cars, streets, or CO2 emissions, and where all residents can reach necessary facilities within a 5-minute walk. It is projected to generate 380,000 jobs and add a staggering $48 billion in GDP for the Kingdom.
In addition to the KSA, according to the IMD’s inaugural Smart City Index, Singapore is the most innovative city in the world. In 2014, Singapore launched its Smart Nation strategy in tandem with forming digital-driven solutions that are conducive to improving the quality of life for citizens and benefiting companies. The nation is actively working on transforming itself into a test-bed for Smart City and Climate-smart city growth. According to the EDB, “Since 2020, the city has been home to SEA’s first industry-led smart city laboratory. Behind the Smart Urban Co-Innovation Lab are 30 companies, including Amazon Web Services, Cisco Systems, Schneider Electric and TPG Telecom. Together with local tech start-ups and international partners, the companies want to develop smart city solutions for Singapore and overseas.”
There is a reason why nations like the KSA and Singapore are investing heavily into Climate-smart cities. The IFC estimates a total climate investment opportunity of $29.4 trillion across six urban sectors in emerging market cities by 2030. A report by the IFC on the matter reveals that investments into green buildings promise a market opportunity of $24.7 trillion. In comparison, carbon mobility solutions account for $1 trillion and electric vehicles account for $1.6 trillion. There is an additional $1 trillion opportunity in climate-smart water and wastewater management infrastructure. Moreover, research by Siemens shows that the opportunity for global economies that comes from revamping public transport infrastructure alone, in a way that reflects climate-smart growth, can result in $800 billion in revenue per year.
In the USA, Lake Nona is another futuristic smart city located in Orlando, Florida. This community will house over 25,000 residents and 15 thousand employees when the final development phase is complete. Lake Nona has been designed to be sustainable and environmentally friendly from the ground up, with green building standards set by Leadership in Energy & Environmental Design (LEED). Residents will enjoy robust activities such as concerts, art festivals, farmers markets and family activities that are sure to make this neighborhood feel like home.
While building climate-smart cities is an incredibly costly endeavor, the latest data show that there is increasing interest on behalf of the private sector to get in on a piece of the action. According to the UN, 170 companies have made almost 400 individual commitments tied explicitly to supporting the SDG 11 commitment to building sustainable cities. Nearly 1,700 companies have committed to practically 3,000 actions addressing climate change. In addition to the Private Sector, the Financial Services Sector has also expressed interest in Climate-smart city growth. The Swiss bank Pictet debuted its first €652 million investment fund for smart cities. HSBC took a similar approach targeting stocks from its climate solutions database with a minimum market capitalization of $500 million. Not to mention on top of this that Guidehouse Insights “expects the global smart city technology market to be worth $101 billion in annual revenue in 2021 and to grow to $240 billion by 2030. This forecast represents a total spend of $1.65 trillion over the decade.”
With this in mind, here are some industry solutions for smart cities.
Connected mobility. Connected vehicles are rolling out every year. They’re expected to grow exponentially by 2020 when 95% of cars sold worldwide will be fully electric or plug-in hybrid electric with connected car features. Connected mobility provides new opportunities for municipalities and private companies operating fleets of autonomous vehicles like Google Waymo’s ride-hailing fleet, which could move people more efficiently than buses or trains. Data from connected cars will be used to help plan for new roads, parking and other infrastructure.
A recent survey by the International Association of Public Transport (UTIP) found that seventy-seven percent of interviewed public transport professionals believe that electric vehicles are better than traditional models in terms of air pollution as they produce less CO₂ per kilometer traveled - leading to a cleaner environment.
IoT automation. IoT provides much new functionality in Smart cities, such as sensors that measure anything from temperature, humidity, wind strength and CO2 concentration. With this data, cities could possibly prevent or combat heat build areas in the inner city. IoT sensors on buildings can detect noise levels or sudden movements, which can then trigger actions like turning off an alarm system when all is clear or sending emergency services out when there’s motion at night, but no one responds. Even people with disabilities such as blindness may have their needs met through technologies like GPS navigation apps which use sound cues instead of visual signals. From waste management, public safety to affordable housing & economic development.
Smart City Toolkits. The World Bank has also developed toolkits with helpful information such as technical guidelines for assessing intelligent transport systems, financial instruments for investments in green energy production or decarbonization, financing models such as the Clean Development Mechanism (CDM), which supports countries in decarbonizing their economies and achieving sustainable development goals.
For example, they have a Smart City Investment Toolkit to help cities build capacity on climate change issues, sustainability planning & management practices by providing an overview of smart city technologies necessary to address these challenges ahead. It also reviews emerging international best practices and recommendations from other organizations working in this field so that municipalities can learn from each other's experiences when designing new policies.
The Smart Cities Council is a global organization that connects smart city pioneers and experts to share knowledge, ideas and best practices to create an international marketplace for the latest technologies. This provides free access to insight on how cities can be made smarter through data-driven efforts like infrastructure upgrades, transportation solutions and more. They have compiled a list of resources called ""Smart City Toolkit,"" which includes case studies about using technology for everything from parking management to open data projects.
Lastly, the ICTA partnered with the United Nations Office for Project Services and has been able to help create sustainable smart cities in over 30 countries, including Nigeria, Ethiopia, South Sudan, and most recently Brazil. Rio de Janeiro helped develop a sustainability-focused Smart City plan that will integrate with their Olympic Games infrastructure investments to make them more environmentally friendly.
The numbers speak for themselves – with the incredible economic growth potential that Climate-smart cities provide for economies, in addition to the fact that not only the public but the private and financial sectors are highly aware of the need to invest in climate change solutions, the market opportunity and timing for Climate-smart city growth is inescapable. The world is looking for leaders in developing smart and healthy cities in the face of climate change, social inequity, rapid urbanization and health disparity.
Mr. Minevich is a highly regarded and trusted Digital Cognitive Strategist, Artificial Intelligence expert, Venture Capitalist, and the principal founder of Going Global
…Mr. Minevich is a highly regarded and trusted Digital Cognitive Strategist, Artificial Intelligence expert, Venture Capitalist, and the principal founder of Going Global Ventures. Mark collaborates and advises large global enterprises both in the US and Japan (Hitachi), and is the official AI and Future of Work Advisor to the Boston Consulting Group. Currently, he serves as the strategic advisor and Global ambassador to the CEO and Chairman of New York based IPsoft Inc.
Mark holds the role of senior fellow as part of the U.S. Council on Competitiveness in Washington, D.C., and maintains a position as senior adviser on Global Innovation and Technology to the United Nations Office of Project Services (UNOPS). He is an appointed member of the G20/B20’s Digital Task Force, supplementing the group with expert knowledge on digitization, advanced autonomous systems, and the future of AI.
Mark is also the founder and Co-Chair of the World Artificial Intelligence Organization and AI Pioneers based in New York, and was appointed as the Global Digital Ambassador to the World Assessment Council in early 2020. He is the Strategic Advisor to SwissCognitive - ""independent"" Global AI think-tank in Switzerland, which aims to share, connect, and unlock the fullest potential of Artificial Intelligence.
Mark also advises several venture capital groups. He acts as a Fund Adviser to Bootstrap Labs based in San Francisco: a pioneer in the realm of VC funds focused on applied AI, carrying with it a mature fund and portfolio of 24 applied AI companies. Mark is also an Advisor to the AI Capital Venture Fund based in Colorado, which is a dedicated venture and private equity fund geared towards AI companies in the late-seed to growth-stage maturity level.
Mark is also a trusted Adviser and Entrepreneur in Residence for Hanaco Ventures, a global venture fund that focuses on late-stage, pre-IPO Israeli and US companies powered by bold, visionary, and passionate minds. Prior to this position, Mark was the Vice Chair of Ventures and External Affairs, as well as CTO at the Comtrade Group, an international technology conglomerate. He also served as the CTO and Strategy Executive at IBM, and held other management, technology, and strategy roles that entailed formulating investment tactics for Venture Capital Incubation programs.
Mark is also involved in media and journalism, and contributes to a number of publications, such as Forbes.com. His knowledge has been cited and his name has been featured in articles on an international scale.
Forbes named Mark one of the Leaders to Watch in 2017. He has received the Albert Einstein Award for Outstanding Achievement and the World Trade Leadership Award from the World Trade Centers and World Trade Center’s Association. Mark has served as a venture partner with GVA Capital in Silicon Valley, advising the fund on AI startups. He has also served as venture advisor to Global Emerging Markets, an alternative investment group that manages a diverse set of investment vehicles. Mark was also involved with Research Board, a Gartner company and international think-tank advising CIOs at some of the world’s largest corporations, such as: Deutsche Bank, BTM Corporation, Geotek Communications, Qwest Communications, Comcast, and USWEB/CKS.",Forbes
https://www.forbes.com/sites/bethkindig/2021/07/16/sentinelone-excessive-valuation-overshadows-a-stellar-product/,2021-07-16,SentinelOne: Excessive Valuation Overshadows A Stellar Product,"Cybersecurity firm SentinelOne had its public offering late last month. The product is very promising as it automates cybersecurity, which eliminates noise so security teams only respond to those that are critical. This reduces human error from fatigue and can also reduce head count much like robotics process automation. However, the valuation overshadows the company’s potential. We’ve written recently about the unusual premium being charged from list price to opening price, yet SentinelOne takes the term “stretched valuation” to a new level with an 80 forward price-to-sales.
SentinelOne Valuation Overview:
The cybersecurity firm SentinelOne debuted on June 30th with the stock trading at $46, higher than the IPO price of $35. Earlier, the company had raised its IPO price twice. The shares jumped 21% on the opening day to close at $42.50, valuing the company at $10.9 billion. The last private valuation was $1.1 billion in February of 2020, with the company trading at a nearly 900% premium for public investors.
SentinelOne’s close competitor Crowdstrike was valued at $11.41 billion on the opening day of trading on June 12th, 2019. SentinelOne’s IPO was bigger than Crowdstrike’s as the company raised about $1.4 billion compared to Crowdstrike’s $703.8 million.
Pictured Above: SentinelOne is strong out the gate, but can it hold?
SentinelOne grew its revenue year-over-year by 100% for the fiscal year ending January 31st, 2021 to $93.1 million. While the growth is extraordinary, the losses did increase from $76.6 million to $117.6 million.
In contrast, CrowdStrike, in its fiscal year ended January 31, 2021, grew its revenue by 82% year-over-year to $874.4 million. Net loss reduced from $141.8 million to $92.6 million. Also, if we compare the previous year of CrowdStrike’s IPO. CrowdStrike fared better as its revenue in the fiscal year ended January 31, 2019 and grew by 110% to $249.8 million. Net loss reduced from $141.3 million to $140.1 million. This is important to look at because Crowdstrike is two years older than SentinelOne. When adjusted for age, we see the competitor was growing at a similar rate at year 8.
Although we won’t know SentinelOne’s forward revenue and analyst consensus won’t be out until the first earnings report, we can do a back-of-the napkin calculation based off its current quarterly revenue of $37 million for an annual run rate of $150 million. At the current 12 billion market cap, the company is trading at an 80 forward P/S compared to Crowdstrike at 42 and Zscaler at 45.
Cyber Attacks are Increasing:
Cyberattacks are becoming more prevalent. According to Cybersecurity Ventures, cybercrime will cost the world around $10.5 trillion annually by the year 2025. This is one of the reasons why companies like SentinelOne and Crowdstrike are illustrating rapid growth.
According to IDC, the addressable market for the company’s solutions is expected to reach $40.2 billion in 2024, growing at a Compound Annual Growth Rate (CAGR) of 11.9% between 2021 and 2024. It mainly comprises of:
- Corporate Endpoint Security A $9.7 billion market in 2021 and growing to $12.0 billion in 2024; comprising Modern Endpoint Security, Server Security (physical servers and cloud workload security), Information Protection and Control, and Endpoint Management.
- Cybersecurity Analytics, Intelligence, Response, and Orchestration. A $13.1 billion market in 2021 and growing to $17.1 billion in 2024; comprising Device Vulnerability Assessment, Forensics and Incident Investigation, Policy and Compliance, Security Device Systems Management, Security Information and Event Management, or SIEM, and Software Vulnerability Assessment.
- IT Operations Management. A $5.9 billion market in 2021 and growing to $11.1 billion in 2024.
According to ResearchAndMarkets.com, the worldwide cybersecurity industry is expected to reach $345.4 billion by 2026 growing at a Compound Annual Growth Rate (CAGR) of 9.7% from 2021 to 2026. Global Market Insights Inc. estimates that the cybersecurity market will grow from $170 billion in 2020 to $400 billion in 2027.
More recently, the world’s largest meatpacker, Brazil’s JBS SA, had a ransomware attack. The attackers hit the servers supporting North American and Australian IT systems. This led to the disruption in the company’s operations globally for a number of days. The company was forced to pay millions in ransom to restore the data.
Product Overview: Fight “Machine-with-Machine”
SentinelOne is an AI-powered cybersecurity company at the forefront of autonomous threat detection and prevention. The company is at the forefront in introducing autonomous threat detection and prevention. It has developed an AI-powered XDR platform to make cybersecurity protection truly autonomous from the endpoint and beyond. Endpoint security refers to protecting the endpoints or entry points of the end-user devices such as desktop PCs, laptops, mobile devices, and servers from being exploited.
The product differentiation is best summed up by the fact other vendors require data to be sent to the cloud for analysis and often have many humans monitoring the alerts to take action. Meanwhile, SentinelOne uses automation to find the threat which reduces the number of false positives. Instead of getting every piece of telemetry that requires the security team to investigate, SentinelOne’s endpoint detection and response solution eliminates the noise so that the security team is only responding to those that have the potential to be critical.
According to SentinelOne’s S1, “Cyberattacks have become the output of military-grade, highly resourced, and automated nation-state and cybercrime operations. We envisioned a revolutionary data and artificial intelligence paradigm where technology alone could autonomously prevent, detect, and respond to cyberattacks. It is time to fight machine with machine.”
They emphasize the fact that legacy antivirus powered by human-generated signatures still remains a widely used security technology. This is in spite of the fact that they are ineffective and reactive. Human-powered endpoint detection and response, or EDR, emerged as the alternative in which people became the detection and response crew.
This approach led to the “1-10-60” rule which claims the best achievable cybersecurity outcome was capped at one minute to detect an attack, 10 minutes to investigate, and 60 minutes to respond. Recent ransomware attacks have proved that it only takes milliseconds to breach an organization and cause damage.
SentinelOne uses the XDR platform. Extended detection and response (XDR) is cross-layered detection and response. XDR collects and automatically correlates data across multiple security layers – email, endpoint, server, cloud workloads, and network – so threats are detected faster and security analysts improve investigation and response times.
The company’s Singularity Platform ingests, correlates, and queries petabytes of structured and unstructured data from a myriad of ever-expanding disparate external and internal sources in real-time. It builds rich context and delivers greater visibility by constructing a dynamic representation of data across an organization. As a result, the company’s AI models are highly accurate.
The company’s distributed AI models run both locally on every endpoint and every cloud workload, as well as on the company’s cloud platform and the AI models predict threats in milliseconds. The behavioral AI model maps and links all behaviors on the endpoint to create Storylines. When an activity is deemed to be a threat, the system automatically takes action to kill the attack.
In the cloud, the company’s platform aggregates Storylines. As pointed out in the S-1 filing, the streaming AI detects anomalies that surface when multiple data feeds are correlated with additional external and internal data. By providing full visibility into the Storyline of every secured device across the organization through one console, the platform makes it fast for analysts to search and hunt for threats.
SentinelOne leverages a microservices architecture for rapid and frequent updates. The company offers support for Kubernetes workloads with additional runtime protection and simplified deployment. Kubernetes is automation orchestration for containers and allows for scaling of a container rather than an entire application. Kubernetes was created by Google and is used by 78% of companies managing containers with this open-source system.
Financials
The company’s revenue for the fiscal year ended January 31, 2021, grew by 100% year-over-year to $93.1 million. The revenue growth re-accelerated in the most recent quarter to 108% growth, or $37.4 million, for a run rate of $150 million.
In contrast, CrowdStrike, in its fiscal year ended January 31, 2021, grew its revenue by 82% year-over-year to $874.4 million. Net loss reduced from $141.8 million to $92.6 million.
Also, if we compare the previous year of CrowdStrike’s IPO. CrowdStrike fared better as its revenue in the fiscal year ended January 31, 2019, grew by 110% to $249.8 million. Net loss reduced from $141.3 million to $140.1 million.
The company’s annualized recurring revenue (ARR) for the fiscal year ended January 31, 2021, grew by 96% to $130.8 million. Customers with ARR of more than $100,000 increased from 104 to 219. The dollar-based net retention rate was dropped from 119% to 117%.
Gross margin dropped from 61% to 58% in the fiscal year 2021. One of the reasons for the drop in the gross margin was the expansion of the Singularity Platform drove the need to expand the cloud infrastructure. It expects the pressure to reduce once the business scales operations.
Net cash used in operating activities increased from $44.4 million to $66.6 million in the fiscal year 2021. The company has generated negative cash flows and have supplemented working capital through net proceeds from the sale of equity securities in the past.
As stated, in the first quarter ended April 30, 2021, revenue grew by 108% year-over-year to $37.4 million. Net losses increased from $26.6 million to $62.6 million. The losses are more than the company’s revenues in a similar manner like the fiscal year 2021 revenue.
The ARR grew by 116% to $161.3 million. Customers with an ARR of more than $100,000 or more increased from 122 to 277. The dollar-based net retention rate was 124%.
Adjusted gross margin dropped from 58% to 53%. Net cash used in operating activities increased from $11.8 million to $30.8 million.
In contrast, Crowdstrike generated positive cash from operating activities of $147.5 million and a free cash flow of $117.3 million. CrowdStrike was also profitable on an adjusted basis and the management expects to be profitable on an adjusted basis for the fiscal year 2022.
SentinelOne has cash of about $1.6 billion post its initial public offering. The company plans to use the proceeds for working capital and general corporate purposes. It might also use the proceeds for the acquisition of, or investment in technologies, solutions, or businesses that complement the company’s business.
The company had 4,700 customers as of April 30, 2021. They include Estee Lauder, Aston Martin, JetBlue, Norwegian Airlines, National Oilwell Varco, Shangri-La, Blizzard, Autodesk, Fiverr, NVidia, and Wells Fargo, among others. The customers included three of the Fortune 10, 37 of the Fortune 500, and 66 of the Global 2000 companies.
Risks
As stated in the S-1 filing, the company derives most of its revenues from the channel partners. It derived 91% of the first quarter ended April 30, 2021, revenue from channel partners. The direct customer portion is low. The company has dual-class structure. Currently, Class B shareholders will hold 99.2% of the voting rights. This means the minority shareholders will have no say in the company’s decisions.
Gartner places SentinelOne behind Crowdstrike, Microsoft and TrendMicro in the Leadership quadrant. Gartner is a credible source that does many channel checks. The analyst points towards limited range of sensors and lack of fully featured data loss prevention. Notably, SentinelOne did receive the highest score for all Use Cases for Critical Capabilities at 4.60.
Conclusion:
If we look at the Gartner Magic Quadrant 2021 for endpoint protection CrowdStrike is in a better position than SentinelOne. It has recently purchased Humio, which points towards the company continuing as a leader in the AI cybersecurity industry. Most would agree that these two are comparable. The elephant in the room is that Crowdstrike is trading at nearly 50% less.
To summarize, is it a good product? Yes, and it’ll probably do quite well competing against Crowdstrike. Should you pay any price? Never, because stocks are not scarce.
Beth Kindig is a technology analyst who publishes weekly at io-fund.com and runs a premium service for serious tech investors. I/O Fund is an actively managed fund that
…Beth Kindig is a technology analyst who publishes weekly at io-fund.com and runs a premium service for serious tech investors. I/O Fund is an actively managed fund that offers in-depth research and real-time trades.
Beth predicted the biggest stock drop in history in Q2 2018 with Facebook's miss, and the biggest IPO loss in history with Uber in Q2 2019. She invested in Roku from its IPO for a more than 1,000% gain and is known on Twitter for having a crystal ball to predict tech stocks. The I/O Fund offers a free public newsletter with past stock coverage that included Roku at $33, Zoom at $137, and Bitcoin around $9,500. Premium subscribers are notified of even lower entries, such as Zoom at $62, and Bitcoin at $7,700.
Her experience comes from a decade of analyzing tech companies, tech products and startups resulting in over 900 articles and many enterprise-level analyst reports. She has held product marketing and developer evangelist roles at tech companies representing products in data, security, internet of things, connected cars, connected home, mobile, encryption, health care, and finance tech.
Beth speaks frequently at tech conferences covering macro trends and has a tech podcast in the Top 40 for technology on iTunes and Spotify. She has been published in many publications including VentureBeat, MarketWatch, MediaPost, AdExchanger and the International Association of Privacy Professionals. She has written Quarterly Data Reports on technology since 2014.",Forbes
https://www.forbes.com/sites/theyec/2021/07/16/three-key-points-to-consider-when-creating-an-ai-marketing-strategy/,2021-07-16T11:45:19Z,Council Post: Three Key Points To Consider When Creating An AI Marketing Strategy,"By Jon Reilly, Co-Founder and COO at Akkio, working to level the playing field for AI in business.
Artificial intelligence (AI) is the next big thing in marketing. Why? Consumers are more demanding than ever, and tomorrow they’ll want even more. Manual teams simply can’t keep up with the demands for instant-response chatbots, personalized digital experiences and more. Especially at scale. Automation is the only way. And AI is the answer.
AI can do things at scale and at speeds that humans cannot. AI is especially good at what humans hate doing the most: manual, repetitive tasks like scoring sales leads based on their likelihood of conversion.
Suppose that your sales team handled one hundred incoming leads a day. Naturally, not all leads are the same, and only a minority will convert. Even fewer will become high lifetime value customers. With AI, the conversion probability for each lead can be automatically calculated, letting your salespeople focus on the leads that matter most.
Making AI accessible for marketing teams is hard. Here, I'll try to help you get started with the basics: three key points to consider when creating an AI marketing strategy that actually works.
1. AI’s Complexity
For years, businesses have been trying to strengthen their growth strategies using AI tools designed for technical experts only. No one looked out for the marketing teams themselves. These powerful new tools came out of marketing’s budget, but the AI wizards held marketing hostage to their own priorities.
The constraint of an AI solution that has too much technical load can be counterproductive for both businesses and their customers. Try to express your marketing objectives in code (much less understand its output) when you're not a technical expert yourself.
Traditionally, AI models were built by PhDs in fields like computer science and mathematics, using complex programming languages and new public cloud technologies like Google Cloud Platform.
Now, marketing teams have the benefit of no-code AI platforms (Disclaimer: including my own company). These are visual, point-and-click tools that anyone can use to build AI models, whether it’s to score leads, predict customer churn or even detect affiliate fraud.
2. AI’s Cost
Any marketing team looking at AI has to be mindful of budget. AI is expensive and new.
Marketing teams need to decide if a platform’s cost is worth it for their marketing needs. When evaluating cost, look beyond the initial sticker price. Have you also factored in the cost for AI model training and how quickly you can get up and running? Time is money, too.
Some platforms offer a free trial period so interested marketers can evaluate the offering for themselves before purchasing. This helps weed out potential problems or concerns on both sides before committing any money or resources.
Pricing varies widely on different platforms. It’s early days in this market without standard pricing, and some platforms more than double in cost as you add essential “options” to make it work in a production environment. For example, one provider may not include ongoing data storage and model training costs, while another does.
So list all these variable costs to see what they really cost over time instead of just looking at upfront expenses. With my company, for instance, all plans include free model training and data storage, unlimited users and unlimited AI deployments.
3. Real-World Usability
If your marketing team is considering leveraging AI to help make more informed decisions, you’ll need something that is easy for your team to deploy and use. Real-world deployment of your models into marketing tools, such as Salesforce, will be critical for success. After all, to deliver value (and justify that line item in your budget), AI needs to clearly demonstrate value.
Workflow is critical. It trumps many features and other bells and whistles on AI platforms. It’s critical that you understand how a given platform fits into your marketing workflow. Your teams will need to deploy AI models where they work, whether it’s Salesforce, Google Sheets, a live web app or somewhere else entirely.
The tool selected should have flexible deployment options so your models can be deployed anywhere. One technical option is with API deployment. Teams can easily serve AI predictions anywhere that can integrate with code. A popular non-technical deployment option is Zapier, which integrates seamlessly with thousands of apps.
So understand three things well before you embark on your AI marketing journey:
1. Real total cost, including ease of use and what comes standard in the upfront price;
2. Ease of use in your current workflow (it’s very expensive to make lots of different teams change how they work to incorporate your new wonder AI tool);
3. Technical skill sets required to use in production.",Forbes
https://www.forbes.com/sites/forbestechcouncil/2021/07/16/the-future-of-artificial-general-intelligence/,2021-07-16,Council Post: The Future Of Artificial General Intelligence,"Archil Cheishvili is CEO and co-founder at GenesisAI, a global network of artificial intelligence products and services.
With the latest advancements in artificial intelligence (AI), achieving human-like intelligence is gradually transitioning to the realm of possibility. And with disruptors like the Covid-19 pandemic ravaging the global economy, the race to achieve artificial general intelligence may have sped up significantly.
I would like to share some insights on the challenges and opportunities intertwined with the path to achieving AGI and the future ahead.
What is artificial general intelligence?
Artificial intelligence can be broadly categorized into three main types: artificial narrow intelligence (ANI), artificial general intelligence (AGI) and artificial superintelligence (ASI). Amongst these, AGI positions artificial intelligence at par with human capabilities. As a result, AGI systems can think, comprehend, learn and apply their intelligence to solve problems much like humans would for a given situation.
The anthropomorphic capabilities that convert artificial intelligence into artificial general intelligence include:
• Sensory perception.
• Fine motor skills.
• Natural language processing and understanding.
• Navigation.
• Problem-solving.
• Social and emotional engagement.
• Creativity.
In simpler words, if AGI is achieved, machines would be capable of understanding the world at the same capacity as any human being. And based on these external inputs, they can discover solutions to an ongoing problem.
Challenges In The Way Of Artificial General Intelligence
While AGI may not have been realized so far, it promises a world of fruitful possibilities. However, it is currently plagued with serious roadblocks, which are present in the form of the following:
• The lack of a working protocol to help with artificial intelligence or machine learning networking is problematic. This deficiency coerces systems to work as standalone models in a closed environment. And such a mode of operation is a stark contrast from the convoluted and highly social “human experience.”
• Communication gaps come in the way of seamless data sharing and the inter-learning of machine learning models, which reduces universality.
• The absence of an artificial intelligence network also hinders the overall development of a common goal.
• Organizational executives are in the dark on how to integrate AI with their business operations to drive specific results.
• The lack of direction, complemented by the fact that companies cannot afford to hire a dedicated team of AI experts, makes the implementation of AI platforms costly.
• AI developers and companies often experience issues while selling their code and services.
How Can AGI Be Created?
There are three important goals that should be achieved in order to potentially create AGI.
1. We must connect companies in need of AI technologies with developers looking for monetization opportunities, which is made possible through an AI marketplace.
2. We should start interconnecting AI services and networks to create data lakes that can power AGI. The interactions between various AI platforms will help develop universal machine learning solutions.
3. We can begin democratizing access to AI technologies and challenging oligopolies to offer technologically advanced solutions for all.
These three goals can be achieved by setting up communication protocols for data and service exchanges, while also making AI more accessible through an end-to-end AI marketplace. The former helps to potentially lay the groundwork for AGI, while the latter connects companies and developers to reduce time to market.
Final Thoughts
The next decade will play a crucial role in accelerating the development of AGI. In fact, experts believe that there is a 25% chance of achieving human-like AI by 2030. Furthermore, advancements in robotic approaches and machine algorithms, paired with the recent data explosion and computing advancements, will serve as a fertile basis for human-level AI platforms.
Now, it is only a matter of time until AGI becomes a part of the new normal.
Forbes Technology Council is an invitation-only community for world-class CIOs, CTOs and technology executives. Do I qualify?
Archil Cheishvili is CEO & Co-founder at GenesisAI, a global network of Artificial Intelligence products and services. Read Archil Cheishvili's full executive profile
…Archil Cheishvili is CEO & Co-founder at GenesisAI, a global network of Artificial Intelligence products and services. Read Archil Cheishvili's full executive profile here.",Forbes
https://www.forbes.com/sites/qai/2021/07/16/netflix-ranked-among-todays-trending-stocks/,2021-07-16,Netflix Ranked Among Today’s Trending Stocks,"Every day, Q.ai’s artificial intelligence algorithm gathers a list of stocks that are trending for one reason or another. Then, with a bit of deep-learning expertise (and a quick peek at their balance sheets), we evaluate why the stocks are trending – and whether our AI rates them worthy of a spot in your portfolio.
Today’s stocks come from across the spectrum, including financial giants, streaming media behemoths, and up-and-coming biotech manufacturers. And while they may have little in common elsewhere – aside from delightfully bloated balance sheets – they’ve congregated here in our trending list to provide a sneak peek into what’s hot on the market.
Q.ai runs daily factor models to get the most up-to-date reading on stocks and ETFs. Our deep-learning algorithms use Artificial Intelligence (AI) technology to provide an in-depth, intelligence-based look at a company – so you don’t have to do the digging yourself.
Sign up for the free Forbes AI Investor newsletter here to join an exclusive AI investing community and get premium investing ideas before markets open.
Netflix, Inc (NFLX)
Netflix, Inc closed up 1.3% on Wednesday to $547.95 per share, ending the day with a trade volume of 4.7 million. The stock is well up from its 22-day price average of almost $522 and 1.3% for the year. Currently, Netflix is trading around 52.7x forward earnings.
Netflix is trending this week after making yet another not-so-subtle push into the videogame space. Notably, the company confirmed that it hired Mike Verdu, a video game executive fresh from Facebook’s augmented reality and virtual reality team with prior experience at Electronic Arts, Kabam, and Atari.
The move underscores Netflix’s continuing ambition to move beyond television and movie streaming to online gaming content. While the streaming behemoth has moved relatively slowly thus far, this latest hire may signal that the board of directors is ready to create (and monetize) new avenues of digital entertainment.
And while Netflix’s continuing revenue growth has been of renewed concern to investors after the firm’s abysmal Q1 subscriber growth (at least compared to estimates), the media giant is performing well by every metric. Revenue is up to $25 billion in the last fiscal year, representing 67% growth over the prior three, with operating income sitting pretty at $4.858 billion and per-share earnings up 208% over the last three years to $6.08. Meanwhile, return on equity saw comparatively paler growth – but growth nonetheless – as it rose from 27.5% to 29.6%.
All told, Netflix is expected to see forward 12-month revenue growth around 3.3%. Our AI rates this stock as a quality investment overall, with an A in Growth and Bs in Technicals, Low Volatility Momentum, and Quality Value.
Morgan Stanley (MS)
Morgan Stanley nicked down 0.8% on Wednesday, closing out the down at $92.46 with 12.57 million trades to its name. The stock is trading exactly $3 above its 22-day price average and up 35% for the year at 13.7x forward earnings.
Morgan Stanley trended this week as anticipation built around the company’s upcoming Q2 earnings report – and it’s finally here. The investment and financial firm posted strong results, with $2.38 billion in investment banking revenue alone and a total quarterly revenue of $14.8 billion. The company also saw per-share earnings of $1.85, despite a slowdown in bond trading, as the company’s equity trading and wealth management franchises carried its bottom line well beyond analyst expectations.
Over the last three fiscal years, Morgan Stanley’s growth has continued to accelerate. The most recent fiscal year saw the investment firm bring in $48.2 billion in revenue compared to $40 billion three years prior, with operating income up 55% in the period to $17.9 billion against $13.7 billion. EPS leapt 61.6% in the period to $6.46 in the last year from $4.73. Return on equity has risen too, but more slowly, growing from 11.1% to 12%.
All told, Morgan Stanley is expected to see revenue growth less then 0.1% over the next twelve months. Coming off the back of an unusually successful year amidst pandemic lockdowns and renewed stock market interest, our AI rates Morgan Stanley B in Growth and Low Volatility Momentum, C in Quality Value, and D in Technicals.
Moderna, Inc (MRNA)
Moderna, Inc surged almost 5% on Wednesday to $246.66 per share, closing out the middle of the week on a trade volume of 9.4 million. The stock is up $24 from the 22-day price average and 136.1% for the year, with a forward 12-month P/E of 9.4x.
Moderna’s trending status this week comes after rival Covid-19 vaccine producer Johnson & Johnson received a new safety warning for its vaccine, courtesy of the U.S. Food and Drug Administration. The warning comes after the Janssen vaccine was linked to around 100 cases of Guillain-Barré syndrome (out of 12.5 million doses administered). This rare autoimmune condition causes muscle weakness, tingling, and even paralysis – though most people recover. Shares of Moderna climbed 3% on the initial news and have continued to rise since Monday.
While Johnson & Johnson might be responsible for Moderna’s current stock rise, it was the pandemic that truly vaulted the company into household name status. The move is reflected in the company’s balance sheet: over the last three fiscal years, Moderna’s revenue skyrocketed 1,923% to $803 million, with operating income experiencing a substantial rise from $413 million to $763 million. But as a result of increased interest, per-share earnings fell from $4.95 to $1.96.
Currently, Moderna, Inc. is expected to see significant revenue growth around 17.25% in the next year. Our AI rates this mRNA vaccine leader B in Quality Value, C in Technicals, D in Low Volatility Momentum, and F in Quality Value.
American Airlines Group, Inc (AAL)
American Airlines Group, Inc jumped 3% by Wednesday’s close to end the day at $20.62 per share with a whopping 55 million trades to its name. The stock is up 30.75% for the year thanks to rising travel and an abysmally low starting point for the beleaguered airliner.
Like all airlines, American Airlines suffered a wretched 2020 as travel plummeted – but the industry at large appears to be on the rise thanks to vaccination efforts and the sunny summer season drawing people from their pandemic lockdowns. And while stock prices have indeed experienced welcome increases, growth is tenuous at best as concerns mount over new disease variants and the ensuing investor anxiety.
Still, American Airlines is trending this week after announcing that its second-quarter revenue is likely to be better than previously expected – though it still plans to experience anywhere from a $35 million net loss to $25 million net profit. And while it may report a profit before special items, all told, the airliner is prepared for a net loss in the ballpark of $1.15 billion.
And over the last three fiscal years, American Airlines has posted a substantial revenue decrease, with the last year pulling in just $17.3 billion compared to $44.5 billion three years prior. Meanwhile, operating income is up from $3.76 billion to $11 billion, with per-share earnings skyrocketing from $3.03 to $18.36.
Currently, American Airlines is expected to claw back around 16% of its revenue growth in the next 12 months. But at this time, our AI rates this airliner D in Technicals and F in Growth, Low Volatility Momentum, and Quality Value.
American Express Company (AXP)
American Express Company nicked down 0.06% to $172.52 Wednesday, trading 3.1 million shares to $5 over the 22-day price average. The stock is up almost 43% for the year and is currently trading around 24.6x forward earnings.
Of the three major credit card companies – including Mastercard and Visa – American Express has seen the swiftest growth in regard to stock price over the course of 2021, not to mention the S&P 500. Part of this is due to the fact that, while Visa and Mastercard both enjoyed a relatively comfortable 2020 as online and cashless payments surged, AMEX’s banking operations ate into its profit potential. And as the go-to card for travel and entertainment, much of the company’s core benefit was moot during widespread lockdowns and social distancing.
But with pandemic restrictions mostly lifted for vaccinated individuals, plus the rise in travel and entertainment spending, AMEX is back in its element – and its stock price is enjoying the ride.
The pandemic’s effect on AMEX’s bottom line can be seen clearly in its three-year balance sheet comparison. For instance, in the last fiscal year, revenue came in at $31.4 billion, well below the $37 billion raked in three years prior. Moreover, operating income plunged by nearly half, from $8.2 billion to $4.4 billion, with per-share earnings dropping from $7.91 to just $3.77. And return on equity was slashed by almost a third to 13.6%.
Thanks to the rebounding (and reopened) economy, American Express is expected to see around 3.5% revenue growth in the next year. But for the time being, our AI rates this investment prospect as an average-to-mixed bag, with an A in Quality Value, Cs in Growth and Low Volatility Momentum, and a D in Technicals.
Liked what you read? Sign up for our free Forbes AI Investor Newsletter here to get AI driven investing ideas weekly. For a limited time, subscribers can join an exclusive slack group to get these ideas before markets open.
Source: S&P Global Market Intelligence
Q.ai, a Forbes Company, formerly known as Quantalytics and Quantamize, uses advanced forms of quantitative techniques and artificial intelligence to generate investment
…Q.ai, a Forbes Company, formerly known as Quantalytics and Quantamize, uses advanced forms of quantitative techniques and artificial intelligence to generate investment recommendations across all asset classes. When it comes to money, no one should have to settle. We make investing less intimidating, more accessible and a lot of fun for everyone. That’s investing, reimagined.",Forbes
https://www.forbes.com/sites/qai/2021/07/16/ai-identifies-carvana-co-among-todays-top-shorts/,2021-07-16,AI Identifies Carvana Co Among Today’s Top Shorts,"The bears are winning out the mini struggle this morning as the market looks for direction. The Dow, the S&P 500, and the Nasdaq are all in the red after a morning surge that saw the Dow cross the 35,000 mark. The small-cap index Russell 2000 has taken the brunt of recent selling pressur, now off more than 7% from its high. That may be a harbinger of what is to come in the overall markets, as higher risk assets tend to lead lower risk assets to the downside over time. That’s if the dip is not bought, anyways. The economy does seem to be on some pretty strong footing lately, with jobless claims beating expectations yesterday to come in at a pandemic low, and retail sales blowing past expectations this morning showing a gain of 0.6% in June versus expectations of a 0.4% decline. If you’re looking for a way to play this market, the deep learning algorithms at Q.ai have crunched the data to give you a set of Top Shorts. Our Artificial Intelligence (“AI”) systems assessed each firm on parameters of Technicals, Growth, Low Volatility Momentum, and Quality Value to find the best short plays.
Sign up for the free Forbes AI Investor newsletter here to join an exclusive AI investing community and get premium investing ideas before markets open.
Carvana Co (CVNA)
Carvana Co is our first Top Short today. Carvana is an e-commerce platform for buying and selling used cars. The company derives revenue from used vehicle sales, wholesale vehicle sales and other sales and revenues. Our AI systems rated the company C in Technicals, F in Growth, F in Low Volatility Momentum, and F in Quality Value. The stock closed down 1.03% to $311.2 on volume of 1,481,146 vs its 10-day price average of $317.2 and its 22-day price average of $306.7, and is up 31.71% for the year. Revenue grew by 20.53% in the last fiscal year and grew by 244.35% over the last three fiscal years, Operating income grew by -23.77% in the last fiscal year, while EPS grew by -22.3% over the last three fiscal years. Revenue was $5586.56M in the last fiscal year compared to $1955.47M three years ago, Operating Income was $(332.4)M in the last fiscal year compared to $(220.73)M three years ago, EPS was $(2.63) in the last fiscal year compared to $(2.03) three years ago, and ROE was (93.05%) in the last year, compared to (100.05%) three years ago. Forward 12M Revenue is also expected to grow by 6.75% over the next 12 months.
National Cinemedia Inc (NCMI)
National Cinemedia Inc is second on our list of Top Shorts today. The company is a holding company that operates a digital in-theatre media network across North America. The company displays ads in movie theaters, online, and through mobile video. Our AI systems rated the company C in Technicals, C in Growth, D in Low Volatility Momentum, and D in Quality Value. The stock closed down 4.4% to $3.69 on volume of 514,301 vs its 10-day price average of $4.52 and its 22-day price average of $4.78, and is up 2.22% for the year. Revenue was $90.4M in the last fiscal year compared to $441.4M three years ago, Operating Income was $(58.9)M in the last fiscal year compared to $158.2M three years ago, while EPS was $(0.84) in the last fiscal year compared to $0.37 three years ago. Forward 12M Revenue is expected to grow by 26.76% over the next 12 months.
Amyris Inc (AMRS)
Our next Top Short is Amyris Inc. Amyris is an industrial biotechnology company. Our AI systems rated the company C in Technicals, F in Growth, D in Low Volatility Momentum, and D in Quality Value. The stock closed down 1.09% to $13.55 on volume of 2,545,236 vs its 10-day price average of $15.25 and its 22-day price average of $15.77, and is up 93.02% for the year. Revenue grew by 85.32% in the last fiscal year and by 404.47% over the last three fiscal years, Operating income grew by -101.07% in the last fiscal year and by -101.0% over the last three fiscal years, and EPS grew by -31.64% in the last three fiscal years. Revenue was $173.14M in the last fiscal year compared to $63.6M three years ago, Operating Income was $(123.42)M in the last fiscal year compared to $(132.72)M three years ago, EPS was $(1.88) in the last fiscal year compared to $(3.69) three years ago.
Redfin Corp (RDFN)
Redfin Corp is the fourth Top Short today. Redfin is an owner, operator, and provider of electric vehicle charging services. Our AI systems rated the company C in Technicals, F in Growth, F in Low Volatility Momentum, and D in Quality Value. The stock closed up 0.98% to $55.4 on volume of 1,046,039 vs its 10-day price average of $60.39 and its 22-day price average of $60.77, and is down 17.61% for the year. Revenue grew by 8.73% in the last fiscal year and grew by 97.86% over the last three fiscal years, Operating Income grew by 313.59% in the last fiscal year and grew by -168.8% over the last three fiscal years, while EPS grew by -95.82% in the last fiscal year and grew by -98.01% over the last three fiscal years. Revenue was $886.09M in the last fiscal year compared to $486.92M three years ago, Operating Income was $7.31M in the last fiscal year compared to $(43.93)M three years ago, while EPS was $(0.23) in the last fiscal year compared to $(0.49) three years ago. ROE was (3.85%) in the last year which compares to (13.82%) three years ago. Forward 12M Revenue is expected to grow by 7.87% over the next 12 months.
Livent Corp (LTHM)
Livent Corp is our final Top Short today. The company is a pure-play lithium producer formed when FMC spun off its lithium business in October 2018. Our AI systems rated Livent F in Technicals, D in Growth, D in Low Volatility Momentum, and F in Quality Value. The stock closed up 0.31% to $19.69 on volume of 1,998,611 vs its 10-day price average of $19.61 and its 22-day price average of $18.83, and is up 4.85% for the year. Revenue grew by 8.05% in the last fiscal year and EPS grew by -5.85% in the last fiscal year. Revenue was $288.2M in the last fiscal year compared to $442.5M three years ago, Operating Income was $(10.8)M in the last fiscal year compared to $165.7M three years ago, EPS was $(0.13) in the last fiscal year compared to $0.99 three years ago, and ROE was (3.41%) in the last year compared to 28.94% three years ago. Forward 12M Revenue is also expected to grow by 2.87%% over the next 12 months and the stock is trading with a forward 12M P/E of 118.12.
Liked what you read? Sign up for our free Forbes AI Investor Newsletter here to get AI driven investing ideas weekly. For a limited time, subscribers can join an exclusive slack group to get these ideas before markets open.
Source: S&P Global Market Intelligence
Q.ai, a Forbes Company, formerly known as Quantalytics and Quantamize, uses advanced forms of quantitative techniques and artificial intelligence to generate investment
…Q.ai, a Forbes Company, formerly known as Quantalytics and Quantamize, uses advanced forms of quantitative techniques and artificial intelligence to generate investment recommendations across all asset classes. When it comes to money, no one should have to settle. We make investing less intimidating, more accessible and a lot of fun for everyone. That’s investing, reimagined.",Forbes
https://www.forbes.com/sites/qai/2021/07/16/akamai-technologies-inc-among-todays-top-buys/,2021-07-16,Akamai Technologies Inc Among Today’s Top Buys,"Markets opened higher in the early session but turned into the negative, with the Dow briefly touching above 35,000, after better than expected Retail Sales for June came across the tape this morning. Retail sales were higher by 0.6% in June versus an expectation of a decline of 0.4%, which means people are getting out and shopping despite a surge in Covid-19 cases across the country. This was on the back of some impressive initial jobless claims numbers yesterday, so it appears that the economy is really starting to heat up here in the summer. Earnings are really starting to come in strong here, as Goldman Sachs reports that all economically sensitive sectors are expected to grow earnings in excess of 100%, with industrials leading the pack at 330% earnings growth this season. Growth has been outperforming value lately, but keep an eye on whether this trend will continue after over a decade of outperformance. The deep learning algorithms at Q.ai have crunched the data to give you a set of Top Buys. Our Artificial Intelligence (“AI”) systems assessed each firm on parameters of Technicals, Growth, Low Volatility Momentum, and Quality Value to find the best Top Buys.
Sign up for the free Forbes AI Investor newsletter here to join an exclusive AI investing community and get premium investing ideas before markets open.
Akamai Technologies Inc (AKAM)
Akamai Technologies Inc is today’s first Top Buy. The company operates a content delivery network, or CDN, which entails locating servers at the edges of networks so its customers, which store content on Akamai servers, can reach their own customers faster, more securely, and with better quality. Our AI systems rated the company B in Technicals, C in Growth, B in Low Volatility Momentum, and A in Quality Value. The stock closed up 0.38% to $116.45 on volume of 862,221 vs its 10-day price average of $116.9 and its 22-day price average of $116.68, and is up 10.65% for the year. Revenue grew by 2.45% in the last fiscal year and grew by 20.71% over the last three fiscal years, Operating Income grew by 3.79% in the last fiscal year and grew by 75.16% over the last three fiscal years, while EPS grew by 5.6% in the last fiscal year and grew by 102.21% over the last three fiscal years. Revenue was $3198.15M in the last fiscal year compared to $2714.47M three years ago, Operating Income was $701.4M in the last fiscal year compared to $415.59M three years ago, and EPS was $3.37 in the last fiscal year compared to $1.76 three years ago. ROE was 14.09% in the last year which compares to 9.1% three years ago. Forward 12M Revenue is expected to grow by 1.67% over the next 12 months and the stock is trading with a Forward 12M P/E of 20.64.
Masonite International Corp (DOOR)
Masonite International Corp is our second Top Buy today. Masonite manufactures and sells doors in the construction, renovation, and remodeling industries. Our AI systems rated the company D in Technicals, C in Growth, B in Low Volatility Momentum, and A in Quality Value. The stock closed up 0.68% to $110.2 on volume of 104,274 vs its 10-day price average of $111.57 and its 22-day price average of $111.68, and is up 14.79% for the year. Revenue grew by 4.21% in the last fiscal year and grew by 8.39% over the last three fiscal years, Operating Income grew by 8.44% in the last fiscal year and grew by 58.3% over the last three fiscal years, while EPS grew by 25.11% in the last fiscal year and grew by 4.07% over the last three fiscal years. Revenue was $2257.07M in the last fiscal year compared to $2170.1M three years ago, Operating Income was $249.46M in the last fiscal year compared to $170.9M three years ago, and EPS was $2.77 in the last fiscal year which compares to $3.33 three years ago. ROE was 11.06% in the last year compared to 14.22% three years ago. Forward 12M Revenue is expected to grow by 1.2% over the next 12 months and the stock is trading with a Forward 12M P/E of 12.3.
Energizer Holdings Inc (ENR)
Energizer Holdings Inc is our third Top Buy today. The company makes and distributes household batteries, specialty batteries, and lighting products. Energizer offers batteries using lithium, alkaline, carbon zinc, nickel metal hydride, zinc air, and silver oxide technologies. Our AI systems rated the company C in Technicals, B in Growth, A in Low Volatility Momentum, and B in Quality Value. The stock closed up 1.22% to $18.22 on volume of 544,607 vs its 10-day price average of $17.93 and its 22-day price average of $17.85, and is up 45.76% for the year. Revenue grew by 6.13% in the last fiscal year, Operating Income grew by 28.98% in the last fiscal year, while EPS grew by 41.5% in the last fiscal year. Revenue was $2793.0M in the last fiscal year compared to $3347.6M three years ago, Operating Income was $271.6M in the last fiscal year compared to $516.0M three years ago, while EPS was $0.27 in the last fiscal year compared to $0.84 three years ago. ROE was 2.91% in the last year versus 14.44% three years ago. Forward 12M Revenue is expected to grow by 1.71% over the next 12 months and the stock is trading with a Forward 12M P/E of 13.62.
Hain Celestial Group Inc (HAIN)
Hain Celestial Group Inc is our fourth Top Buy today. The company makes better-for- you natural and organic consumer products, with 69% of fiscal 2020 revenue considered grocery, 15% snacks, 10% personal care, and 6% tea. Our AI systems rated the company B in Technicals, C in Growth, B in Low Volatility Momentum, and A in Quality Value. The stock closed up 0.48% to $39.66 on volume of 601,589 vs its 10-day price average of $39.68 and its 22-day price average of $40.14, and is up 0.05% for the year. Operating Income grew by 40.38% in the last fiscal year and grew by 39.23% over the last three fiscal years, while EPS grew by -150.96% in the last fiscal year and grew by 323.65% over the last three fiscal years. Revenue was $2053.9M in the last fiscal year compared to $2265.67M three years ago, Operating Income was $133.93M in the last fiscal year compared to $135.04M three years ago, while EPS was $(0.78) in the last fiscal year and compares to $0.09 three years ago. ROE was 1.73% in the last year, which compares to 4.33% three years ago. The stock is trading with a Forward 12M P/E of 24.9.
Mettler-Toledo Intl Inc (MTD)
Mettler-Toledo Intl Inc is our fifth and final Top Buy today. The company supplies weighing and precision instruments to customers in the life sciences (54% of 2020 sales), industrial (40%), and food retail industries (6%). Our AI systems rated the company A in Technicals, B in Growth, A in Low Volatility Momentum, and A in Quality Value. The stock closed up 0.03% to $1436.03 on volume of 65,332 vs its 10-day price average of $1424.56 and its 22-day price average of $1392.96, and is up 23.7% for the year. Revenue grew by 5.03% in the last fiscal year and grew by 10.38% over the last three fiscal years, Operating Income grew by 8.67% in the last fiscal year and grew by 25.55% over the last three fiscal years, while EPS grew by 9.31% in the last fiscal year and grew by 36.96% over the last three fiscal years. Revenue was $3085.18M in the last fiscal year compared to $2935.59M three years ago, Operating Income was $796.24M in the last fiscal year compared to $689.18M three years ago, and EPS was $24.91 in the last fiscal year compared to $19.88 three years ago. ROE was 171.37% in the last year which compares to 90.14% three years ago. Forward 12M Revenue is expected to grow by 1.69% over the next 12 months and the stock is trading with a Forward 12M P/E of 44.23.
Liked what you read? Sign up for our free Forbes AI Investor Newsletter here to get AI-driven investing ideas weekly. For a limited time, subscribers can join an exclusive slack group to get these ideas before markets open.
Source: S&P Global Market Intelligence
Q.ai, a Forbes Company, formerly known as Quantalytics and Quantamize, uses advanced forms of quantitative techniques and artificial intelligence to generate investment
…Q.ai, a Forbes Company, formerly known as Quantalytics and Quantamize, uses advanced forms of quantitative techniques and artificial intelligence to generate investment recommendations across all asset classes. When it comes to money, no one should have to settle. We make investing less intimidating, more accessible and a lot of fun for everyone. That’s investing, reimagined.",Forbes
https://www.washingtonpost.com/arts-entertainment/2021/07/16/anthony-bourdain-documentary-ai-deepfake/,2021-07-16T17:03:11Z,Anthony Bourdain’s voice was deepfaked in new film. The chef’s widow and critics aren’t happy.,"But the editorial decision to deepfake Bourdain’s voice has come under fire from critics who have questioned the ethics behind using AI for the film, which opens in theaters Friday. Among those critics is Ottavia Bourdain, his widow, who disputed that Neville approached her about recreating her husband’s voice through AI in the documentary.
“I certainly was NOT the one who said Tony would have been cool with that,” she tweeted early Friday.
Neither Neville nor Focus Features, the documentary’s distributor, immediately responded to requests for comment Friday. Neville emphasized to Variety on Thursday that the decision to use AI technology was made “with the blessing of his estate and literary agent.”
“It was a modern storytelling technique that I used in a few places where I thought it was important to make Tony’s words come alive,” Neville said.
Anthony and Ottavia Bourdain married in 2007 after his first marriage, to Nancy Putkoski, ended in divorce. They had a daughter, Ariane, and the couple later separated in 2016, but they never finalized their divorce before his death. Ottavia Bourdain did not immediately return a request for comment.
The film, which comes three years after Anthony Bourdain’s death, has been met with mostly positive reviews since it premiered at the Tribeca Film Festival last month. In his review for The Washington Post, Tim Carman noted that Neville’s raw, very public take on Bourdain’s life produced a “nervy, impressionistic film, which over the course of two hours quietly peels back the layers of an onion that sweetened almost everything it touched and left many of us with tears in our eyes.”
Neville is regarded as one of Hollywood’s most decorated documentary filmmakers, with “20 Feet from Stardom” winning the Academy Award for Best Documentary Feature in 2014.
As Neville combed through every book, podcast and voice-over session Bourdain had participated in, he noticed a few lines that the globe-trotting chef had wrote but was never recorded saying. Since the filmmaker wanted Bourdain’s voice to be the dominant one in the film, Neville told GQ that he “had this idea to create an AI model of his voice.”
After he reached out to a software company, Neville and the film’s editors, Eileen Meyer and Aaron Wickenden, fed more than 10 hours of recordings featuring Bourdain into an AI model that would deepfake his voice, the filmmaker said. Otherwise known as “synthetic media,” the deepfake clips created by the support of AI are so effective that it’s often impossible to tell whether the content is altered or fabricated. The much-debated technology has caused tech giants such as Facebook and Twitter to put out policies addressing video and audio that regularly trick people.
Neville recounted to the New Yorker that three written quotes of Bourdain’s are now in his deepfake voice in the film. One of the lines, as reported by the New Yorker, was from an email Bourdain sent to a friend before his suicide: “You are successful, and I am successful, and I’m wondering: Are you happy?”
The filmmaker claimed that he got approval from Bourdain’s estate and that he “wasn’t putting words into his mouth.”
“If you watch the film … you probably don’t know what the other lines are that were spoken by the AI, and you’re not going to know,” he told the New Yorker. “We can have a documentary-ethics panel about it later.”
Critics did not want to wait until later, taking to social media to lambaste Neville’s decision as “manipulative” and “extremely weird.”
Film writer Sean Burns, who reviewed the film for WBUR, said he was unaware the film used an AI model for several of Bourdain’s lines by the time his review published early Thursday.
“I feel like this tells you all you need to know about the ethics of the people behind this project,” he tweeted.
David Friend, an entertainment reporter at the Canadian Press, wondered why the film did not disclose that some of the words said by Bourdain were actually from an AI model.
“We need a serious check on ethics in documentary filmmaking,” he said.
While technology has regularly been used in films to bring back actors such as Carrie Fisher and Paul Walker who appeared posthumously, critics have noted that those instances did not involve someone who was the subject of a documentary. Part of the backlash to the deepfake technique in this case was because of how devastated fans were over Bourdain’s death, Hollywood Reporter tech editor Carolyn Giardina told ABC News.
“This and similar uses, I think are going to continue to be a gray area for quite some time,” she said.
Helen Rosner, the New Yorker staff writer who interviewed Neville, said that while she was against the deepfake voice, it did not take away from a documentary she enjoyed.
“If it had been a human voice double I think the reaction would be ‘huh, ok,’ but there’s something truly unsettling about the idea of it coming from a computer — which is both a logical and illogical response!” she tweeted. “I think the nature of the film — structurally, topically, and tonally — tempers my knee-jerk recoil to the idea of AI line readings. I don’t like it! But I don’t think my dislike makes it grotesque, opportunistic, or morally wrong.”
Read more:",The Washington Post
https://www.forbes.com/sites/lanceeliot/2021/07/17/adorable-kitten-hiding-under-an-ai-self-driving-car-provides-bright-eyed-pearls-of-wisdom/,2021-07-17,Adorable Kitten Hiding Under An AI Self-Driving Car Provides Bright-Eyed Pearls Of Wisdom,"Something adorable could have been a heap of unpleasant trouble.
A kitten had decided to hide underneath a parked AI self-driving car.
I’m sure that you’ve seen or even personally witnessed having a cat or dog that opted to sneak under your conventional car and decided to hide out in this seemingly protective cove. Of course, we all know that once the vehicle starts up, things are going to get dicey for the cuddly pets if they don’t quickly scramble out from their hiding spot. Worse still, the likely now startled animal could shockingly freeze up in place and be ominously in the path of the wheels and be at risk of getting (heaven forbid) run over.
Yikes!
In my neighborhood, there seems to be a slew of meandering cats. Thus, I always do a quick peek underneath my outdoor parked conventional car whenever I am going on a driving journey. More than once I’ve caught a blissful feline that was catnapping and unaware of the potential dangers involved.
Any street-savvy cat has probably already figured out that it is time to rapidly move on whenever a car engine gets started. I usually assume that the cats undertaking the under-the-car gambit are seasoned prowlers that are constantly on alert and ready to skedaddle with tremendous grace and speed.
A kitten might not yet have learned this crucial school-of-hard-knocks lesson.
I dare say that few people seem to put much thought toward looking underneath their vehicle before they begin to go for a drive. You might remember in your teens taking a driver training class that repeatedly emphasized the importance of doing a careful and plodding walk around your vehicle before you get into the car itself.
This was a type of pre-flight check.
The idea is that you might notice a flat tire, or maybe a ding or dent in the exterior, etc.
In short, it makes abundant sense to ensure that your car is ready for a road trip. Plus, you want to know what your car looked like beforehand, in case something untoward happens during a driving adventure. Upon going to say a grocery store, you might believe that someone carelessly allowed a shopping cart to skirt and scrape across the side of your car and scratch it up, though it could be that the scratch was there earlier, and you had lackadaisically not glanced around to see it.
The most vital reason to do a walk around of your vehicle would be to ascertain that the car is fully functional and ready to go.
If you just jump into the driver’s seat first, you might not realize that your right rear tire is perilously low on air. Or maybe a nail or spike has somehow ended up on the gravel just where your right front tire sits, and for which the moment you pull forward there is going to be a bursting sound and a lot of angst and dismay on your part. Had you noticed the silently menacing piece of steel waiting to puncture your tire, you could have easily swept it out of the way beforehand.
Another reason to do a brief walk around your vehicle entails any otherwise unseen complications.
Here’s what I mean.
When my children were toddlers, it seemed like they used to regularly leave a toy behind my parked car. The car was usually seated on an outdoor pad in our front yard and was slightly on an incline. It was easy for the kids to inadvertently leave a toy laying here or there. It was equally easy for me to be in a hurry, rushing to work, and hastily back down the driveway without knowing that a toy was about to get summarily crushed.
To be clear about this, I would mindfully look to ensure that no humans and no animals were anywhere behind the vehicle. This was standard practice. That being said, a small toy could be laying flat on the ground, unmoving, and utterly blend into the pattern of the concrete pad. If that were the case, and assuming that the toy by a bad stroke of luck was in the path of the wheels, it was going to be a goner.
More than once I regrettably smashed such a toy. As a parent, your first thought seems to consist of chiding the kids for having left their toys in a vulnerable spot. One might even suggest that this is a valuable lesson for them, namely if you don’t take good care of your things they will be at risk of getting lost or damaged. On the other hand, there is also the rule of thumb that the parent backing down a driveway ought to be inspecting the path and ensure that there isn’t anything in the way.
I admit that I sometimes opted to get a replacement toy, explaining that the matter was unfortunate for all and yet we didn’t need to go quite overboard about lessons learned. Some others thought that was merely proving that two wrongs make a right, and my kids would lead a life of confusion and misunderstanding about how the world really works. No worries, things didn’t play out that way and those theories were disproven.
Anyway, back to the kitten and the looming danger of resting underneath a car.
The thing about a conventional car is that a human driver might notice beforehand that a kitten or other animal is in fact hiding out and ought to be dissuaded from staying where they are. The person would undoubtedly try to shoo out the hiding intruder. It is possible too that you might hear the cat meowing or perhaps making some form of noise while moving around. All in all, there is some viable chance that you might detect the hidden trespasser (well, I guess you could assert that the cat has every right to be resting in that position, presumably protected from predators and for which you’ve allowed the opportunity to exist).
What about an AI-based true self-driving car?
You see, there isn’t a human driver involved in a true self-driving car. Keep in mind that true self-driving cars are driven via an AI driving system. There isn’t a need for a human driver at the wheel, and nor is there a provision for a human to drive the vehicle. For my extensive and ongoing coverage of Autonomous Vehicles (AVs) and especially self-driving cars, see the link here.
Here’s an intriguing question that is worth pondering: What will an AI-based true self-driving car do or fail to do when getting underway and seek to ensure that no objects or living creatures might be in immediate harm’s way?
Before jumping into the details, I’d like to further clarify what is meant when referring to true self-driving cars.
Understanding The Levels Of Self-Driving Cars
As a clarification, true self-driving cars are ones that the AI drives the car entirely on its own and there isn’t any human assistance during the driving task.
These driverless vehicles are considered Level 4 and Level 5 (see my explanation at this link here), while a car that requires a human driver to co-share the driving effort is usually considered at Level 2 or Level 3. The cars that co-share the driving task are described as being semi-autonomous, and typically contain a variety of automated add-on’s that are referred to as ADAS (Advanced Driver-Assistance Systems).
There is not yet a true self-driving car at Level 5, which we don’t yet even know if this will be possible to achieve, and nor how long it will take to get there.
Meanwhile, the Level 4 efforts are gradually trying to get some traction by undergoing very narrow and selective public roadway trials, though there is controversy over whether this testing should be allowed per se (we are all life-or-death guinea pigs in an experiment taking place on our highways and byways, some contend, see my coverage at this link here).
Since semi-autonomous cars require a human driver, the adoption of those types of cars won’t be markedly different than driving conventional vehicles, so there’s not much new per se to cover about them on this topic (though, as you’ll see in a moment, the points next made are generally applicable).
For semi-autonomous cars, it is important that the public needs to be forewarned about a disturbing aspect that’s been arising lately, namely that despite those human drivers that keep posting videos of themselves falling asleep at the wheel of a Level 2 or Level 3 car, we all need to avoid being misled into believing that the driver can take away their attention from the driving task while driving a semi-autonomous car.
You are the responsible party for the driving actions of the vehicle, regardless of how much automation might be tossed into a Level 2 or Level 3.
Self-Driving Cars And Those Hiding Kittens
For Level 4 and Level 5 true self-driving vehicles, there won’t be a human driver involved in the driving task.
All occupants will be passengers.
The AI is doing the driving.
One aspect to immediately discuss entails the fact that the AI involved in today’s AI driving systems is not sentient. In other words, the AI is altogether a collective of computer-based programming and algorithms, and most assuredly not able to reason in the same manner that humans can.
Why this added emphasis about the AI not being sentient?
Because I want to underscore that when discussing the role of the AI driving system, I am not ascribing human qualities to the AI. Please be aware that there is an ongoing and dangerous tendency these days to anthropomorphize AI. In essence, people are assigning human-like sentience to today’s AI, despite the undeniable and inarguable fact that no such AI exists as yet.
With that clarification, you can envision that the AI driving system won’t natively somehow “know” about the facets of driving. Driving and all that it entails will need to be programmed as part of the hardware and software of the self-driving car.
Let’s dive into the myriad of aspects that come to play on this topic.
We can certainly expect that AI-based self-driving cars will attempt to examine the surroundings when first powered on and getting ready to undertake a driving journey.
Self-driving cars are usually outfitted with a sensor suite consisting of video cameras, radar, LIDAR, ultrasonic units, thermal imaging devices, and the like. Not all brands or models will necessarily have the same set of sensors, such that some automakers and self-driving tech firms are aiming to use only certain kinds of sensing devices and somewhat eschew other such types (for my coverage on this at times controversial selection preference, see the link here).
In any case, the sensors are likely to right away begin capturing data about the immediate surroundings the moment that a driving task is going to be initiated. Some self-driving cars will even be making use of some of their sensors while parked and not at all underway, doing so as a precaution to try and detect and dissuade car thieves or carry on other desired observations.
Let’s assume that a driving mission has been given to the AI driving system and it is going to proceed with the assigned journey. Upon starting the engine and engaging the sensors, the programmed initial activity is assuredly going to be an assessment of where the self-driving car is, where it needs to go, and what might be directly within the starting path of the autonomous vehicle.
If the self-driving car is parked on a driveway and going to be backing down to the street, you can reasonably anticipate that the sensors on the rear of the vehicle will be trying to detect any obstructions that might be in the way. Perhaps a child has left a bicycle standing behind the self-driving car. Either the video cameras would pick up the image of the bicycle or possibly the radar would detect the bicycle. There could be a multitude of sensors that are able to simultaneously detect the presence of an object.
So far, so good.
Would a child’s toy that was on the ground, sandwiched between the driveway and the right front tire, be readily detected?
The odds are against this being detected.
The position of the toy is probably not within the scope of the video cameras. You could say that this particular location is a blind spot of sorts. None of the other sensors are likely to detect the toy, especially if it is lying flat and entirely motionless. The same could be said of a nail or spike that perchance was laying in that general locale.
Would a kitten or other small animal hiding underneath the self-driving car be detected?
Highly unlikely.
Few self-driving cars have a video camera that is mounted or ostensibly positioned to see under the vehicle (likewise, you would not expect other externally attuned sensors to be there either).
Many AI developers either haven’t considered putting a camera in that arrangement (the idea hasn’t arisen), or they don’t think it would be of much use. Plus, there is a cost associated with including yet another video camera in the self-driving car. All in all, the use of a costly video camera or other such sensors to be able to see what is under the car doesn’t seem to be in the cards, for now (I have predicted that this attitude will change once self-driving cars become prevalent and are being used in everyday real-world driving settings).
You could categorize this scenario or use case into the large bucket of so-called edge or corner cases.
Those are situations and circumstances that are considered rare and ranked as low priority to be considered. Most of the AI driving systems and the AI developers making them are struggling to just get self-driving cars to go safely from point A to point B. Worrying about what is perhaps underneath the self-driving car is something well beyond the focus of attention at this time.
Just don’t tell the kitten that they are ranked as low priority, you might get fervently cat scratched.
The bottom line is that most self-driving cars are generally blind (not set up to detect) whatever might be somewhere underneath the vehicle. Given that assertion, there is a bit of an escape hatch in that if the self-driving car were to detect an object before it ended up underneath the vehicle, this could aid the AI driving system in essentially calculating that the item has presumably gotten into that posture.
Consider how that might work.
Suppose that the sensors were active and detected a cat that was about ten feet in front of the vehicle and for which the feline was striding nonchalantly toward the front of the self-driving car. This is something that could be readily detected and tracked. Once the cat goes underneath the vehicle, the external sensors of the typical self-driving car are no longer able to detect the presence of the feline.
Meanwhile, the sensors that provide a 360-degree viewpoint around the vehicle would allow for detecting the cat once it comes out from underneath the self-driving car. If the cat does not appear on any of those sensory captures, it is reasonable to make the default assumption that the cat is still underneath the self-driving car. This is not a certainty, since perhaps there are some other means of the cat finding its way out, though we will not include that the cat has magical powers and nor that it is wearing an invisibility cloak.
Whenever a self-driving is underway, the AI driving system has the potential for figuring out what objects might have been driven over and perhaps be underneath the autonomous vehicle. This is due to detecting an object beforehand and then making calculated predictions about where the object might next be. For example, a discarded piece of splattered furniture on the freeway will at some point be underneath the self-driving car if the AI driving system opts to drive over the roadway object. Shortly thereafter, the object should be detectable as the self-driving car proceeds beyond the object and the strewn debris are now behind the vehicle and once again visible.
There are some dicey elements to this kind of computation.
Could the video camera image processing really account for all of the shattered remains of the furniture, or might some pieces still be underneath the vehicle and possibly stuck to the underframe in some fashion? The odds of being able to definitively make such a determination are rather slim.
Of course, this side tangent was based on the premise that the object of interest was detected before it went underneath the autonomous vehicle. If the self-driving car was parked on a driveway and entirely shut off, including all of the usual sensors, there would not be any “before” that could be relied upon to ascertain what might be underneath the vehicle.
Imagine two different variants of this scenario, whereby one instance consisted of the self-driving car going for a drive and doing so absent of having any passengers, while the other instance involves carrying one or more passengers.
In case you are wondering why a self-driving car would be getting underway without any passengers on board, that’s a straightforward and altogether commonly expected aspect regarding the use of self-driving cars. You see, if someone requests a ride, the self-driving car might need to first drive to wherever that person is. As such, the self-driving car will be entirely empty until it reaches and has the passenger embark on the desired ride. Many are worried that we are going to have a lot of self-driving cars that are roaming here and there, doing so absent of passengers, and ergo might inadvertently clog up traffic accordingly (see my columns for analyses of this qualm).
The second use case of having a passenger at the outset is especially interesting because it introduces a potential “solution” related to finding that kitten that is hiding underneath the parked self-driving car.
Here’s how that might happen.
A passenger comes up to a parked and inert self-driving car. The passenger rouses the AI driving system, either by using a smartphone to connect to it or possibly by speaking to the vehicle (a microphone is listening for a wake-up command, just like when you use Alexa or Siri).
The Natural Language Processing (NLP) component of the AI driving system might engage the human passenger in a brief dialogue. Besides asking where the person wants to go, the AI driving system might also ask the passenger to please glance around and underneath the autonomous vehicle. If the passenger notices anything out of the ordinary, the person could verbally alert the AI driving system accordingly. The AI driving system would have been programmed with some provision related to not getting underway until the matter is somehow properly resolved (that’s an entirely different story, which will be covered in a later column).
Just as a human driver might normally be expected to look around their vehicle to do a pre-flight kind of check, an AI driving system could ask a human passenger to take on that role. It would be easy for passengers to do this, taking just a quick walk around and bending down to look underneath the self-driving car.
That seems to close this matter and we can go home now.
Not so!
First, we’ve already noted that this is just the use case when a passenger is involved. Therefore, we still have the gaping loophole of the use case for which there isn’t a passenger at the get-go.
Second, mull over this notion of asking passengers to look around, and I think you’ll quickly realize the folly of such an approach.
Some passengers will give only a cursory look-see. Their effort to examine what is underneath the vehicle is especially likely to be skimpy, at best (would you be willing to get down on the ground onto likely grimy asphalt, plus what if it is raining or some other adverse factor comes to play). The chances that a passenger will reliably spy on something is highly questionable.
I would bet too those passengers would feel as though they are being put upon by having to do “work” for the self-driving car. Why should a passenger have to be enlisted to do something that the AI driving system ought to be taking care of? When you get into a human-driven car, you don’t usually expect the human driver to ask you to walk around and check out things. The response by passengers would probably be something like getting your lazy posterior out of the car and check around for yourself.
All told, asking passengers to look around seems misguided. It could be a temporary and half-baked way to momentarily deal with such issues but ultimately will need a more systemic solution.
Conclusion
If you are wondering what else could be done, other than mounting sensors that are oriented to inspect underneath the autonomous vehicle, there is in fact a potential additional solution.
Drones.
Yes, there are various efforts underway of pairing up drones with self-driving cars. A drone could be used for a variety of handy purposes. As mentioned in my columns, there are tests underway of using a drone to rapidly fly a fast-food meal to a moving self-driving car that has a hungry passenger inside (see my discussion at this link here).
Rather than simply providing some hamburgers and fries, let’s consider how the drone helps to find that adorable kitten.
When a self-driving car begins a driving journey, it might directly launch its paired drone (which was sitting in a rooftop casing, the passageway of the casing is automatically opened and the drone is sent airborne). The drone briefly circles around the self-driving car. A video camera on the drone is beaming electronic signals to the AI driving system and showcasing the images being captured. The AI driving system mathematically examines the images and tries to determine if there are any objects in the way of the autonomous vehicle.
In addition, the drone is flown very close to the ground and immediately adjacent to the self-driving car. This allows the video camera of the drone to peer underneath the vehicle. If needed, the drone can be flown underneath the self-driving car to get a closer look at what might be there.
Kitten discovered!
That is the future and not something that you would find in today’s self-driving cars.
You might be wondering what happened to the kitten that was snoozing underneath a contemporary (budding) self-driving car.
Turns out that the self-driving car had a human backup driver, sometimes referred to as a safety monitor, that was taking the autonomous vehicle for a test drive. This is frequently the case these days, namely that automakers and self-driving tech firms hire people to go along for a ride, watching to see what the AI driving system does. If there is something that the AI driving system appears to be amiss on, the human driver can disengage the AI driving system and take over the driving controls (for details about the nature of this role, see my column discussions).
Well, it turns out that upon approaching the self-driving car, the human backup driver startled the kitten.
Out darted the lively kitten!
I suppose you could say that this was all in a day’s work for the human backup driver. They are intended to keep an AI self-driving car from going awry, and apparently able to save kittens from dangerous situations.
I wonder if the kitten used up any of its nine lives by surviving unscathed. This might be a necessity until self-driving cars are made kitten-proof.
Dr. Lance B. Eliot is a world-renowned expert on Artificial Intelligence (AI) with over 3.8+ million amassed views of his AI columns. As a seasoned executive and
…Dr. Lance B. Eliot is a world-renowned expert on Artificial Intelligence (AI) with over 3.8+ million amassed views of his AI columns. As a seasoned executive and high-tech entrepreneur, he combines practical industry experience with deep academic research and serves as a Stanford Fellow at Stanford University. Formerly a professor at USC and UCLA, and head of a pioneering AI Lab, he frequently speaks at major AI industry events. Author of over 50 books, 500 articles, and 250 podcasts, he has made appearances on media outlets such as CNN and co-hosted the popular radio show Technotrends. He's been an adviser to Congress and other legislative bodies and has received numerous awards/honors. He serves on several boards, has worked as a Venture Capitalist, an angel investor, and a mentor to founder entrepreneurs and startups.",Forbes
https://www.newsbreak.com/news/2304613123862/preemptively-sorted-how-ai-solutions-can-fix-faults-before-customers-even-know-about-them,2021-07-09,Preemptively sorted: how AI solutions can fix faults before customers even know about them - News Break,"Preemptively sorted: how AI solutions can fix faults before customers even know about them
When a customer has a problem with a service, it’s usually down to them to report it. They call, email, text or use social media to contact customer service, setting off a chain of events that hopefully ends with the issue being solved – though they may have to waste time stuck in a call queueing system or chasing the company for updates.
This is what’s known as reactive customer service. And in a world where people expect quick resolutions to their problems through their channel of choice, it can be a source of frustration and negative brand perceptions. But what if companies could solve problems before customers even knew they existed?
That’s the promise of AI and machine learning, which are changing the way businesses approach customer service issues. “We talk about [the shift from] reactive customer service to proactive customer service to predictive, so there’s a logical flow there,” says Ian Ashby, principal strategist for customer service at ServiceNow, a leading digital workflow company.
AI and machine learning tools are fuelled by data, so sectors that operate digitally connected ecosystems of sensors and devices – eg telecoms, energy and IT – are at an advantage when it comes to shifting to more proactive and predictive customer service .
Ashby uses the example of a wind farm to illustrate this point. “Say your sensors are telling you that the bearings are vibrating or the temperature is increasing on the engine casing,” he says. “There are various things you can do off the back of that …[like] schedule a preventative maintenance visit at a time that’s convenient.”
ServiceNow’s Customer Service Management (CSM) solution enables operations teams to keep customer service in the loop when there’s an issue. For example, if the company’s AI-enabled monitoring systems pick up a trend or multiple alerts that indicate a high chance of future service disruption, the CSM solution can automatically generate a case and associated workflows for the customer service teams to take action. That team can then immediately identify which customers might be affected by the disruption and notify them if necessary.
Without this level of visibility, organisations may struggle to provide truly proactive and predictive customer service. This was an issue Vodafone faced before it implemented the ServiceNow customer service solution on the Now Platform .
“Before digital transformation, Vodafone was a collection of siloed systems, multiple platforms,” stated Chris Holmes in a ServiceNow video, who at the time was head of digital experience at Vodafone. “It was a really complex environment. What that led to was quite often the customer would know about a problem before we would. Now with the ServiceNow platform we’re much more proactive. We’re aware and we’re notifying our customers of an issue and that we’re dealing with it.”
The move to predictive customer service makes it possible for companies to fix problems faster. Using the example of the automatic response to broadband outage, Ashby says: “If it [the outage] comes in at two o’clock in the morning, you can start working on it immediately. You can schedule the engineer to go out, you can inform the customer that it’s expected to be down for three hours, and give them an update when it’s finished.”
Granted, no technology is a silver bullet for every customer service issue – and that includes AI and machine learning. “Without a deep understanding of the end-to-end customer service journey, technology is a shot in the dark: it might bring some relief to an isolated pain point, but it won’t solve its root cause,” says Karine Cardona-Smits, senior analyst at Forrester and co-author of the report How AI and automation drive better customer service experiences .
A proactive or predictive approach to customer service also means companies need to be comfortable telling their customers if there’s a problem. “My take on that is that you should, because not only are you being open and honest, you’re also avoiding a situation where they [the customer] are having to put in the effort to find out what is going on,” says Ashby.
Related: ‘It can be very lonely’: confessions of a customer service agent
He believes a text that informs someone that an issue has been identified and is being addressed creates a sense of gratitude rather than frustration. From the business’s perspective, it’s also a lot more straightforward and cost-effective than the alternative: customer service agents fielding endless calls from confused (and possibly irate) customers.
“The last thing agents want is people ringing up going: ‘My broadband is down, I’m stressed, I’ve got a meeting in three hours,’” says Ashby. “Those are really high-stress situations for the agents because they’re dealing with angry customers. So there’s an added benefit in terms of the wellbeing and the job satisfaction of the contact centre agents, because you’re taking away a substantial amount of the difficult conversations that occur in that scenario.”
Reducing the number of stressed customers that call centre agents have to deal with not only makes their job more pleasant, it also means they can focus on more high-value or complex customer service issues. “The ideal would be that customer service processes were designed so humans can do what they do best and AI does what it does best,” says Ian Jacobs, vice-president, research director at Forrester and co-author of the aforementioned report on AI and customer service experiences. “The service would be a blend of the two.”
Want to learn more about the future of customer service? Visit servicenow.co.uk",The Guardian
https://www.forbes.com/sites/cindygordon/2021/07/18/why-do-board-directors-and-ceos-need-to-value-un-sustainability-goal-9innovation-and-infrastructure/,2021-07-18,Why Do Board Directors And CEO’s Need To Value UN Sustainability Goal 9 - Innovation And Infrastructure?,"In my last blog, the eighth UN sustainability goal: “Promote sustained inclusive and sustainable economic growth, full and productive employment and decent work for all,” was explored. This blog covers the UN sustainability goal 9 on innovation and infrastructure, and identifies ways that AI is adding value to support goal 9, and also highlights relevant market economic patterns.
Innovation is key to solve complex economic and environmental challenges, such as increased resource and energy-efficiency. Globally, investment in research and development as a percentage of GDP only increased from 1.5 per cent in 2000 to 1.7 per cent in 2015 and remained almost unchanged in 2017, but was only less than 1 per cent in developing regions. This trend is not positive as we look ahead to 2023 with the pandemic after-shock continuing to impact over 3.6 billion people who remain offline, do not have access to online learning education, ease of employment or health and sanitation needs.
Let’s look at a few more facts:
- In 2018, over 96 percent of the population, lived within reach of a mobile-cellular signal, and 90 per cent of people could access the Internet through a third generation (3G) or higher-quality network.
- The global share of manufacturing value added in GDP only increased from 15.2% in 2005 to 16.3 percent in 2017, with still the fastest growth in manufacturing driven by Asia. This decline will impact global infrastructure innovation and ripple through economies. Hardest hit will continue to be the less developed economies, in particular Africa.
- In 2019, the amount of new renewable power capacity added (excluding large hydro) was the highest it has ever been at 184 gigawatts, 20GW more than in 2018. This included 118GW of new solar systems, and 61GW of wind turbines.
- Capacity investment in solar slipped 3 per cent to $131.1 billion in 2019, while that in wind climbed 6 per cent to $138.2 billion
- Investment in R&D needs to accelerate, in 2014 $1.4 trillion was invested in R&D and as of 2018 only at $2.2 Trillion
To modernize our world’s infrastructure, stronger investments are critical in infrastructure enablements to fuel innovation, much of it which is dependent on AI, Internet of Things, Robotics to modernize infrastructure especially on communication networks.
However, modern infrastructure also requires continued investment in roads, railways, needed to transport goods and people, plus ensuring power plants can support the needs of the vast communication networks.
According to Oxford Economics, the global infrastructure investment needs to be $94 trillion between 2016 and 2040. This is 19 percent higher than would be delivered under current trends, and is an average of $3.7 trillion per year. To meet this investment need, the world will need to increase the proportion of GDP it dedicates to infrastructure to 3.5 percent, compared to the 3.0 percent expected under current trends.
Also we cannot forget this alarming factoid that with Covid-19, the aviation industry has also lost over 300 billion due to the global pandemic, and airlines are one of our most significant logistics and transportation networks supporting our global infrastructure dynamics.
Hence in summary, the innovation and infrastructure investments across the globe to achieve Goal 9 are not making their mark. Covid-19 has on one hand propelled many industries ahead, but on the other hand impacts in manufacturing have steeply declined. Deloitte projections based on the Oxford Economic Model (OEM) anticipate a decline in annual manufacturing GDP growth levels for 2020-2021, with a forecast of -6.3% for 2020 and 3.5% for 2021.
Despite these global market dynamics, investments in Artificial Intelligence have been growing. Here are a couple more facts:
- Over two-thirds of senior executives across industries cite AI as vitally important to the future of their businesses and plan to increase their investments post pandemic. The Driving ROI Through AI Report shares that companies increased investments by 4.6% on average over the last year with a plan to invest 8.3% per year over the next three years,
- Markets and Markets experts predict that the market will reach $191 billion by the year 2025, quite a jump from the approximately $40 billion that the market is valued at currently.
How can AI advance innovation and infrastructure modernization?
As we already know, AI is a powerful engine of productivity and economic growth. AI is an excellent innovation that improves decision-making of almost every complex business process, given its appetite to analyze large volumes of data and perform complex calculations that humans simply cannot perform.
Research launched by Accenture covering 12 developed economies, which together generate more than 0.5 % of the world's economic output, forecasts that by 2035, AI could double annual global economic growth rates.
AI enables stronger increase in labour productivity (by up to 40 %) due to innovative technologies enabling more efficient workforce-related time management. Pricewaterhouse Coopers (PwC) further estimates that the global GDP may increase by up to 14 % (the equivalent of US$15.7 trillion) by 2030 as a result of the accelerating development and take-up of AI.
Lets now look at ways AI is supporting infrastructure innovations and highlight a few initiatives in two industries: Construction and Manufacturing and in the Transportation Industry on Road Infrastructure Intelligence
AI in the Construction Industry
Globally, businesses spend over $10 trillion per year on construction-related activities and is projected to keep growing by 4.2% until 2023. In the 2020 McKinsey report, The Next Normal in Construction: How Disruption is Shaping the World's Largest Ecosystem, they identified a number of construction solutions using AI.
New ways of working in construction will be accelerated use of robots to evaluate job progress, track the location of workers and equipment, enables project managers to tell instantly which job sites have enough workers and equipment to complete the project on schedule, and which might be falling behind where additional labor could be deployed. The ability to aggregate data patterns from all equipment and people movements as man and machine interfaces continue to flow data insights will change how construction is done.
Robotics, AI, and the Internet of Things can reduce building costs by up to 20 percent. Engineers will increasingly use virtual reality smart goggles and deploy smart and more mini robots to perform repeatable work tasks. These robots will use cameras to track the work as it progresses and report back, even help plan the routing of electrical and plumbing systems in modern buildings to do more agile planning. AI will be able to track the real-time interactions of workers, machinery, and objects on the site and alert supervisors of potential safety issues, construction errors, and summarize and report on productivity issues.
AI in Transportation /Road Intelligence
Roads are foundational to enabling people to transport goods and services, conduct business and cities play an important role as mega city infrastructures continue to be the hot bed to live. Although Covid-19 sent many residents to live in more remote and safer locations, the attractiveness of smart infrastructure will roar back in 2022 like nothing we have experienced before.
The value of AI in smarter roads is that AI, IoT make it easier to monitor, collect, and analyze traffic patterns and make adjustments or improvements in real time. With collections of sensors, cameras, adaptive traffic lines, data collection methods traffic can be easily be rerouted, identify road condition issues, and even analyze Co2 emission levels to support environmental goals.
Why road infrastructure intelligence is worth highlighting in the UN Goal 9 is very much driven by this key fact - For an average US citizen, congestion costs 99 hours of their time and USD 1,377 each year. Smart road technology can track vehicles and adjust traffic lights when there are fewer or no cars approaching, helping prevent bumper-to-bumper traffic. This could help drivers and passengers save 9.4 hours each year.
The construction and transportation (road) industry are just two examples undergoing significant changes enabled by AI, IoT, Smart Sensors and massive data consumption and analytic methods.
Conclusion
Striving to advance the UN goal #8 supporting accelerated innovation and infrastructure modernization is a board director and CEO level responsibility.
We need to have bolder conversations, demonstrate more courage, and find pathways to unlock more innovation capacity and infrastructure investments.
Furthermore, boards have an important role in ensuring their CEO leadership is effectively managing both the potential of AI and also increasingly its organizational risks—including ethical, and reputational risks.
It is part of a board’s fiduciary responsibility to oversee AI and its potential impact on the business, but also ethically on society and strive to make our world a better place.
More Information:
The United Nations developed in 2015 the Sustainable Development Goals as an universal call to action to end poverty, protect the planet and improve the lives and prospects of everyone, everywhere. The 17 Goals were adopted by all UN Member States in 2015, as part of the 2030 Agenda for Sustainable Development which set out a 15-year plan to achieve the Goals.
To see the full AI Brain Trust Framework introduced in the first blog, reference here.
Dr. Cindy Gordon is a CEO, a thought leader, author, keynote speaker, board director, and advisor to companies and governments striving to modernize their business
…Dr. Cindy Gordon is a CEO, a thought leader, author, keynote speaker, board director, and advisor to companies and governments striving to modernize their business operations, with advanced AI methods. She is the CEO and Founder of SalesChoice, an AI SaaS company focused on Improving Sales Revenue Inefficiencies and Ending Revenue Uncertainty. A former Accenture, Xerox and Citicorp executive, she bridges governance, strategy and operations in her AI contributions. She is a board advisor of the Forbes School of Business and Technology, and the AI Forum. She is passionate about modernizing innovation with disruptive technologies (SaaS/Cloud, Smart Apps, AI, IoT, Robots and Cobots), with 14 books in the market, with The AI Dilemma just released. Follow her on Linked In or on Twitter or her Website. You can also access her at The AI Directory.",Forbes
https://www.forbes.com/sites/cognitiveworld/2021/07/18/how-automation-and-best-practices-methodologies-are-transforming-the-uspto/,2021-07-18,How Automation And Best-Practices Methodologies Are Transforming The USPTO,"While automation is not intelligence, the real value of automation, especially software automation comes from removing the bot from the human. The global pandemic has shown just how valuable automation has become for companies and governments alike to make sure that operations run smoothly, bottlenecks are avoided, and repetitive tasks can be taken away from humans to free them up for higher value tasks.
However, if you want to see real value from automation, and in particular Robotic Process Automation (RPA), it’s important to know what these bots can and can’t do, and how AI is being applied to help handle more complex tasks. USPTO uses automation and AI to improve operational efficiency and empower their highly-skilled Examining Corps. Additionally, they are automating various processes to lighten the manual load on their Examiners.
Timothy Goodwin, Deputy Director, Office of Organizational Policy and Governance at the United States Patent and Trademark Office (USPTO) shares how they are leveraging automation and cognitive technology at America’s Innovation Agency. Timothy will also be presenting at an upcoming ATARC CPMAI “Methodologies and Best Practices for Successful RPA Implementation” event on July 21, 2021, 2:00-3:00 p.m. to dig deeper into some of the questions below.
How are you leveraging automation at USPTO?
Timothy Goodwin: The depth and breadth of which automation technologies are being leveraged within USPTO is vast. It is a critical enabler for driving business value. Recently we have used AI/ML to reduce the manual patent classification actions performed by an examiner; RPA to free up valuable time performing suspension checks on trademark applications; and virtual Data as-a-Service (vDaaS) to increase quality of applications in development through on-demand provisioning of test data. All of which has helped propel more, and more automation capabilities and is enabling our agency to deliver higher quality services to the public.
How do you identify which problem area(s) to start with for your automation and cognitive technology projects?
Timothy Goodwin: I am going to narrow this question and focus on RPA. When we first started our RPA program in 2019, we were looking for any USPTO process that could be used to demonstrate capabilities. This started with a “first-in-first-out” model where requests being submitted were only helping individual or low number of users. Since then, we have evolved our intake process to look more broadly at the automation request and find critical problem areas impacting USPTO business lines. A recent example was developing RPA solutions to help reduce the backlog created from the high volume of trademark applications submitted over the past twelve months.
How do you measure ROI for these sorts of automation, advanced AI and analytics projects?
Timothy Goodwin: Measurements are always based upon the business value derived from the automations demonstrated capabilities. This can come in many different forms depending on the solution being implemented. For provisioning of cloud infrastructure, it can be something as simple as creating a routine that terminates idle virtual services when not in use, avoiding unnecessary expenses. For RPA, it can be looking at the number of productivity hours recouped from a single or multiple process instances automated. The key metric is always centered on asking ourselves “how does this help disseminate and issue timely and high quality patents and trademarks?”
What are some of the unique opportunities the public sector has when it comes to data and AI?
Timothy Goodwin: In very general terms, the public sector is stewards and has access to vast amounts of very unique data that is equally inaccessible by any other entity in the world. This of course, coming from the totality perspective and not from views available through open data platforms. There is immense potential combining these unique data sets with AI to advance research into every single discipline known today. Quite simply it is boundless. The challenges, on the other hand, are all over the place and span legal, technical, and ethical boundaries. However, I’d like to point back towards our responsibilities as data stewards and ensuring public trust is being upheld. For me, this is the fundamental topic that should be addressed when determining how data should be used. Ultimately, the dilemma of how to use data and for what purposes related to AI have to be explicitly defined and vetted before pursuits are made to ensure we are exceeding the public’s expectations.
How do analytics, automation, and AI work together at the USPTO?
Timothy Goodwin: USPTO data is unique and with that we have unique challenges and opportunities. The three areas are naturally woven together and build upon each other to enable advanced capabilities. Automations help feed our patent and trademark data lakes where preparations are made to address data quality and security. This in turn, mutually feeds our AI/ML models and eventually gets rolled out and provides data insights and visualizations to broader groups. All of this helps create a sustainable environment for conducting data driven decisions for the agency and ensuring USPTO can continually provide high quality services.
What are you doing to develop an AI ready workforce?
Timothy Goodwin: Workforce development within advanced technologies is already a challenge for many federal agencies. At USPTO we are fortunate to have strong leadership within the data science, analytics, and AI space from Scott Beliveau and our new emerging technologies director, Jerry Ma [For additional insights Jerry Ma presented at a previous AI In Government event, and Scott Beliveau will be sharing insights at the October 2021 AI In Government event]. With support from their teams, they are forging a new path for other USPTO personnel to follow by creating opportunities and allowing innovation to be explored. Enabling focused experimentation within AI that provides strong business value is one of the best tools we can leverage for developing our workforce. In the more practical sense, we have also been growing our workforce through traditional training and have had many employees participate in various levels of AI/ML and advanced analytics courses. [The best practices approach to doing AI and big data analytics is the CPMAI methodology, which large organizations are increasingly adopting.]
What AI technologies are you most looking forward to in the coming years?
Timothy Goodwin: I am really trying to keep an eye on how AI is evolving in the domain of cyber security research and development. There has already been a vast amount of work and success achieved in this area, to the point that any modern AV product is utilizing AI for static analysis and trending better with dynamic analysis. What I am most interested in is seeing how AI can “heal” vulnerable or compromise systems in real time. Knowing how vulnerability research is traditionally conducted, there are ample opportunities to utilize AI to prevent the viability of a bug from being exploited. Recognizing and disseminating AI driven patching actions before compromise occurs is what I hope matures in the coming years.
Kathleen Walch is Managing Partner & Principal Analyst at AI Focused Research and Advisory firm Cognilytica (http://cognilytica.com), a leading analyst firm focused on
…Kathleen Walch is Managing Partner & Principal Analyst at AI Focused Research and Advisory firm Cognilytica (http://cognilytica.com), a leading analyst firm focused on application and use of artificial intelligence (AI) in both the public and private sectors. She is also co-host of the popular AI Today podcast, a top AI related podcast that highlights various AI use cases for both the public and private sector as well as interviews guest experts on AI related topics.",Forbes
https://www.forbes.com/sites/janakirammsv/2021/07/19/edge-impulse-combines-automl-and-tinyml-to-make-ai-ubiquitous/,2021-07-19,Edge Impulse Combines AutoML And TinyML To Make AI Ubiquitous,"Edge Impulse, a San Jose-based startup, aims to bring AI capabilities to microcontrollers that power consumer electronic devices. The company has built a cloud-based platform to enable developers to build AI models targeting microcontrollers.
Edge Impulse combines two popular techniques to bring AI to microcontrollers - AutoML and TinyML.
AutoML focuses on two critical aspects of machine learning – Data acquisition and prediction. The AutoML platform will abstract all the steps that take place in between these two phases. Essentially, developers bring their own dataset, identify the labels, and push a button to generate a thoroughly trained model that's ready to predict.
TinyML is a technique that optimizes machine learning models for embedded devices that are resource-constrained. These embedded devices run on batteries with limited processing power and memory availability. Traditional ML models cannot be deployed on these devices. With TinyML, the models are converted and optimized to run on the smallest unit of an electronic device - the microcontroller.
Targeting microcontrollers for running AI is a complex and time-consuming process. Developers need to acquire data from various sensors attached to the microcontroller. Then, they need to pre-process and normalize the dataset before feeding that to a complex neural network. The artificial neural networks need massive computational power delivered by high-end CPUs and GPUs to train the models. Once the model is trained and evaluated for accuracy and precision, it is converted and compacted to run in microcontroller-based devices.
Edge Impulse managed the entire pipeline from data acquisition to model deployment. It has tools that can be run in Windows or macOS to collect data from sensors and ingest it into the cloud-based platform. Depending on the data format, such as time-series, audio, and video, developers can choose appropriate neural network architectures and optimization techniques to train the model. Finally, Edge Impulse converts the model, optimizes it and generates an artifact that can be directly deployed in the device. All of this is done without writing a single line of code.
Behind the scenes, Edge Impulse leverages the infrastructure, frameworks and tools typically used by expert data scientists and ML engineers. It takes advantage of parallelization for data processing and sampling the datasets. TensorFlow is used to build and train neural networks backed by powerful AI accelerators such as GPUs.
TensorFlow Lite, a flavor of TensorFlow optimized for devices, is used for converting and compacting the model. Edge Impulse can also generate a Web Assembly or a TensorRT model optimized for NVIDIA Jetson-based edge devices.
The key advantage of running AI in embedded systems is performing predictions without depending on the cloud or external services. The models become a part of the firmware flashed into the devices.
Edge Impulse has partnered with silicon companies and DIY electronic kit developers to accelerate building AI models for microcontrollers. It is gaining traction within the hobbyist developer community and IoT companies to bring AI into the embedded devices ecosystem.
Last month, Edge Impulse raised a $15 million Series A investment round led by Canaan Partners with Acrew Capital, Fika Ventures, Momenta Ventures, and Knollwood Investment Advisory. This funding will further the mission to democratize ML for millions of developers and engineers deploying to billions of edge devices.
Janakiram MSV is an analyst, advisor and an architect at Janakiram & Associates. He was the founder and CTO of Get Cloud Ready Consulting, a niche cloud migration and
…Janakiram MSV is an analyst, advisor and an architect at Janakiram & Associates. He was the founder and CTO of Get Cloud Ready Consulting, a niche cloud migration and cloud operations firm that got acquired by Aditi Technologies. Through his speaking, writing and analysis, he helps businesses take advantage of the emerging technologies.
Janakiram is one of the first few Microsoft Certified Azure Professionals in India. He is one of the few professionals with Amazon Certified Solution Architect, Amazon Certified Developer and Amazon Certified SysOps Administrator credentials. Janakiram is a Google Certified Professional Cloud Architect. He is recognised by Google as the Google Developer Expert (GDE) for his subject matter expertise in cloud and IoT technologies. He is awarded the title of Most Valuable Professional and Regional Director by Microsoft Corporation. Janakiram is an Intel Software Innovator, an award given by Intel for community contributions in AI and IoT. Janakiram is a guest faculty at the International Institute of Information Technology (IIIT-H) where he teaches Big Data, Cloud Computing, Containers, and DevOps to the students enrolled for the Master's course. He is an Ambassador for The Cloud Native Computing Foundation.
Janakiram was a senior analyst with Gigaom Research analyst network where he analyzed the cloud services landscape. During his 18 years of corporate career, Janakiram worked at world-class product companies including Microsoft Corporation, Amazon Web Services and Alcatel-Lucent. His last role was with AWS as the technology evangelist where he joined them as the first employee in India. Prior to that, Janakiram spent over 10 years at Microsoft Corporation where he was involved in selling, marketing and evangelizing the Microsoft application platform and tools. At the time of leaving Microsoft, he was the cloud architect focused on Azure.",Forbes
https://www.forbes.com/sites/alexzhavoronkov/2021/07/19/wu-dao-20bigger-stronger-faster-ai-from-china/,2021-07-19,"Wu Dao 2.0 - Bigger, Stronger, Faster AI From China","It is no secret that China has COVID-19 under control. When you travel there you need to go through a 2-week hotel quarantine but once you are in the country, you are safe. Probably even safer than before COVID as wearing a mask is now part of the etiquette, and the many other viral respiratory diseases are likely to be on the decline. Hence, when I got invited to speak at the annual conference of the Beijing Academy of Artificial Intelligence (BAAI) in the AI for healthcare section, I readily accepted.
The BAAI is a great platform for showcasing technology and talent across broad categories. The non-profit institute encourages scientists to tackle problems and promote breakthroughs in AI theories, tools, systems and applications. In addition, the BAAI has a unique focus on long-term research on AI technology.
AI is big in China. So big that over 70,000 people register for the event and many more tune in to watch the BAAI presentations after the event. And may of these present very novel approaches, algorithms, systems, and applications. However, the real hit at the BAAI was Wu Dao 2.0 - a system that surpassed OpenAI’s GPT-3 in so many ways.
The Encyclopedia Britannica defines language as a ‘system of conventional spoken, manual, or written symbols by means of which human beings, as members of a social group and participants in its culture, express themselves.’ We can conclude from this definition that language is an integral part of human connection. Not only does it allow us to share ideas, thoughts and feelings with each other, language also allows us to create and build societies and empires. In simple words: language makes us human.
According to Professor Gareth Gaskell of the Department of Psychology at the University of York, the average 20-year-old knows between 27,000 and 52,000 different words. By age 60, that number averages between 35,000 and 56,000. Therefore, when we use words in a conversation, the brain has to make a quick decision regarding which words to use and in what sequence. In this context, the brain works as a processor that can do multiple things at the same time.
Language scientists suggest that each word we know is represented by a separate processing unit that has one job: to assess the likelihood of incoming speech matching that particular word. In the context of the brain, the processing unit that represent a word is similar to a pattern of activity across a group of neurons in the brain. So when we hear the beginning of a word, several thousand such units become active because there are many possible matches.
Most people can comprehend up to about eight syllables per second. However, the goal is not to recognize the word but to access its stored meaning. The brain accesses many possible meanings of the word before it has been fully identified. Studies show that upon hearing a word fragment like ‘cap,’ listeners start to register multiple possible meanings like ‘captain’ or ‘capital’ before the full word emerges.
Like most things driven by artificial intelligence in the 21st century, language is also evolving to take different shapes and meanings. Recently the concept of ‘language models’ has taken the center stage in AI. In essence, language models determine word probability by analyzing text data. This means that language models interpret data through the use of statistical and probabilistic techniques to figure out the probability of a given sequence of words. Language models are commonly used in natural language processing applications such as those which generate text as output. These include machine translation and question answering.
When Microsoft revealed its language model Turing-NLG in February 2020, it was hailed as the largest model ever published and one which outperformed other models on various language modeling benchmarks. Upon its release, Turing-NLG published at 17 billion parameters and could generate words to complete open-ended textual tasks. The model was also able to generate direct answers to questions and summaries of input documents.
In March of the same year, OpenAI unveiled their version of an autoregressive language model called Generative Pre-trained Transformer 3 (GPT-3), that uses deep learning to create human-like text. This third-generation language model in the GPT-n series has a capacity of 175 billion machine learning parameters. OpenAI researchers released a paper in which they demonstrated that GPT-3 can generate news articles that human evaluators have difficulty distinguishing from articles written by humans. These researchers also claim that the language model can be trained to generate 100 pages of content that cost only a few cents in energy costs.
The GPT-3 was deemed so strong and powerful that Microsoft licensed exclusive use of the language model and its underlying code.
Just a year later, however, another language model took over both GPT-3 and Turing-NLG in terms of its innovation and ingenuity.
This model, called Wu Dao 2.0, was showcased at the BAAI. The work behind Wu Dao 2.0, which is dubbed as China’s first homegrown super-scale intelligent model system, was led by BAAI Research Academic Vice President and Tsinghua University Professor Tang Jie. He was supported by a team of over 100 AI scientists from Peking University, Tsinghua University, Renmin University of China, Chinese Academy of Sciences and other institutions.
Wu Dao 2.0 is actually the successor to Wu Dao 1.0, which was unveiled by the BAAI earlier this year. Wu Dao 2.0 truly is China’s bigger and better answer to GPT-3.
Firstly, unlike GPT-3, Wu Dao 2.0 develops both in Chinese and English with skills acquired by analyzing 4.9 terabytes of images and texts. Wu Dao 2.0 also has partnership agreements with 22 brands including smartphone maker Xiaomi and video app Kuaishou. The Chinese model has been trained on 1.75 trillion parameters, which is nearly 10 times greater than the 175 billion parameters GPT-3 was trained on.
Wu Dao 2.0 can also write poems in traditional Chinese styles, answer questions, write essays, and write text for images. Additionally, this language model either reached or surpassed state of the art (SOTA) levels on nine benchmarks, as reported by BAAI. These include:
1- ImageNet (zero-shot): SOTA, surpassing OpenAI CLIP.
2- LAMA (factual and commonsense knowledge): Surpassed AutoPrompt.
3- LAMBADA (cloze tasks): Surpassed Microsoft Turing NLG.
4- SuperGLUE (few-shot): SOTA, surpassing OpenAI GPT-3.
5- UC Merced Land Use (zero-shot): SOTA, surpassing OpenAI CLIP.
6- MS COCO (text generation diagram): Surpassed OpenAI DALL·E.
7- MS COCO (English graphic retrieval): Surpassed OpenAI CLIP and Google ALIGN.
8- MS COCO (multilingual graphic retrieval): Surpassed UC (best multilingual and multimodal pre-trained model).
9- Multi 30K (multilingual graphic retrieval): Surpassed UC.
Lastly, Wu Dao 2.0 unveiled Hua Zhibing, the world’s first Chinese virtual student. Hua can learn, draw pictures and compose poetry. In the future, she will be able to learn coding. This learning ability of Wu Dao 2.0 is in stark contrast to GPT-3.
Other details of how and what exactly Wu Dao 2.0 was trained are not available yet, making it difficult to compare it with GPT-3 directly. However, the new language model is testament to China’s AI ambitions and its superb research programs. There is no doubt that AI innovation will increase in the coming years, and many of these innovative developments will help advance many other industries.
One of the AI luminaries and investors, who helped build at least 7 AI-powered unicorns driven by AI, Dr. Kai-Fu Lee, recently gave a talk at the Hong Kong Science and Technology Park where he explained the power of transformers, and fine-tuning the massive pre-trained models such as Wu Dao 2.0. These models ca be fine-tuned for multiple industries and a large number of applications such as education, finance, law, entertainment, and, most importantly, healthcare and biomedical research.
The applications of transformers in biomedical research is likely to yield new discoveries that will benefit humans regardless of where they live. And we sincerely hope that despite the trade wars, the governments will consider collaborating on biomedical research.
Sources:
Naik, A., 2021. Wu Dao 2.0: China’s Answer To GPT-3. Only Better. [online] Analytics India Magazine.
微信公众平台. 2021. 智源大会开幕，全球最大智能模型“悟道2.0”发布. [online]
Romero, A., 2021. GPT-3 Scared You? Meet Wu Dao 2.0: A Monster of 1.75 Trillion Parameters. [online] Medium.
He, H., 2021. China’s GPT-3? BAAI Introduces Superscale Intelligence Model ‘Wu Dao 1.0’ | Synced. [online] Synced | AI Technology & Industry Review.
Alex Zhavoronkov, PhD, is an expert in artificial intelligence for drug discovery and aging research with over 120 peer-reviewed publications since 2014. He is also the
…Alex Zhavoronkov, PhD, is an expert in artificial intelligence for drug discovery and aging research with over 120 peer-reviewed publications since 2014. He is also the author of ""The Ageless Generation: How Advances in Biotechnology Will Impact the Global Economy"", Palgrave Macmillan, 2013.
Disclaimer:
The articles do not represent the official position of the institutions the author is affiliated with.",Forbes
https://www.theguardian.com/games/2021/jul/19/video-gaming-artificial-intelligence-ai-is-evolving,2021-07-19,"Think, fight, feel: how video game artificial intelligence is evolving","In May, as part of an otherwise unremarkable corporate strategy meeting, Sony CEO Kenichiro Yoshida made an interesting announcement. The company’s artificial intelligence research division, Sony AI, would be collaborating with PlayStation developers to create intelligent computer-controlled characters. “By leveraging reinforcement learning,” he wrote, “we are developing game AI agents that can be a player’s in-game opponent or collaboration partner.” Reinforcement learning is an area of machine learning in which an AI effectively teaches itself how to act through trial and error. In short, these characters will mimic human players. To some extent, they will think.
This is just the latest example of AI’s evolving and expanding role in video game development. As open world games become more complex and ambitious, with hundreds of characters and multiple intertwined narratives, developers are having to build systems capable of generating intelligent, reactive, creative characters and emergent side quests.
For its Middle-earth games, developer Monolith created the acclaimed Nemesis AI system, which lets enemies remember their fights against the player, creating blood feuds that flare up throughout the adventure. The recent Watch Dogs: Legion generates life stories, relationships and daily routines for every London citizen you interact with – so if you save a character’s life one day, their best mate may well join you the next. The experimental text adventure AI Dungeon uses OpenAI’s natural language modeller GPT-3 to create new emergent narrative experiences.
But the field of AI has a problem with diversity. Research published by New York University in 2019 found that 80% of AI professors speaking at major events were men, while just 15% of AI researchers at Facebook were women and only 10% at Google. Statistics for people of colour in tech are worse: just 2.5% of Google’s workforce are black; 4% at Facebook. The risk of such a homogeneous working culture is that gender and racial biases can feed unchecked into AI algorithms, producing results that replicate entrenched imbalances and prejudices. There have been numerous examples over the past five years, from facial recognition systems that discriminate against people of colour to AI recruitment tools that favour male applicants.
Now that the games industry is exploring many of the same AI and machine learning systems as academia and the big tech giants, is the diversity problem something it should be tackling? We know that video game development has presented similar issues with homogeneity, both in its work force and in its products – it is something the industry claims it is keen to address. So if we’re going to see AI-generated characters and stories about diverse backgrounds and experiences, don’t developers need to be thinking about diversifying the teams behind them?
Uma Jayaram, general manager of SEED, the innovation and applied research team at Electronic Arts, certainly thinks so. As a tech entrepreneur she has worked in cloud computing, VR and data-at-scale as well as AI, and says she has sought to comprise her global team – based in Sweden, the UK, Canada and the US – of different genders, ethnicities and cultures.
“A diverse team allows for multiple points of view to coalesce and creates possibilities for a more representative outcome and product,” she says. “It also enhances opportunities to create awareness, empathy and respect for individuals who are different from us. A video game is in a way an extension of our physical world, and a place where people spend time and form rich experiences that loop back into the collective sense of self and community. As such, it is a great opportunity to bring in diversity in two ways: in the teams designing and architecting these worlds, and in the worlds being created and the denizens that inhabit them.”
Electronic Arts is currently looking into developing systems that can use machine learning to replicate facial expressions, skin types and body movements from video and photos, rather than having to bring actors into a mo-cap studio. In theory, this should expand the range of genders and ethnicities that can be produced in games, and Jayaram says EA is committed to using diverse data in its R&D projects. The company is also looking at employing user-generated content in games, and allowing players to make a unique avatar by capturing their own likeness and expressions on a smartphone or webcam and uploading it into the game.
The emphasis on diverse data is important, because it highlights a misconception about AI: that it is somehow objective because it is the result of computation. AI algorithms rely on data, and if that data is coming from a single demographic, it will reflect that group’s biases and blind spots. “We’re used to thinking about AI like physics engines or multiplayer code – something technical that happens behind the scenes,” says AI researcher and game developer Michael Cook. “But AI today is a part of the whole creative work. It controls how little AI people behave and treat each other in The Sims; it generates cultures and religions in games like Caves of Qud and Ultima Ratio Regum; it’s part of political statements in Watch Dogs: Legion. AI engineers have as much responsibility to the player as the writers and designers. They create part of the experience, and they have a huge capacity to harm. We’ve seen recently how AI Dungeon is generating stories that are potentially traumatic for the player, without warning.”
At Microsoft, the company’s AI research team in Cambridge have several ongoing studies into machine learning and games, including Project Paidia, which is investigating the use of reinforcement-learning in game AI agents that can collaborate with human players. The company’s recent virtual summit included several talks on ethical considerations in games AI.
“AI agents can be built to develop, grow and learn over time, and are only as good as what you are putting in,” says Jimmy Bischoff, director of quality at Xbox Game Studios. “Being culturally appropriate in terms of dialogue and content comes down to how it is trained. We want to build games that everyone wants to play and that everyone can relate to, so we need to have people that can represent all our players.”
Microsoft also sees potential in player modelling – AI systems that learn how to act and react by observing how human players behave in game worlds. As long as you have a wide player base, this is one way to increase the diversity of data being fed into AI learning systems. “Next will be characters that are trained to provide a more diverse, or more human-like range of opponents,” says Katja Hofmann, a principle researcher at Microsoft Cambridge. “The scenario of agents learning from human players is one of the most challenging – but also one of the most exciting directions.
“At the same time, I want to emphasise that AI technologies will not automatically give rise to diverse game experiences. Technology developers and creators need to make choices on how to use AI technologies, and those choices determine whether and how well the resulting characters and experiences reflect different genders and heritages.”
Amanda Phillips, the author of Gamer Trouble: Feminist Confrontations in Digital Culture, is similarly cautious about placing the impetus for change solely on diverse people in AI teams. “Having a diverse team is absolutely necessary for ensuring more design angles are being considered, but I think it’s important not to fetishise underrepresented and marginalised individuals as the solutions to problems that often have very deep roots in company and industry practices,” says Phillips. “It puts a tremendous amount of pressure on folks who often have less job security, clout and resources to educate their peers (and supervisors) about issues that can be very personal. This is what is popularly called an “add diversity and stir” approach, where companies bring in “diverse” individuals and expect them to initiate change without any corresponding changes to the workplace.
“Teams need to diversify, but they also need to hire consultants, audit their own practices, make organisational changes, shake up the leadership structure – whatever is necessary to ensure that the folks with the perspectives and the knowledge to understand diversity and equity in a deep way have the voice and the power to influence the product output.”
One of the most fundamental elements set to unconsciously shape AI is the games industry’s inclination to think about video games purely as adversarial systems, where AI’s role is to create allies or enemies that are more effective in combat. But if we look outside the mainstream industry, we do see alternatives. Coder and NYU professor Mitu Khandaker set up her studio Glow Up Games with technologist Latoya Peterson to make social narrative games for diverse audiences. The team is currently working on Insecure: The Come Up Game, a smartphone life sim based around the hit HBO series, which explores the relationships between characters.
“What I’m really interested in as a designer is, how do we build tools that let players construct fun AI systems or AI agents for other people to play with?” says Khandaker. “I’ve been saying this for ages – there’s a broader cultural point around how important it is to create a legibility of AI – creating a way for people to understand how AI even works – and we can do that by exposing them to it in a playful way. It’s effectively just computers doing some calculations and trying to predict stuff it should do. It’s not magic, but certainly what it produces can be delightful.”
The development studio Tru-Luv, which created the hugely successful Self-Care app, is working on AI technologies that reflect the company’s own diverse, progressive and supportive studio culture. “Our company is currently one-third BIPOC [black, indigenous and people of colour] and two-thirds women,” says studio founder Brie Code. “Our executive team is 100% women, and our board is one-third BIPOC and two-thirds women. We work with consultants and partner organisations from emerging development communities such as those in Pakistan, Tunisia, and Morocco.”
Like Khandaker, Code argues that a diverse workforce won’t just eliminate problematic biases from conventional games, it will allow for the development of new interactive experiences. “The games industry has focused on a narrow subset of human psychology for several years,” she says. “It is very good at creating experiences that help people feel a sense of achievement or dominance. Game AI created by a diverse workforce will bring life to NPCs and experiences that represent the breadth and depth of the human experience. We’ll see more non-zero-sum experiences, more compassion, more emotional resonance, more insight, more transcendence. We’ll see new forms of play that leverage feelings of creativity, love and joy more so than triumph or domination.”
As developers begin to understand and exploit the greater computing power of current consoles and high-end PCs, the complexity of AI systems will increase in parallel. Developers will explore elements such as natural language processing, player modelling and machine learning to develop imaginative, reactive AI characters, facilitated by emerging AI middleware companies such as Spirit AI and Sonantic; worlds will begin to tell their own stories to augment those penned by game designers and writers. But it’s right now that those teams need to think about who is coding those algorithms and what the aim is.
“[We have] a golden opportunity to create a ‘new normal’,” says Jayaram. “We can reject stereotypes in portrayal, source diverse data for the machine learning models, and ensure that the algorithms powering the games promote fairness and respect across gender and ethnicity.”
Mike Cook agrees. “Right now, the field of game AI is overwhelmingly male and white, and that means we’re missing out on the perspectives and ideas of a lot of people,” he says. “Diversity isn’t just about avoiding mistakes or harm – it’s about fresh ideas, different ways of thinking, and hearing new voices. Diversifying game AI means brilliant people get to bring their ideas to life, and that means you’ll see AI applied in ways you haven’t seen before. That might mean inventing new genres of game, or supercharging your favourite game series with fresh new ideas.
“But also, diversity is about recognising that everyone should be given a chance to contribute. If Will Wright were a Black woman, would The Sims have gotten made? If we don’t open up disciplines like Game AI to everyone, then we are missing out on every Black genius, every female genius, every queer genius, we’re missing out on the amazing ideas they have, the huge changes they might make.”",The Guardian
https://www.forbes.com/sites/edstacey/2021/07/19/as-ai-becomes-more-ever-capable-will-it-end-up-helping-or-hindering-the-hackers/,2021-07-19,"As AI Becomes More Ever Capable, Will It End Up Helping, Or Hindering, The Hackers?","Hacking events have been increasingly in the news this year, as a range of serious ransomware and supply chain hacks have wrecked chaos on businesses and infrastructure. The latest (as of mid-July 2021) is a supply-chain-ransomware attack against the Miami-based software firm Kaseya, affecting 1500 of its customers - with the hackers (threat-actors) demanding $70 million in cryptocurrency to release the data. According to the World Economic Forum, cyberattacks now stand side by side with climate change and natural disasters as one of the most pressing threats to humanity.
No doubt ways will eventually be found to detect and pre-empt these latest styles of attack. The cybersecurity industry is defined by continual, if mostly gradual, innovation - as new threats emerge, technology that protects, detects and responds to the attacks also emerges. This cat and mouse dynamic has been a fundamental trait of the industry to date: a permanently iterating relationship that supercharges the development of new technologies on both sides, where even a small edge over adversaries can pay dividends (or ransoms).
So it’s worth considering how developments in AI will play into this dynamic, especially as it evolves to become exponentially more powerful.
There are two main methods that hackers use in order to attack or degrade their targets: by 1) exploiting bugs in the software system, and 2) by covertly obtaining authorization credentials, often by tricking authorised users into revealing or using them (e.g. to run malware).
Unfortunately, there are innumerable bugs in today’s software systems, many of which are ‘zero-day exploits’ i.e. bugs that can be used by hackers but are not yet known by the software’s users or vendors, who therefore are very unlikely to have adequate cyber-defences that can directly prevent them being used in exploits. AI can be used to automate the process of discovering these software bugs as well as the ‘best’ ways to exploit them, without being detected. DeepLocker, for example, uses a neural network to covertly identify a target machine, including software environment, geolocation, and even audio and video streams. However, the most powerful AI methods today are based on software agents using reinforcement learning (RL) which, as well as detecting the initial exploits, can also learn the optimum way to exploit them in the target to gain maximum impact without detection.
Such agents could be used during the software development and testing phases to reduce the number of software bugs in the first place, but it seems unlikely they would be used long enough to detect them all – on balance, RL agents favour the attackers.
There is a form of AI that can, in principle, eliminate software bugs almost entirely. These advanced AI systems use ‘model-based software engineering’ techniques (in turn using mathematical methods of ‘formal verification’), being pioneered by startups such as Imandra.ai, and are starting to be adopted in critical systems for finance and defence, although are not yet mainstream. Realistically though, due to the huge volume of legacy software code that is unlikely to ever get rewritten, in practice zero-day exploits are likely to be around for a long time.
The second way that AI can also be used by hackers is to obtain authorisations and credentials they shouldn’t have, for example passwords. PassGAN uses a GAN style of neural network to learn the statistical distribution of passwords from password leaks and generates high-quality password guesses. However, this attack fundamentally reflects poor cybersecurity practice in relying on memorable passwords, rather than representing a fundamental challenge. For example, the discriminator of PassGAN itself could be used to prevent typical human-style passwords from being used in the first place.
A much more serious problem is the ‘phishing’ attack, whereby hackers trick users into revealing their credentials or otherwise persuade them to take an action designed to benefit the hackers (such as running malware). In particular, AI can make ‘spear phishing’ attacks much more practical, in which individuals are precisely targeted using directly relevant information and with impersonations exploiting ‘deepfakes’ such as voice-cloning, making the attack appear far more plausible. Companies such as CybSafe can certainly help employees become far more prepared for these types of attack, but other defences are also needed – not least much more secure email and messaging platforms (e.g. Worldr), and easy-to-use endpoint protection (e.g. Cybersmart). However, as AI improves, threats from AI enabled spear-phishing will continue to grow.
What then can a target do to minimise impact once an exploit has been used or credentials compromised? Darktrace, a pioneer in the use of AI/ML for cyber-defence post initial exploit, now defends over 4,500 companies, having listed in April with a market cap of $3.6 billion. Darktrace exploits one of the oldest forms of machine learning (ML) – anomaly detection – which, like a biological immune system, flags activities within the target that it doesn’t categorise as ‘normal’. Being an unsupervised ML method, anomaly detection scales well and learns quickly.
Of course it’s also possible that a hacker’s stealthy RL agent could infiltrate a system long enough to also learn the normal behaviours of its environment, and thence to hack the system undetected. But a cyber-immune system could use its own AI agents to successfully defend in this scenario, by obfuscating the normal behaviours of the system to render such infiltration impractical. On balance, AI will probably favour the enterprise ‘immune system’ style of cyber-defence – ‘defence in depth’.
However, as the world becomes more connected, enterprises increasingly need to communicate with their suppliers, partners and customers - and their APIs. The threat of cyberattacks within digital supply chains and ecosystems is rapidly increasing, yet responsibility for just who should be responsible for software security is still unclear – a recent report found that 69% of developer respondents believe developers are responsible for the security of their organization’s software build process, whilst 67% of security respondents believe it is the security team’s responsibility.
AI agents impersonating an ecosystem partner or their digital assets could become a serious threat, and it is much harder to understand ‘normal’ behaviour within such an ecosystem than within an enterprise, due to the lower volume of interactions and the problem of sharing network data fairly and securely. Two approaches that can mitigate these ecosystem threats are digital identities for all machines within an ecosystem (being pioneered by firms such as Vanafi), and adoption of more distributed data architectures, such as the use of digital twins for every asset and organisational entity within an ecosystem (an approach currently being pioneered by startup Iotics).
A recent report from EuroPol found that other prevalent AI-enabled attack methods include document scraping malware to make attacks more efficient, evasion of image recognition and voice biometrics, and the corruption of datasets through misinformation.
So where might AI-enabled hacking eventually lead?
It is certainly feasible to imagine a fully autonomous end-to-end AI agent, that uses a combination of hijacked and deepfake identities, selects and attacks targets fully autonomously and runs its own cryptocurrency wallets to collect ransoms and sell stolen data. Such a swarm of agents could evolve according to how successful their strategies turned out to be. The real-world designers of such system would only need to have a tenuous connection to these agents, perhaps just making the occasional crypto trade in order to transfer value – making it orders of magnitude more difficult to identify the real culprits, let alone prove their guilt. It’s a small step to imagine that such agents could eventually escape human control altogether – with the emergence of the first fully autonomous parasites of the world digital economy.
AI clearly has dramatic potential to vastly accelerate the volume and severity of cyberattacks. A truly intelligent strategy would be for leading countries and organisations to get in front of this threat by eliminating the low hanging fruit of poor cybersecurity practices, and encourage adoption of open-source AI agents to test for software exploits and pre-empt at least the more common styles of cyber-attack.
Ultimately, it is society’s choice whether AI ends up hindering the hackers, or helping them – or even joining them.
I am a managing partner at IQ Capital, a venture capital firm, based in the heart of Cambridge, one of the UK’s leading tech hubs. We have been investing in ‘deep’
…I am a managing partner at IQ Capital, a venture capital firm, based in the heart of Cambridge, one of the UK’s leading tech hubs. We have been investing in ‘deep’ technologies such as AI for over 20 years Since starting in venture capital I have completed deals into over 50 technology companies, and looked into thousands of candidates in the process. I specialise in helping our portfolio companies to establish product-market fit, building and iterating the technology, and targeting the key marketing messages. I hold an MBA and BSc from Manchester University and sit on several boards including Iotic, SensEye, Oxford Space Systems and Speechmatics.",Forbes
https://www.forbes.com/sites/forbestechcouncil/2021/07/19/three-ways-edtech-platforms-can-use-ai-to-deliver-effective-learning-experiences/,2021-07-19,Council Post: Three Ways Edtech Platforms Can Use AI To Deliver Effective Learning Experiences,"Chief Product Officer at Vue.ai, a company that builds AI products for Retail in the areas of Process Automation and Personalization.
AI’s place in our world isn’t something that can be questioned anymore. It’s going to define all the ways in which we run our businesses. The potential of AI is particularly visible in edtech, which has undergone a sea transformation during the pandemic years and has pushed the future forward. The global edtech and smart classroom market are poised to reach $181.3 billion by 2025. What was considered until recently the future of education is now the norm across the world.
This is especially evident in Asia, which is now home to some of the largest and rapidly scaling edtech businesses in the world. Of all the businesses in the region, it’s been edtech startups that have created the most disruption and, in turn, received the most funding. The southeast Asian population has always been an early adopter of technology, and it’s no different with edtech. Naturally, the competition is likely to get intense in the years to come.
So how can edtech providers differentiate themselves from what will be fierce competition in this space? By investing in technology, specifically AI.
Here are three ways in which AI can be deployed to deliver effective learning experiences:
Engineer Instant Learning
Here’s an interesting insight: The Indonesian education system is the fourth largest in the world, after China, the U.S. and India. Despite its size, however, the quality of education imparted in the region is far from desirable due to systemic issues. The pandemic made things worse for students by shutting schools down. But it also opened up new opportunities for edtech platforms that were looking to disrupt the system with their technology.
CoLearn, one of southeast Asia’s fastest-growing edtech platforms focused on STEM (specifically math, physics and chemistry), uses AI and computer vision to engineer instant learning for its students on the platform. Its revolutionary “Ask” feature on the app allows students to take a photo of their math question and get step-by-step video explanations that have been created by teachers from all over the region. So the app effectively acts as an on-demand tutor and gives students access to some of the best teachers across the country.
A student can now do in three seconds what used to take up to three hours, all from the convenience of their home (transport across Indonesia’s 17,000 islands is a real issue for many students). Because of this, 8 out of 10 app users surveyed experienced an increase in their math scores. CoLearn’s AI capabilities are the result of the company’s partnership with blox.ai, an AI platform that allows companies (including mine) to effortlessly incorporate the power of AI into its functioning.
AI-Powered Personalized Learning Journeys
Students are always going to have very varied interests. Some are interested in math, some others are interested in language, etc. Traditional learning systems don’t give students the freedom to take on their own independent journeys. But edtech can.
Education providers can use AI-powered personalization that harnesses the power of data to allow students to take guided, hyper-personalized journeys. These journeys, in turn, empower them to pursue the line of study of their choice in depth. Dynamic AI-powered personalization is capable of understanding, interpreting and predicting student behavior across interactions on any platform and can capture the exact intent of students in real time.
This, in turn, allows edtech platforms to personalize the content that is focused on the student’s interests. Students get to learn what they want when they want to — and come back for more. Having been raised with iPads, the attention span of Gen Alpha is far lower than that of their predecessors, Gen Z. So, you can only imagine the challenge when it comes to engaging them. AI-powered personalization can enable engagement, while deepening focus and, consequently, nurturing retention for the platform.
Design A Digital-First Curriculum With AI
According to the technology and media scholar Danah Boyd, educators need to understand that “society is no longer bounded by a physical space” and that the state of personalization in education right now is “so far from meaningful.”
And that’s where AI can make a difference. Instead of doing basic categorization by tracking student activity, edtech platforms can put the student at the center of the experience. This can be achieved with content-led personalized experiences where they learn at their own pace, with their own intentions and goals. The student grows up with a platform that fully understands both their immediate and historical interests and designs a custom curriculum that is tailor-made to them.
The AI-powered edtech experience is designed as a focused, personalized discovery-filled journey that every child embarks on — with their strengths, weaknesses and hopes at the center of their experience. And this may well be the future of education.
AI can redesign and reshape the way we think about education. For edtech firms looking to embrace AI, it might make more sense to buy, rather than build, a solution — unless you have very specific requirements for your solution in mind that must be custom-made. Investing in AI teams can be unnecessarily expensive and may distract you from your core proposition of education. It’s wiser to partner with an AI platform that will help your business design end-to-end experiences that are holistic and in line with your core proposition, versus point solutions for specific problems.
With the right kind of AI, edtech enterprises can not only shape the future of curriculum but also the very culture of education and learning.
Forbes Technology Council is an invitation-only community for world-class CIOs, CTOs and technology executives. Do I qualify?
Chief Product Officer at Vue.ai, a company that builds AI products for Retail in the areas of Process Automation and Personalization. Read Julia Dietmar's full executive
…Chief Product Officer at Vue.ai, a company that builds AI products for Retail in the areas of Process Automation and Personalization. Read Julia Dietmar's full executive profile here.",Forbes
https://www.forbes.com/sites/qai/2021/07/19/ai-identifies-portland-general-electric-company-among-us-small-and-mid-cap-stocks/,2021-07-19,AI Identifies Portland General Electric Company Among U.S. Small And Mid Cap Stocks,"Every week, Q.ai puts together a thematic screen for our investors, courtesy of Forbes AI Investor. These are securities that, for one reason or another, fit into the same basket (a theme, if you will). And this week, we’re screening some of the top stocks in U.S. Small to Midcap theme. While you may not have heard of some – or even all – of these securities, many of them are worth a look, and maybe even an investment.
Q.ai runs daily factor models to get the most up-to-date reading on stocks and ETFs. Our deep-learning algorithms use Artificial Intelligence (AI) technology to provide an in-depth, intelligence-based look at a company – so you don’t have to do the digging yourself.
Sign up for the free Forbes AI Investor newsletter here to join an exclusive AI investing community and get premium investing ideas before markets open.
Shutterstock, Inc (SSTK)
Shutterstock, Inc closed up 2.3% on Friday to $100.66 per share, closing out the final day of the week at nearly 308.5k trades. The stock is trending between its 10- and 22-day price averages of $100.84 and $99.22, respectively, and remains up around 40.4% for the year. Currently, Shutterstock is trading around 37x forward earnings.
Shutterstock is a multimedia digital content provider that allows creative individuals to realize their artistic prowess with full-service subscriptions, media content, and a variety of platform tools. While the company isn’t exactly a small fish in the creative space, it boosted its name last week when it announced a partnership with the nonprofit It Gets Better Project, which “aims to challenge LGBTQ+ visual stereotypes” in modern media.
The midcap stock is likely hoping that this outreach toward inclusiveness will boost its numbers, both long-term and ahead of its Q2 2021 earnings report slated to drop before market open on Tuesday, 27 July. That said, the company has also outperformed Wall Street expectations in all four of the last four quarters.
Over the last three fiscal years, this has led to some impressive numbers for the midcap multimedia provider. For instance, revenue jumped 10.5% in the period from $623 million to $666.7 million, with operating income up an astonishing 229% to $86.5 million compared to just $35.6 million. Per-share earnings have benefited from this growth, climbing to $1.97 in the last fiscal year against $1.54 three years prior.
Currently, Shutterstock’s revenue is expected to grow by 0.5% in the next 12 months. Our AI rates this midcap stock A in Low Volatility Momentum and F in Technicals, Growth, and Quality Value.
ABM Industries, Inc (ABM)
ABM Industries, Inc closed down 0.3% to $46.42 on Friday on volume around 971k trades. The stock is up almost 22.7% for the year and trades at 14.5x forward earnings.
ABM Industries is a U.S.-based facility management provider founded in 1909. The company provides services such as landscaping and grounds maintenance, parking and transportation, as well as mechanical, janitorial, and electrical work.
While the facility management firm hasn’t made a big splash this year, it did recently announce that it has amended its secured credit agreement to $1.3 billion in revolving credit and a $650 million term loan, providing the mid-cap stock with the flexibility to fund growth, remove limitations on dividends and share repurchases, and increase overall liquidity. Likely, the business’ new extended credit line will help as it settles an overtime dispute in the Superior Court of California, County of San Francisco, to the tune of $140 million.
But this one-time settlement is unlikely to hurt the company’s bottom line. While ABM Industries’ revenue has bled out around $450 million in the last three years to $5.99 billion in the most recent fiscal year, its operating income has jumped 88% in that time to $276 million. Unfortunately, the pandemic hit facilities management hard, with per-share earnings plunging to $0 and return on equity squeaking by at a mere 0.01%.
Currently, ABM Industries is expected to see forward 12-month revenue growth around 0.9%. Our AI rates the firm A in Technicals and Growth and F in Low Volatility Momentum and Quality Value.
Portland General Electric Company (POR)
Portland General Electric Company gained 0.8% Friday, closing out 537.7k trades on the day to a final price of $47.86. The stock is up 11.9% YTD and trading at 18.3x forward earnings.
Portland General Electric Company, commonly known as PGE, is a Fortune 1000 public utility that serves around 44% of Oregon’s inhabitants in six counties. The company is currently listed as having the number one voluntary renewable energy program in the United States, though its primary energy still comes from coal and natural gas sources.
PGE made headlines recently when it announced that Oregon blackouts may be possible throughout the current fire season, as the company’s primary focus will be balancing the grid needs of citizens against wildfire risks in a historically dry fire season.
Over the last three fiscal years, Portland General Electric’s revenue gained 9.5%, climbing to $2.15 billion compared to $1.99 billion three years prior. Operating income fell from $335 million to $264 million in that time frame, while per-share earnings dropped from $2.37 to $1.72. Meanwhile, return on equity was slashed from 8.6% to just 6%.
Currently, Portland General Electric is expected to see revenue growth around 2.7% in the next 12 months. Our AI rates this electric company A in Growth and Quality Value and F in Technicals and Low Volatility Momentum.
Horace Mann Educators Corporation (HMN)
Horace Mann Educators Corporation ended Friday flat at $38.70, trading 146.6k shares to remain down 7.9% for the year. The stock is trading at 11x forward earnings.
Horace Mann Educators is an insurance provider that operates through five segments: property and casualty, supplemental, retirement, life, and corporate and other. It underwrites a variety of products through its segments, including auto, property, supplemental, and life insurance.
While Horace Mann isn’t yet an enormous name in the space, it is growing, as its recent acquisition of Madison National Life Insurance Company, Inc. shows. The company paid an aggregate purchase price of $172.5 million in cash for its stock purchase, with an additional $12.5 million due the seller (Independence Holding Company) should Madison National reach specified financial targets in 2023.
And over the last three fiscal years, Horace Mann’s revenue jumped 11.2% to $1.3 billion, while operating income skyrocketed an astronomical 557% to $184.8 million compared to $32.5 million. Meanwhile, per-share earnings soared 732% to reach $3.17 in the most recent fiscal year as return on equity jumped from 1.3% to nearly 8%.
Currently, Horace Mann Educators is expected to grow around 1.2% in the next 12 months. Our AI rates this insurance company positively overall, with As in Technicals, Growth, and Quality Value, and an F in Low Volatility Momentum.
Power Integrations, Inc (POWI)
Power Integrations, Inc plunged 2.1% Friday to $78.27 per share with 268.8k trades in the bank. The stock is down 4.4% for the year and currently trades at 31.9x forward earnings.
Power Integrations is a power conversion and semiconductor designer, developer, and manufacturer with a particular focus on high-voltage power conversion technologies for LED, gate, and motor drivers, as well as various automobile solutions. The company aims to create products that further a clean energy ecosystem by designing semiconductors that efficiently transmit and consume electricity.
Power Integrations is one of dozens of companies slated to release its Q2 2021 financial results in the coming week, with analyst sales estimates sitting around $174 million for the quarter.
Over the last three fiscal years, Power Integrations saw revenue growth of 32.8%, coming in at $488.3 million compared to $416 million. Operating income ballooned around 72% in the same period to $70.5 million compared to $55.7 million, while per-share earnings gained a penny to $1.17 in the most recent fiscal year.
Currently, our AI rates this semiconductor innovator A in Technicals, Growth, and Quality Value – though it’s earned a big, fat F in Low Volatility Momentum.
Liked what you read? Sign up for our free Forbes AI Investor Newsletter here to get AI driven investing ideas weekly. For a limited time, subscribers can join an exclusive slack group to get these ideas before markets open.
Source: S&P Global Market Intelligence
Q.ai, a Forbes Company, formerly known as Quantalytics and Quantamize, uses advanced forms of quantitative techniques and artificial intelligence to generate investment
…Q.ai, a Forbes Company, formerly known as Quantalytics and Quantamize, uses advanced forms of quantitative techniques and artificial intelligence to generate investment recommendations across all asset classes. When it comes to money, no one should have to settle. We make investing less intimidating, more accessible and a lot of fun for everyone. That’s investing, reimagined.",Forbes
https://www.forbes.com/sites/qai/2021/07/19/the-boeing-company-ranked-among-todays-trending-stocks/,2021-07-19,The Boeing Company Ranked Among Today’s Trending Stocks,"Last week saw the stock market close lower than it could have absent prevailing inflation fears, with consumer sentiments now expecting inflation to raise a substantial 4.8% over the next year. And on Tuesday, the consumer price index showed a 5.4% increase year over year as it grows at its fastest pace in over 12 years.
While the S&P 500 and Dow Jones Industrial Average both reached new all-time highs last week, all three major averages closed the week lower, snapping their respective three-week hot streaks. The S&P 500 lost 0.97% on the week, with the Nasdaq Composite down a significant 1.87%. The Dow gave up the least gains for the week at just 0.52%.
But despite the inflationary hubbub, a number of stocks stamped their name on the week as members of Q.ai’s top trending lists. Let’s take a look at some of the biggest trending names for the week – and whether they’re worth a spot in your portfolio.
Q.ai runs daily factor models to get the most up-to-date reading on stocks and ETFs. Our deep-learning algorithms use Artificial Intelligence (AI) technology to provide an in-depth, intelligence-based look at a company – so you don’t have to do the digging yourself.
Sign up for the free Forbes AI Investor newsletter here to join an exclusive AI investing community and get premium investing ideas before markets open.
The Boeing Company (BA)
The Boeing Company dropped 2.3% Friday to end the week at $217.74 per share on volume of 12.4 million trades. The stock is up 1.7% for the year, though down substantially from its 22-day price average of just over $237, and trading at 173.2x forward earnings.
While many of Boeing’s recent appearances on our trending list have been due to negative media coverage or yet another setback, the aircraft manufacturer is trending on good news this week. Last month, the company realized the culmination of three years of designing, developing, and testing a drone tanker known as the MQ-25 “Stingray” drone.
This remotely piloted, carrier-capable aerial refueling aircraft completed its first successful in-air refueling last month on 4 June. But the test was just the first proof-of-concept run for Boeing’s latest innovation, as Boeing is now moving into an advanced “engineering and manufacturing development” prototype built to withstand the needs and pressures of taking off from, landing on, and surviving the salty sea conditions of an aircraft carrier.
Hopefully, this piece of good news is one of many that will propel Boeing back to its former glory. Over the last three fiscal years, Boeing’s revenue plunged from $101 billion to $58 billion, with its operating income falling from $11.8 billion to $8.67 billion in the same period. Meanwhile, per-share earnings actually rose from $17.85 to $20.88.
Currently, Boeing is expected to see 12-month revenue growth around 7.4%. Our AI rates this aviation stock C in Growth, D in Technicals, and F in Low Volatility Momentum and Quality Value.
Delta Air Lines, Inc (DAL)
Delta Air Lines, Inc plunged 3.1% Friday to end the week just above $40 per share with 16.7 million trades on the docket. The stock is down 0.4% for the year and more than $3 from its 22-day price average. Currently, Delta Air Lines is trading at 15.7x forward earnings.
Delta is trending this week after posting quarterly earnings that exceeded analysts’ expectations, with a pretax adjusted loss of just $881 million compared to $2 billion in the first quarter. And thanks to $1.5 billion in federal grants to cover payroll costs, as well as rising air travel as Covid-era restrictions ease and travelers once again take to the skies, Delta actually managed a net income of $654 million.
These numbers are a welcome change of pace for Delta after the company saw its revenue plunge from $44.4 billion three years ago to just $17 billion in the most recent fiscal year. That said, federal aid actually boosted the airliner’s operating income from $5.5 billion to $9.2 billion. Additionally, per-share earnings leapt from $5.67 to $19.49 in the period, with return on equity skyrocketing to an astronomical 146.6% compared to just 30%.
All told, Delta’s revenue is expected to climb 28.5% over the next twelve months. Our AI rates this sky-high flier D in Technicals and F in Growth, Low Volatility Momentum, and Quality Value.
Mastercard, Inc (MA)
Mastercard, Inc nudged down 0.8% Friday to $387.12 per share, closing out the day at 2.7 million trades. The stock is up 8.5% for the year and trading at 46x forward earnings.
Mastercard made our trending list last week – and continues to trend now – for a pair of reasons. The first was a report that Mastercard and Verizon have partnered up to focus on 5G contactless payments for consumers and small-to-midsize businesses, with plans to innovate and create new solutions for the smallest in society by 2023.
The second piece of news is a little less fortunate: on 14 July, the Reserve Bank of India banned the card-issuing behemoth from issuing new debit, credit, or prepaid cards in the country indefinitely. The central bank said in a statement that Mastercard has failed to comply with a 2018 regulation that requires all payment providers to store data on Indian users and transactions solely on local servers.
While the RBI’s move against Mastercard may hinder its future growth if not resolved, it’s unlikely to cut too severely into the card giant’s bottom line. In the last three fiscal years, Mastercard’s revenue grew 3.3% from $14.95 billion to $15.3 billion, with per-share earnings leaping from $5.60 to $6.37. That said, operating income is down slightly to $8.2 billion, whereas return on equity has slipped from 106% to 102.5%.
All told, Mastercard is expected to see around 4.8% revenue growth in the next 12 months. Our AI rates this financial behemoth B in Low Volatility Momentum and Quality Value and C in Technicals and Growth.
Verizon Communications, Inc (VZ)
Verizon Communications, Inc nicked down 0.16% to $56.46 on Friday on the back of 11.6 million shares trading hands. The stock is down almost 4% for the year and trading near 11x forward earnings.
The news of Mastercard and Verizon’s partnership was, not surprisingly, also a positive bit of media attention for Verizon last week. But a company as large as Verizon rarely trends on just one piece of news. In addition to its upcoming 5G innovations, Verizon last week released THOR, its Tactical Humanitarian Operations Response vehicle. This beastly red truck is the literal embodiment of 5G communication on wheels, designed to provide public sector partners with “Verizon Frontline” technology in the case floods, wildfires, and other catastrophic events.
THOR aside, Friday also saw Verizon strike an $8.3 billion deal with Swedish telecoms gear maker Ericsson to accelerate 5G deployment in the United States. For Verizon, the future is coming up 5G.
Over the last three fiscal years, Verizon saw its revenue shrink ever so slightly, from $130 billion to just $128 billion, while operating income slipped from $31.7 billion to $31.4 billion. At the same time, per-share earnings grew 21.3% from $3.76 to $4.30.
Currently, Verizon is expected to see 12-month revenue growth around 0.9%. Our AI rates this tech and communications giant A in Low Volatility Momentum, B in Quality Value, and C in Technicals and Growth.
Morgan Stanley (MS)
Morgan Stanley slipped 1.5% on Friday, trading 12.6 million shares down to a final share price of $91.25 on the day. The stock is up 33.2% for the year and currently trades at 13.2x forward earnings.
Morgan Stanley was one of a half-dozen financial institutions to report its Q2 earnings last week – and its results did not disappoint. The investment bank’s results outperformed on multiple accounts, with equities trading producing $2.83 billion in revenue, comprising a significant portion of the firm’s $7.1 billion revenue in trading and advisory operations. Meanwhile, wealth management raked in $6.1 billion, with investment management topping $1.7 billion.
Over the last three fiscal years, Morgan Stanley’s revenue has grown a substantial 37.7%, closing out last year at $48.2 billion compared to $40.1 billion three years prior. Meanwhile, operating income is up a hefty 57.5% to $17.9 billion, with per-share earnings jumping 59.5% to $6.46 in the last fiscal year.
Currently, our AI rates this investment bank and financial guru B in Growth and Low Volatility Momentum, C in Quality Value, and D in Technicals.
Liked what you read? Sign up for our free Forbes AI Investor Newsletter here to get AI driven investing ideas weekly. For a limited time, subscribers can join an exclusive slack group to get these ideas before markets open.
Source: S&P Global Market Intelligence
Q.ai, a Forbes Company, formerly known as Quantalytics and Quantamize, uses advanced forms of quantitative techniques and artificial intelligence to generate investment
…Q.ai, a Forbes Company, formerly known as Quantalytics and Quantamize, uses advanced forms of quantitative techniques and artificial intelligence to generate investment recommendations across all asset classes. When it comes to money, no one should have to settle. We make investing less intimidating, more accessible and a lot of fun for everyone. That’s investing, reimagined.",Forbes
https://www.forbes.com/sites/tomaspremuzic/2021/07/19/how-to-make-ethical-use-of-ai-in-the-hiring-process/,2021-07-19,How To Make Ethical Use Of AI In The Hiring Process,"The Hopes and Fears Surrounding Recruitment Algorithms
Global corporate investments in AI are projected to double to around $110 billion over the next two years. One of the main areas of application for organizational AI is recruitment (e.g., staffing, hiring, employee selection, etc.), not least because human recruiters waste a great deal of time entering data, sorting through resumes, and making imprecise inferences about candidates’ talent and potential. Across countries and industries, big firms, such as IKEA, Unilever, Intel and Vodafone rely on algorithmic decision-making in their recruitment processes.
It is noteworthy that many of the most popular traditional hiring methods have very low accuracy, and attempts to evaluate other people’s job suitability are typically contaminated by the usual stereotypes and prejudices that undermine human objectivity and reduce our ability to understand others. Unsurprisingly, many recruiters see technological innovations, such as machine-learning algorithms, as a big time saver, and emerging academic research suggests that AI can also increase organizations’ efforts to accurately predict employee job performance and select the right person for the right role, as well as increasing fairness, transparency, and consistency.
However, there is also a great deal of public concern and distrust with regards to the use of AI for hiring decisions, particularly compared to traditional hiring methods, just like there’s considerable fear that AI will eliminate human jobs, or enable governments to create a surveillance state. These worries make it even more crucial to ensure that hiring decisions aided or influenced by AI are a force for good, and have benevolent effects on candidates and job seekers.
To be sure, not everything ethical is trustworthy, just like not everything trustworthy is actually ethical (for example, many democratically elected politicians are unethical but trustworthy, a combination that tends to have tragic consequences). But any employer interested in leveraging AI or other emerging technologies to optimize their hiring and recruitment processes should be aware of the rising scrutiny – and underlying public, media, and regulatory skepticism – so as to mitigate the risks and unintended consequence of misusing AI. As a recent academic review summarized: “there is a discrepancy between the enthusiasm about algorithmic decision-making as a panacea for inefficiencies and labor shortages on one hand and the threat of discrimination and unfairness of algorithmic decision-making on the other side”.
Fortunately, the last few years have seen a proliferation of guidelines and frameworks to help organizations make ethical use of AI, including in hiring and staffing decisions. On top of these, there are well-established scientific principles for vetting different assessment and selection tools, which are still relevant and valid to inspect the ethics of AI, and any emerging innovation (as well as EEOC and related rules). While the average practitioner may be somewhat perplexed and overwhelmed by this vast literature and volume of of recommendations, the good news is that there is a great deal of convergence around the foundational principles for ethical AI in hiring, which can be boiled down to six main points:
(1) Candidate benefit: Are job seekers and candidates better off if this method is being used? Here, we want to see evidence that historically overlooked and neglected candidates are able to be correctly evaluated, as well as having their potential properly examined. Examples of how AI may help may include sourcing for talent outside the usual pools, and the ability to examine relevant signals of talent while ignoring irrelevant indicators, such as those that typically contribute to unfair and prejudiced decisions, as well as discrimination (age, gender, race, attractiveness, and social class). Companies can measure the degree to which deploying AI increases representation and contributes to enhancing their diversity and inclusion initiatives.
(2) Informed consent: Are job seekers and candidates agreeing to enter in an informed and transparent transaction with recruiters and employers, with sufficient understanding that they are having their potential job-fit evaluated? Informed consent has always represented a foundational cornerstone of personnel selection and assessment, as well as scientific research ethics. In fact, even if there are questions around candidate benefit (point 1), it is reasonable to let candidates and job seekers opt-in to the process of being considered for a job or role, but the hope is that they do so only after being fully briefed and informed about the process, so that they are able to make a rational cost-benefit analyses in order to make an intelligent decision.
(3) Improved accuracy: Any new hiring tool or method, including AI, should demonstrate incremental validity over established and proven tools. Ideally, this should take into account not just predictive accuracy (i.e., how well the new screening method predicts desired future outcomes relative to existing, known, and validated tools), but overall utility, which will also include time, cost, and overall ROI. Needless to say, it is not possible to make ethical use of any tool or method (including AI) unless it is accurate. If AI or any tool fails to accurately evaluate a candidate, or simply provides a more imperfect measure of a person’s talent or potential, it is reasonable to demand an ethical justification for using it, instead of better, more accurate, existing tools. In short, an important ethical question is that any new tool used can reduce measurement error, increase predictive accuracy, and be less biased than alternatives.
(4) Explainability: It is not sufficient that AI or any new hiring method accurately predicts an outcome – we also want to explain the nature of that prediction. Indeed, it is always preferable from an ethical standpoint to not just infer that if we select X person we increase the probability of Y happening, but also enhance our understanding of why this ought to occur. AI is mostly a pattern-matching machine, with the capability to improve the speed and accuracy of classifying an event as a desired outcome or not. However, pattern-matching alone is insufficient to explain or understand what goes on in a recruitment process. And while AI can learn and improve from data, we should ideally have theory to translate our data into insights (science is always data + theory). For example, an algorithm that predicts that certain patterns of language use/word frequency, or certain physical attributes of someone’s voice/speech, are relevant markers of future job fit, is ethically less defensible than an algorithm that explains that this specific pattern of communication or speech is indicative of higher anxiety, lower stress-resilience, or antisocial personality traits. As a general rule, explainable AI models are more ethical than black-box models.
(5) Feedback: If we are able to not just predict someone’s future behavior, but also understand their talent and potential, we should feel ethically compelled to explain this to them, in order to increase their own career self-awareness. In that sense, we should consider feedback a critical ingredient to any ethical use of AI for hiring. Even when we reject certain candidates and job applicants – or perhaps especially when we do – we should help them understand why. Historically, it was very expensive and time-consuming to debrief rejected job applicants, so even from a cost perspective it was just unfeasible for employers to explain to candidates why they were not selected. While some of this still stands, we can certainly automate the process of debriefing applicants and event pre-hire candidates about the AI portion of the assessment, which may also strengthen their future job searches. We live in a world in which most people are feedback-deprived about their talents and potential, which explains the large number of people who end up in the wrong careers.
(6) Privacy and anonymity: The final principle is usually covered under legal and regulatory principles, including cybersecurity laws, but it is also integral to making ethical use of AI or any hiring assessment tool. Candidates’ personal data should be protected and kept confidential, and their personal data and information should be optimized for maximum anonymity. The Right to Privacy is a fundamental Human Right and any system or method undermining is ethically questionable.
Finally, we should remember that for all the talk of “ethical AI” (or “unethical AI”), AI, just like any other technology, can never be ethical or unethical. It is only the humans who deploy it who can be deemed ethical or unethical, and who ought to be held accountable. And it is those same humans who are capable of acting ethically and unethically without any help from AI, and should be held accountable.
I am a business psychologist interested in talent analytics, leadership assessment, and the human side of AI. I am the Chief Talent Scientist at ManpowerGroup and a
…I am a business psychologist interested in talent analytics, leadership assessment, and the human side of AI. I am the Chief Talent Scientist at ManpowerGroup and a Professor of Business Psychology at University College London (UCL) and Columbia University. I am also the co-founder of Metaprofiling and Deeper Signals. My last books are Confidence: How much you really need it and how to get it; The Talent Delusion: Why data - not intuition - is key to unlocking human potential; and Why do so many incompetent men become leaders (and how to fix it). Follow me on Twitter: @drtcp or find me here www.drtomas.com",Forbes
https://www.forbes.com/sites/karlfreund/2021/07/19/qualcomms-vision-the-future-of--ai/,2021-07-19,Qualcomm’s Vision: The Future Of ... AI,"Mobile Chip Leader’s AI Starts In Mobile, And Grows To The Clouds
Company acquires assets from Twenty Billion Neurons GmbH to bolster its AI Team.
Qualcomm Technologies (QTI) is running a series of webinars titled “The Future of...”, and the most recent edition is on AI. In this lively session, I hosted a conversation with Ziad Ashgar, QTI VP of Product Management, Alex Katouzian, QTI SVP and GM Mobile Compute and Infrastructure, and Clément Delangue, Co-Founder and CEO of the open source AI model company, Hugging Face, Inc. I’ve also penned a short Research Note on the company’s AI Strategy, which can be found here on Cambrian-AI, where we outline some impressive AI use cases.
Qualcomm Technologies ramps up AI capabilities.
Qualcomm believes AI is evolving exponentially thanks to billions of smart mobile devices, connected by 5G to the cloud, fueled by a vibrant ecosystem of application developers armed with open-source AI models. Other semiconductor companies might say something similar, but in Qualcomm’s case it uniquely starts with mobile. The latest Snapdragon 888 has a sixth generation AI engine powerful enough to process significant AI models on the phone, enabling applications such as on-device speech processing and even real-time spoken language translation. Qualcomm complements the edge devices with cloud processing using the Cloud AI100, which demonstrated leading performance efficiency recently on the MLPerf V1.0 benchmarks. Qualcomm calls this approach Distributed Intelligence.
To add more talent and IP to Qualcomm’s AI research lab, the company announced today that it has acquired a team from Twenty Billion Neurons GmbH (TwentyBN), including their high quality video dataset that is widely used by the AI research community. The founding CEO is Roland Memisevic, who co-led the world-renowned MILA AI institute with Yoshua Bengio of the Université de Montréal.
Mobile AI is here today
While few smart phone users realize they are using AI every time they take a picture, even fewer understand that AI helps keep them connected. QTI embeds AI in both applications, such as computational photography and accurate voice interaction, as well as in the operation of the mobile handset itself, optimizing 5G to extend the network’s reach, and power management to prolong battery life. Here’s a few snipets from “The Future Of...” session.
Alex Katouzian, notes that “Strategically what we do is we use our largest channel, which is mobile, to create inventions that will spiral and get reused in adjacent markets that have the same mobile traits. For example, PCs and XR or auto. And then, getting into some of the infrastructure-based designs as well, because AI can get used in edge cloud, in some private networks environments.”
Ziad Asghar notes that “We took our pedigree, which is amazing power efficiency, and applied it to AI processing. We've taken that from mobile, taken our learnings and applied it to the cloud side. If you look at what some of the major platforms are seeing today, there’s a huge problem with the power consumption, where the power is basically doubling every year on the cloud side. So what we did was we took our AI expertise, we developed a new architecture, and came up with a product that's specifically designed for inferencing. That's what's given us an ability to be able to show performance at a power level that nobody else can show.”
Hugging Face’s Clément Delangue believes that Transfer Learning will be the next big thing in AI. “I think, in five years, most of the machine learning models out there will be transfer learning models. And that's super exciting because they have new capabilities but also new opportunities for them to be smaller, more compressed, to be trained on smaller datasets, thanks of the unique characteristics and capabilities of transfer learning.”
Conclusions
Qualcomm is one of the few if not only semiconductor companies to offer AI engines in both SoCs for mobile edge processing and in cloud servers. With over a decade of experience with mobile and now data center AI, the company is in a unique position to build the future:
- High-performance AI Engines that support ubiquitous AI-powered features transparently on consumer mobile platforms.
- An ecosystem of development software and partners that exploit the AI engines to come up with valuable new applications using AI models.
- A power-efficient server platform that leverages the mobile technology and application stack to provide high-performance cloud services.
- A technology roadmap that powers ever-more on-device and cloud AI performance.
We believe that this comprehensive strategy coupled with leadership performance and power efficiency will position Qualcomm well for significant growth in AI.
Disclosures: This article expresses the opinions of the author, and is not to be taken as advice to purchase from nor invest in the companies mentioned. My firm, Cambrian AI Research, is fortunate to have many, if not most, semiconductor firms as our clients, including NVIDIA, Intel, IBM, Qualcomm, Blaize, Graphcore, Synopsys and Tenstorrent . We have no investment positions in any of the companies mentioned in this article. For more information, please visit our website at https://cambrian-AI.com.",Forbes
https://www.forbes.com/sites/lanceeliot/2021/07/19/when-ai-self-driving-cars-sue-due-to-dangerous-roadway-conditions/,2021-07-19,When AI Self-Driving Cars Sue Due To Dangerous Roadway Conditions,"You are driving along on a highway and enjoying the open road.
Up ahead, a curve is coming. You are currently zipping along at the topmost allowed highway speed (well, plus a tad bit faster, though you would never admit that). The curve doesn’t look overly onerous, at first glance.
So, you proceed apace.
Turns out that as you begin to take the curve, you suddenly and shockingly discover that you are moving way too fast for this curve. The wheels of the car begin to lose traction. You can feel the vehicle pulling fervently and you are fighting dearly with the steering wheel to stay on the roadway. It is pretty much too late to try and slow down since you are already deep into the curve.
Yikes!
Sweat pours down your forehead as you, the car, and the highway are doing battle. You glance over at the edge of the highway and realize that you might end up going into a ditch. Not what you want to do. Not what you had in mind. A tinge of fear and pure panic begins to overtake your mind as you scramble to save yourself and the vehicle from potential destruction.
Luckily, you somehow pull through the curve and pop out onto a straightaway. All is good. You faced the grim reaper and lived to tell the tale. The whole matter took only a handful of seconds to play out, and yet it seemed like a lifetime. This is a curve that you will never forget.
You gradually regain your composure. One thought that starts to go through your mind was whether or not there was any warning about the curve and the dangers of taking it too fast. Shouldn’t there be a posted sign? Usually, roadway signs warn you about curves and provide a recommended reduced speed.
Sure, undoubtedly, you oftentimes ignore those signs, but at least you do glance at them. Your feeling is that you know how to drive your car and there is no need for some stupid sign to offer you advice. In this case, you mull over that perhaps those posted signs can be useful. It is conceivable that you might have instinctively slowed down by having seen a posted sign, even if you only noticed it fleetingly and didn’t give it your complete concentration.
Later that day, you return home via that same path.
When you reach the juncture that the posted sign should have been present at, you notice that it is laying on the ground. Nobody would see it unless they perchance were looking specifically for it and even then it was nearly impossible to see (laying partially obscured in a bunch of weeds and thick grass). The sign seemed to have gotten damaged and possibly knocked over, perhaps by some wayward prior driver. That’s unfortunate.
Actually, that’s a potentially life-threatening aspect, namely that this essential and downed sign ought to be put back into its proper place so that those approaching the curve will sufficiently be alerted and prudently on their toes.
You decide to call the government agency responsible for that stretch of road and inform them about the downed sign. Why so? Because you feel strongly that it is your duty as a responsible person and also wanting to aid in ensuring that no one else gets themselves into a terrible accident. It is your good deed for the day, perhaps for the week.
Two months later, you read in the news about a car that took that very same curve and flew uncontrollably into the ditch. The driver and two passengers were seriously injured. No one was killed, thankfully.
You are wondering whether that downed warning sign was ever put back into position. On your next occasional drive in that direction, you opt to go over to the curve and see if the sign is up.
Darn, the sign is still laying flat on the ground.
Without that posted sign, those innocent people in that wiped-out car did not seemingly get any heads-up about the curve and the kind of speeds to be safely going. They probably were cruising along at the prevailing highways speeds and simply took the curve without any special speed corrections. Perhaps, if the government agency had put that sign back up, those people would not have been injured and they would have taken the curve without any issues.
Somebody ought to sue.
What do you think?
Should the people in that car accident opt to go after the government agency that had responsibility for the posting of the warning sign? The act of suing that agency could potentially aid in recovering some of the costs of their totaled car and their hefty medical bills. In addition, the agency might get its act together and put that sign-up, along with being more diligent overall about such signage.
One question that might come up is whether the agency knew or should have known about the downed sign. In this instance, the phone call to them two months ago was seemingly sufficient notification. The two months elapsed time would ostensibly be plentiful for the agency to have put the sign-up or post a new sign.
All in all, it seems like the government agency dropped the ball and an unsuspecting driver and some passengers paid a harsh price accordingly.
The government might argue that the driver of the car is at fault.
Regardless of whether a posted sign was there or not, the driver was responsible for driving safely. The buck stops with the driver, as it were.
Furthermore, the government might question the capacity of the driver. Was the driver possibly drunk? Was the driver drowsy? Maybe the driver was watching cat videos and allowed themselves to be distracted from the roadway.
In contrast, the driver argues that their driving was completely lawful and fully abided by the speed limit on that highway. Without the posted sign being visible and apparent, nobody could have known that a reduction in prevailing speed was required. In short, the government cannot shirk its duty to ensure that proper signage exists for a public roadway that is known by the government to be inherently dangerous. Indeed, there was a sign already there, thus proving that the government knew this danger existed, and the agency failed to fulfill its duties properly by making sure that the sign was adequately posted.
Meanwhile, the government agency decides to claim that sovereign immunity applies. This is a legal way of saying that the agency is immune to civil lawsuits and cannot be sued accordingly. No litigation of this nature can be legally sought against the agency.
In reply, the attorney for the driver contends that there are various exceptions to the immunity provision and that this instance is indeed an exception. Per the attorney, the agency has flagrantly failed to properly maintain the roadways. And pursuant to the laws applicable in this case, the lack of suitable and timely roadway maintenance provides an opening to pierce through the usual immunity and bring the agency into court.
The plot somewhat thickens when it is discovered that a highway construction firm had been hired by the agency to do work in that area. They saw the downed sign. They did nothing about it. A decision is made by the driver to have the attorney go ahead and sue the construction company too.
It is all a bit of a sordid mess.
I certainly hope that none of you are ever embroiled in such a complicated circumstance.
Let’s slightly shift gears.
The future of cars consists of AI-based true self-driving cars.
There isn’t a human driver involved in a true self-driving car. Keep in mind that true self-driving cars are driven via an AI driving system. There isn’t a need for a human driver at the wheel, and nor is there a provision for a human to drive the vehicle. For my extensive and ongoing coverage of Autonomous Vehicles (AVs) and especially self-driving cars, see the link here.
Here’s an intriguing question that is worth pondering: Is it conceivable that AI-based true self-driving cars might get enmeshed into lawsuits about the status of roadway conditions, and if so, what would that entail?
I’d like to first further clarify what is meant when I refer to true self-driving cars.
Understanding The Levels Of Self-Driving Cars
As a clarification, true self-driving cars are ones that the AI drives the car entirely on its own and there isn’t any human assistance during the driving task.
These driverless vehicles are considered Level 4 and Level 5 (see my explanation at this link here), while a car that requires a human driver to co-share the driving effort is usually considered at Level 2 or Level 3. The cars that co-share the driving task are described as being semi-autonomous, and typically contain a variety of automated add-on’s that are referred to as ADAS (Advanced Driver-Assistance Systems).
There is not yet a true self-driving car at Level 5, which we don’t yet even know if this will be possible to achieve, and nor how long it will take to get there.
Meanwhile, the Level 4 efforts are gradually trying to get some traction by undergoing very narrow and selective public roadway trials, though there is controversy over whether this testing should be allowed per se (we are all life-or-death guinea pigs in an experiment taking place on our highways and byways, some contend, see my coverage at this link here).
Since semi-autonomous cars require a human driver, the adoption of those types of cars won’t be markedly different than driving conventional vehicles, so there’s not much new per se to cover about them on this topic (though, as you’ll see in a moment, the points next made are generally applicable).
For semi-autonomous cars, it is important that the public needs to be forewarned about a disturbing aspect that’s been arising lately, namely that despite those human drivers that keep posting videos of themselves falling asleep at the wheel of a Level 2 or Level 3 car, we all need to avoid being misled into believing that the driver can take away their attention from the driving task while driving a semi-autonomous car.
You are the responsible party for the driving actions of the vehicle, regardless of how much automation might be tossed into a Level 2 or Level 3.
Self-Driving Cars And Suing About Roadway Conditions
For Level 4 and Level 5 true self-driving vehicles, there won’t be a human driver involved in the driving task.
All occupants will be passengers.
The AI is doing the driving.
One aspect to immediately discuss entails the fact that the AI involved in today’s AI driving systems is not sentient. In other words, the AI is altogether a collective of computer-based programming and algorithms, and most assuredly not able to reason in the same manner that humans can.
Why is this added emphasis about the AI not being sentient?
Because I want to underscore that when discussing the role of the AI driving system, I am not ascribing human qualities to the AI. Please be aware that there is an ongoing and dangerous tendency these days to anthropomorphize AI. In essence, people are assigning human-like sentience to today’s AI, despite the undeniable and inarguable fact that no such AI exists as yet.
With that clarification, you can envision that the AI driving system won’t natively somehow “know” about the facets of driving. Driving and all that it entails will need to be programmed as part of the hardware and software of the self-driving car.
Let’s dive into the myriad of aspects that come to play on this topic.
There are several ways AI self-driving cars can enter into the picture on this topic. We can consider each of the ways and delve into some of their particulars.
First, one aspect that is likely to arise in a case like this is whether there is any kind of evidence or documented indication about the prevailing roadway status at the time of the incident.
The driver might have to provide tangible indications that can demonstratively showcase the matter at hand. For example, are there any witnesses that the sign was not posted on the day and time of the incident? Can the driver provide any substantive proof that they were driving any the legal speed limit? Was the roadway dry or was it perchance wet from the rain?
All of this could be crucial to making the case against the government agency.
Here’s where self-driving cars come in handy.
Self-driving cars are equipped with a slew of sensors. This includes video cameras, radar, LIDAR, ultrasonic units, and the like (not all self-driving cars have the same set of sensors). These sensors are used to detect the driving scene. Throughout a driving journey, the sensors are actively collecting data and feeding the data into the AI driving system. The AI driving system then interprets computationally the data to figure out where to drive and how to undertake the driving task.
Some of the time, the data is being stored in onboard computer memory. This can be handy for later on being uploaded into the cloud of the fleet operator via OTA (Over-the-Air) electronic communications. I’ve extensively emphasized that this will be a vast amount of data that can potentially be monetized by the fleet operator. In addition, on the downside of things, this can also portend for serious concerns about personal privacy issues.
I’ve labeled this capability as the roving eye, see my discussion at the link here.
So what, you might be wondering.
Once we have a prevalence of self-driving cars on our highways and byways, they will potentially be recording all sorts of aspects of our daily existence. If any self-driving cars were near to the incident of the human driver that crashed at the curve, there may be a lot of recorded data about the incident.
Potentially having been uploaded to the cloud of the fleet operator, both sides of the case might seek to get access to the data. The recorded video might well reveal that there wasn’t a posted sign at the time of the incident. It might indicate the speed of the car that failed to make the curve. The roadway conditions might be apparent such as whether the roadway was dry or wet. Likewise, the radar, LIDAR, and other sensory data could be instrumental to the case.
There are several complexities to this.
You can expect that there will be numerous different automakers and self-driving tech firms that will be producing and fielding self-driving cars. Each of them will likely have their own clouds that store their autonomous vehicle procured data. They will undoubtedly also have their own proprietary formats for the data. They will probably have different retention policies about how long they keep their data intact.
This means that it might be difficult or costly to get this data. In addition, the data might need to be pieced together, taking some data from one brand of a self-driving car and trying to match it with the data from some other brand of a self-driving car. Kind of a technological nightmare.
Worse still, how would you even know which self-driving cars perchance came upon that specific driving scene within the realm of time pertinent to the incident?
You would seemingly not know which self-driving cars were there if any. As such, you might have to go to all of the fleet operators and ask all of them to produce whatever relevant data they might have. This again could be a huge undertaking for all parties involved.
The other question is whether the cloud owners are willing to give up that data. Maybe yes, maybe no. They might contend that the data reveals insider aspects about how their tech works. Numerous objections could be raised. This would seemingly play out in court with all kinds of legal wrangling's taking place.
The odds are that this type of situation might become a court case in its own right. You can envision that a series of court cases about what the self-driving car firms have to provide or not provide in these matters could slowly wind its way through the judicial system.
Now that we’ve covered that angle on the topic, get ready for a different one.
Suppose a self-driving car is driving along and comes to that curve. The AI driving system is scanning for any nearby posted signs. None are detected, which in this case is because the posted sign is laying flat on the ground.
The AI driving system proceeds to take the curve.
Turns out that the algorithms used for the AI driving system were not expecting that the curve would be so dangerous. The AI driving system begins to lose control of the autonomous vehicle.
Oh no, the self-driving car goes into the ditch.
I realize that some smarmy insiders would say that this could never happen. They would argue that the AI driving system would have been established with extensive maps beforehand, clearly indicating that this dangerous curve existed. It would not matter whether the posted sign was there. The posted sign was essentially superfluous since the computer system already had lots of highly detailed maps.
Though it is the case that most of the AI driving systems are being devised to depend upon pre-mapping, this is not necessarily the case for all self-driving cars. Ergo, you cannot guarantee that all self-driving cars will have those kinds of pre-mapped indications at hand.
I’ll also switch up the scenario to showcase that merely having maps does not solve all such roadway problems.
Assume that the curve was recently altered by the roadway construction crew that went out there to do maintenance (notice that I cleverly planted that seed in your mind, earlier). This change to the curve is not shown on any maps as yet. The maps of the roadway were undertaken a week ago, or whenever, and they are outdated about the status of the existing roadway.
This can and will happen, let no one contest that.
The AI driving system should always be scanning for any roadway signs. This is important in case a roadway sign has been put up to forewarn about some recent change to the roads. For example, pretend that a temporary warning sign was supposed to be put up in front of this particular curve, but it was not placed there.
Okay, so we have a self-driving car that based on the preloaded maps does not know that the curve is now dangerous, whereas before we’ll say it was safe and easy to traverse. Furthermore, we are going to say that there is no signage to warn about the changes to the roadway.
Under these conditions, I would suggest it is possible that the AI driving system could computationally fail to ascertain how to take the curve, and might end up in a predicament that gets the self-driving car into a status that becomes uncontrollable.
Some of you might be pulling your hair out and yelling that this is rarely going to happen. Though I don’t necessarily agree with that claim, let’s assume I concede it. Nonetheless, there is now an existence proof, of sorts, that we both agree this could happen. Sure, it is perhaps a rarity, an edge or corner case, but it can in fact happen.
I’m going to then proceed with this discussion by standing tall on the aspect that it can happen.
If it did happen, the next consideration is a mind-bender.
Should the self-driving car company sue the government agency that is responsible for that stretch of roadway and/or the construction firm too?
Notice that I’m suggesting that the fleet operator or the maker of the self-driving car would do the suing. I mention this because it is not as though the AI is sentient and opts to sue the government. In the instance of a human driver, it would presumably be the human driver that did the suing. For a self-driving car, it is not the AI driving system that would do the suing.
That being said, you might be puzzled as to why any lawsuit would be warranted. If there wasn’t a human driver, there would not seem to be any basis to bring a personal injury lawsuit. The AI isn’t a person (which, as a side note, some believe that AI systems might eventually have some form of legal personhood, see my discussion at this link here).
Aha, there are at least two considerations to keep in mind.
There are the damages that the self-driving car incurred as a result of going into the ditch. Those damages to the autonomous vehicle can potentially be sought for recoupment.
More importantly, suppose there were passengers inside the self-driving car. Imagine that three people were inside the self-driving car. All three get injured when the self-driving car goes into the ditch.
Now you’ve got the potential for lawsuits galore.
The people are bound to sue the self-driving car company and the fleet operator. Those passengers might also sue the government and the construction contractor. The self-driving car company and fleet operator might sue the government and the construction contractor. Etc.
Courts are going to have their hands full with the advent of AI self-driving cars, I assure you.
We are going to have a lot of legal fireworks when it comes to the thorny socio-legal issues underlying the development and fielding of self-driving cars, see my further elaboration at this link here. In addition, you might take a look at this recent article about the legal issues entailing the future of autonomous vehicles, written by attorney Roger Royse of the Royse Law Firm and available at this link here.
Conclusion
As eloquently proclaimed in the cherished movie The Princess Bride, I am only getting started on eliciting key facets on this engaging topic.
Here’s one for you.
The government might try to argue that the AI driving system was insufficiently devised to properly take the curve.
Why would the government claim this?
For the same reason that the government might seek to suggest that a human driver was unsafe in their driving efforts. Pin the tail on the donkey, it’s a worthwhile gambit. You can also expect that if the passengers opt to sue, they also will attack the veracity of the AI driving system and how it was devised, wanting to show that the AI driving system was not up to par.
Few of the self-driving car companies and automakers realize they are eventually going to get hauled into court and have to defend their AI driving systems. What decisions were made about how the AI driving system works? What provisions exist to handle situations like this?
On and on, the legal inquiry will go, trying to indicate that the AI driving system was poorly designed, poorly tested, poorly fielded and that the automaker or self-driving tech firms bear responsibility for what took place.
It could be that self-driving cars end up being a keystone for suing about dangerous roadway conditions. Similarly, it could be that self-driving cars are targeted as the source of why a roadway circumstance was not properly handled.
In your mind’s eye, envision a courtroom filled with self-driving developers and engineers, trying to explain and justify the decisions they made when devising their AI driving systems.
I suppose some potential relief for them would be the day that the AI becomes sentient, in which case the AI could reside in the witness stand and be pummeled by probing questions from the attorneys, ostensibly saving those human technoids the trauma of having to do so.
Dr. Lance B. Eliot is a world-renowned expert on Artificial Intelligence (AI) with over 3.8+ million amassed views of his AI columns. As a seasoned executive and
…Dr. Lance B. Eliot is a world-renowned expert on Artificial Intelligence (AI) with over 3.8+ million amassed views of his AI columns. As a seasoned executive and high-tech entrepreneur, he combines practical industry experience with deep academic research and serves as a Stanford Fellow at Stanford University. Formerly a professor at USC and UCLA, and head of a pioneering AI Lab, he frequently speaks at major AI industry events. Author of over 50 books, 500 articles, and 250 podcasts, he has made appearances on media outlets such as CNN and co-hosted the popular radio show Technotrends. He's been an adviser to Congress and other legislative bodies and has received numerous awards/honors. He serves on several boards, has worked as a Venture Capitalist, an angel investor, and a mentor to founder entrepreneurs and startups.",Forbes
https://www.forbes.com/sites/qai/2021/07/19/d-r-horton-inc-ranked-among-todays-top-buys/,2021-07-19,D R Horton Inc Ranked Among Today’s Top Buys,"Are we in the midst of a market selloff, or will the bulls come back to buy the dip? Markets carried over Friday’s red performance this morning by starting off the week dropping between 1 and 1.5% on the open, with the Dow underperforming the most. The reopening trade is looking shaky as the world battles the Delta variant especially among the unvaccinated. Airlines were the hardest hit today, with several falling about 4% on these concerns. The US 10-year Treasury yield was also hitting new recent lows, at just above 1.21%, flashing a warning sign for Wall Street. We have seen this story before, however, and it will be a telling week in the markets to see if things can turn around. The deep learning algorithms at Q.ai have crunched the data to give you a set of Top Buys. Our Artificial Intelligence (“AI”) systems assessed each firm on parameters of Technicals, Growth, Low Volatility Momentum, and Quality Value to find the best Top Buys.
Sign up for the free Forbes AI Investor newsletter here to join an exclusive AI investing community and get premium investing ideas before markets open.
D R Horton Inc (DHI)
D R Horton Inc is today’s first Top Buy. The company is a leading homebuilder in the United States with operations in 90 markets across 29 states. Our AI systems rated the company C in Technicals, B in Growth, A in Low Volatility Momentum, and C in Quality Value. The stock closed down 0.85% to $86.3 on volume of 2,199,825 vs its 10-day price average of $89.06 and its 22-day price average of $89.51, and is up 28.16% for the year. Revenue grew by 19.0% in the last fiscal year and grew by 50.43% over the last three fiscal years, Operating Income grew by 38.34% in the last fiscal year and grew by 97.5% over the last three fiscal years, while EPS grew by 34.58% in the last fiscal year and grew by 126.42% over the last three fiscal years. Revenue was $20311.1M in the last fiscal year compared to $16068.0M three years ago, Operating Income was $2938.9M in the last fiscal year compared to $2058.6M three years ago, and EPS was $6.41 in the last fiscal year compared to $3.81 three years ago. ROE was 21.24% in the last year which compares to 17.3% three years ago. Forward 12M Revenue is expected to grow by 6.88% over the next 12 months and the stock is trading with a Forward 12M P/E of 7.65.
Gartner Inc (IT)
Lowe's Cos Inc is our second Top Buy today. Gartner provides independent research and analysis on information technology and other related technology industries. Our AI systems rated the company C in Technicals, A in Growth, A in Low Volatility Momentum, and B in Quality Value. The stock closed down 0.24% to $253.36 on volume of 332,318 vs its 10-day price average of $255.02 and its 22-day price average of $246.46, and is up 60.28% for the year. Revenue grew by 2.08% in the last fiscal year and grew by 5.26% over the last three fiscal years, Operating Income grew by 21.44% in the last fiscal year and grew by 64.39% over the last three fiscal years, while EPS grew by 33.84% in the last fiscal year and grew by 197.88% over the last three fiscal years. Revenue was $4099.4M in the last fiscal year compared to $3975.45M three years ago, Operating Income was $495.73M in the last fiscal year compared to $366.21M three years ago, and EPS was $2.96 in the last fiscal year compared to $1.33 three years ago. ROE was 26.29% in the last year which compares to 13.35% three years ago. Forward 12M Revenue is expected to grow by 2.12% over the next 12 months and the stock is trading with a Forward 12M P/E of 43.23.
Mckesson Corp (MCK)
Mckesson Corp is our third Top Buy today. The company is the largest leading third-party logistics providers and is engaged in wholesale pharmaceutical and medical products sourcing, distribution and dispensing, contract manufacturing, and related IT services to acute care hospitals and health systems, independent and chain retail pharmacies in North America, Europe, and Canada. Our AI systems rated the company B in Technicals, C in Growth, B in Low Volatility Momentum, and B in Quality Value. The stock closed down 0.15% to $189.22 on volume of 1,152,414 vs its 10-day price average of $189.65 and its 22-day price average of $189.91, and is up 8.48% for the year. Revenue was $238228.0M in the last fiscal year compared to $214319.0M three years ago, Operating Income was $3118.0M in the last fiscal year compared to $3115.0M three years ago, while EPS was $(28.27) in the last fiscal year compared to $0.17 three years ago. ROE was (106.39%) in the last year which compares to 2.4% three years ago. The stock is trading with a Forward 12M P/E of 9.92.
Omnicom Group (OMC)
Omnicom Group is our fourth Top Buy today. The company is the world's second- largest ad holding company, based on annual revenue. Our AI systems rated the company B in Technicals, C in Growth, B in Low Volatility Momentum, and A in Quality Value. The stock closed down 1.38% to $77.45 on volume of 1,354,493 vs its 10-day price average of $78.98 and its 22-day price average of $79.42, and is up 27.22% for the year. Revenue grew by 0.15% in the last fiscal year, Operating Income grew by 2.61% in the last fiscal year, and EPS grew by 3.21% in the last fiscal year. Revenue was $13171.1M in the last fiscal year compared to $15290.2M three years ago, Operating Income was $1733.8M in the last fiscal year compared to $2047.2M three years ago, while EPS was $4.37 in the last fiscal year compared to $5.83 three years ago. ROE was 27.71% in the last year which compares to 43.09% three years ago. Forward 12M Revenue is expected to grow by 0.08% over the next 12 months and the stock is trading with a Forward 12M P/E of 12.72.
Vishay Intertechnology Inc (VSH)
Vishay Intertechnology Inc is our fifth and final Top Buy today. The company provides discrete semiconductors and passive components to original equipment manufacturers and distributors. Our AI systems rated the company F in Technicals, B in Growth, A in Low Volatility Momentum, and B in Quality Value. The stock closed down 2.26% to $21.22 on volume of 915,715 vs its 10-day price average of $21.98 and its 22-day price average of $22.0, and is up 1.58% for the year. Revenue grew by 6.07% in the last fiscal year, Operating Income grew by 23.09% in the last fiscal year, while EPS grew by 35.54% in the last fiscal year. Revenue was $2501.9M in the last fiscal year compared to $3034.69M three years ago, Operating Income was $199.95M in the last fiscal year compared to $472.0M three years ago, and EPS was $0.85 in the last fiscal year compared to $2.24 three years ago. ROE was 8.07% in the last year which compares to 24.6% three years ago and the stock is trading with a Forward 12M P/E of 9.94.
Liked what you read? Sign up for our free Forbes AI Investor Newsletter here to get AI-driven investing ideas weekly. For a limited time, subscribers can join an exclusive slack group to get these ideas before markets open.
Source: S&P Global Market Intelligence
Q.ai, a Forbes Company, formerly known as Quantalytics and Quantamize, uses advanced forms of quantitative techniques and artificial intelligence to generate investment
…Q.ai, a Forbes Company, formerly known as Quantalytics and Quantamize, uses advanced forms of quantitative techniques and artificial intelligence to generate investment recommendations across all asset classes. When it comes to money, no one should have to settle. We make investing less intimidating, more accessible and a lot of fun for everyone. That’s investing, reimagined.",Forbes
https://www.forbes.com/sites/qai/2021/07/19/fluor-corp-ranked-among-todays-top-shorts/,2021-07-19,Fluor Corp Ranked Among Today’s Top Shorts,"Markets started off the week right where they left off on Friday, with a sharp pullback at the open. The Dow was taking the brunt of it, losing about 1.5%, with the S&P 500 and Nasdaq not far behind. Airlines were trading significantly lower by about 4% as the sector is dealt another blow with surging Covid-19 cases, primarily due to the new Delta strain across the country and the world. The US 10-year Treasury Yield hit a new 5-month low, crossing to just above 1.21%, signaling some economic hardship ahead. OPEC came to new supply deal, sending WTI crude about 2% lower to just above $70, which may help some prices at the pump this summer if the lower direction continues. These still remain about 2-year highs for the black gold. It apprears we are starting to build that “wall of worry” in the markets, but given the incredible run in stocks over the last couple of years, a correction would not be uncommon. Volatility appears here to stay, at the least. If you’re looking for a way to play this market, the deep learning algorithms at Q.ai have crunched the data to give you a set of Top Shorts. Our Artificial Intelligence (“AI”) systems assessed each firm on parameters of Technicals, Growth, Low Volatility Momentum, and Quality Value to find the best short plays.
Sign up for the free Forbes AI Investor newsletter here to join an exclusive AI investing community and get premium investing ideas before markets open.
Carvana Co (CVNA)
Carvana Co is our first Top Short today. Carvana is an e-commerce platform for buying and selling used cars. The company derives revenue from used vehicle sales, wholesale vehicle sales and other sales and revenues. Our AI systems rated the company C in Technicals, F in Growth, F in Low Volatility Momentum, and F in Quality Value. The stock closed up 0.67% to $313.27 on volume of 1,281,426 vs its 10-day price average of $317.72 and its 22-day price average of $308.52, and is up 32.59% for the year. Revenue grew by 20.53% in the last fiscal year and grew by 244.35% over the last three fiscal years, Operating income grew by -23.77% in the last fiscal year, while EPS grew by -22.3% over the last three fiscal years. Revenue was $5586.56M in the last fiscal year compared to $1955.47M three years ago, Operating Income was $(332.4)M in the last fiscal year compared to $(220.73)M three years ago, EPS was $(2.63) in the last fiscal year compared to $(2.03) three years ago, and ROE was (93.05%) in the last year, compared to (100.05%) three years ago. Forward 12M Revenue is also expected to grow by 6.75% over the next 12 months.
Fluor Corp (FLR)
Fluor Corp is second on our list of Top Shorts today. The company is one of the largest global providers of engineering, procurement, construction, fabrication, operations, and maintenance services. Our AI systems rated the company D in Technicals, D in Growth, F in Low Volatility Momentum, and D in Quality Value. The stock closed down 5.49% to $15.32 on volume of 3,322,251 vs its 10-day price average of $16.41 and its 22-day price average of $17.14, and is down 3.16% for the year. EPS grew by -41.2% in the last fiscal year. Revenue was $15668.48M in the last fiscal year compared to $18851.01M three years ago, Operating Income was $144.96M in the last fiscal year compared to $426.32M three years ago, while EPS was $(3.1) in the last fiscal year compared to $1.22 three years ago. ROE was (15.85%) in the last year which compares to 6.56% three years ago. Forward 12M Revenue is expected to grow by 2.29% over the next 12 months and the stock is trading with a Forward 12M P/E of 21.16.
Amyris Inc (AMRS)
Our next Top Short is Amyris Inc. Amyris is an industrial biotechnology company. Our AI systems rated the company C in Technicals, F in Growth, D in Low Volatility Momentum, and D in Quality Value. The stock closed down 3.62% to $13.06 on volume of 3,040,497 vs its 10-day price average of $14.86 and its 22-day price average of $15.67, and is up 86.04% for the year. Revenue grew by 85.32% in the last fiscal year and by 404.47% over the last three fiscal years, Operating income grew by -101.07% in the last fiscal year and by -101.0% over the last three fiscal years, and EPS grew by -31.64% in the last three fiscal years. Revenue was $173.14M in the last fiscal year compared to $63.6M three years ago, Operating Income was $(123.42)M in the last fiscal year compared to $(132.72)M three years ago, EPS was $(1.88) in the last fiscal year compared to $(3.69) three years ago.
Plug Power Inc (PLUG)
Plug Power Inc is fourth on our list of Top Shorts today. The company is an innovator of modern hydrogen and fuel cell technology. It has revolutionized the material handling industry with its full-service GenKey solution, which is designed to increase productivity, lower operating costs and reduce carbon footprints in a reliable and cost-effective way. Our AI systems rated Plug C in Technicals, F in Growth, F in Low Volatility Momentum, and F in Quality Value. The stock closed down 2.88% to $26.01 on volume of 16,723,560 vs its 10-day price average of $29.09 and its 22-day price average of $30.81, and is down 2.88% for the year. Revenue grew by -33.4% in the last fiscal year while EPS grew by -9.39% in the last fiscal year. Revenue was $-93.24M in the last fiscal year compared to $174.22M three years ago, Operating Income was $(576.61)M in the last fiscal year compared to $(76.44)M three years ago, EPS was $(1.68) in the last fiscal year compared to $(0.39) three years ago, and ROE was (74.61%) in the last year compared to (157.5%) three years ago. Forward 12M Revenue is also expected to grow by 9.18% over the next 12 months.
Blink Charging Co (BLNK)
Blink Charging Co is the final Top Short today. Blink is an owner, operator, and provider of electric vehicle charging services. Our AI systems rated the company C in Technicals, F in Growth, F in Low Volatility Momentum, and D in Quality Value. The stock closed down 2.87% to $30.43 on volume of 1,259,776 vs its 10-day price average of $34.16 and its 22-day price average of $37.68, and is down 18.86% for the year. Revenue grew by 14.98% in the last fiscal year, and grew by 166.67% over the last three fiscal years, while EPS grew by -49.11% over the last three fiscal years. Revenue was $6.23M in the last fiscal year compared to $2.69M three years ago, Operating Income was $(17.39)M in the last fiscal year compared to $(11.61)M three years ago, EPS was $(0.59) in the last fiscal year compared to $(1.3) three years ago, and ROE was (103.16%) in the last year. Forward 12M Revenue is expected to grow by 25.93% over the next 12 months.
Liked what you read? Sign up for our free Forbes AI Investor Newsletter here to get AI-driven investing ideas weekly. For a limited time, subscribers can join an exclusive slack group to get these ideas before markets open.
Source: S&P Global Market Intelligence
Q.ai, a Forbes Company, formerly known as Quantalytics and Quantamize, uses advanced forms of quantitative techniques and artificial intelligence to generate investment
…Q.ai, a Forbes Company, formerly known as Quantalytics and Quantamize, uses advanced forms of quantitative techniques and artificial intelligence to generate investment recommendations across all asset classes. When it comes to money, no one should have to settle. We make investing less intimidating, more accessible and a lot of fun for everyone. That’s investing, reimagined.",Forbes
https://www.forbes.com/sites/qai/2021/07/19/invesco-qqq-trust-ranked-among-this-weeks-top-buy-etfs/,2021-07-19,Invesco QQQ Trust Ranked Among This Week’s Top Buy ETFs,"Markets were sharply in the red this morning, continuing Friday’s trend, as a worrying rise in Covid-19 cases from the Delta variant caused investors to hit the sell button. Risk-off appears to be here after an extremely impressive run in markets over the last couple of years. To be clear, a correction is not out of the question, but that does not mean the longer-term setup is not positive for stocks, it is merely an expression of what risk is. The 10-year Treasury yield dropping to about 1.2% is a new 5-month low, and if that’s the return option for the next 10 years on savings, you would be smart to have exposure to other assets given how high inflation has been lately. One thing you might do is lower your overall risk by buying diversified ETFs, and this week’s Top Buy ETFs are here to find a way to gain exposure to certain sectors of the market. Q.ai’s deep learning algorithms have identified several to look out for this week based on their fund flows over the last 90-days, 30-days, and 7-days.
Sign up for the free Forbes AI Investor newsletter here to join an exclusive AI investing community and get premium investing ideas before markets open.
Invesco QQQ Trust (QQQ)
The Invesco QQQ Trust is our first Top Buy this week. The Nasdaq has hit an all-time high last week and our AI-systems finds that QQQ is one of the better buys this week. The ETF is one of the largest with $164,136,811,474.50 AUM. It has seen positive fund flows, with a 90-day fund flow of $3,896,162,401.00, a 30-day fund flow of $7,546,925,738.00, and a 1-week fund flow of $714,954,769.00. This ETF has a reasonable but elevated net expense ratio of 0.20%.
Vanguard Growth ETF (VUG)
The Vanguard Growth ETF is our next Top Buy on the list this week. This ETF aims to give investors exposure to the CRSP US Large Cap Growth Index, which provides a convenient way to match the performance of many of the nation’s largest growth stocks. This ETF carries an AUM of $73,465,594,499.10. The ETF has seen mixed flows in recent months, with a 90-day fund flow of $1,933,991,710.99, a 30-day fund flow of -$2,586,503,358.32, and a 1-week fund flow of $164,613,935.55. With a net expense ratio of 0.04%, this ETF is one of the cheapest out there.
Vanguard Total Stock Market ETF (VTI)
Our next Top Buy for our weekly ETFs is the Vanguard Total Stock Market ETF. This is the largest ETF on our list with AUM of $234,272,783,020.77 and covers the total stock market in the US. It has seen positive fund flows lately, with a 90-day fund flow of $10,288,103,868.79, a 30-day fund flow of $1,667,393,348.79, and 1-week fund flow of $680,331,312.29. Its net expense ratio of 0.03% is extremely attractive and the cheapest by a hair on our list today as well.
SPDR S&P 500 ETF Trust (SPY)
One of the most common ETFs used is up next in the SPDR S&P 500 ETF Trust. The ETF carries an AUM of a massive $357,840,044,986.53. It has seen mixed fund flows recently, with a 90-day fund flow of $990,092,442.65, a 30-day fund flows of $6,138,591,752.05, and a 1-week fund flow of -$3,439,095,956.15. The ETF has a relatively cheap net expense ratio of 0.094%.
iShares S&P 500 ETF (IVV)
The iShares counterpart to the SPY is next up in the iShares S&P 500 ETF. The ETF carries an AUM $273,877,156,749.00. It has seen positive fund flows recently, with a 90-day fund flow of $3,603,608,970.00, a 30-day fund flows of $1,422,244,570.00, and a 1-week fund flow of $437,535,405.00. Its cost is one of the lowest in the business with a net expense ratio of only 0.03% in comparison.
iShares Core U.S. Aggregate Bond ETF (AGG)
Bond ETFs are also on the Top Buy list this week, with the iShares Core U.S. Aggregate Bond ETF up next. This ETF covers the total US bond market to give investors exposure to the overall fixed-income market. The ETF has an AUM of $85,805,140,912.00, and has seen positive fund flows lately. The ETF has a 90-day fund flow of $2,200,285,620.00, a 30-day fund flow of $655,738,110.00, and a 1-week fund flow of $57,729,990.00. Its net expense ratio of 0.05% is very cheap.
Vanguard Value ETF (VTV)
Another Top Buy this week in our ETFs is the Vanguard Value ETF. This ETF concentrates on tracking the CRSP US Large Cap Value Index, which measures the investment return of large-capitalization value stocks. This is an excellent ETF to play the sector passively and carries an AUM of $74,533,882,248.64, but has seen mixed fund flows recently. The ETF has a 90-day fund flow of $5,230,651,973.42, a 30-day fund flow of -$969,504,376.68, and a 1-week fund flow of $147,317,059.62. Its net expense ratio of 0.04% is attractive for the space.
Vanguard Total Bond Market ETF (BND)
Another Top Buy ETF this week is another bond ETF in the Vanguard Total Bond Market ETF, similar to the iShares holding above. This ETF carries an AUM of $72,294,153,077.30. The ETF has seen positive fund flows with a 90-day fund flow of $5,822,537,000.00, a 30-day fund flow of $1,473,975,000.00, and a 1-week fund flow of $120,706,000.00. The ETF also has an attractive 0.05% net expense ratio, matching the iShares holding.
Vanguard S&P 500 ETF (VOO)
The Vanguard S&P 500 ETF is next on our list of Top ETFs this week, similar to the SPDR S&P 500 ETF and the iShares S&P 500 ETF, the Vanguard holding tracks the S&P 500 index. The ETF runs with an AUM of $215,377,023,543.30. The ETF has seen positive fund flows, with a 90-day fund flow of $11,205,313,837.53, a 30-day fund flow of $5,005,593,628.56, and 1-week fund flow of $1,404,797,602.94. The ETF has a net expense ratio of 0.03%, which is more attractive than most on the list today.
iShares S&P SmallCap 600 ETF (IJR)
The iShares S&P SmallCap 600 ETF is our final Top Buy ETF today. Small caps have been bearing the brunt of the selloff recently, with risk being taken off the table in the most recent selloff. With $68,860,805,533.80 in AUM, the ETF is still sizeable. Its fund flows have been negative with a 90-day fund flow of -$432,667,580.00, a 30-day fund flow of -$989,813,775.00, and 1-week fund flow of -$974,655,925.00. With a net expense ratio of 0.06%, it is relatively inexpensive.
Liked what you read? Sign up for our free Forbes AI Investor Newsletter here to get AI driven investing ideas weekly. For a limited time, subscribers can join an exclusive slack group to get these ideas before markets open.
Source: ETF Global
Q.ai, a Forbes Company, formerly known as Quantalytics and Quantamize, uses advanced forms of quantitative techniques and artificial intelligence to generate investment
…Q.ai, a Forbes Company, formerly known as Quantalytics and Quantamize, uses advanced forms of quantitative techniques and artificial intelligence to generate investment recommendations across all asset classes. When it comes to money, no one should have to settle. We make investing less intimidating, more accessible and a lot of fun for everyone. That’s investing, reimagined.",Forbes
https://www.forbes.com/sites/qai/2021/07/19/spdr-nyse-technology-etf-ranked-among-us-tech-smart-beta-etfs/,2021-07-19,SPDR NYSE Technology ETF Ranked Among US Tech Smart Beta ETFs,"July has been a mixed bag for technology stocks so far, with most in the red after today’s drawdown in markets. However, tech may be able to benefit from all the noise happening in the market these days. The selloff appears to be driven by a surge in Covid-19 cases, which could put pressure on economic activity, but may allow tech more room to run much like during the throws of the pandemic in 2020. In addition, Treasury Yields in the US have been moving much lower, which is of concern, but as technology stocks are mostly in the growth sector, they may benefit from a lower discount rate as future earnings can be discounted at a better rate. Some may want to use this recent selloff as a good entry point or a place to add to positions, and an excellent way to gain exposure is by adding some of the best ETFs in the sector. Q.ai’s deep learning algorithms have identified several of the top US Tech Smart Beta ETFs based on fund flows over the last 90-days, 30-days, and 7-days. We’ve rated three ETFs as Best, two as Good, and 5 as Caution.
Sign up for the free Forbes AI Investor newsletter here to join an exclusive AI investing community and get premium investing ideas before markets open.
Best
iShares PHLX Semiconductor ETF (SOXX)
The first Best-rated ETF for this month is the iShares PHLX Semiconductor ETF. This ETF aims to follow and track the overall performance of US based companies involved in semiconductor production and equipment. With a worldwide semiconductor shortage, this is definitely the type of ETF you want to keep your eyes on. The ETF is on the smaller side with $7,030,260,604.50 AUM. The ETF has also seen mixed fund flows, with a 90-day fund flow of -$148,036,125.00, 30-day fund flow of $181,960,135.00, and 1-week fund flow of $133,957,545.00. The iShares PHLX Semiconductor ETF also has a net expense ratio of 0.48% which is certainly on the pricier side.
VanEck Vectors Semiconductor ETF (SMH)
The next ETF that scored Best for the month according to our AI systems is the VanEck Vectors Semiconductor ETF. This ETF aims to follow and track the overall performance of companies involved in semiconductor production and equipment. This ETF is unique compared to other semiconductor-focused ETFs, because their holdings are not limited to exclusively US companies. Based on AUM, it is on the smaller side with $5,506,542,351.64 AUM. It has seen negative fund flows of -$237,105,344.50 over the last 90-days, -$204,523,989.00 over the last 30-days, and -$232,636,574.50 over the last week. Its net expense ratio of 0.35% is relatively middle of the pack compared to other tech ETFs, but pricier than ETFs in different sectors.
Direxion Daily Semiconductors Bull 3x Shares (SOXL)
The Direxion Daily Semiconductors Bull 3x Shares is our final Best-rated ETF. This is a leveraged ETF with exposure to the semiconductor space. The ETF aims to receive 300% or 3X the performance of the PHLX Semiconductor Sector Index. In terms of AUM, the ETF is on the smaller-side with $5,030,636,169.18 AUM. The ETF has also seen negative fund flow, with a 90-day fund flow of -$1,017,299,450.00, 30-day fund flow of -$773,462,500.00, and 1-week fund flow of -$73,519,150.00. The ETF also has a net expense ratio of 1.02% which is the priciest on this list.
Good
Global X Nasdaq 100 Covered Call ETF (QYLD)
The Global X Nasdaq 100 Covered Call ETF is our first of two Good-rated ETF this month. The Global X Nasdaq 100 Covered Call ETF follows a “covered call” or “buy-write” strategy, in which the Fund buys the stocks in the Nasdaq 100 Index and “writes” or “sells” corresponding call options on the same index. The ETF is also on the smaller side with $2,368,270,459.69 AUM. The ETF has seen positive fund flows, with a 90-day fund flow of $1,153,122,700.00, 30-day fund flow of $367,854,400.00, and 1-week fund flow of $88,179,000.00. The ETF also has a net expense ratio of 0.6% which is quite pricey.
SPDR NYSE Technology ETF (XNTK)
The SPDR NYSE Technology ETF is our second ETF rated Good this month. This ETF corresponds generally to the total return performance of the NYSE Technology Index, which is composed of 35 leading US-listed technology-related companies. The ETF is smaller-sized with $697,090,120.09 AUM. It has seen negative fund flows over the last 90 days of -$14,428,883.90 and has a net expense ratio of 0.35%.
Caution
Invesco QQQ Trust (QQQ)
The Invesco QQQ Trust comes in as our first Caution-scored ETF for the month. This ETF is considered to be the benchmark ETF that tracks the NASDAQ index. With $164,136,811,474.50 AUM, it is by far the largest tech ETF in terms of AUM on our list. It has seen positive fund flows, with a 90-day fund flow of $3,896,162,401.00, 30-day fund flow of $7,546,925,738.00, and 1-week fund flow of $714,954,769.00. It also has a fairly cheap net expense ratio of 0.2% compared to other tech ETFs.
Technology Select Sector SPDR Fund (XLK)
The second Caution-rated ETF is the Technology Select Sector SPDR Fund. This ETF seeks to track the performance of the technology and telecom sector of the S&P 500. It has $40,972,013,917.74 AUM and is medium-sized. It has also seen mixed but mostly negative fund flows, with a 90-day fund flow of -$515,349,511.65, a 30-day fund flow of $240,012,954.45, and a 1-week fund flow of -$83,092,354.95. Its net expense ratio of .13% is also considerably cheaper than other tech ETFs.
First Trust Dow Jones Internet Index Fund (FDN)
The next Caution-rated ETF is the First Trust Dow Jones Internet Index Fund. This ETF seeks investment results that correspond generally to the price and yield, before the Fund's fees and expenses, of an equity index called the Dow Jones Internet Composite Index. It is medium-sized with $10,384,120,963.06 AUM. The ETF has seen mixed fund flows, with a 90-day fund flow of -$173,566,500.00, a 30-day fund flow of $14,335,500.00, and a 1-week fund flow of -$87,038,500.00. With a net expense ratio of 0.53%, this is one of the more expensive ETFs on the list.
ProShares UltraPro QQQ (TQQQ)
The ProShares UltraPro QQQ is next up on our Caution-rated ETFs this month. The ProShares UltraPro QQQ seeks daily investment results, before fees and expenses, that correspond to three times (3x) the daily performance of the Nasdaq-100 Index. It is medium-sized with $12,160,920,760.00 AUM. The ETF has seen exclusively negative fund flows, with a 90-day fund flow of -$2,315,306,660.00, a 30-day fund flow of -$1,316,018,525.00, and a 1-week fund flow of $147,176,090.00. With a net expense ratio of 0.95%, it is on the pricier side.
iShares US Technology ETF (IYW)
The iShares US Technology ETF is our last ETF rated Caution this month. This ETF aims to give investors exposure to an index of US-based tech stocks focused on electronics, computer software and hardware, and informational technology. Its Top 5 holdings are Apple, Microsoft, Facebook, Nvidia, and Alphabet. The fund is on the smaller side and reports $7,325,261,481.40 AUM. The ETF has seen mixed fund flows, with a 90-day fund flow of $17,158,305.00, 30-day fund flow of $223,141,010.00, and 1-week fund flow of -$101,506,425.00. Its net expense ratio of 0.44% is also fairly expensive.
Liked what you read? Sign up for our free Forbes AI Investor Newsletter here to get AI driven investing ideas weekly. For a limited time, subscribers can join an exclusive slack group to get these ideas before markets open.
Source: ETF Global
Q.ai, a Forbes Company, formerly known as Quantalytics and Quantamize, uses advanced forms of quantitative techniques and artificial intelligence to generate investment
…Q.ai, a Forbes Company, formerly known as Quantalytics and Quantamize, uses advanced forms of quantitative techniques and artificial intelligence to generate investment recommendations across all asset classes. When it comes to money, no one should have to settle. We make investing less intimidating, more accessible and a lot of fun for everyone. That’s investing, reimagined.",Forbes
https://www.forbes.com/sites/tiriasresearch/2021/07/19/comparing-amds-fidelityfx-super-resolution-with-nvidias-dlss/,2021-07-19T23:17:45Z,Comparing AMD’s FidelityFX Super Resolution With Nvidia’s DLSS,"AMD recently introduced its FidelityFX Super Resolution (FSR) upscaling technology. This comes on the heels of the release of its RDNA 2 GPU architecture. AMD added support for ray tracing in RDNA 2, but one of the side effects of the ray tracing is a significant slowdown in pixel processing (I’ve seen up to four times slower with ray tracing enabled). With FSR, AMD introduced a better spatial image upscaler. Spatial image processing techniques use neighboring pixels from the original rendering to estimate the interpolated pixels for the higher resolution image sent to the display, it does not use motion vectors or data from previous frames. In addition to using this technique to compensate for ray tracing slowdowns, it can also be used to enhance the image quality and improve framerates for slower graphics cards. Technology like this that can extend the life of a GPU is especially important during GPU shortages. It’s also helpful to increase framerates when running ray-tracing graphics.
Nvidia delt with a similar problem when it introduced ray tracing in its RTX graphics cards back in 2018. Ray tracing improves the realism of images, but the extra processing burden slows down frame rates. Nvidia solved the slowdown problem in 2019 by rendering a lower resolution image and then reconstruction the higher resolution image for display using its Deep Learning Super Sampling (DLSS) technology. Nvidia introduced Tensor Cores in their Turing architecture, which taps into the power of a deep learning neural network for DLSS to boost frame rates and generate sharp images. When ray tracing and DLSS are combined, the RTX cards can render ray-traced enabled games with roughly the same frame rates but with enhanced visual quality. Nvidia’s DLSS uses temporal information (information from previous frames and motion vectors) along with machine learning to recreate extra pixels. Nvidia trains a neural net using a generalized AI network offline via a supercomputer on game content and the games get accelerated by the Tensor Cores on the RTX GPUs to generate and reconstruct native quality image in real time.
Image Upscaling with Super Resolution
The term “Super Resolution” has been used to describe many different upscaling technologies and each company has a different take on it. The origins of super resolution included analog techniques such as noise reduction and spatial-frequency filtering to increase the resolution of images. Adobe uses super resolution to refer to the process of improving the quality of a photo by boosting its apparent resolution using machine learning techniques. In Photoshop and Lightroom super resolution can increase image detail and size up to four times the original image while maintaining sharp edges and image detail. There’s research into a number of machine -learning techniques to upscale including denoising diffusion probabilistic models.
There are both single-frame and multiple-frame variants of super resolution. AMD’s FSR uses a single frame (spatial) from low resolution render input and Nvidia’s DLSS uses multi-frame temporal upscaling with pixel reconstruction supported by neural networks, multiple input sources, and an AI model to reconstruct the image.
How FSR and DLSS are different
AMD’s FSR uses what the company calls ”a cutting-edge algorithm” to detect and recreate high-resolution edges from the lower-resolution source image and does not use temporal information. Producing high-resolution edges are a critical element for making the lower resolution frame to appear as a “super resolution” image. From AMD’s website, FSR first performs “An upscaling pass called EASU (Edge-Adaptive Spatial Upsampling) that also performs edge reconstruction. In this pass the input frame is analyzed and the main part of the algorithm detects gradient reversals – essentially looking at how neighboring gradients differ – from a set of input pixels. The intensity of the gradient reversals defines the weights to apply to the reconstructed pixels at display resolution.” A second sharpening pass called “RCAS” (Robust Contrast-Adaptive Sharpening) then extracts more pixel detail in the upscaled image. RCAS appears to fine-tune the image for shaper edges and extracts pixel details by adjusting pixel colors based on localized contrast.
FSR provides a better image quality than traditional anti-aliasing techniques, but it does require integration into the rendering pipeline. Adding FSR to the rendering pipeline is reasonably straight forward process and AMD has made the technique available in its GPUOpen initiative. Also, FSR can be used on many different GPUs, including Nvidia GPUs, and can be used in Microsoft and Sony game consoles. AMD’s goal was to release it as an open-source upscaling technique that didn’t require specialized hardware. FSR has four settings up to UltraQuality which can be largely indistinguishable from native resolution.
Nvidia would point out that the lack of motion vectors for FSR can create visual artifacts with objects in motion, as they cannot be tracked from frame to frame without them. And a lack of temporal data means that FSR cannot look forward or backward in frames to resolve images and this can result in missing parts for the image or incorrect images altogether.
DLSS is a more advanced image reconstruction algorithm using AI rendering technology to reconstruct native quality images while rendering only one quarter to one half the pixels. There is a generalized offline model that is generated on a supercomputer and a real-time component that executes during game play. The DLSS implementation has improved greatly since its initial release with the Turing architecture GPUs.
https://www.nvidia.com/en-us/geforce/news/nvidia-dlss-2-0-a-big-leap-in-ai-rendering/
From NVIDIA’s developer website: “A special type of AI network, called a convolutional autoencoder, takes the low resolution current frame, motion vectors, and the high resolution previous frame, to determine on a pixel-by-pixel basis how to generate a higher resolution current frame. By looking at motion vectors and the prior high resolution output, DLSS can track objects from frame to frame, delivering stability in motion, and reducing flickering and popping artifacts. This process is known as ‘temporal feedback,’ as it uses history to inform the future. With access to prior frames and motion vectors, DLSS can track each pixel, and take multiple samples of the same pixel across frames (known as temporal supersampling), delivering better detail and edge quality than traditional upscaling by training against a large dataset of 16K-resolution images, the DLSS algorithm learns to predict high resolution frames with greater accuracy. And through continual training on NVIDIA’s supercomputers, DLSS can learn how to deal with new classes of content — from fire to smoke to particle effects — at a rate that engineers hand-coding non-AI algorithms simply could not keep up with.”
https://www.nvidia.com/en-us/geforce/news/june-2021-rtx-dlss-game-update/
While a simple scalar like AMD’s FSR is a simple task for game developers to implement, and not as deep an integration as DLSS, it should not be overlooked that NVIDIA DLSS is already integrated in Unreal Engine 4 and 5 as a plugin and is now natively integrated into Unity 2021.2. It is also supported by many major private game engines. With these engine-level integrations, adding DLSS to a game is fast and easy.
NVIDIA DLSS is now offered on over 60 titles, as well as a general plugin for all developers for Unreal Engine 4, Unreal Engine 5, and Unity 2021.2, as well as numerous first-party engines. FSR is offered in 12 games at the time of this writing and is available as a feature patch you can apply for Unreal Engine 4.26 and is available now in a special preview beta branch of Unity 2021.2 HDRP. Still, Nvidia has a two-year lead on AMD in bringing super resolution to games and major engine support. DLSS is now available in a number of popular gaming franchises such as Battlefield, Call of Duty, Cyberpunk, Death Stranding, Doom, Final Fantasy, Fortnite, LEGO, Minecraft, Rainbow Six, Red Dead Redemption, Rust, Tomb Raider, Watch Dogs, Wolfenstein and many more. Nvidia has also just announced support for Linux and for Arm processors.
In general, both FSR and DLSS both provide the largest benefit for higher screen resolutions, especially with 4K (3840x2160) target displays. However, DLSS potentially offers image quality comparable to native image quality at all resolutions, including 1080p.
Key Takeaways
Nvidia and AMD have approached the super resolution challenge with different techniques. Each has benefits, but each has limitations. DLSS only runs effectively on Nvidia RTX graphics cards, and NVIDIA’s approach uses more advanced graphics techniques like motion vectors and temporal data, resulting in higher image quality. Nvidia also has a two-year lead on AMD in bringing super resolution to games.
AMD’s FidelityFX Super Resolution runs on most recent graphics cards, including Nvidia cards and even Sony and Microsoft game consoles. FRS was released to developers through the GPUOpen project. AMD doesn’t have neural processors in RDNA 2, so a neural net approach doesn’t work for it. Instead, AMD has built a two-pass spatial approach that uses standard API to run on any hardware. It also trails Nvidia on supported game titles but may be able to catch up over time.
At present there’s no mainstream game that has both technologies to allow a direct visual comparison, but each has a different objective and a different application, so a direct comparison is not really all that relevant. Nvidia is already on its second generation of DLSS and this is just version 1.0 of FSR. Because AMD open sourced FSR, there could be future improvements, like temporal techniques, made by either AMD or game developers. What technique is available for you to use is largely out of your control – it will depend on the game and your graphics card. But there is a choice now even if you don’t have an Nvidia GeForce RTX card. And if you are the owner of a GeForce RTX graphics card, you have the option of either technique!
Tirias Research tracks and consults for companies throughout the electronics ecosystem from semiconductors to systems and sensors to the cloud. Members of the Tirias Research team have consulted for AMD, Intel, Nvidia, and other companies throughout the PC and server ecosystems.
I’m a San Jose-based technology analyst at TIRIAS Research with over 30 years of engineering, market research, and analyst experience. TIRIAS Research is a high-tech
…I’m a San Jose-based technology analyst at TIRIAS Research with over 30 years of engineering, market research, and analyst experience. TIRIAS Research is a high-tech research and advisory firm consisting of experienced analysts. I’ve been a writer and editor for influential technology publication Microprocessor Report and wrote technical research reports for Linley Group and In-Stat. Previously, I worked as market research director at Nvidia and in technical marketing and field application at AMD. Having worked on both the analyst side and on the semiconductor manufacturer side of the industry, I have a uniquely informed viewpoint. My MBA schooling and Stanford business training gives me a business perspective; my training as an engineer provides a grounding in reality of what is technically achievable; but living in Silicon Valley never lets me forget that anything is still possible. I am also an unrepentant gadget geek and for fun, I play PC games. You can follow me on Twitter at @krewell",Forbes
https://www.reuters.com/article/sponsored/entering-the-realm-of-sci-fi,2021-07-20,Entering The Realm Of Sci-Fi,"A Smart Connected Life, Powered by 5G and AI
Without a doubt, AI and 5G will power the transformation of what was previously in the realm of science fiction into a reality.
While AI enables devices to perceive, reason and act intuitively; 5G provides the powerful and reliable connectivity necessary to maximize the intelligence of AI.
“Using AI technology to manage intelligent devices is almost like humans managing our cells and organs,” explains George Zhao, CEO of HONOR Device CO., Ltd, during a global CEO Tech Talk alongside Cristiano Amon, President and CEO of Qualcomm Incorporate, discussing intelligent connectivity. “5G has allowed the number of connections to increase substantially. We’ve been saying that technology is fierce and thrives in almost everything. With AI and 5G, we could manage more resources in both the physical and virtual worlds even faster.”
Together, the pairing of 5G and AI will scale intelligence to trillions of connected things and nowhere is this more advanced than in China.
Enhancing Connections
Strong 5G uptake in mainland China during 2020 means that it now represents the single largest 5G market in the world, with 5G connections in the country accounting for 87% of global 5G connections at the end of 2020, according to GSMA.[1]
Consumers in China are more eager to upgrade to 5G than anywhere else in the world, continues the report, whereby 5G will grow from 202 million connections to 822 million connections in 2025, accounting for 47% of total connections in China.
Undoubtedly, COVID-19 has accelerated the need for 5G and AI even further, due to their potential to improve video conferencing, network capacity and more.
”5G is truly a team sport. We’re very proud of the partnership we have developed with HONOR in record time.” Speaking at the Tech Talk, Amon says that 5G will enable the development of artificial intelligence to a whole new level, while AI is going to fundamentally change how services are going to be done on smartphones. Qualcomm Snapdragon 778G chips power the smartphone HONOR 50 series that was launched in June to be the super star in China market.
Throughout this pandemic, mobile networks have been instrumental in providing the connectivity to sustain social and economic activities.
AI “fundamentally changes the photography experience,” says Amon. “It makes everyone a professional photographer. AI optimizes to one’s personal needs. It’s an incredible opportunity to improve user experience.”
The HONOR Magic3 series using the lastest AI powered camera technology adopt Snapdragon 888 Plus chips, which can be fully optimized and realized through HONOR’s deep understanding of communications and infrastructure. Amon announced HONOR is among the first OEMs to launch Snapdragon 888+ smartphones.
Sharing memorable moments of one’s life through short videos is also being enhanced by 5G and AI. Through filters for photos and enhanced video services, it is becoming easier to unleash one’s creativity to produce and share dynamic content.
Being the first vendor and brand to launch AI on the smartphone, George reminisced that the company opened the AI era with HONOR Magic back in 2016. At the time, CNET described that “this new Magic phone knows who you are and what you want.” For example, during a trip to the cinema, the smartphone will intuitively provide your booking number. Because they started the machine learning that know what is your next step.
Fast forward 5 years combined with millions of leaps in technology and HONOR is launching the HONOR Magic3 on 12 August globally, powered by Qualcomm’s 888 Plus 5G Platform chip.
Now, “we can recognize five hundred scenarios,” says George. “And I do believe that the HONOR Magic3 series are the best Snapdragon 888+ products.”
Promoting International Exchange
More than just on a social level, the enhancements that 5G and AI bring also encourage more fluid exchanges that promote business partnerships on an international level, says Nathan Midler, China director at Harvard Business Publishing, a guest panellist on the Talk.
“5G and AI will have a profound impact on society and international business,”says Midler. “Video conference will become more real and immersive and that will promote international exchanges.”
Xu Sitao, Chief Economist and Partner at Deloitte China, agrees, saying that seamless communication enhanced through technology is so important during a business tie-up.
The cooperation between HONOR and Qualcomm to produce the new HONOR 50 series is a case in point. Despite only having six months, the engineers utilised best-in class technology to communicate with each other every day to produce the smartphone series in record time.
Technology Is Fierce and Thrives in Everything
What is truly phenomenal about 5G and AI is that their transformative power has yet to be discovered.
“We are still at the very beginning of this 5G decade, or more, and we’re going to see a transformation with 5G that is bigger and more profound than what we saw with 4G and the smartphone revolution we have today,” says Amon.
Each technology has a myriad of use cases, which are inextricably linked and the pairing of the two will amplify the rate and impact of both technologies.
“The technology is fierce and thrives in almost everything,” says George, highlighting that ultimately integrating 5G and AI enhances the smart life experience.
“It is about managing our lives better and bringing conveniences to all aspects of life,” says George. “What we wish is that everyone fully benefits from the dividends of technological development.”
Announcing that the HONOR Magic3 Series will be launched globally on August 12th, George also introduced the design concept – Magic Hour, including Blue Hour (dark blue moment) and Golden Hour (dreamy golden moment). To align with these two magical moments, the HONOR Magic3 Series prepared two special colors: HONOR Magic3 Blue Hour and HONOR Magic3 Golden Hour, which made their debut at the Talk successfully.
[1] here
The Reuters editorial and news staff had no role in the production of this content. It was created by Reuters Plus, part of the commercial advertising group. To work with Reuters Plus, contact us here.",Reuters
https://www.businessinsider.com/octaine-ai-raises-5-million-to-help-shopify-sellers-collect-user-data-2021-7,2021-07-20,"E-commerce sellers are being forced to completely rethink how they handle customer data thanks to major changes from Apple and Google. This startup, recently named the best storefront app on Shopify, wants to help.","- Octane AI was recently named the best storefront app on Shopify.
- It builds tools that can help merchants collect data from their shoppers directly.
- Octane AI just raised a $5 million round of funding led by Javelin Venture Partners.
- See more stories on Insider's business page.
In April, Octane AI was named the best storefront app in Shopify's Commerce Awards for 2020.
Three months later, it's announcing a new round of funding, a couple of key hires, and a new feature for Shopify merchants.
Octane AI is best known for its Shop Quiz, an app that Shopify merchants can install on their sites to solicit customer feedback on their preferences and needs. For example, a skincare brand can ask shoppers about their skin type and routine and then make specific product recommendations based on their answers.
It's also launching a new product for Shopify merchants, called conversational pop-ups, which also asks customers what they're looking for in a friendly way, similar to how sales associates would talk with shoppers in a store. If shoppers answer the site's question and provide their email address through Octane AI's tool, they can receive a discount.
Cofounder and CEO Matt Schlicht said the goal is to help Shopify merchants move past a ""rented"" relationship with their customers. Traditionally, online businesses have relied on platforms like Facebook and Google to reach potential customers and target ads at them, but recent changes by tech giants have changed that.
Apple recently rolled out a feature that requires apps to request users' permission to use their information for advertising purposes. That has affected brands' ability to target consumers with analytics tools like Facebook's pixels.
Google also plans to end third-party cookies in its Chrome browser by 2023. Advertisers have historically used cookies to track users' web activity and target them with ads that are relevant to them.
Acquiring customers through third parties means brands don't get to know their customers, Schlicht said. They won't know how that customer found them, or what their preferences are.
Octane AI, on the other hand, allows sellers to get the data directly from customers themselves, no cookies or trackers needed.
""What Octane AI does is basically offer a suite of products that make it really easy for Shopify brands to stop relying on these rented relationships, and instead build their own relationships with customers who visit their website and do it in a conversational way,"" Schlicht said.
Ben Parr, Octane AI's cofounder and president, said the changes that tech giants have made represents ""a crazy shift of how e-commerce businesses need to grow.""
""All these businesses need to really shift to building direct relationships with their customers,"" he added.
Octane AI is also announcing Tuesday that it has raised a new $5 million funding round, bringing its total raised to $14 million. The round was led by Javelin Venture Partners, with contributions from existing investors Bullpen Capital, General Catalyst, and Boost VC.
It also hired a new VP of finance and operations, Alex Gurevich, previously of Google and Zendesk, as well as a new vice president of operations in Vincent Silvey, who previously worked at J.D. Power and Campaign Monitor.
Octane AI also recently brought on Shopify itself as a customer. The e-commerce giant is using Octane AI's Shop Quiz on the page where it sells hardware.
Schlicht said the company has chosen to focus on Shopify because of how accessible the platform is.
""Instead of needing to custom integrate Octane AI into every single customer or merchant that wanted to work with us, we could build just for Shopify, and any merchant using Shopify could install Octane AI in 30 seconds with the click of a button, and without any need for them knowing how to code,"" he said.
Shopify has more than 1.7 million merchants on its platform.",Business Insider
https://www.forbes.com/sites/forbestechcouncil/2021/07/20/the-dangers-of-ai-need-to-be-discussed/,2021-07-20,Council Post: The Dangers Of AI Need To Be Discussed,"TrustedAI Researcher, Entrepreneur, Influencer. Founder of Adversa AI.
Regardless of whether you believe in the existence of extraterrestrial civilizations, just try to imagine that our planet will soon be inhabited by some aliens.
Imagine that they are already on their way to Earth and will approach us in this century, maybe even in the next decade. In this imaginary situation, there is a huge chance that you will meet aliens in your lifespan, and you already have the opportunity to study them. In addition, the closer they get to Earth, the more opportunities you have to interact with them using special applications that some enthusiasts developed.
While these aliens generally appear friendly, no one knows their true intentions, and authorities say they can even be dangerous to some extent. However, what can be said for sure is that no one really knows exactly what will happen when the aliens actually arrive on our planet. The main question is: Will you study these aliens and try to communicate with them despite the fact that the consequences of their arrival are still unclear? I bet you will, you definitely will (as it happened in the popular science-fiction novel The Three-Body Problem by Liu Cixin).
Surely, many of you found it extremely difficult to believe that something like this would actually happen in real life, and you probably do not understand the reason behind these reflections. However, what if I told you that we are already living in a similar scenario to what I wrote above? The exception is that we are talking about AI, not aliens.
AI Hacking Us
AI technologies are already helping us in everyday tasks — for example, by selecting recommendations for purchases in online stores or tracks for a playlist. In the not-too-distant future, we may be able to move around in AI-driven cars and cure complex diseases with the help of this technology.
At the same time, we hear more and more that, besides all of the benefits that smart technologies introduce into our lives, AI can be dangerous as well.
Bruce Schneier, a profound scientist and cybersecurity expert, has recently released a brilliant essay on that topic. It starts with the idea that hacking is not just about attacks on computer systems; hacking is a clever way to subvert any system, be it a computer system, a tax system or even a financial system. Schneier mentioned “Double Irish with a Dutch Sandwich,” which is a popular tax system hack, or even examples of a backdoor analog in tax laws created by lobbyists.
I share the same vision. I have actually touched on some similar ideas in my previous article but with an example from a financial system: the GameStop case.
All of this has been with us for a long time, but all systems are now becoming computerized, and as Schneier noted, such tendencies will accelerate hacking across three dimensions: speed, scale and scope.
We have a threat of not just AI-powered cyberattacks. This time, things are getting much more complicated; we are currently at the point where AI can help bad actors find vulnerabilities in other systems — be it financial, political or even psychological.
Us Hacking AI
However, an extremely important aspect of this situation — which, by the way, was not described much in the aforementioned essay — is the fact that AI can also be easily fooled. There are many ways to do that, such as bypassing an AI-driven malware detection engine with small changes in malware or fooling facial recognition systems with special patches on sunglasses. AI-based systems (computer vision systems, NLP, autonomy applications) can be deceived, and the number of ways to deceive AI is only increasing.
From 2010 to 2020, roughly 2,000 scientific research papers have been released describing various ways of fooling AI with help of its vulnerabilities, called adversarial examples. In the current decade (which has just started), over 1,500 new research papers on security have been published, and this exponential growth is frightening.
While the number of attack papers and defense papers is almost the same, the most horrifying fact is that we still do not have any good solution to protect AI from attacks. At the same time, everything happening now is just the beginning of AI security history. According to a recent Adversa report (download required), 80% of all papers are currently dedicated to a single attack type. However, there are more than 10 other attack types that just appeared recently such as model inversion, attribute inference and adversarial reprogramming, and they have not been described and studied enough. In fact, considering that only one-tenth of the existing attacks are actually described in the literature so far, you can multiply the entire volume of current AI security problems by at least 10.
Outcomes
So back to what we talked about at the very beginning, to the arrival of AI “aliens.” We cannot yet determine for sure whether the widespread introduction of AI into our lives will lead to good or bad, but one thing I am sure of is that learning about AI — and especially the security of AI — is crucial. The fact that miscreants will continue to use AI for their own purposes is inevitable, and only by knowing the weaknesses of AI will we be able to control this powerful technology in case cybercriminals use it or it goes completely out of control.
As a community, I believe we should take more steps into practical aspects of securing AI. Those who are deeply involved in the development of AI may start with building internal AI red teams for the adversarial testing of artificial intelligent solutions in practice and share their findings at AI-related and security-related conferences. As for the users of smart technologies, we need more information about all AI incidents in one place. Currently, there are various projects working on this, and we encourage the community to contribute all the latest AI incidents to such databases.
Forbes Technology Council is an invitation-only community for world-class CIOs, CTOs and technology executives. Do I qualify?
TrustedAI Researcher, Entrepreneur, Influencer. Founder of Adversa AI. Read Alex Polyakov's full executive profile here.
…TrustedAI Researcher, Entrepreneur, Influencer. Founder of Adversa AI. Read Alex Polyakov's full executive profile here.",Forbes
https://www.forbes.com/sites/qai/2021/07/20/dish-network-corporation-ranked-among-todays-trending-stocks/,2021-07-20,Dish Network Corporation Ranked Among Today’s Trending Stocks,"TV and oil and cloud call center technology, oh my! (We’re out of breath.)
Every day, Q.ai brings you what’s hot and trending in the land of stocks. Today’s trending list focuses mostly on technology stocks, as AT&T and Dish have big news for the world, with a quick visit to the oil fields as ExxonMobil struggles with its increasingly slippery stock prices.
Meanwhile, Monday saw stocks tumble considerably as one sell-off after another led to the Dow Jones Industrial Average posting its worst day since last October on a nearly 726-point (2.1%) loss. Moreover, the S&P 500 plunged 1.6% with energy and financials leading the way, while the Nasdaq Composite fared best at just 1.1% down.
Q.ai runs daily factor models to get the most up-to-date reading on stocks and ETFs. Our deep-learning algorithms use Artificial Intelligence (AI) technology to provide an in-depth, intelligence-based look at a company – so you don’t have to do the digging yourself.
Sign up for the free Forbes AI Investor newsletter here to join an exclusive AI investing community and get premium investing ideas before markets open.
Five9, Inc (FIVN)
Five9, Inc closed up 0.6% to $177.60 on Friday, ending the day at 347.7k trades – before soaring over $10 per share by Monday’s close to end the first day of the week at $188.12 per share with nearly 11.3 million trades on the books. This substantive jump saw Five9 trade near 200x forward earnings on the day.
The sudden stock price surge over the weekend – on a day when the rest of the market performed abysmally, no less – came after Zoom announced on Sunday that it’s acquiring Five9 at a purchase price of $14.7 billion in an all-stock sale. This is the first significant leap Zoom has made from its comfortable pandemic-era perch, as Five9 provides an opportunity for the video communications company to expand into the cloud contact center software space.
All Five9 stockholders will receive 0.5533 shares of Zoom Video Communication per share, which values Five9 at a 13% premium of $200.28 per share.
And it’s no wonder why Zoom is interested in Five9, as the last three fiscal years have seen the up-and-coming cloud technology company explode. Revenue is up 85.4% to $434.9 million compared to $257.7 million; operating income jumped from $7 million to $8.5 million; and EPS has risen from zilch to 66 cents on the share. Meanwhile, return on equity shot up from just 0.23% to over 17.7%.
Currently, Five9’s forward 12-month revenue is expected to grow by 3.33%. Our AI rates this cloud tech company B in Technicals and C in Growth, Low Volatility Momentum, and Quality Value.
AT&T, Inc (T)
AT&T, Inc nudged down 0.3% Friday to $28.34 per share, ending the day with 26.2 million trades on the books. The stock is down over 1.5% for the year and trading close to 9x forward earnings.
AT&T is trending this week thanks to a new 10-year agreement between longstanding frenemies AT&T and Dish Network. The partnership cements AT&T as the primary network provider for Dish going forward, with AT&T replacing rival T-Mobil. This move may signal a precursor to the oft-rumored (but never-realized) DirecTV-Dish merger.
And in other news, DirecTV announced this week that it’s selling $6.2 billion worth of debt on the high-yield and leveraged loan markets to help finance its split from AT&T. The spin-off, which was reported earlier this year, sets the stage for a direct venture with TPG, a private equity firm, to run the television provider’s pay-TV operations.
Between these two deals, AT&T is likely hoping to capitalize on its lumbering – but continuous – bottom line growth. Over the last three fiscal years, AT&T’s revenue has climbed just 1.3% from $170.7 billion to $171.7 billion, though the pandemic ate into the telecom giant’s operating income as it fell from $31.6 billion to just $25.6 billion. Meanwhile, per-share earnings dropped from $2.85 to just 75 cents, with return on equity falling from 11.9% to a paltry 2%.
Currently, our AI rates AT&T, Inc. A in Growth and Low Volatility Momentum and C in Technicals and Quality Value.
Dish Network Corporation (DISH)
Dish Network Corporation slipped almost 1.2% Friday to close out the week at $39.45 per share with 1.45 million trades on the books. The stock is up 22% for the year and currently trades at 12.4x forward earnings.
Unsurprisingly, AT&T’s new partnership with Dish also thrust this media conglomerate into the spotlight as it attempts to transition to a nationwide wireless operator. While Dish has discussed multiple times building a competitive network to challenge AT&T, Verizon, and T-Mobile’s wireless service, the conversation has ultimately run nowhere.
At the end of the day, Dish needs a partnership with an existing nationwide wireless provider because it doesn’t have a national network of its own – and the costs to introduce service to non-established, but essential, rural communities are prohibitive at best. For now, it appears that Dish is willing to settle for doing business with the competition.
Fortunately, the massive tv provider can afford it. Over the last three fiscal years, revenue grew over 23% to $15.5 billion compared to $13.6 billion, while operating income leaped 53.8% to $2.94 billion from $2.15 billion. Meanwhile, EPS nicked up 2 cents to $3.02 in the same period – though return on equity did lose some ground as it dropped from 20.2% to 14.3%.
All told, our AI rates Dish Network Corporation exactly average, with Cs across the board in Technicals, Growth, Low Volatility Momentum, and Quality Value.
International Business Machines Corporation (IBM)
International Business Machines Corporation slipped 1.1% to close the week at $138.90 on Friday on volume of 4.1 million trades for the day. The stock is up 10.3% for the year, though it’s trading below the 22-day price average of $143 and change.
IBM’s trending status this week comes courtesy of the tech behemoth’s second quarter earnings, which proved incrementally stronger than analyst expectations. The company’s $18.75 billion in revenue outpaced the $18.3 billion expected, with adjusted per share earnings sitting four cents above projections of $2.29 for the quarter. All told, revenue is up 3% year over year.
The bulk of IBM’s revenue came from three crucial segments. Global Technology Services raked in over a third of the total, with another third going to the Cloud & Cognitive Software business (including Red Hat’s contribution). Meanwhile, a slightly smaller portion flowed in from IBM’s Global Business Services consulting unit. But systems revenue – including hardware sales – only contributed $1.71 billion, meeting consensus.
These earnings bring a little relief to a company that has seen its revenue fall nearly $6 billion in the past three fiscal years, coming in at just $73.6 billion in the most recent year. Operating income fell substantially as well to $8.58 billion from $13.2 billion, with per-share earnings down by a third at $6.23. And return on equity was slashed nearly in half as it plunged from 50.3% to just 26.4%.
Still, despite IBM’s lackluster 2020 – and in light of its hopeful 2021 prospects – our AI rates this tech giant B in Quality Value and C in Technicals, Growth, and Low Volatility Momentum.
Exxon Mobil Corporation (XOM)
Exxon Mobil Corporation slid down 2.8% on Friday to $57.32 before losing another $2 per share by Monday close. The stock is up around 38% for the year and trading around 12.5x forward earnings, though it’s slipped from the 22-day price average of almost $62.
Good news for consumers often signals dips in stock prices when it comes to the energy sector, and this last week proved no different. Thanks to rising inflation worries – not to mention rising inflation – as well as investor and traveler angst about the spreading delta variant, ExxonMobil’s stock is one of several that’s fallen consistently throughout the last few weeks.
And in this last week, falling oil prices, as well as a tense OPEC meeting where oil groups couldn’t initially agree on who gets to produce how much to meet rising demand, led to ExxonMobil giving up substantial gains in share prices. Unfortunately, solving the OPEC quandary did little to boost ExxonMobil’s gains, as a consensus of regular, but modest, production increases over the next two years is sure to exert downward pressure on oil prices.
Over the last three fiscal years, ExxonMobil’s revenue declined over $101 billion, falling from $281 billion three years ago to just $179.8 billion. Operating income plunged significantly, too, falling from $23.3 billion to a mere $3.98 billion.
That said, per-share earnings actually rose in the period from $4.88 to $5.25, while return on equity jumped from 10.9% to 12.8%.
Currently, ExxonMobil is expected to see 12-month revenue growth around 1.7%. Our AI rates this energy stock below average overall: C in Technicals and Low Volatility Momentum and D in Growth and Quality Value.
Liked what you read? Sign up for our free Forbes AI Investor Newsletter here to get AI driven investing ideas weekly. For a limited time, subscribers can join an exclusive slack group to get these ideas before markets open.
Source: S&P Global Market Intelligence
Q.ai, a Forbes Company, formerly known as Quantalytics and Quantamize, uses advanced forms of quantitative techniques and artificial intelligence to generate investment
…Q.ai, a Forbes Company, formerly known as Quantalytics and Quantamize, uses advanced forms of quantitative techniques and artificial intelligence to generate investment recommendations across all asset classes. When it comes to money, no one should have to settle. We make investing less intimidating, more accessible and a lot of fun for everyone. That’s investing, reimagined.",Forbes
https://www.forbes.com/sites/qai/2021/07/20/aci-worldwide-inc-ranked-among-todays-top-buys/,2021-07-20,Aci Worldwide Inc Ranked Among Today’s Top Buys,"As sharp as the selloff was yesterday, it appears market participants are using the pullback as a buying opportunity today. The Dow was up 1.25%, the S&P 500 climbed 0.8%, and the Nasdaq put up a gain of just under 0.4%. Yesterday’s selloff was largely due to concerns over the Delta variant of Covid-19 spreading more intensely than estimated and affecting economic growth, but today those appear to be abated. It wasn’t far from all-time highs regardless, as after the selloff yesterday the S&P 500 was still only a mere 3.1% below the prior peak. One thing to keep an eye on is that 10-year Treasury yield, which dropped to below 1.14% on Monday, a 5-month low. That is signaling slower global growth despite economies reopening with vaccination drives. Bitcoin and crypto was also in the news, as the cryptocurrency fell below $30,000 overnight. This may not affect overall sentiment by itself, but a selloff in speculative assets could signal more trouble ahead. That being said, a lower discount rate would also help long-term assets, and fiscal and monetary stimulus aren’t slowing anytime soon. The deep learning algorithms at Q.ai have crunched the data to give you a set of Top Buys. Our Artificial Intelligence (“AI”) systems assessed each firm on parameters of Technicals, Growth, Low Volatility Momentum, and Quality Value to find the best Top Buys.
Sign up for the free Forbes AI Investor newsletter here to join an exclusive AI investing community and get premium investing ideas before markets open.
Aci Worldwide Inc (ACIW)
Aci Worldwide Inc is today’s first Top Buy. The company develops, markets, and installs a portfolio of software products primarily focused on facilitating electronic payments. Our AI systems rated the company B in Technicals, C in Growth, C in Low Volatility Momentum, and B in Quality Value. The stock closed down 1.41% to $34.86 on volume of 565,572 vs its 10-day price average of $36.44 and its 22-day price average of $37.23, and is down 7.97% for the year. Revenue grew by 27.55% over the last three fiscal years, Operating Income grew by 4.05% in the last fiscal year and grew by 56.47% over the last three fiscal years, while EPS grew by 29.66% in the last fiscal year and grew by 36.25% over the last three fiscal years. Revenue was $1294.32M in the last fiscal year compared to $1009.78M three years ago, Operating Income was $189.34M in the last fiscal year compared to $125.91M three years ago, EPS was $0.62 in the last fiscal year compared to $0.59 three years ago. ROE was 6.22% in the last year compared to 7.6% three years ago. Forward 12M Revenue is expected to grow by 1.16% over the next 12 months and the stock is trading with a Forward 12M P/E of 17.98.
Asgn Inc (ASGN)
Asgn Inc is our second Top Buy today. Asgn is a global provider of skilled professional staffing in the technology, life sciences, and creative fields across commercial and government sectors. Our AI systems rated the company C in Technicals, C in Growth, A in Low Volatility Momentum, and A in Quality Value. The stock closed down 1.79% to $93.36 on volume of 213,111 vs its 10-day price average of $95.23 and its 22-day price average of $96.02, and is up 15.89% for the year. Revenue grew by 0.89% in the last fiscal year and grew by 17.24% over the last three fiscal years, Operating Income grew by 1.26% in the last fiscal year and grew by 15.47% over the last three fiscal years, while EPS grew by 2.38% in the last fiscal year and grew by 29.18% over the last three fiscal years. Revenue was $3950.6M in the last fiscal year compared to $3399.8M three years ago, Operating Income was $310.4M in the last fiscal year compared to $272.2M three years ago, and EPS was $3.76 in the last fiscal year compared to $2.98 three years ago. ROE was 13.52% in the last year which compares to 14.54% three years ago. Forward 12M Revenue is expected to grow by 2.58% over the next 12 months and the stock is trading with a Forward 12M P/E of 18.78.
Masonite International Corp (DOOR)
Masonite International Corp is our second Top Buy today. Masonite manufactures and sells doors in the construction, renovation, and remodeling industries. Our AI systems rated the company D in Technicals, C in Growth, B in Low Volatility Momentum, and A in Quality Value. The stock closed down 1.32% to $105.13 on volume of 154,819 vs its 10-day price average of $110.08 and its 22-day price average of $110.97, and is up 9.51% for the year. Revenue grew by 4.21% in the last fiscal year and grew by 8.39% over the last three fiscal years, Operating Income grew by 8.44% in the last fiscal year and grew by 58.3% over the last three fiscal years, while EPS grew by 25.11% in the last fiscal year and grew by 4.07% over the last three fiscal years. Revenue was $2257.07M in the last fiscal year compared to $2170.1M three years ago, Operating Income was $249.46M in the last fiscal year compared to $170.9M three years ago, and EPS was $2.77 in the last fiscal year which compares to $3.33 three years ago. ROE was 11.06% in the last year compared to 14.22% three years ago. Forward 12M Revenue is expected to grow by 1.2% over the next 12 months and the stock is trading with a Forward 12M P/E of 11.74.
Matson Inc (MATX)
Matson Inc is our fourth Top Buy today. The company is engaged in providing ocean transportation and logistics services. Our AI systems rated the company D in Technicals, A in Growth, A in Low Volatility Momentum, and A in Quality Value. The stock closed down 1.91% to $64.09 on volume of 441,839 vs its 10-day price average of $65.12 and its 22-day price average of $64.3, and is up 13.05% for the year. Revenue grew by 8.3% in the last fiscal year and grew by 16.12% over the last three fiscal years, Operating Income grew by 39.53% in the last fiscal year and grew by 177.46% over the last three fiscal years, while EPS grew by 42.7% in the last fiscal year and grew by 150.43% over the last three fiscal years. Revenue was $2383.3M in the last fiscal year compared to $2222.8M three years ago, Operating Income was $260.3M in the last fiscal year compared to $130.9M three years ago, while EPS was $4.44 in the last fiscal year compared to $2.53 three years ago. ROE was 21.86% in the last year which compares to 15.22% three years ago. The stock is trading with a Forward 12M P/E of 6.17.
Werner Enterprises Inc (WERN)
Werner Enterprises Inc is our fifth and final Top Buy today. The company ranks among the top five full-truckload carriers by revenue, with a fleet of more than 7,800 tractors, including owner-operators. Our AI systems rated the company D in Technicals, B in Growth, A in Low Volatility Momentum, and C in Quality Value. The stock closed down 2.11% to $43.98 on volume of 414,718 vs its 10-day price average of $44.77 and its 22-day price average of $44.47, and is up 13.35% for the year. Revenue grew by 1.0% in the last fiscal year, Operating Income grew by 9.69% in the last fiscal year and grew by 26.94% over the last three fiscal years, while EPS grew by 14.4% in the last fiscal year and grew by 19.8% over the last three fiscal years. Revenue was $2372.18M in the last fiscal year compared to $2457.91M three years ago, Operating Income was $230.67M in the last fiscal year compared to $199.32M three years ago, and EPS was $2.44 in the last fiscal year compared to $2.33 three years ago. ROE was 14.66% in the last year, which compares to 13.73% three years ago. Forward 12M Revenue is expected to grow by 2.27% over the next 12 months and the stock is trading with a Forward 12M P/E of 12.19.
Liked what you read? Sign up for our free Forbes AI Investor Newsletter here to get AI-driven investing ideas weekly. For a limited time, subscribers can join an exclusive slack group to get these ideas before markets open.
Source: S&P Global Market Intelligence
Q.ai, a Forbes Company, formerly known as Quantalytics and Quantamize, uses advanced forms of quantitative techniques and artificial intelligence to generate investment
…Q.ai, a Forbes Company, formerly known as Quantalytics and Quantamize, uses advanced forms of quantitative techniques and artificial intelligence to generate investment recommendations across all asset classes. When it comes to money, no one should have to settle. We make investing less intimidating, more accessible and a lot of fun for everyone. That’s investing, reimagined.",Forbes
https://www.forbes.com/sites/qai/2021/07/20/hexcel-corp-ranked-among-todays-top-shorts/,2021-07-20,Hexcel Corp Ranked Among Today’s Top Shorts,"We finally had it, a market selloff. Major indices were trading some 2% lower on the day yesterday, but today they are catching a bid, with the Dow gaining 1.3% as of this morning, trying to claw back losses. It would be a surprise to see only a one-day pullback this week, but in the last couple of years most major dips have been buying opportunities, so yesterday’s could end up no different. There are some large signs of speculation getting ahead of itself — just look at the remarkable gain and subsequent crash in lumber prices this year, starting the year in the low $600 to a high of over $1,700, and now trading in the mid-$500s. Fiscal and monetary stimulus, at these levels, can produce some interesting results. All eyes will be on the weekly jobless claims and existing home sales coming out on Thursday for economic data points, as well as the continuation of earnings season. Not to mention, that pesky Delta variant of Covid-19 is raging across the world and starting to have some effect on the global economy. The biggest turnaround, though, might be in oil prices this week after OPEC announced a long-awaited deal. WTI dropped from over $75 to just over $66 in the matter of a day, which should help for the tail end of summer driving season. If you’re looking for a way to play this market, the deep learning algorithms at Q.ai have crunched the data to give you a set of Top Shorts. Our Artificial Intelligence (“AI”) systems assessed each firm on parameters of Technicals, Growth, Low Volatility Momentum, and Quality Value to find the best short plays.
Sign up for the free Forbes AI Investor newsletter here to join an exclusive AI investing community and get premium investing ideas before markets open.
Carvana Co (CVNA)
Carvana Co is our first Top Short today. Carvana is an e-commerce platform for buying and selling used cars. The company derives revenue from used vehicle sales, wholesale vehicle sales and other sales and revenues. Our AI systems rated the company C in Technicals, F in Growth, F in Low Volatility Momentum, and F in Quality Value. The stock closed down 0.71% to $311.04 on volume of 1,454,100 vs its 10-day price average of $317.62 and its 22-day price average of $309.95, and is up 31.65% for the year. Revenue grew by 20.53% in the last fiscal year and grew by 244.35% over the last three fiscal years, Operating income grew by -23.77% in the last fiscal year, while EPS grew by -22.3% over the last three fiscal years. Revenue was $5586.56M in the last fiscal year compared to $1955.47M three years ago, Operating Income was $(332.4)M in the last fiscal year compared to $(220.73)M three years ago, EPS was $(2.63) in the last fiscal year compared to $(2.03) three years ago, and ROE was (93.05%) in the last year, compared to (100.05%) three years ago. Forward 12M Revenue is also expected to grow by 6.75% over the next 12 months.
Fluor Corp (FLR)
Fluor Corp is second on our list of Top Shorts today. The company is one of the largest global providers of engineering, procurement, construction, fabrication, operations, and maintenance services. Our AI systems rated the company D in Technicals, D in Growth, F in Low Volatility Momentum, and D in Quality Value. The stock closed up 1.24% to $15.51 on volume of 6,136,321 vs its 10-day price average of $16.22 and its 22-day price average of $17.02, and is down 1.96% for the year. EPS grew by -41.2% in the last fiscal year. Revenue was $15668.48M in the last fiscal year compared to $18851.01M three years ago, Operating Income was $144.96M in the last fiscal year compared to $426.32M three years ago, while EPS was $(3.1) in the last fiscal year compared to $1.22 three years ago. ROE was (15.85%) in the last year which compares to 6.56% three years ago. Forward 12M Revenue is expected to grow by 2.29% over the next 12 months and the stock is trading with a Forward 12M P/E of 21.42.
Hexcel Corp (HXL)
Our next Top Short is Hexcel Corp. Hexcel designs and manufactures high-performance composites, including carbon fibers, for use in commercial aerospace, defense, and other industrial markets. Our AI systems rated the company D in Technicals, D in Growth, F in Low Volatility Momentum, and C in Quality Value. The stock closed down 5.77% to $53.26 on volume of 836,293 vs its 10-day price average of $58.99 and its 22-day price average of $60.74, and is up 14.34% for the year. Revenue was $1502.4M in the last fiscal year compared to $2189.1M three years ago, Operating Income was $72.0M in the last fiscal year compared to $378.9M three years ago, while EPS was $0.38 in the last fiscal year compared to $3.11 three years ago. ROE was 2.14% in the last year which compares to 19.64% three years ago. Forward 12M Revenue is expected to grow by 6.02% over the next 12 months and the stock is trading with a Forward 12M P/E of 91.14.
Plug Power Inc (PLUG)
Plug Power Inc is fourth on our list of Top Shorts today. The company is an innovator of modern hydrogen and fuel cell technology. It has revolutionized the material handling industry with its full-service GenKey solution, which is designed to increase productivity, lower operating costs and reduce carbon footprints in a reliable and cost-effective way. Our AI systems rated Plug C in Technicals, F in Growth, F in Low Volatility Momentum, and F in Quality Value. The stock closed down 0.04% to $26.0 on volume of 21,409,310 vs its 10-day price average of $28.44 and its 22-day price average of $30.64, and is down 19.18% for the year. Revenue grew by -33.4% in the last fiscal year while EPS grew by -9.39% in the last fiscal year. Revenue was $-93.24M in the last fiscal year compared to $174.22M three years ago, Operating Income was $(576.61)M in the last fiscal year compared to $(76.44)M three years ago, EPS was $(1.68) in the last fiscal year compared to $(0.39) three years ago, and ROE was (74.61%) in the last year compared to (157.5%) three years ago. Forward 12M Revenue is also expected to grow by 9.18% over the next 12 months.
Blink Charging Co (BLNK)
Blink Charging Co is the final Top Short today. Blink is an owner, operator, and provider of electric vehicle charging services. Our AI systems rated the company C in Technicals, F in Growth, F in Low Volatility Momentum, and D in Quality Value. The stock closed up 2.1% to $31.07 on volume of 1,295,651 vs its 10-day price average of $33.52 and its 22-day price average of $37.26, and is down 17.16% for the year. Revenue grew by 14.98% in the last fiscal year, and grew by 166.67% over the last three fiscal years, while EPS grew by -49.11% over the last three fiscal years. Revenue was $6.23M in the last fiscal year compared to $2.69M three years ago, Operating Income was $(17.39)M in the last fiscal year compared to $(11.61)M three years ago, EPS was $(0.59) in the last fiscal year compared to $(1.3) three years ago, and ROE was (103.16%) in the last year. Forward 12M Revenue is expected to grow by 25.93% over the next 12 months.
Liked what you read? Sign up for our free Forbes AI Investor Newsletter here to get AI-driven investing ideas weekly. For a limited time, subscribers can join an exclusive slack group to get these ideas before markets open.
Source: S&P Global Market Intelligence
Q.ai, a Forbes Company, formerly known as Quantalytics and Quantamize, uses advanced forms of quantitative techniques and artificial intelligence to generate investment
…Q.ai, a Forbes Company, formerly known as Quantalytics and Quantamize, uses advanced forms of quantitative techniques and artificial intelligence to generate investment recommendations across all asset classes. When it comes to money, no one should have to settle. We make investing less intimidating, more accessible and a lot of fun for everyone. That’s investing, reimagined.",Forbes
https://www.forbes.com/sites/jenniferhicks/2021/07/20/move-over-wandavision-climavision-is-taking-on-big-weather-with-ai/,2021-07-20,"Move Over Wandavision, Climavision Is Taking On Big Weather With AI","A new weather tech startup says it has created a new artificial intelligence (AI)-powered weather radar and satellite network to take on big weather.
Climavision, which has $100 million in private equity funding, has created a high-resolution weather radar and satellite network that combines lower altitude, proprietary data with machine learning and AI technology.
Chris Goode, CEO of Climavision, says the new sensing network will fill the coverage gaps in the existing NOAA and NWS systems across the US. Goode adds that the current weather surveillance model provides a picture of weather at a given moment, but the picture is not complete.
“The US, like many other governments across the world, relies on a network of weather radars known as NEXRAD and these are strategically placed across the country to collect weather data, in real-time,” said Goode. “In addition to NEXRAD, they also use other forms of weather collection, such as weather balloons and aircraft sensors which are deployed to collect additional data points at different parts in the atmosphere.”
“There are gaps in coverage between radars in the NEXRAD network and gaps in the mixing levels of the atmosphere, where volatile weather forms, and at the lowest levels, where this weather occurs,” added Goode. “The Climavision system will fill in those gaps with critical weather radar infrastructure and bring real-time data with space-based observations to get a complete view of what’s happening from the ground up.”
“Once we collect data direct from the source, we use AI, machine learning and IoT to process, interpret and distribute the data,” said Goode. “We’re applying the most sophisticated technology to public datasets so that beyond our data collection, we can learn even more from what is already available.”
Goode says that traditional weather observations consist of multiple variables, including temperature, wind, pressure, and humidity, which are interconnected and complex.
“We employ AI and machine learning to perform quality control of these observations which come from multiple platforms and various channels based on their respective sensitivity to different components of the atmosphere at different atmospheric levels,” said Goode. “Machine learning, AI like the Artificial Neural Network (ANN) and regression are used to extract the most impactful meteorological information and to integrate the information from different platforms.”
Goode says that the company is bringing a fundamental shift in weather forecasting.
“We can all agree that weather is one of the few phenomena with almost universal application. Understanding weather more intimately, in more detail, and with greater lead time impacts every person, every business, every industry,” said Goode. “So having a better understanding of what’s happening in the atmosphere - one or two hours earlier, sometimes even just minutes earlier – has the potential to save money and, more importantly, save lives.”
“If you don’t know what’s headed your way – flash flooding, hail, snow, tornadoes – you can’t possibly prepare,” adds Goode.
The company plans to rollout the technology in Q4 2021.
I'm a writer who looks at innovation and how technology and science intersect with industry, environment, arts, agriculture, mobility, health. I've been called the tech
…I'm a writer who looks at innovation and how technology and science intersect with industry, environment, arts, agriculture, mobility, health. I've been called the tech Hemingway of Paris, named one of the top 100 women in technology in Europe in 2012, short-listed for best tech journalist by the TechCrunch Europas. I like to find the story that opens people's minds. Follow me on Twitter @jennalee.",Forbes
https://www.forbes.com/sites/jenniferhicks/2021/07/20/ai-is-learning-to-understand-how-vegetables-taste/,2021-07-20,AI Is Learning To Understand How Vegetables Taste,"With the global demand for food escalating, vertical farms are becoming a critical component of agriculture's future. They use robotics, machine learning and artificial intelligence (AI) to automate farming and perfect the growing of greens and vegetables. With steady growth, the vertical farming market was had an estimated value of $4.4 billion in 2019 and is expected to reach $15.7 billion by 2025.
Fifth Season, a vertical farm in Pittsburgh with $35 M in funding, uses super-stack software and robotics to run their fully automated farming systems. And, by combining big data and AI, they have created the optimal grow recipe that determines the best flavor for the plants they grow.
""The role of AI in determining flavor is to leverage big data and AI to ensure you achieve the target flavor — sweetness, spiciness, bitterness, total degree of flavor and texture,"" said Austin Webb, CEO of Fifth Season.
""Our plant's individualized grow recipe is the unique mix of the different LED lights,"" said Webb. ""The plants go through the grow room with a QR code that communicates that plant's route and tells the automated system where each plant needs to be throughout the process.""
Webb says their super stack system, which serves as 'the brain' of the vertical farm maps, maps out each plant's route through the grow room based on its grow recipe and then moves the plants where they need to go.
""We use AI and data to find improvements in all aspects of crop quality, even beyond what humans think they know about flavor profiles. We call this proactive, deterministic growing compared to traditional farming, including greenhouse growing, where you have to be reactive based on weather and sunlight conditions,"" said Webb. ""We then leverage human/chef feedback on what tastes the best and what texture is best and [..] combine that qualitative data with the 26K quantitative data points for every tray of greens per lifecycle.""
""From there, we tweak our grow recipes to build the best flavor. For some vegetables, like tomatoes, experts have leveraged Brix scores, but [..] we measure flavor quality based on these factors: sweetness, spiciness, bitterness, the total degree of flavor, texture and color,"" said Webb. ""Humans don't need to guess what iron content or Brix score is best; the brain in our farms can do that. Humans tell the grain what tastes best, and the brain will compute and tweak the grow recipes from there.""
Darryn Keiller, CEO and founder of WayBeyond, says that to impact flavor, you either have to change the genetics of the crop or alter the existing biochemical profile.
""For example, growers can impact flavor by adjusting light and nutrients, which can then enhance the texture (crunch, thickness) or flavor (increased sweetness or bitterness),"" said Keiller. ""Once you determine the key characteristics you want in a crop, you then use machine learning or AI to automate and optimize the production process for consistent growth and be responsive to changing consumer preferences.""
""Currently, vertical farms utilize seed stock bred for outdoor farming. Using AI technology, they can create their breeding stock (or lines) better suited for indoor environments. It's about refining your research and development and creating genetics perfect for your environment and management practices while ensuring continuous improvement of commercial production. The potential is huge.""
Webb adds that many indoor growers sought to build an outdoor farming system that can thrive indoors; however, Fifth Season chose to apply smart manufacturing principles to agriculture that would enable them to grow food in a new way.
""We grow more than 15K pounds a week of fresh food with 90% less water than what would be required to grow that amount of fresh food on a traditional outdoor farm - and that is done on a footprint of just 25,000 square feet,"" added Webb.
Webb believes that scaling viable vertical farming operations that can crack code on both the technology and the consumer experience to deliver consistently fresh, nutritious and clean produce changes the consumer shopping significantly.
""It changes our entire definition of what fresh can and should taste like; it changes the ease of access and availability and convenience to fresh food, which brings so much value to consumers,"" said Webb. ""It's another avenue for shoppers to access the freshest, highest-quality food at retail with produce that has a much longer shelf life than we're accustomed.”
I'm a writer who looks at innovation and how technology and science intersect with industry, environment, arts, agriculture, mobility, health. I've been called the tech
…I'm a writer who looks at innovation and how technology and science intersect with industry, environment, arts, agriculture, mobility, health. I've been called the tech Hemingway of Paris, named one of the top 100 women in technology in Europe in 2012, short-listed for best tech journalist by the TechCrunch Europas. I like to find the story that opens people's minds. Follow me on Twitter @jennalee.",Forbes
https://www.forbes.com/sites/anniebrown/2021/07/20/ai-is-not-going-to-replace-writers-anytime-soon--but-the-future-might-be-closer-than-you-think/,2021-07-20,AI Is Not Going To Replace Writers Anytime Soon – But The Future Might Be Closer Than You Think,"Is AI for content creation over-hyped or will all writers eventually be replaced by bots? Businesses don’t necessarily need more content, they need better content that actually performs.
AI is doing a lot to help streamline content marketing and management for companies across the board. You can get things researched, prepped, edited, and published in minutes (as opposed to days or weeks).
The problem is that while AI can automate time-consuming publishing tasks and help predict what people want to read, it can't really write that well – yet.
Today, AI still relies heavily on stringing together concepts or facts into some semi-coherent ramble, but it can't massage the phrasing or other intangibles that get customers to stand up and take notice.
AI’s underlying technologies in the area of content creation currently include Microsoft’s Turing Natural Language Generation (T-NLG) – boasting 17 billion parameters – and OpenAI’s Generative Pre-trained Transformer 3 technology (GPT-3), which has 175 billion machine learning parameters.
In September 2020, Microsoft announced it had licensed access to GPT-3’s technology for its ‘exclusive’ use, which offers a clue as to where this fast-growing industry is heading.
In this interview, Wordable CEO and Founder & CEO of Codeless, Brad Smith outlines AI’s current limitations for content creation, tells us how best to leverage its capabilities, and looks at where we are headed in the not-too-distant future.
Key problems with content AI todayarbage in. Garbage out.
Smith says the biggest problem with AI right now is its overreliance on patterns and the probability of certain words or phrases showing up next to each other when you reference certain topics.
“This means that currently, it can only take a mediocre pass at factual, information-based content. But even then it struggles to actually understand anything it’s saying. It is merely taking what’s already out there on certain topics and then playing a Robocop version of the word game Mad Libs,” he explains.
AI can’t string together long, persuasive text.
“Most good content builds on itself,” says Smith. “So you might lay the groundwork for an argument in the first section, and then come back later to build on top of that reader’s new understanding in the fourth section or paragraph.”
The trouble with AI is that it can’t reference itself in that way, says Smith. “Its knowledge of a few topics are completely isolated from each other, so it can’t ‘connect the dots’ that your reader would importantly be expecting to see.”
Smith says that these two issues alone would completely rule out AI-based uses for a significant amount of online content.
AI can’t do audio or video
He also goes on to point out that AI can’t do audio or video, nor write scripts for this type of media, “which is how most people will consume digital media in the next few decades, but that’s another topic for another day”, says Smith.
AI can’t do subjective
Most content online isn’t objective, but subjective. Comparing alternatives, or providing a few recommendations, each with its own pros and cons.
“Unless AI is basically robotically plagiarizing other content already on this subject, it can’t compare alternatives like this or provide additional context as to why one argument might or might not be legitimate.”
AI can’t do emotion
And AI can’t do emotion, such as style, jargon, inside jokes, meta-references, anecdotes, and storytelling. “All the things that get someone to stop dead in their tracks, take notice of what they’re reading, and actually want to continue reading the full thing. At the end of the day, people are still emotional human beings, hardwired via their centuries-old lizard brains to use feelings to convince themself of logical decisions, and not vice-versa.”
Where can AI help with content creation?Research and prep
Given that most long-form content (1,000-2,000 words) takes 4-5 hours on average to write, with maybe half of that for research and prep, Smith says that AI can be a huge help.
“AI and its underlying content technologies can help shortcut this dramatically, providing ideas for how an article should look, or what subtopics to mention, within seconds versus hours.
Pattern-matching works well for SEO
While pattern matching can create content “like a Robocop version of Mad Libs,” Smith says that AI-based research that’s heavily based on pattern-matching can help structure something for strong SEO.
“Search engines like Google only exist to help searchers find answers to their queries. To do that, a lot of content they show tends to be fairly formulaic, where the top 10 results might all mention certain subtopics, semantic ideas, questions they’re answering.”
First drafts – in specific cases
Smith explains that in some very specific cases, AI might be able to provide short-form, basic fact-based content that’s passable for a first draft. “Again, you’ll still want writers and editors to actually review it, polish it, edit, or add on. And again this might save you significant time and money, especially if you can work with AI to vet or manually approve an outline before the AI attempts to write it out.”
So while bots might not be replacing writers anytime soon, AI for content creation is developing rapidly. Given that GPT-3 launched just a couple of months later than T-NLG with 10 times the capacity of its rival, it will be interesting to see what happens next. Preliminary tests, on only 80 subjects showed only 48% success in distinguishing short stories written by people from those created by AI.
Smith’s key advice is: when using underlying technologies for content, ensure you keep humans involved at various stages of the process.
“Of course, you still need experts and humans to vet, filter, tweak, and throw out things to make sure it’s legit. Nevertheless, used correctly, AI can potentially be a huge timesaver, and will no doubt feature heavily in the future of content creation.”",Forbes
https://www.forbes.com/sites/forbestechcouncil/2021/07/21/why-retention-is-the-new-ceo-obsession/,2021-07-21,Council Post: Why Retention Is The New CEO Obsession,"Louis Tetu is CEO and Chairman of Coveo, which enables enterprises to deliver experiences that are relevant, highly personal, and valuable.
A few months ago, I wrote about Moore’s Law of Expectations, the idea that once people obtain a better experience, they never want to go back. Contrast that with the overwhelming amount of choices that consumers face, and you’ve got the perfect mix for top and bottom line volatility.
For every one product or service, there are many alternatives just one browser window away. Oftentimes, the only thing setting a company apart is the experience, not the product. That’s why customer experience and retention — not just customer acquisition — has jumped to the top of the CEO priority list.
The problem? Customer satisfaction is often fickle and not that relevant. I have a motto about this: “Ignore it or leave it untended, or fail to understand what people expect because they know they can, and goodwill can evaporate overnight.”
There’s a fair chance a company’s customer service is worse than leaders think it is. My company found that 44% of consumers rarely-to-never complain to a company about a negative service experience — instead, they simply disappear, they churn. Brands need to pay attention and start thinking about service intelligence and relevance as much more than just a cost-savings move.
Customers report issues in nearly every stage of online business interactions — and they’ll only tolerate so much. A recent report from author and speaker Shep Hyken shows that 96% of customers will leave a brand if they experience bad customer service, and 62% of customers would be willing to pay more for good customer service.
This trend spans generations, though for different reasons. Gen Z consumers are likely to abandon a brand if they can’t find the information they’re looking for themselves, while the Silent Generation and Baby Boomers care more about the ability to speak to an actual human customer service representative.
The bottom line is that an abundance of choice is making consumers less patient, compounded with the ease of finding better alternatives. People value one thing more than anything else: their own time! If they know they can save time elsewhere, they will. Fading customer satisfaction can turn into abandonment overnight, and staying relevant to each individual is the only way to stop it.
Be Relevant To Everyone Every Time
Constellation Research founder Ray Wang has developed his own recipe for serving up relevant online customer experiences, made up of three main ingredients: an analytics mindset, automation and a combination of AI and machine learning.
Here is my interpretation of what Ray is getting at:
Being relevant to one person at a time is possible. Being relevant to thousands or even millions of people at the same time is not humanly possible without AI.
To ensure customers get the information and content that is most relevant to them, a company’s online search and recommendation capabilities need to be PhD-level smart. And I’m not just talking about the website search function — intelligence needs to be implemented everywhere across digital journeys, from commerce to contact center to chatbots. The expectation from customers is that every single touchpoint must be relevant “to me” and coherent no matter the channel.
Connecting interaction data, individual preferences and brand content with machine learning and deep learning enables businesses to improve customer experiences and, ultimately, preserve brand loyalty. It used to be that only the largest tech-first companies could use technologies like AI and machine learning to their advantage, as they could afford herds of data scientists, but that’s no longer the case. The democratization of AI over the past few years means any company, regardless of size and expertise, now has the capacity to deliver an AI-backed online customer experience.
Integrating intelligence into service and support throughout the online customer journey can help brands build customer loyalty, drive repeat business and even spark word-of-mouth referrals and NPS. Winning brands are using AI to reinvent their service to incorporate powerful, intelligent self-service for existing customers — and also to carry that intelligence to agents within the contact center.
What To Watch For
The customer-centricity required to keep every customer happy means thinking about the experience for each and every customer’s personal journey — which, in practice, is not possible. Several vendors have developed customer journey mapping and orchestration tools aimed at trying to plot and funnel people through particular routes. Even with the best intent, this approach is fundamentally limited because every customer is unique.
Seek to utilize technology that recognizes each customer and provides what’s relevant to that particular customer — when they need it and where they are. Instead of trying to force people to follow “ideal” paths, make the right content for each customer available to them wherever their personal journey takes them. It’s about being ready for them on their terms, not forcing them to engage with your organization on your terms. AI-driven search results, suggestions and predictive recommendations all play their part in delivering on this promise.
Winning The Battle Of Choice
It may be aggravating to think that business success boils down to as fickle a thing as customer goodwill. And keeping customers happy by delivering highly relevant and highly personalized content during every single interaction is no easy feat — that is, unless brands understand the AI imperative, invest in relevance and leverage solutions that support the vital role of customer service and support.
Relevant customer experiences are the key to getting customers to choose — and keep choosing — you over the competition. And AI is the only way to stay in the game.
Forbes Technology Council is an invitation-only community for world-class CIOs, CTOs and technology executives. Do I qualify?
Louis Tetu is CEO and Chairman of Coveo, which enables enterprises to deliver experiences that are relevant, highly personal, and valuable. Read Louis Tetu's full
…",Forbes
https://www.forbes.com/sites/qai/2021/07/21/acushnet-holdings-corp-ranked-among-todays-top-buys/,2021-07-21T15:07:44Z,Acushnet Holdings Corp Ranked Among Today’s Top Buys,"US stocks were in the green again this morning, as they continued their surge after Monday’s sharp decline. This morning’s move was driven by a number of better-than-expected earnings reports, from Coca-Cola and Johnson & Johnson. The two-day rally has effectively wiped out any losses to start the week, and despite concerns, it appears the bull market rally is not over just yet. Reopening stocks are again leading the way, with shares of Carnival up over 7% and casino giant Las Vegas Sands gaining almost 3% for the morning. Oil also staged a rally back above $70 a barrel, significant if you expect inflation to last longer and gas prices to remain high as it normally does during economic expansions. A slew of other earnings also came out yesterday, with Netflix reporting mixed versus expectations (down about 3%). Overall, earnings are strong so far, with about 85% beating estimates. The deep learning algorithms at Q.ai have crunched the data to give you a set of Top Buys. Our Artificial Intelligence (“AI”) systems assessed each firm on parameters of Technicals, Growth, Low Volatility Momentum, and Quality Value to find the best Top Buys.
Sign up for the free Forbes AI Investor newsletter here to join an exclusive AI investing community and get premium investing ideas before markets open.
Caci Intl Inc - Cl A (CACI)
Caci Intl Inc - CL A is today’s first Top Buy. The company is an information solutions and services provider, offering a variety of information solutions and services to its customers. Our AI systems rated the company B in Technicals, B in Growth, A in Low Volatility Momentum, and A in Quality Value. The stock closed up 1.41% to $264.69 on volume of 186,658 vs its 10-day price average of $261.24 and its 22-day price average of $259.72, and is up 9.76% for the year. Revenue grew by 4.47% in the last fiscal year and grew by 33.75% over the last three fiscal years, Operating Income grew by 22.44% in the last fiscal year and grew by 65.56% over the last three fiscal years, while EPS grew by 29.47% in the last fiscal year and grew by 36.85% over the last three fiscal years. Revenue was $5720.04M in the last fiscal year compared to $4467.86M three years ago, Operating Income was $460.7M in the last fiscal year, compared to $340.7M three years ago, and EPS was $12.61 in the last fiscal year compared to $11.93 three years ago. ROE was 12.78% in the last year which compares to 15.44% three years ago. Forward 12M Revenue is expected to grow by 3.44% over the next 12 months and the stock is trading with a Forward 12M P/E of 14.4.
Acushnet Holdings Corp (GOLF)
Acushnet Holdings Corp is our second Top Buy today. Acushnet is a US-based company engaged in the design, development, manufacture, and distribution of golf products. Our AI systems rated the company F in Technicals, A in Growth, A in Low Volatility Momentum, and A in Quality Value. The stock closed up 2.76% to $49.94 on volume of 222,080 vs its 10-day price average of $49.61 and its 22-day price average of $49.27, and is up 22.28% for the year. Revenue grew by 10.68% in the last fiscal year and grew by 9.22% over the last three fiscal years, Operating Income grew by 54.42% in the last fiscal year and grew by 46.42% over the last three fiscal years, while EPS grew by 79.04% in the last fiscal year and grew by 73.61% over the last three fiscal years. Revenue was $1612.17M in the last fiscal year compared to $1633.72M three years ago, Operating Income was $159.22M in the last fiscal year compared to $167.92M three years ago, while EPS was $1.28 in the last fiscal year compared to $1.32 three years ago. ROE was 10.16% in the last year which compares to 11.57% three years ago. The stock is trading with a Forward 12M P/E of 29.16.
Lowe’s Cos Inc (LOW)
Lowe’s Cos Inc is our third Top Buy today. The company is the second-largest home improvement retailer in the world, operating about 1,970 stores throughout the United States and Canada. Our AI systems rated the company D in Technicals, D in Growth, A in Low Volatility Momentum, and B in Quality Value. The stock closed up 0.63% to $194.11 on volume of 2,882,733 vs its 10-day price average of $194.55 and its 22-day price average of $193.46, and is up 21.03% for the year. Revenue grew by 5.3% in the last fiscal year and grew by 32.3% over the last three fiscal years, Operating Income grew by 11.51% in the last fiscal year and grew by 144.39% over the last three fiscal years, while EPS grew by 18.29% in the last fiscal year and grew by 222.8% over the last three fiscal years. Revenue was $89597.0M in the last fiscal year compared to $71309.0M three years ago, Operating Income was $10892.0M in the last fiscal year compared to $4970.0M three years ago, while EPS was $7.75 in the last fiscal year compared to $2.84 three years ago. ROE was 342.33% in the last year compared to 48.63% three years ago. The stock is trading with a Forward 12M P/E of 17.95.
Rent-A-Center Inc (RCII)
Rent-A-Center Inc is our fourth Top Buy today. The company offers rent-to-own purchasing options for appliances, computers, smartphones, furniture, and related items. Customers make rental payments with the option to own the product after completing rent-to-own agreements. Our AI systems rated the company C in Technicals, B in Growth, B in Low Volatility Momentum, and A in Quality Value. The stock closed up 4.58% to $53.47 on volume of 583,177 vs its 10-day price average of $52.19 and its 22-day price average of $52.76, and is up 40.19% for the year. Revenue grew by 11.9% in the last fiscal year and grew by 18.36% over the last three fiscal years, Operating Income grew by 15.01% in the last fiscal year and grew by 221.06% over the last three fiscal years, while EPS grew by 2071.02% over the last three fiscal years. Revenue was $2814.19M in the last fiscal year compared to $2660.46M three years ago, Operating Income was $272.85M in the last fiscal year compared to $97.74M three years ago, while EPS was $3.73 in the last fiscal year compared to $0.16 three years ago. ROE was 39.6% in the last year which compares to 3.04% three years ago. Forward 12M Revenue is expected to grow by 4.76% over the next 12 months and the stock is trading with a Forward 12M P/E of 9.24.
Rollins Inc (ROL)
Rollins Inc is our fifth and final Top Buy today. The company is a provider of pest and termite control services. Rollins offers pest control services and protection against termite damage, rodents, and insects to homes and businesses, including hotels, food service establishments, food manufacturers, retailers, and transportation companies. Our AI systems rated the company B in Technicals, B in Growth, A in Low Volatility Momentum, and A in Quality Value. The stock closed up 2.89% to $37.32 on volume of 1,864,635 vs its 10-day price average of $35.71 and its 22-day price average of $34.83, and is down 2.41% for the year. Revenue grew by 2.2% in the last fiscal year and grew by 21.26% over the last three fiscal years, Operating Income grew by 8.4% in the last fiscal year and grew by 28.86% over the last three fiscal years, while EPS grew by 18.87% in the last fiscal year and grew by 34.05% over the last three fiscal years. Revenue was $2161.22M in the last fiscal year compared to $1821.56M three years ago, Operating Income was $368.09M in the last fiscal year compared to $309.64M three years ago, while EPS was $0.53 in the last fiscal year compared to $0.47 three years ago. ROE was 29.69% in the last year which compares to 33.92% three years ago. Forward 12M Revenue is expected to grow by 1.48% over the next 12 months and the stock is trading with a Forward 12M P/E of 55.7.
Liked what you read? Sign up for our free Forbes AI Investor Newsletter here to get AI-driven investing ideas weekly. For a limited time, subscribers can join an exclusive slack group to get these ideas before markets open.
Source: S&P Global Market Intelligence
Q.ai, a Forbes Company, formerly known as Quantalytics and Quantamize, uses advanced forms of quantitative techniques and artificial intelligence to generate investment
…Q.ai, a Forbes Company, formerly known as Quantalytics and Quantamize, uses advanced forms of quantitative techniques and artificial intelligence to generate investment recommendations across all asset classes. When it comes to money, no one should have to settle. We make investing less intimidating, more accessible and a lot of fun for everyone. That’s investing, reimagined.",Forbes
https://www.forbes.com/sites/qai/2021/07/21/ai-identifies-carvana-co-among-todays-top-shorts-again/,2021-07-21T15:07:50Z,AI Identifies Carvana Co Among Today’s Top Shorts Again,"Bears are running for the hills again, as markets rallied again, reversing Monday’s losses in just a couple of days. It appears that any Delta or inflation scare is just another notch in the wall of worry that this secular bull market will not pay attention to. It might be due to earnings reports lately, as so far, according to Factset, about 85% of companies have posted better-than-expected reports, showing that this economy is possibly stronger than the experts are thinking. While inflation remains a concern, and the bond markets and small caps have been flashing warning signs, there appears to be enough structural support for the market to grind higher here. Of the bigger reporters overnight and this morning, Netflix had earnings after the bell yesterday and came out with mixed results, while Coca-Cola and Johnson & Johnson easily beat expectations this morning. That pesky 10-year Treasury yield note bounced from a 5-month low to 1.275% as of this morning, which is helping ease concerns. If you’re looking for a way to play this market, the deep learning algorithms at Q.ai have crunched the data to give you a set of Top Shorts. Our Artificial Intelligence (“AI”) systems assessed each firm on parameters of Technicals, Growth, Low Volatility Momentum, and Quality Value to find the best short plays.
Sign up for the free Forbes AI Investor newsletter here to join an exclusive AI investing community and get premium investing ideas before markets open.
Carvana Co (CVNA)
Carvana Co is our first Top Short today. Carvana is an e-commerce platform for buying and selling used cars. The company derives revenue from used vehicle sales, wholesale vehicle sales and other sales and revenues. Our AI systems rated the company C in Technicals, F in Growth, F in Low Volatility Momentum, and F in Quality Value. The stock closed up 4.6% to $325.34 on volume of 1,760,848 vs its 10-day price average of $318.53 and its 22-day price average of $311.51, and is up 37.7% for the year. Revenue grew by 20.53% in the last fiscal year and grew by 244.35% over the last three fiscal years, Operating income grew by -23.77% in the last fiscal year, while EPS grew by -22.3% over the last three fiscal years. Revenue was $5586.56M in the last fiscal year compared to $1955.47M three years ago, Operating Income was $(332.4)M in the last fiscal year compared to $(220.73)M three years ago, EPS was $(2.63) in the last fiscal year compared to $(2.03) three years ago, and ROE was (93.05%) in the last year, compared to (100.05%) three years ago. Forward 12M Revenue is also expected to grow by 6.75% over the next 12 months.
Fluor Corp (FLR)
Fluor Corp is second on our list of Top Shorts today. The company is one of the largest global providers of engineering, procurement, construction, fabrication, operations, and maintenance services. Our AI systems rated the company D in Technicals, D in Growth, F in Low Volatility Momentum, and D in Quality Value. The stock closed up 7.48% to $16.67 on volume of 4,107,282 vs its 10-day price average of $16.24 and its 22-day price average of $16.99, and is up 5.37% for the year. EPS grew by -41.2% in the last fiscal year. Revenue was $15668.48M in the last fiscal year compared to $18851.01M three years ago, Operating Income was $144.96M in the last fiscal year compared to $426.32M three years ago, while EPS was $(3.1) in the last fiscal year compared to $1.22 three years ago. ROE was (15.85%) in the last year which compares to 6.56% three years ago. Forward 12M Revenue is expected to grow by 2.29% over the next 12 months and the stock is trading with a Forward 12M P/E of 22.71.
Hexcel Corp (HXL)
Our next Top Short is Hexcel Corp. Hexcel designs and manufactures high-performance composites, including carbon fibers, for use in commercial aerospace, defense, and other industrial markets. Our AI systems rated the company D in Technicals, D in Growth, F in Low Volatility Momentum, and C in Quality Value. The stock closed up 6.93% to $56.95 on volume of 817,377 vs its 10-day price average of $58.57 and its 22-day price average of $60.56, and is up 22.26% for the year. Revenue was $1502.4M in the last fiscal year compared to $2189.1M three years ago, Operating Income was $72.0M in the last fiscal year compared to $378.9M three years ago, while EPS was $0.38 in the last fiscal year compared to $3.11 three years ago. ROE was 2.14% in the last year which compares to 19.64% three years ago. Forward 12M Revenue is expected to grow by 6.02% over the next 12 months and the stock is trading with a Forward 12M P/E of 96.92.
Plug Power Inc (PLUG)
Plug Power Inc is fourth on our list of Top Shorts today. The company is an innovator of modern hydrogen and fuel cell technology. It has revolutionized the material handling industry with its full-service GenKey solution, which is designed to increase productivity, lower operating costs and reduce carbon footprints in a reliable and cost-effective way. Our AI systems rated Plug C in Technicals, F in Growth, F in Low Volatility Momentum, and F in Quality Value. The stock closed up 3.31% to $26.86 on volume of 15,859,570 vs its 10-day price average of $27.84 and its 22-day price average of $30.5, and is down 16.51% for the year. Revenue grew by -33.4% in the last fiscal year while EPS grew by -9.39% in the last fiscal year. Revenue was $-93.24M in the last fiscal year compared to $174.22M three years ago, Operating Income was $(576.61)M in the last fiscal year compared to $(76.44)M three years ago, EPS was $(1.68) in the last fiscal year compared to $(0.39) three years ago, and ROE was (74.61%) in the last year compared to (157.5%) three years ago. Forward 12M Revenue is also expected to grow by 8.88% over the next 12 months.
Blink Charging Co (BLNK)
Blink Charging Co is the final Top Short today. Blink is an owner, operator, and provider of electric vehicle charging services. Our AI systems rated the company C in Technicals, F in Growth, F in Low Volatility Momentum, and D in Quality Value. The stock closed up 3.38% to $32.12 on volume of 1,535,012 vs its 10-day price average of $32.95 and its 22-day price average of $36.86, and is down 14.36% for the year. Revenue grew by 14.98% in the last fiscal year, and grew by 166.67% over the last three fiscal years, while EPS grew by -49.11% over the last three fiscal years. Revenue was $6.23M in the last fiscal year compared to $2.69M three years ago, Operating Income was $(17.39)M in the last fiscal year compared to $(11.61)M three years ago, EPS was $(0.59) in the last fiscal year compared to $(1.3) three years ago, and ROE was (103.16%) in the last year. Forward 12M Revenue is expected to grow by 25.93% over the next 12 months.
Liked what you read? Sign up for our free Forbes AI Investor Newsletter here to get AI-driven investing ideas weekly. For a limited time, subscribers can join an exclusive slack group to get these ideas before markets open.
Source: S&P Global Market Intelligence
Q.ai, a Forbes Company, formerly known as Quantalytics and Quantamize, uses advanced forms of quantitative techniques and artificial intelligence to generate investment
…Q.ai, a Forbes Company, formerly known as Quantalytics and Quantamize, uses advanced forms of quantitative techniques and artificial intelligence to generate investment recommendations across all asset classes. When it comes to money, no one should have to settle. We make investing less intimidating, more accessible and a lot of fun for everyone. That’s investing, reimagined.",Forbes
https://www.theguardian.com/film/2021/jul/21/anthony-bourdain-documentary-roadrunner-ai-deepfake-furore,2021-07-21,"The Bourdain AI furore shouldn’t overshadow an effective, complicated film | Adrian Horton","Anthony Bourdain was a singularly beloved cultural figure. His death by suicide in 2018 at 61 while filming an episode of his CNN travel series Parts Unknown remains, for many, one of the most tragic and baffling public losses of the past few years. Given the intense connection to the chef turned TV personality felt by his fans, and the shock of his death, Roadrunner: A Film about Anthony Bourdain, a bracing, graceful new documentary on Bourdain that features his inner circle, was going to be met sensitively.
On Friday, news broke that the film-makers used artificial intelligence to simulate the television host’s voice for three lines of synthetic audio. In interviews with the New Yorker and GQ, the film’s director, Morgan Neville, revealed that he fed 10 hours of Bourdain’s voiceovers into an AI model for narration of emails Bourdain wrote, totaling about 45 seconds. Reaction to the news was startlingly, if perhaps predictably angry. Some outright dismissed the film, which grapples with Bourdain’s less palatable qualities – his obsessiveness, his flakiness, his gnawing impostor syndrome.
“When I wrote my review I was not aware that the film-makers had used an AI to deepfake Bourdain’s voice,” tweeted Sean Burns, a film critic from Boston’s WBUR who reviewed the film negatively. “I feel like this tells you all you need to know about the ethics of the people behind this project.”
Others on Twitter, where it was a trending topic, called it “ghoulish”, “a freakishly bad idea”, “awful”.
Neville did not exactly help matters with his comment to the New Yorker that “We can have a documentary ethics panel about it later,” which felt more flippant than considered. Said panel seems pertinent, but not as a verdict of the film. While much of the discussion has focused on the ethics of reanimating a dead person’s voice, the question of AI, in this case, seems like a misdirection. Bourdain wrote the words; we don’t know if he read them aloud, but it’s not synthetic material, nor is it akin to hawking a deceased pop star’s hologram performance for money.
The bigger issue is one of disclosure, both to the audience and to Bourdain’s loved ones. (In response to Neville’s claim in GQ that he checked with Bourdain’s widow and literary executor “just to make sure people were cool with that. And they were like, Tony would have been cool with that,” Bourdain’s ex-wife Ottavia Busia tweeted: “I certainly was NOT the one who said Tony would have been cool with that.”) If you know which lines to look for, you can hear how the AI voice is a touch stiffer, and a twitch higher, than the real one. But to an average viewer, the difference is fudged. You can’t tell – a point that may ultimately come to not matter, as audience comfort levels with synthetic audio shift. As Sam Gregory, a film-maker turned non-profit director on ethical applications of video and technology, pointed out in an interview with Helen Rosner in the New Yorker on the ethics of the AI voice, no one blinks an eye when a narrator in a documentary reads a letter written in the civil war.
The queasy part here was the blending of truth with interpretation of truth, fact with simulation, archive with embellishment. Neville’s obfuscation of the AI voice feels deceptive. But then again, all documentaries bend the lines of reality; audiences just often conveniently forget or ignore the artifice in favor of cohesion and momentum. This is, ironically, so much the subject of Roadrunner – the blurring of person and persona, the bounded portrait on camera and the ambiguous messiness off it, the persistent burden of fame. The AI model of Bourdain’s voice, for three lines, is a questionable artistic choice, for sure. But it’s not an outright transgression that should overshadow a challenging, deeply emotional film.
Roadrunner starts not with Bourdain’s childhood, which is almost entirely glossed over, but his rebirth, of sorts: fame at middle age, thanks to his bestselling memoir Kitchen Confidential, published at 43 in 2000. Bourdain was, we see, at first an awkward, ungainly but eager student of the camera and the world around him. The bulk of the film traces the swift change of his life post-fame. He left cooking, his partner of nearly 30 years, his anonymity. He started hosting for CNN, married again, had a daughter, shifted his addictive personality – an intimidating, exhaustive relentlessness that was once hooked on heroin – to jiujitsu, among other things. He chafed against 250 days a year on the road, against the gulf between the ruggedness of his storytelling and the red carpets of promoting the story, against the role of a traditional TV dad he played in spurts at home.
The last third is dominated by his personal unraveling – pushing away friends, almost leaving the show – and his death. Arguably the more pressing ethical concern is Neville’s decision to not reach out to Asia Argento, the Italian actor/director and Bourdain’s final romantic partner, who is portrayed as the agent of undoing for both the show and Bourdain. Friends and crew recall an emotionally tense shoot in Hong Kong after Bourdain installed Argento as director at the last minute and fired a longtime cinematographer, how his infatuation with Argento seemed manic and adolescent, how angered he was by paparazzi photos of her and another man shortly before his death.
Neville has said that speaking to Argento would have “been painful for a lot of people”. Digging into the final days of Bourdain’s life “instantly just made people want to ask ten more questions”, he told Vulture. “It became this kind of narrative quicksand of “Oh, but then what about this? And how did this happen? It just became this thing that made me feel like I was sinking into this rabbit hole of ‘She said, they said,’ and it just was not the film I wanted to make.”
Still, it’s a lot of focus, words and images on a person who isn’t given the opportunity to speak for herself. It’s also clear that including Argento’s interviews, if she agreed, would have dragged the film into a litigation of Bourdain’s death rather than an exploration of his life. There are no easy answers here, the type Bourdain eschewed while he was alive.
Roadrunner is ultimately an inviting, haunting, unsettling film, which doesn’t hesitate to name the star’s frustrating multitudes. There’s Bourdain the preternaturally magnetic host, Bourdain the giddily infatuated boyfriend, Bourdain the exacting boss and unreliable partner, the unbridled friend who once told confidant David Chang that he wouldn’t be a good father. There’s his unbent curiosity, his zest for a hit of any experience, and a foreboding emptiness. The scene I can’t stop thinking about is a scrap of footage from 2006, while filming a pivotal episode of No Reservations in Lebanon as war erupted between Israel and Hezbollah. Savoring pleasure amid devastation, lost for words, Bourdain simply shakes his head – “there’s no neat way to sum it all up.” There’s no fully cohesive portrait of a person in Roadrunner, maybe never any sense to be made. But there’s plenty to sit with, to consider, and that feels like a tribute well done.
Roadrunner: A Film about Anthony Bourdain is out in US cinemas now and in the UK later this year",The Guardian
https://www.forbes.com/sites/lanceeliot/2021/07/21/self-driving-cars-that-snitch-on-human-drivers-for-bending-or-breaking-driving-laws/,2021-07-21,Self-Driving Cars That Snitch On Human Drivers For Bending Or Breaking Driving Laws,"Are you familiar with the expression that someone is a fink or a no-good dirty rat?
Perhaps you might be more acquainted with other ways that this is commonly depicted such as those that are characterized as a weasel, a snitch, or a stoolie.
Let’s add to the matter a vexing ethical question, namely whether someone can be considered a stool pigeon or a squealer even if they are reporting on something that was an illegal or unlawful act?
You would normally be tempted to assert that reporting a prohibited act is entirely appropriate and the tipster or whistleblower ought to be rewarded rather than ostracized as a tattler or snitch.
Okay, consider a real-world example and see how you do.
You are driving along on your daily journey to the office. There is a stop sign at an upcoming intersection. As you approach the intersection, you notice that there is no other traffic of any kind and there aren’t any pedestrians in the vicinity. Being in a bit of a hurry that morning, you approach the stop sign and make a rolling stop.
To be clear, you nearly came to a full stop, but decided to just kind of ease your way forward and slowly, carefully, judiciously continue in motion. This was definitely not a blatant blasting past a stop sign. You were thoughtful and calculated that there would be no harm in gently observing the stop sign versus fully abiding by the stop sign.
There was no danger, so you took the shot, as it were (thanks goes to Top Gun).
How are you feeling so far about this?
Your action seems perfectly justifiable. You looked both ways. There weren’t any other cars. No pedestrians were nearby. And, notably, you did bring the car nearly to a halt. Admittedly, you inched forward and did not technically make a full stop, but that seems like quite a technicality and not worthy of notable discussion or acrimonious debate.
Time to add a twist to the tale.
Turns out that a neighbor adjacent to the stop sign has set up an automatic camera that takes snapshots of any vehicles that roll through the stop sign. You might say they are doing this for the sake of safety, or maybe it is merely a hobby. In any case, the camera captures your kind-of stop that was really a rolling stop.
The neighbor upon reviewing their camera film realizes they got you, in a veritable sense of hook, line, and sinker. So, they opt to notify the police and turn you in.
Now how do you feel about this?
Maybe your first thought is that this person is a fink, a tattletale, a snitch.
They are making a molehill into a mountain. Your driving action was relatively innocent, and this sanctimonious do-gooder has turned this teensy tiny transgression into a full-blown crime. You know in your heart that no one was hurt by your driving action.
If there are any ongoing efforts to get illegal drivers, by gosh, you see plenty of scary and outrageously unlawful driving actions by zany drivers all the time. Go after those nutty drivers that truly put others into jeopardy by running red lights, speeding way beyond the speed limit, and that otherwise are a danger to society while being behind the wheel.
After calming down, perhaps you shift into a realization that the stoolie was trying to do the right thing.
You can entirely understand the motivation to catch those that brazenly brush past a stop sign. Of course, that’s not what you did. You mull over whether you can convince a judge that you are a good driver, and this was a minuscule infraction that should be tossed out of court.
But as you think further on the topic, you start to get enraged again. What a waste of time and energy. It was one stinking stop sign in one stinking little neighborhood on your stinking way to work on one particular day. The neighbor that reported you is a stinking informer and should go after those that zip past the stop sign and leave alone those that were obviously being much more mindful about (somewhat) stopping.
I realize that some of you might be thinking that the neighbor was absolutely right and you ought to have gotten nabbed.
Perhaps your efforts were generally well-intended, but maybe you are gradually going on a slippery slope towards abject lawlessness. One day, you roll through a stop sign, and the next thing you know, it is possible you’ll justify driving on sidewalks or ramming into other cars that you dislike. Thankfully, this conscientious busybody with their handy camera has stopped you before you lead a life of outright debauchery and criminal behavior.
I’d wager a guess that few of you are having those kinds of thoughts.
Consider a matter analogous to this stop sign saga.
We already know that as a society there is a great deal of controversy over simple things such as those intersection red-light cameras. The cameras are intended to catch those that opt to run the intersection when the light has gone red. This is decidedly a perilous driving action and often leads to car crashes. Those car crashes lead to people getting injured or killed.
Some believe that having a red-light camera to detect such scofflaws is more so a deterrent versus capturing those that run the red light. Yes, of course, the idea is to snap a photo of those that do indeed run the red and notify them, along with punishing them, which might awaken them to not do so ever again. The other notion is that just knowing that the camera exists will get people to second guess themselves about running the red light and they will consciously avert doing so. Thus, this is more so a deterrent rather than a focus on capture and punishment per se.
Having an all-seeing eyeball that you know will detect your driving transgression is presumably sufficient to cause people to drive more safely.
As an example of the quirkiness of human behavior, some locations that had a red-light camera have removed their red-light intersection cameras for the very reason that it was supposedly spurring drivers to rush the intersection. Here’s why. Not wanting to get caught by the red-light camera, drivers would intentionally attempt to zip through the intersection. This led to apparently more dangerous driving situations and actually increased the chances of car crashes.
That’s quite a dose of irony.
The adoption of something intended to reduce bad driving seemed to have an unanticipated adverse consequence of prodding people toward bad driving, including those that seemingly would not have been doing bad driving to start with.
Now, be aware, not everyone agrees with those kinds of utilization assessments of the red-light cameras, and there is a lot of research that falls on both sides of the good or bad merits thereof.
Anyway, why all this chattering about the act of tattle-telling?
Time to reveal the true plot at hand.
Allow me a moment to show my cards.
There will eventually be a widespread emergence of self-driving cars.
AI-based true self-driving cars are chockful of sensory devices that are used for navigating and driving the vehicle by the AI driving system. Electronic devices typically used include video cameras, radar, LIDAR, ultrasonic units, thermal imaging, and the like. The primary purpose of that state-of-the-art equipment is to serve as the eyes and ears of the AI driving system. Data is collected via those sensors and the AI tries to figure out the nature of the driving environment and then ascertain what driving actions can be safely undertaken.
There are though other potential uses of the suite of sensory devices on a self-driving car.
I’ve previously pointed out that those devices are a kind of “roving eye” that can potentially record whatever they see or detect during a driving journey (see my analysis at this link here). This can be handy for a multitude of purposes, such as being able to keep track of homes and real estate in a community and readily allow knowing what properties look like (if the data was posted online and made available for use).
Unfortunately, the same roving eye can have some quite scary outcomes.
Imagine that there are thousands upon thousands of self-driving cars that have been fielded and are weaving their way through your community as they provide ridesharing services. That’s great and a huge convenience for wanting to get a lift. At the same time, those sensory devices are collecting in real-time the activities of whatever is happening in that community.
In theory, if one could aggregate the data, it would be feasible to generally track your activities. Early in the morning, you walk out of your house to take your dog for a walk. Around noon, you and a friend decide to eat lunch on your front patio. Later in the day, you get a lift to a downtown restaurant. Self-driving cars passing past the restaurant spot you going in, and likewise catch images of you as you are leaving the eatery.
The gist is that it would be technically possible to piece together the jigsaw of your everyday life outdoors via grabbing up the data collected from the numerous self-driving cars. Those self-driving cars are likely to be outfitted with OTA (Over-The-Air) electronic communications, allowing the vehicles to get downloaded patches to the AI driving system, and likewise being able to upload the roving eye data they collected throughout the day.
Once that data gets into the cloud, there is an open question as to what happens to it next.
Presumably, whoever owns the fleet of self-driving cars will want to monetize that data. How they do so and what the data is used for, well, that’s something yet to be decided. Some believe that heavy regulations are going to be needed to protect us from an otherwise inevitable Big Brother situation.
We can add more fuel to that fire.
Returning to the initial tale of the neighbor that perchance set up a camera to monitor the stop sign nearby their home, we can ratchet up this notion.
Ratchet up a thousand-fold, exponentially so.
There will be human drivers driving their conventional cars and doing so amidst the advent of self-driving cars. Those self-driving cars will be watching the roadway, like a hawk, including spotting whatever any nearby human-driven cars are doing or undertake to do.
Here is the intriguing question to ponder: Will AI-based true self-driving cars potentially snitch or fink upon human drivers nearby that bend or outright bust the driving laws?
Let’s unpack the matter and see.
Understanding The Levels Of Self-Driving Cars
As a clarification, true self-driving cars are ones that the AI drives the car entirely on its own and there isn’t any human assistance during the driving task.
These driverless vehicles are considered a Level 4 and Level 5 (see my explanation at this link here), while a car that requires a human driver to co-share the driving effort is usually considered at a Level 2 or Level 3. The cars that co-share the driving task are described as being semi-autonomous, and typically contain a variety of automated add-on’s that are referred to as ADAS (Advanced Driver-Assistance Systems).
There is not yet a true self-driving car at Level 5, which we don’t yet even know if this will be possible to achieve, and nor how long it will take to get there.
Meanwhile, the Level 4 efforts are gradually trying to get some traction by undergoing very narrow and selective public roadway trials, though there is controversy over whether this testing should be allowed per se (we are all life-or-death guinea pigs in an experiment taking place on our highways and byways, some contend, see my coverage at this link here).
Since semi-autonomous cars require a human driver, the adoption of those types of cars won’t be markedly different than driving conventional vehicles, so there’s not much new per se to cover about them on this topic (though, as you’ll see in a moment, the points next made are generally applicable).
For semi-autonomous cars, it is important that the public needs to be forewarned about a disturbing aspect that’s been arising lately, namely that despite those human drivers that keep posting videos of themselves falling asleep at the wheel of a Level 2 or Level 3 car, we all need to avoid being misled into believing that the driver can take away their attention from the driving task while driving a semi-autonomous car.
You are the responsible party for the driving actions of the vehicle, regardless of how much automation might be tossed into a Level 2 or Level 3.
Self-Driving Cars As Snitches
For Level 4 and Level 5 true self-driving vehicles, there won’t be a human driver involved in the driving task.
All occupants will be passengers.
The AI is doing the driving.
As mentioned, the AI driving system includes a host of souped-up sensors. Those sensors are trying to identify anything within the sensory range of the self-driving car. Are there pedestrians nearby? Is there a car up ahead? Are there cars behind the self-driving car? And so on.
Here’s what can occur.
You are driving adjacent to a self-driving car. There is nothing odd or out of the ordinary about this since there are numerous self-driving cars on the roadways (this is somewhat true today in specific locales, such that during a regular driving journey, you can encounter self-driving cars every few minutes, which has happened to me many times).
You and the adjacent self-driving car are approaching a stop sign that has two lanes. You are in the right lane and intend to make a stop at the stop sign, and then proceed to turn right. The self-driving car is in the left lane and presumably, will come to a stop and then proceed straight ahead.
Sure enough, the self-driving car comes to a full stop at the stop sign.
Meanwhile, perhaps in your haste, you slightly roll through the stop sign, failing to have come to a complete stop. You were only moving inches at a time. Furthermore, there weren’t any pedestrians nearby. The only other car nearby was the self-driving car. You did nothing that endangered the self-driving car. All in all, you simply did a modest and seemingly immaterial roll through the stop sign and then made your right turn.
Nobody would ever know that you did a small oopsie on obeying the law.
Not so fast with that assumption.
The self-driving car was surveying the surrounding driving environment, as it customarily does, and therefore detected the presence of your car being adjacent. The sensors also captured the fact that you did not come to a full stop.
So what?
One possibility is that the self-driving car does nothing about your transgression. You did not harm or threaten the self-driving car. You did not hit any pedestrians. Overall, your act was inconsequential.
But, wait for a second, you broke the law. If a police officer was standing at the stop sign, they surely would flag you down and issue you a ticket. As a society, we seemingly want the police to take this action. Even though you ostensibly did not pose a danger, you are possibly the kind of driver that does this act all the time. Best to nip things in the bud, before you get out-of-hand.
The AI driving system in this everyday self-driving car is not a cop. It is not enforcing the driving laws (well, not as yet).
Unquestionably, it did detect someone breaking the law.
What do we want the AI to do?
Some would argue vehemently that it is none of the business of the AI. The AI driving system should keep its head down and focus on driving the darned car (that seems somewhat anthropomorphic, so let’s just say that the AI wasn’t programmed to do anything about the detection). Leave others alone.
And, especially leave human drivers alone.
Others would as equally fervently argue that this is a godsend of sorts. By having detected a bad driver, this should be reported right away to the police. Furthermore, there is abundant proof to support the contention that an illegal driving act occurred.
If a human driver perchance saw another human driver rolling through a stop sign, there is a temptation to report on that other driver. This though is rather problematic. Once you get to court, it will likely come down to your word versus the word of the other. Assuming that the other driver won’t admit to the infraction, the whole thing ends up as a potential frustration and waste of time. How is the judge to decide which of you is telling the truth and which is lying?
In the case of the self-driving car, there is a plethora of sensory data that has nabbed you. This seems like pretty hard evidence to overturn. You can bet that clever lawyers will try to find a means to do so. They can argue that the sensory data was faked, as in the popular Deepfakes that we see commonly appearing today. They could argue that the data was real but has been edited by someone, perhaps a systems administrator that has access to the cloud data of the self-driving car fleet. Etc.
Yes, those are all potential legal angles and loopholes, but it will be quite an uphill battle.
Once we have our streets, highways, and byways filled with roaming self-driving cars, there will be a nearly endless supply of recorded detections involving human drivers that have bent or entirely busted the proper driving laws.
You can bet your bottom dollar on this.
Conclusion
Some people have worried that we are going to have more cameras set up like the one that a neighbor placed to spot the stop sign in their neighborhood. We have already seen that the doorbell cameras are capturing quite a lot of what happens in a neighborhood. Undoubtedly, the trend of using stationary cameras will continue.
I respectively submit that those kinds of static unmoving cameras will be a drop in the bucket.
The advent of self-driving cars is going to inevitably take off like wildfire.
People will crave the use of self-driving cars, partially due to the hoped-for lower cost of use versus a human-driven ridesharing capability, but also (more so) because it is anticipated that self-driving cars will have many fewer car crashes. There are about 40,000 human fatalities each year due to car crashes in the United States, and about 2.3 million injuries. The belief is that self-driving cars will not be drunk while driving, will not be distracted drivers, and therefore there will be a sizable reduction in the number of car crashes and thus a sizable reduction in the number of injuries and fatalities.
Meanwhile, the craving for self-driving cars will also produce the possibility of routinely and rather extensively catching nearby human-drivers that break the driving laws. We need to wrestle with the idea that self-driving cars can be a snitch, or if you will, an added pair of helpful eyes that can detect those humans that are driving in unlawful manners and promptly report those transgressors to the police.
Some are handwringing that we will become a police state.
At first, it will be the running of a stop sign, and the next thing you know it will be a pedestrian that tosses a candy wrapper on the ground. Others emphasize that maybe we could establish thresholds, such as if the act detected is considered inconsequential or a petty act, the AI won’t be prompted to tattle.
One final twist to these twists.
We already know and acknowledge that perhaps human drivers reacted somewhat paradoxically to the red-light cameras, leading to a presumed unanticipated adverse consequence.
Would human-drivers react in “unforeseen” ways if they knew that self-driving cars were going to be the proverbial fink or weasel?
Maybe human drivers would do whatever they could to avoid getting within sensory range of self-driving cars. This could produce adverse driving beyond that which we already have. Envision that a human driver coming down a quiet street might suddenly make an illegal U-turn to avoid coming up upon a self-driving car (kind of what happens by some that perchance come upon a police car). For each scofflaw being detected by self-driving cars, there might be many more new untoward driving acts being generated by human drivers determined to avoid coming under the gaze of a self-driving car.
Or, perhaps humans will try other means to confuse the sensors or somehow mask their car from the sensory suite. Some savvy entrepreneurs will provide electronic “invisibility cloaks” to hide your human-driven vehicle from the detectable scope of the self-driving car sensors. And so on.
Where there is a will, there is a way.
If AI ever becomes sentient, it would certainly be interesting to see what the AI says about all of this, specifically whether the AI would believe it is doing the right thing as an alleged stoolie, or perhaps be upset that humans are fearing it because of the heavy burden of always being the tattletale.
It’s a tough job being AI.
Dr. Lance B. Eliot is a world-renowned expert on Artificial Intelligence (AI) with over 3.8+ million amassed views of his AI columns. As a seasoned executive and
…Dr. Lance B. Eliot is a world-renowned expert on Artificial Intelligence (AI) with over 3.8+ million amassed views of his AI columns. As a seasoned executive and high-tech entrepreneur, he combines practical industry experience with deep academic research and serves as a Stanford Fellow at Stanford University. Formerly a professor at USC and UCLA, and head of a pioneering AI Lab, he frequently speaks at major AI industry events. Author of over 50 books, 500 articles, and 250 podcasts, he has made appearances on media outlets such as CNN and co-hosted the popular radio show Technotrends. He's been an adviser to Congress and other legislative bodies and has received numerous awards/honors. He serves on several boards, has worked as a Venture Capitalist, an angel investor, and a mentor to founder entrepreneurs and startups.",Forbes
https://www.forbes.com/sites/qai/2021/07/21/artificial-intelligence-ranks-the-boston-beer-company-among-todays-trending-stocks/,2021-07-21,Artificial Intelligence Ranks The Boston Beer Company Among Today’s Trending Stocks,"The markets were moving higher again today as Monday’s market selloff appeared to be just a blip on the radar for bulls. The Dow has essentially recovered all losses from the week at this point, trading at levels from Friday’s close, as the dip has officially been bought. Earnings reports from companies are giving some credence to the rally, as so far, about 85% of companies have exceeded expectations according to Factset. We could be entering a period of volatility, however, as inflation has investors concerned as well as a surge in Covid-19 cases from the delta variant not only across America but over the world. That being said, Covid case count spikes don’t necessarily equate to market weakness, especially when you have massive monetary and fiscal spending to counteract recessionary forces. Below we bring you some of the Top Trending Stocks today for investing ideas from our AI-sourced algorithms.
Q.ai runs daily factor models to get the most up-to-date reading on stocks and ETFs. Our deep-learning algorithms use Artificial Intelligence (AI) technology to provide an in-depth, intelligence-based look at a company – so you don’t have to do the digging yourself.
Sign up for the free Forbes AI Investor newsletter here to join an exclusive AI investing community and get premium investing ideas before markets open.
The Boston Beer Company, Inc (SAM)
The Boston Beer Company, Inc tops our trending stocks list today. The company is a leader in high-end malt beverages and adjacent categories for alcoholic beverages, including craft beer, hard cider, and hard seltzer. Owners of massive brands such as Samuel Adams, Angry Orchard, Twisted Tea, and Truly Hard Seltzer, this is a company to bet on if you’re expecting a surge in partying after a pandemic. The stock closed down 1.58% to $936.43 on volume of 240,916 vs its 10-day price average of $948.09 and its 22-day price average of $974.89, but has lagged with a loss of 5.82% for the year.
Our AI systems rated The Boston Beer Company with an average performance, with a C in Technicals, B in Growth, C in Low Volatility Momentum, and C in Quality Value. Speaking of earnings, revenue grew by 12.35% in the last fiscal year and grew by 95.95% over the last three fiscal years, Operating Income grew by 22.33% in the last fiscal year and grew by 169.66% over the last three fiscal years, while EPS grew by 24.19% in the last fiscal year and grew by 146.6% over the last three fiscal years. Revenue was $1736.43M in the last fiscal year compared to $995.65M three years ago, Operating Income was $256.87M in the last fiscal year compared to $116.53M three years ago, and EPS was $15.53 in the last fiscal year compared to $7.82 three years ago. ROE was 22.68% in the last year which compares to 20.97% three years ago. Forward 12M Revenue is expected to grow by 4.95% over the next 12 months and the stock is trading with a Forward 12M P/E of 34.76x.
Wells Fargo & Company (WFC)
Wells Fargo & Company is another trending stock today. Wells Fargo is one of the largest banks in the United States, with approximately $1.9 trillion in balance sheet assets. The company is split into four primary segments: consumer banking, commercial banking, corporate and investment banking, and wealth and investment management. It is almost entirely focused on the U.S. Wells Fargo surged yesterday after a pullback on Monday, closed up 4.16% to $44.84 on volume of 34,556,160 vs its 10-day price average of $43.91 and its 22-day price average of $44.23. The company has been a darling to date, with a 48.58% gain for the year.
Our AI systems rated Wells Fargo D in Technicals, D in Growth, B in Low Volatility Momentum, and D in Quality Value. Earnings have been strong, as Revenue grew by 31.19% in the last fiscal year, Operating Income grew by 872.37% in the last fiscal year, and EPS grew by 810.79% in the last fiscal year. Revenue was $58319.0M in the last fiscal year compared to $84696.0M three years ago, Operating Income was $2117.0M in the last fiscal year compared to $28538.0M three years ago, while EPS was $0.41 in the last fiscal year compared to $4.28 three years ago. ROE was 1.92% in the last year, which compares to 11.29% three years ago, and the stock is trading with a Forward 12M P/E of 13.1x.
Chipotle Mexican Grill, Inc (CMG)
Chipotle Mexican Grill, Inc is a trending stock today and third on our list. The shares were en fuego this morning, up over 10%, as the fast-casual chain restaurant reported exceptional earnings yesterday, beating expectations. The stock has done well this year, up 13.53%, and closed up 1.5% to $1574.35 on volume of 431,047 vs its 10-day price average of $1586.3 and its 22-day price average of $1539.26.
Our AI systems rated the company C in Technicals, A in Growth, B in Low Volatility Momentum, and C in Quality Value. They have had a solid bounce back from the pandemic, as revenue grew by 14.35% in the last fiscal year and grew by 40.66% over the last three fiscal years, Operating Income grew by 102.71% in the last fiscal year and grew by 88.36% over the last three fiscal years, while EPS grew by 64.14% in the last fiscal year and grew by 225.69% over the last three fiscal years.
By the numbers, Revenue was $5984.63M in the last fiscal year compared to $4864.98M three years ago, Operating Income was $327.14M in the last fiscal year compared to $352.06M three years ago, while EPS was $12.52 in the last fiscal year compared to $6.31 three years ago. ROE was 19.21% in the last year, which compares to 12.58% three years ago. Forward 12M Revenue is expected to grow by 6.44% over the next 12 months and the stock is trading with a Forward 12M P/E of 54.97x.
First Solar, Inc (FSLR)
First Solar, Inc is our fourth and final trending stock today. First Solar designs and manufactures solar photovoltaic panels, modules, and systems for use in utility-scale development projects. The company's solar modules use cadmium telluride to convert sunlight into electricity. This is a massive growth sector in a world that is struggling to meet climate change targets, and solar power will be a major contributor to going to renewable energies. The stock closed down 0.45% to $82.68 on volume of 2,225,234 vs its 10-day price average of $88.57 and its 22-day price average of $87.27, and has struggled this year, down 16.42%.
Our AI systems rated the company, funny enough for an energy-related company, A in Technicals, C in Growth, D in Low Volatility Momentum, and C in Quality Value. Revenue grew by 10.0% in the last fiscal year and grew by 32.91% over the last three fiscal years, Operating Income grew by 29.52% in the last fiscal year and grew by 1049.47% over the last three fiscal years, while EPS grew by 29.77% in the last fiscal year and grew by 255.91% over the last three fiscal years.
Drilling down, Revenue was $2711.33M in the last fiscal year compared to $2244.04M three years ago, Operating Income was $355.99M in the last fiscal year compared to $40.11M three years ago, while EPS was $3.73 in the last fiscal year compared to $1.36 three years ago. ROE was 7.5% in the last year, which compares to 2.8% three years ago. The stock is trading with a Forward 12M P/E of 26.07x.
Liked what you read? Sign up for our free Forbes AI Investor Newsletter here to get AI driven investing ideas weekly. For a limited time, subscribers can join an exclusive slack group to get these ideas before markets open.
Source: S&P Global Market Intelligence
Q.ai, a Forbes Company, formerly known as Quantalytics and Quantamize, uses advanced forms of quantitative techniques and artificial intelligence to generate investment
…Q.ai, a Forbes Company, formerly known as Quantalytics and Quantamize, uses advanced forms of quantitative techniques and artificial intelligence to generate investment recommendations across all asset classes. When it comes to money, no one should have to settle. We make investing less intimidating, more accessible and a lot of fun for everyone. That’s investing, reimagined.",Forbes
https://www.washingtonpost.com/opinions/2021/07/21/ai-we-should-fear-is-already-here/,2021-07-21,Opinion | The AI we should fear is already here,"AI detractors have focused on the potential danger to human civilization from a super-intelligence if it were to run amok. Such warnings have been sounded by tech entrepreneurs Bill Gates and Elon Musk, physicist Stephen Hawking and leading AI researcher Stuart Russell.
We should indeed be afraid — not of what AI might become, but of what it is now.
Almost all of the progress in artificial intelligence to date has little to do with the imagined Artificial General Intelligence; instead, it has concentrated on narrow tasks. AI capabilities do not involve anything close to true reasoning. Still, the effects can be pernicious.
Narrow AI is already displacing workers. My research, with David Autor, Jonathon Hazell and Pascual Restrepo, finds that firms that increase their AI adoption by 1 percent reduce their hiring by approximately 1 percent. And of course narrow AI is powering new monitoring technologies used by corporations and governments — as with the surveillance state that Uyghurs live under in China. It is also being used in the U.S. justice system for bail decisions and, now increasingly, in sentencing. And it is warping public discourse on social media, hampering the functioning of modern democracies.
The labor-market effects of AI may be the most ominous. The U.S. economy once created plentiful good jobs — paying decent wages and providing job security and career-building opportunities — for workers with all kinds of backgrounds and skills. From the end of World War II to the mid-1970s, the United States witnessed not just robust employment growth but also rapid wage growth for both high-education and low-education workers.
This growth stopped long before AI. From the 1980s onward, median wages stagnated. Men with less than a college degree started experiencing sharp declines in their real earnings.
During that period, automation and corporations’ off-shoring jobs to other countries drove the declines. But now AI is accelerating the trend, approaching or sometimes even exceeding human productivity in some very specific tasks in offices, warehouses and elsewhere. Many employers, focused on cost-cutting, will jump at any opportunity to eliminate jobs using these nascent technologies.
Some economists think fears of automation and AI displacing workers are overblown. They argue that as work becomes more AI-automated, the resulting productivity gains will spearhead labor demand in other parts of the economy, and sometimes even in the same firms doing the AI-driven automation.
If AI technologies were truly spectacular in the tasks they performed today, the argument would have some validity. Alas, current AI technologies are not just far from general intelligence; they are not even that good at things that are second nature to humans — such as facial recognition, language comprehension and problem-solving. This means a double whammy for labor, because AI technologies displace labor and don’t generate any of the labor-demand boost that would have resulted if the technology had delivered more meaningful productivity gains.
Other applications of AI are likely to exacerbate the growing power of corporations and capital over labor, adding to these troubling trends. AI enables much better monitoring of workers — for example, in warehouses, fast-food restaurants and the delivery business.
The applications of AI in government decision-making, most importantly in the criminal justice system, are no less worrying. Existing evidence suggests that algorithms are inheriting and sometimes intensifying existing biases and inequities.
Then there is AI’s damage to democratic discourse and politics. This is not only because of algorithmic misinformation in social media but also because the growing ability of companies and governments to monitor and manipulate the behaviors of millions of people, which is fundamentally inconsistent with true democracy.
Every new technology creates challenges, necessitating critical decisions that determine who benefits and who loses out, and whether the benefits justify the damage.
This is doubly true for AI, and not just because of its pervasive effects throughout society and impacts on areas typically untouched by other technologies, such as human judgment. It is also because there are many different ways in which the future of AI can be shaped: Will AI be allowed to work increasingly to displace and monitor humans, or steered toward complementing and augmenting human capabilities, creating new opportunities for workers?
These choices need oversight from society and government to prevent misuses of the technology and to regulate its effects on the economy and democracy. If the choices are left in the hands of AI’s loudest enthusiasts, decisions that benefit the decision-makers and impose myriad costs on the rest of us become more likely.
The best way to reverse this trend is to recognize the tangible costs that AI is imposing right now — and stop worrying about evil super-intelligence.
Read more:",The Washington Post
https://www.forbes.com/sites/forbesbusinesscouncil/2021/07/22/15-ways-to-leverage-ai-in-customer-service/,2021-07-22,Council Post: 15 Ways To Leverage AI In Customer Service,"""The customer always comes first""—it's a business mantra as old as time, but it's more relevant now than ever before. These days, the businesses that know their customers well enough and cater to their needs and lifestyles accordingly, come out on top. With artificial intelligence (AI) advancing at phenomenal rates, there are so many ways for businesses to use it to learn more about their customers and provide the support they're looking for.
From gathering data to speech recognition and message response times, AI can enhance the customer experience in nearly every way when it's applied correctly. Here, 15 members of Forbes Business Council share their expert insight on how organizations can leverage AI to enhance their customer service.
1. Solving Users' Most Frequent Questions
We have extensively used AI chatbots for ourselves and our clients to solve the most frequently asked questions raised by users. By solving over 50% of recurring questions from the outset, we are able to significantly improve the user experience while simultaneously cutting costs for the organization. - Nate Nead, DEV.co
2. Learning Customer Behavior Patterns
Build intelligent customized experiences. AI can be used to learn patterns of customer behavior (like purchasing cycles on a credit card, retail spending or travel) and then to forecast behavior accordingly. When the customer then contacts the organization, these patterns can be used to intelligently offer the most likely service options or information based on the time and date of previous activities. - Janine Bensouda, Bensouda Consulting
Forbes Business Council is the foremost growth and networking organization for business owners and leaders. Do I qualify?
3. Speeding Up Response Times
As an AI company as well, we see a lot of value in the customer service use case. I'm an advisor to a SaaS company that leverages AI to speed up the response time of customer support agents. They use AI to clearly identify the need of the customer and display the right information to the agents, thus bringing best-in-class customer service. Forethought in SF is also great. - Gaspard de Lacroix, Skypher
4. Utilizing Natural Language Understanding
Organizations can leverage AI by utilizing natural language understanding (NLU). By using real-time analysis of customer service calls, chats and emails, they can understand the conversation between the customer service representative and the customer. AI can offer ways to improve the customer experience via understanding the customer's level of frustration, the need for escalation and quicker resolution of problems. - Oded Agam, NextLeap Ventures
5. Anticipating Trends, Sentiment, Events
The massive volumes of public data produced globally each second allow for AI-enabled predictive anticipation of trends, sentiment and key events of interest. This unlocks powerful new possibilities to anticipate and address issues in various markets while proactively mitigating malicious digital threats to your business, brand or customers—a critical but often underemphasized element of CX. - Alejandro Romero, Constella Intelligence
6. Enhancing Human Interaction
The best utilization of AI is not to replace human interaction, but to enhance human interaction and decrease the friction in the customer experience. As an example, if there are tech questions such as resetting passwords that can be directed through AI responses, that is a great use of the resource. However, businesses need to be careful to not underwhelm the customer by removing the human touch. - Veena Jetti, Vive Funds
7. Measuring Customer Wait Times
AI can now let you measure customer wait times. This is particularly important in the service industry, restaurants for example, where time in line (or drive-thru) has a huge revenue impact. Historically, poor service has been difficult to track scalably. With computer vision AI, you can collect actionable insights on each interaction and use that transparency to perfect your customer service. - Alex Popper, Hellometer
8. Capturing Large Amounts Of Data
Organizations must be specific about who AI “serves.” In healthcare, human interaction is critical to providing patient care, while AI is best suited to serve physicians. For example, a common complaint is the amount of data required to meet quality metrics and risk coding. AI can capture data with its mining and recognition capabilities from workflows allowing physicians more time for patient care. - Vijay Murugappan, First Quadrant Advisory
9. Suggesting Actions For Agents
Agents can be more effective in customer interactions with the help of AI. A tech firm built a recommendation system using ticket and remediation history, interactions, etc., that proactively suggests the next actions for agents. With this solution that had a data lake for different types of data, multiple NLP pipelines and a business graph, NPS ratings improved and time to resolution reduced. - Pritam Kanti Paul, BRIDGEi2i Analytics Solutions
10. Embracing Speech Analytics
One of the most interesting paths to leveraging AI in customer service is speech analytics. It’s a very hot space with major cloud players (Microsoft, AWS, Google) investing. Speech analytics gives management insight into which calls are more effective, which CSRs are the best and what training and operational changes can make customer service more successful. - Sandeep Bhargava, Provana
11. Enhancing Customization Options
Use AI to apply personalization in communications. Organizations can implement AI-generated content into communication with clients. Would you like to receive assistance from support with the voice of Homer Simpson? AI can manage it in a second. It can be a winning strategy for businesses competing in a creative niche. One more example is to personalize shopping by using customers’ features, likeness or preferences. - Dima Shvets, Reface
12. Messaging Customers On Time
Our customer engagement platform is built on a proprietary AI engine we call Sherpa. This engine uses behavioral data from the customer to automatically determine the right message variant and the right time to send it to the customer, as well as the best channel. It observes how different customer messages perform, and then suggests to brand marketers which one to send to customers in real-time. - Raviteja Dodda, MoEngage
13. Identifying Root Causes Of Problems
AI-produced insights can help companies determine root causes of problems, which can help with decision making and taking concrete actions like customer attrition. AI can also help you lean into your customers' emotional and cognitive responses in real-time to better enable measurement programs. - Sindhu Kutty, Kuroshio Consulting
14. Integrating With CRM Systems
Artificial Intelligence can be integrated with CRM systems to seamlessly automate tasks, saving priceless minutes of each customer support interaction. Paired with chatbots and speech-to-text capabilities, AI enables search functionality that guides agents to the information needed to resolve customer queries, improving the customer experience and first contact resolution for voice interactions. - Ashish Sukhadeve, Analytics Insight
15. Managing A High Volume Of Queries
Many organizations find that bots can be an effective way to manage a high volume of customer inquiries. While it can take time to set these up effectively, test and learn accuracy, I recommend embarking on the process if you’re finding your team is bogged down and behind in responding to inquiries. The effective use of bots can also result in significant cost savings over time. - Muraly Srinarayanathas, Computek College
Forbes Business Council is an invitation-only, fee-based organization for successful entrepreneurs and business leaders.
…Forbes Business Council is an invitation-only, fee-based organization for successful entrepreneurs and business leaders.",Forbes
https://www.forbes.com/sites/brianuzzi/2021/07/22/3-ways-ai-can-help-you-improve-diversity/,2021-07-22T14:09:12Z,3 Ways AI Can Help You Improve Diversity,"As a business leader, you probably want to improve your organization’s diversity, merit, and fairness — whether related to hiring, advancement, teamwork, or other initiatives.
It’s a critical area, with high stakes. For example, there’s evidence that diverse teams perform better, due to an integration of different skills and perspectives, and that fair systems generate employee devotion by giving credit where credit is due. Moreover, racial, gender, and other biases in hiring, promotion, and compensation have significant legal implications for businesses and other organizations.
The good news is that there’s new way to improve diversity, fairness, and merit — with the data already on hand in your enterprise. New technology enables you to use data to surface, understand, and address issues related to diversity and performance in unprecedented and sustainable ways.
Following are three specific ways to make that happen.
Quantify to rectify stereotypes
Despite stereotypes being typically wrong on any individual basis, they influence how a person’s contributions are valued and recognized. Specifically, stereotypes create a “believing is seeing” situation where people distort reality to fit their biased view of a given group, such as the contribution of gender stereotypes to the devaluing of women’s contributions in multiple settings.
To resolve such bias, the broad idea is to create transparency around who contributes what and how, so that actual performance is quantified—fairly—and visible. While it was previously costly to collect comprehensive, accurate data that creates transparency, such data is now routinely collected inexpensively as a byproduct of team-based collaboration platforms.
Popular tech collaboration platforms like Slack, Dropbox, and Zoom unobtrusively capture real-time performance information that can be mined with AI to reveal unprecedented windows into the drivers of organizational performance: who leads thinking around a specific project, resolves key problems, initiates important conversations, and so on.
Not only can this new data give credit where credit is due, but it can promote effort and fairness. For instance, if a given factor affects performance, understand what’s driving that outcome and take steps to address it. For example, if you find women’s brainstorming contributions increase team performance when there is formal structure for turn-taking rather than an unstructured free-for-all, it indicates that teamwork processes, rather than gender, are likely correlated to outcomes; and such processes are modifiable. Thus you can use what’s learned to improve processes, make better, evidence-based people-advancement decisions, rectify misconceptions, and raise the organization’s entire tide of performance.
Look through the lens of teams, not individuals
The famed Moneyball approach to team performance showed that team diversity on important metrics rather than star players drives success. Here, new data can help you understand the performance link between teams and diversity.
Much business today hinges on teamwork. Thus, a basic question might no longer be whether teams of all men or all women perform best but whether more gender-balanced teams perform better than those heavily weighted toward men or women. For example, does an engineering team with at least one woman reach milestones faster than an all-male group?
My past investigation of millions of teams of biomedical researchers over a 20-year period found that controlling for individual past success, mixed-gender, balanced teams are more likely to publish more influential ideas than all-male or all-female groups, and that the mixed-gender-team effect becomes even more pronounced as the team’s gender balance becomes more equal. Use this simple insight to broadly promote performance and fairness.
Innovate your people policies
Data is critical to creating effective, innovative people policies, especially as labor markets and work arrangements change.
For example, one company recently used data to discover that their relocation policy hampered their recruitment of strong candidates, particularly women: when they asked prospective hires to move in the middle of the school year, rather than in the summer, women with children were prone to decline the offer because it disrupted family routines, even though they wanted the job. With this insight, and new options for remote work, the company is able to make better offers, reinforce a culture of support, and increase their yield of top talent, with no real increase in costs.
Take a similar, open-minded approach to examining your policies and practices using data and smart hypotheses, and you may be pleasantly surprised by what you find.
I hope the ideas here inspire you to harness data and AI in service of diversity, merit, and fairness in your organization. Remember: leadership plays a critical role in these efforts, through championing initiatives and smartly exploiting data to quantify true relationships and promote important new insights.
I am a scientist, teacher, consultant and speaker on leadership, social media, big data, artificial intelligence and machine learning. I am the Richard L. Thomas
…I am a scientist, teacher, consultant and speaker on leadership, social media, big data, artificial intelligence and machine learning. I am the Richard L. Thomas Professor of Leadership and Organizational Change at the Kellogg School of Management, Northwestern University, and the academic director of the Executive Education course “Leveraging AI for Innovation and Organizational Performance”. I also co-direct NICO, the Northwestern Institute on Complex Systems. My research has been cited over 30,000 times and been featured in The Wall Street Journal, The New York Times, Wired, Fortune, Entrepreneur, the Harvard Business Review, the New Yorker, and many more. Before entering Science, I worked as a carpenter and a musician.",Forbes
https://www.forbes.com/sites/qai/2021/07/22/carvana-co-ranked-among-todays-top-shorts/,2021-07-22,Carvana Co Ranked Among Today’s Top Shorts,"Markets are essentially flat this morning as investors digested the latest in unemployment reporting. Jobless claims came in higher than expected at some 419k versus expectations of 350k, much elevated from last week’s report and a concerning sign. As the economy has reopened, Covid-19 has been spreading at a faster pace, which may have led to the higher numbers here. We also received some housing data this morning, as sales of existing homes did rise slightly as more listings came to market, but the average price of a home has skyrocketed this year as people try to win bidding wars for that pandemic-proof home. At this point, with the S&P 500 up over 16% year-to-date and over 33% in the last year, it will take more than one catalyst to push the market higher, but not a lot to take the market lower. If Monday’s sharp selloff was any indication, there could be more volatility on the horizon. If you’re looking for a way to play this market, the deep learning algorithms at Q.ai have crunched the data to give you a set of Top Shorts. Our Artificial Intelligence (“AI”) systems assessed each firm on parameters of Technicals, Growth, Low Volatility Momentum, and Quality Value to find the best short plays.
Sign up for the free Forbes AI Investor newsletter here to join an exclusive AI investing community and get premium investing ideas before markets open.
Carvana Co (CVNA)
Carvana Co is our first Top Short today. Carvana is an e-commerce platform for buying and selling used cars. The company derives revenue from used vehicle sales, wholesale vehicle sales and other sales and revenues. Our AI systems rated the company C in Technicals, F in Growth, F in Low Volatility Momentum, and F in Quality Value. The stock closed up 1.95% to $331.7 on volume of 1,135,853 vs its 10-day price average of $320.01 and its 22-day price average of $313.21, and is up 40.39% for the year. Revenue grew by 20.53% in the last fiscal year and grew by 244.35% over the last three fiscal years, Operating income grew by -23.77% in the last fiscal year, while EPS grew by -22.3% over the last three fiscal years. Revenue was $5586.56M in the last fiscal year compared to $1955.47M three years ago, Operating Income was $(332.4)M in the last fiscal year compared to $(220.73)M three years ago, EPS was $(2.63) in the last fiscal year compared to $(2.03) three years ago, and ROE was (93.05%) in the last year, compared to (100.05%) three years ago. Forward 12M Revenue is also expected to grow by 6.75% over the next 12 months.
Fluor Corp (FLR)
Fluor Corp is second on our list of Top Shorts today. The company is one of the largest global providers of engineering, procurement, construction, fabrication, operations, and maintenance services. Our AI systems rated the company D in Technicals, D in Growth, F in Low Volatility Momentum, and D in Quality Value. The stock closed up 1.14% to $16.86 on volume of 3,089,861 vs its 10-day price average of $16.31 and its 22-day price average of $16.99, and is up 6.57% for the year. EPS grew by -41.2% in the last fiscal year. Revenue was $15668.48M in the last fiscal year compared to $18851.01M three years ago, Operating Income was $144.96M in the last fiscal year compared to $426.32M three years ago, while EPS was $(3.1) in the last fiscal year compared to $1.22 three years ago. ROE was (15.85%) in the last year which compares to 6.56% three years ago. Forward 12M Revenue is expected to grow by 2.29% over the next 12 months and the stock is trading with a Forward 12M P/E of 22.97.
Livent Corp (LTHM)
Our next Top Short is Livent Corp. Livent is a pure-play lithium producer formed when FMC
Plug Power Inc (PLUG)
Plug Power Inc is fourth on our list of Top Shorts today. The company is an innovator of modern hydrogen and fuel cell technology. It has revolutionized the material handling industry with its full-service GenKey solution, which is designed to increase productivity, lower operating costs and reduce carbon footprints in a reliable and cost-effective way. Our AI systems rated Plug C in Technicals, F in Growth, F in Low Volatility Momentum, and F in Quality Value. The stock closed up 4.43% to $28.05 on volume of 16,103,380 vs its 10-day price average of $27.63 and its 22-day price average of $30.45, and is down 12.81% for the year. Revenue grew by -33.4% in the last fiscal year while EPS grew by -9.39% in the last fiscal year. Revenue was $-93.24M in the last fiscal year compared to $174.22M three years ago, Operating Income was $(576.61)M in the last fiscal year compared to $(76.44)M three years ago, EPS was $(1.68) in the last fiscal year compared to $(0.39) three years ago, and ROE was (74.61%) in the last year compared to (157.5%) three years ago. Forward 12M Revenue is also expected to grow by 8.88% over the next 12 months.
Blink Charging Co (BLNK)
Blink Charging Co is the final Top Short today. Blink is an owner, operator, and provider of electric vehicle charging services. Our AI systems rated the company C in Technicals, F in Growth, F in Low Volatility Momentum, and D in Quality Value. The stock closed up 6.48% to $34.2 on volume of 1,256,538 vs its 10-day price average of $32.88 and its 22-day price average of $36.63, and is down 8.81% for the year. Revenue grew by 14.98% in the last fiscal year, and grew by 166.67% over the last three fiscal years, while EPS grew by -49.11% over the last three fiscal years. Revenue was $6.23M in the last fiscal year compared to $2.69M three years ago, Operating Income was $(17.39)M in the last fiscal year compared to $(11.61)M three years ago, EPS was $(0.59) in the last fiscal year compared to $(1.3) three years ago, and ROE was (103.16%) in the last year. Forward 12M Revenue is expected to grow by 25.93% over the next 12 months.
Liked what you read? Sign up for our free Forbes AI Investor Newsletter here to get AI-driven investing ideas weekly. For a limited time, subscribers can join an exclusive slack group to get these ideas before markets open.
Source: S&P Global Market Intelligence
Q.ai, a Forbes Company, formerly known as Quantalytics and Quantamize, uses advanced forms of quantitative techniques and artificial intelligence to generate investment
…Q.ai, a Forbes Company, formerly known as Quantalytics and Quantamize, uses advanced forms of quantitative techniques and artificial intelligence to generate investment recommendations across all asset classes. When it comes to money, no one should have to settle. We make investing less intimidating, more accessible and a lot of fun for everyone. That’s investing, reimagined.",Forbes
https://www.forbes.com/sites/qai/2021/07/22/cavco-industries-inc-ranked-among-todays-top-buys/,2021-07-22,Cavco Industries Inc Ranked Among Today’s Top Buys,"Stocks were mixed this morning, with the three major indices trading flat after an unexpected rise in jobless claims this morning. The Labor Department noted that 419,000 people filed claims, higher than the 350,000 that was expected, which caused some concern on whether this economy can continue going at a dizzying pace or if the rebound is slowing. The 10-year Treasury note continues to solidify at 1.275% after a scare earlier in the week, however, indicating that economic growth should be stable to positive going forward. We are now in the throws of earnings season, and we got some reopening trade stocks announcing this morning with American Airlines
Sign up for the free Forbes AI Investor newsletter here to join an exclusive AI investing community and get premium investing ideas before markets open.
Cavco Industries Inc (CVCO)
Cavco Industries Inc is today’s first Top Buy. The company designs and produces factory-built homes under the Cavco Homes, Fleetwood Homes, and Palm Harbor Homes brands. It also produces modular homes, park model homes, and vacation cabins, as well as commercial structures, among others. Our AI systems rated the company D in Technicals, B in Growth, B in Low Volatility Momentum, and A in Quality Value. The stock closed up 0.68% to $220.82 on volume of 27,478 vs its 10-day price average of $214.15 and its 22-day price average of $218.62, and is up 26.65% for the year. Revenue was $1108.05M in the last fiscal year compared to $962.75M three years ago, Operating Income was $88.09M in the last fiscal year compared to $80.69M three years ago, EPS was $8.25 in the last fiscal year compared to $7.4 three years ago. ROE was 11.87% in the last year, which compares to 13.91% three years ago and the stock is trading with a Forward 12M P/E of 24.53.
Echo Global Logistics Inc (ECHO)
Echo Global Logistics Inc is our second Top Buy today. Echo Global is an asset-light third-party logistics provider specializing in domestic truckload and less-than-truckload brokerage. Our AI systems rated the company B in Technicals, A in Growth, C in Low Volatility Momentum, and C in Quality Value. The stock closed up 0.8% to $27.71 on volume of 116,478 vs its 10-day price average of $28.24 and its 22-day price average of $29.61, and is up 4.84% for the year. Revenue grew by 9.94% in the last fiscal year and grew by 13.18% over the last three fiscal years, Operating Income grew by 48.47% in the last fiscal year, while EPS grew by 81.03% in the last fiscal year and grew by 5.45% over the last three fiscal years. Revenue was $2511.52M in the last fiscal year compared to $2439.7M three years ago, Operating Income was $29.05M in the last fiscal year compared to $53.98M three years ago, while EPS was $0.6 in the last fiscal year compared to $1.03 three years ago. ROE was 4.05% in the last year compared to 7.67% three years ago and the stock is trading with a Forward 12M P/E of 12.95.
Servisfirst Bancshares Inc (SFBS)
Servisfirst Bancshares Inc is our third Top Buy today. The company is a bank holding company. It originates commercial, consumer and other loans and accepts deposits, provides electronic banking services, such as online and mobile banking, including remote deposit capture, delivers treasury and cash management services, and provides banking services to other financial institutions. Our AI systems rated the company D in Technicals, B in Growth, A in Low Volatility Momentum, and B in Quality Value. The stock closed up 0.79% to $68.88 on volume of 115,561 vs its 10-day price average of $66.92 and its 22-day price average of $67.28, and is up 71.68% for the year. Revenue grew by 11.46% in the last fiscal year and grew by 39.5% over the last three fiscal years, Operating Income grew by 15.22% in the last fiscal year and grew by 46.5% over the last three fiscal years, while EPS grew by 15.01% in the last fiscal year and grew by 42.29% over the last three fiscal years. Revenue was $325.37M in the last fiscal year compared to $259.97M three years ago, Operating Income was $221.19M in the last fiscal year compared to $173.96M three years ago, while EPS was $3.13 in the last fiscal year compared to $2.53 three years ago. ROE was 18.48% in the last year which compares to 20.7% three years ago. Forward 12M Revenue is expected to grow by 0.23% over the next 12 months and the stock is trading with a Forward 12M P/E of 18.31.
Skyline Champion Corp (SKY)
Skyline Champion Corp is our fourth Top Buy today. The company is a factory-built housing company in North America. The company offers a portfolio of manufactured and modular homes, park model RVs, accessory dwelling units and modular buildings for the multi-family, hospitality, senior and workforce housing sectors. Our AI systems rated the company C in Technicals, A in Growth, B in Low Volatility Momentum, and B in Quality Value. The stock closed up 2.06% to $55.01 on volume of 289,460 vs its 10-day price average of $52.36 and its 22-day price average of $52.96, and is up 83.31% for the year. Revenue was $1420.88M in the last fiscal year compared to $1360.04M three years ago, Operating Income was $108.76M in the last fiscal year compared to $(20.14)M three years ago, while EPS was $1.49 in the last fiscal year compared to $(1.09) three years ago. ROE was 16.28% in the last year which compares to (20.59%) three years ago. The stock is trading with a Forward 12M P/E of 29.67.
Rollins Inc (ROL)
Rollins Inc is our fifth and final Top Buy today. The company is a provider of pest and termite control services. Rollins offers pest control services and protection against termite damage, rodents, and insects to homes and businesses, including hotels, food service establishments, food manufacturers, retailers, and transportation companies. Our AI systems rated the company B in Technicals, B in Growth, A in Low Volatility Momentum, and A in Quality Value. The stock closed up 0.21% to $37.4 on volume of 1,357,753 vs its 10-day price average of $35.89 and its 22-day price average of $35.03, and is down 2.2% for the year. Revenue grew by 2.2% in the last fiscal year and grew by 21.26% over the last three fiscal years, Operating Income grew by 8.4% in the last fiscal year and grew by 28.86% over the last three fiscal years, while EPS grew by 18.87% in the last fiscal year and grew by 34.05% over the last three fiscal years. Revenue was $2161.22M in the last fiscal year compared to $1821.56M three years ago, Operating Income was $368.09M in the last fiscal year compared to $309.64M three years ago, while EPS was $0.53 in the last fiscal year compared to $0.47 three years ago. ROE was 29.69% in the last year which compares to 33.92% three years ago. Forward 12M Revenue is expected to grow by 1.48% over the next 12 months and the stock is trading with a Forward 12M P/E of 55.82.
Liked what you read? Sign up for our free Forbes AI Investor Newsletter here to get AI-driven investing ideas weekly. For a limited time, subscribers can join an exclusive slack group to get these ideas before markets open.
Source: S&P Global Market Intelligence
Q.ai, a Forbes Company, formerly known as Quantalytics and Quantamize, uses advanced forms of quantitative techniques and artificial intelligence to generate investment
…Q.ai, a Forbes Company, formerly known as Quantalytics and Quantamize, uses advanced forms of quantitative techniques and artificial intelligence to generate investment recommendations across all asset classes. When it comes to money, no one should have to settle. We make investing less intimidating, more accessible and a lot of fun for everyone. That’s investing, reimagined.",Forbes
https://www.forbes.com/sites/qai/2021/07/22/wells-fargo--company-ranked-among-todays-trending-stocks/,2021-07-22,Wells Fargo & Company Ranked Among Today’s Trending Stocks,"Thursday was a day for not a whole lot in terms of market movements, as the S&P 500 was trading flat to slightly higher, the Dow trading flat to slightly lower, and the Nasdaq
Q.ai runs daily factor models to get the most up-to-date reading on stocks and ETFs. Our deep-learning algorithms use Artificial Intelligence (AI) technology to provide an in-depth, intelligence-based look at a company – so you don’t have to do the digging yourself.
Sign up for the free Forbes AI Investor newsletter here to join an exclusive AI investing community and get premium investing ideas before markets open.
Wells Fargo & Company (WFC)
Wells Fargo & Company is our first trending stock today. Wells Fargo is one of the largest banks in the United States, with approximately $1.9 trillion in balance sheet assets. The company is split into four primary segments: consumer banking, commercial banking, corporate and investment banking, and wealth and investment management. It is almost entirely focused on the U.S. The major bank has not been without its controversy over the past few years, but financials have been an excellent play during the reopening of the economy, and one of the stronger sectors of the market this year. Wells Fargo closed up 4.16% to $44.84 on volume of 34,556,160 vs its 10-day price average of $43.91 and its 22-day price average of $44.23. The company has been a darling to date, with a 48.58% gain for the year.
Our AI systems rated Wells Fargo D in Technicals, D in Growth, B in Low Volatility Momentum, and D in Quality Value. Earnings have been strong, as Revenue grew by 31.19% in the last fiscal year, Operating Income grew by 872.37% in the last fiscal year, and EPS grew by 810.79% in the last fiscal year. Revenue was $58319.0M in the last fiscal year compared to $84696.0M three years ago, Operating Income was $2117.0M in the last fiscal year compared to $28538.0M three years ago, while EPS was $0.41 in the last fiscal year compared to $4.28 three years ago. ROE was 1.92% in the last year, which compares to 11.29% three years ago, and the stock is trading with a Forward 12M P/E of 13.38x.
The Boston Beer Company, Inc (SAM)
The Boston Beer Company, Inc is second on our trending stocks list today. The company is a leader in high-end malt beverages and adjacent categories for alcoholic beverages, including craft beer, hard cider, and hard seltzer. Owners of massive brands such as Samuel Adams, Angry Orchard, Twisted Tea, and Truly Hard Seltzer, this is a company to bet on if you’re expecting a surge in partying after a pandemic. This stock is about to release earnings on July 23, and while revenue could look shaky on seltzer weakness, it might be a longer-term opportunity. The stock closed down 1.58% to $936.43 on volume of 240,916 vs its 10-day price average of $948.09 and its 22-day price average of $974.89, but has lagged with a loss of 5.82% for the year.
Our AI systems rated The Boston Beer Company with an average performance, with a C in Technicals, B in Growth, C in Low Volatility Momentum, and C in Quality Value. Speaking of earnings, revenue grew by 12.35% in the last fiscal year and grew by 95.95% over the last three fiscal years, Operating Income grew by 22.33% in the last fiscal year and grew by 169.66% over the last three fiscal years, while EPS grew by 24.19% in the last fiscal year and grew by 146.6% over the last three fiscal years. Revenue was $1736.43M in the last fiscal year compared to $995.65M three years ago, Operating Income was $256.87M in the last fiscal year compared to $116.53M three years ago, and EPS was $15.53 in the last fiscal year compared to $7.82 three years ago. ROE was 22.68% in the last year which compares to 20.97% three years ago. Forward 12M Revenue is expected to grow by 4.95% over the next 12 months and the stock is trading with a Forward 12M P/E of 34.52x.
First Solar, Inc (FSLR)
First Solar, Inc is our third trending stock today. First Solar designs and manufactures solar photovoltaic panels, modules, and systems for use in utility-scale development projects. The company's solar modules use cadmium telluride to convert sunlight into electricity. This is a massive growth sector in a world that is struggling to meet climate change targets, and solar power will be a major contributor to going to renewable energies. Earnings are coming soon on July 29, which should set the stage for a move one way or another. The stock has been struggling to break out in 2021 after an excellent showing in 2020. The stock closed down 0.45% to $82.68 on volume of 2,225,234 vs its 10-day price average of $88.57 and its 22-day price average of $87.27, and has struggled this year, down 16.42%.
Our AI systems rated the company, funny enough for an energy-related company, A in Technicals, C in Growth, D in Low Volatility Momentum, and C in Quality Value. Revenue grew by 10.0% in the last fiscal year and grew by 32.91% over the last three fiscal years, Operating Income grew by 29.52% in the last fiscal year and grew by 1049.47% over the last three fiscal years, while EPS grew by 29.77% in the last fiscal year and grew by 255.91% over the last three fiscal years.
Drilling down, Revenue was $2711.33M in the last fiscal year compared to $2244.04M three years ago, Operating Income was $355.99M in the last fiscal year compared to $40.11M three years ago, while EPS was $3.73 in the last fiscal year compared to $1.36 three years ago. ROE was 7.5% in the last year, which compares to 2.8% three years ago. The stock is trading with a Forward 12M P/E of 27.05x.
Chipotle Mexican Grill, Inc (CMG)
Chipotle Mexican Grill, Inc is a trending stock today and third on our list. The shares were en fuego this morning, up over 10%, as the fast-casual chain restaurant reported exceptional earnings yesterday, beating expectations. The stock has done well this year, up 13.53%, and closed up 1.5% to $1574.35 on volume of 431,047 vs its 10-day price average of $1586.3 and its 22-day price average of $1539.26.
Our AI systems rated the company C in Technicals, A in Growth, B in Low Volatility Momentum, and C in Quality Value. They have had a solid bounce back from the pandemic, as revenue grew by 14.35% in the last fiscal year and grew by 40.66% over the last three fiscal years, Operating Income grew by 102.71% in the last fiscal year and grew by 88.36% over the last three fiscal years, while EPS grew by 64.14% in the last fiscal year and grew by 225.69% over the last three fiscal years.
By the numbers, Revenue was $5984.63M in the last fiscal year compared to $4864.98M three years ago, Operating Income was $327.14M in the last fiscal year compared to $352.06M three years ago, while EPS was $12.52 in the last fiscal year compared to $6.31 three years ago. ROE was 19.21% in the last year, which compares to 12.58% three years ago. Forward 12M Revenue is expected to grow by 6.44% over the next 12 months and the stock is trading with a Forward 12M P/E of 54.97x.
Liked what you read? Sign up for our free Forbes AI Investor Newsletter here to get AI driven investing ideas weekly. For a limited time, subscribers can join an exclusive slack group to get these ideas before markets open.
Source: S&P Global Market Intelligence
Q.ai, a Forbes Company, formerly known as Quantalytics and Quantamize, uses advanced forms of quantitative techniques and artificial intelligence to generate investment
…Q.ai, a Forbes Company, formerly known as Quantalytics and Quantamize, uses advanced forms of quantitative techniques and artificial intelligence to generate investment recommendations across all asset classes. When it comes to money, no one should have to settle. We make investing less intimidating, more accessible and a lot of fun for everyone. That’s investing, reimagined.",Forbes
https://www.theguardian.com/books/2021/jul/23/12-bytes-by-jeanette-winterson-review-how-we-got-here-and-where-we-might-go-next,2021-07-23,12 Bytes by Jeanette Winterson review – how we got here and where we might go next,"In Mary Shelley’s 1818 novel Frankenstein, a scientist creates life and is horrified by what he has done. Two centuries on, synthetic life, albeit in a far simpler form, has been created in a dish. What Shelley imagined has only now become possible. But as Jeanette Winterson points out in this essay collection, the achievements of science and technology always start out as fiction. Not everything that can be imagined can be realised, but nothing can be realised if it hasn’t been imagined first.
Take artificial intelligence. For now AI is a tool that we train to address specific tasks such as predicting the next Covid wave, but plenty of people have imagined that it could be something categorically different: a multitasking problem-solver whose capacity to understand and learn is equal or superior to ours. Many labs are working on this concept, which is called artificial general intelligence (AGI), and it could be a reality within decades. That’s how far imagination in technology has brought us. What can the artistic imagination add?
Perhaps meaning. How will our relationships change when we share the planet with an intelligence that is on a par with ours, but that doesn’t weep or get drunk or ejaculate? How will that non-biological being relate to the rest of nature? Will it solve the problems that we have failed to solve, or create new ones? Should we fear it, fall in love with it, pray to it – or all three?
Winterson is excited about the future of AI. She reads the tech heads’ journals, rummages in their algorithms, attends their conferences (“By the afternoon I am sweating under the mental pressure of translating non-language”). In a debate about transhumanism – the idea that humanity can break through its biological limits, for example by merging with AI – she’s the one defending it against the doom-mongers. What worries her is that we’ll drag our toxic old baggage into this brave new world, and put the technology to the wrong uses – give it the wrong meaning. 12 Bytes is her attempt to warn us off that, by examining where we’ve come from, and asking where we’re going.
Her starting point is the first industrial revolution, the one that gave us steam and mass production but also black cities and a miserable, sickly underclass. The inequality was exacerbated by the enclosure of the common land, which from 1800 became easier for large landowners than for smaller fry. Fast forward 200 years. Now we’re the means of production, as tech companies spin our data into gold, and those same companies are busy carving up outer space – once also considered a common good. The Luddites of the early 19th century weren’t against progress, they were against exploitation, which was only reined in through hard-fought campaigns and legislation.
There is a strong feminist slant here, as you might expect from the author of Sexing the Cherry and Written on the Body. The 19th-century industrialists paid women (and children) less than men for the same work, setting up a corrosive competition that has echoed down the decades. Winterson draws a direct line from that, through the forgotten female computer programmers of the post-second world war era, to today’s female undergraduates who are occasionally lectured by male computer scientists that they don’t have the brains to enter the field. Garbage in, garbage out: no wonder the algorithms that instruct AI show a strong male bias. Winterson wants to know why we are still dealing in fixed gender categories. “Fuck the binary” is the title of one of these essays.
Transhumanism is about transcending categories, and as such it has a natural appeal for the gender-fluid, who never felt at home in any body. That was a theme of her 2019 novel Frankissstein, a reimagining of Frankenstein, and she returns to it here. As soon as a human can have a relationship with an intelligent, non-biological life form, preconceptions about gender and sexuality will explode in ways they haven’t yet, despite a thriving sex robot industry. In fact, sex bots pander to some of the most retrograde of these preconceptions. Sex doll Harmony from RealBotix isn’t equipped with the female pleasure organ, the clitoris – or if she is, it isn’t well advertised – but her AI-enabled head does have 18 mood settings, including gentle, jealous, teasing and chatty. Scrolling down through the comments on the RealBotix website, Winterson found several urging the company to retire the chatty mode.
But robots may only be a transitional stage for AI, on the way to a disembodied, “pure” AGI that would be all around us as well as inside us. And what would be novel about that? Our ancestors were forever being jostled by angels and ghosts. The harassment didn’t stop when they went to heaven, but at that point they jettisoned their own bodies. We are more wedded to our own physicality now than we ever were in the past.
The best of these essays are the most personal, the ones in which Winterson’s life allows her to spot connections that others might miss. Having grown up in an evangelical household, she is fascinated by the religious echoes she hears in the debate around AI. It has its believers and its sceptics, its high priests and its creed: “You know the basics: This world is not my home. I’m just passing through. My Self/Soul is separate from the Body. After death there is another life.”
As the boundary between human and nonhuman becomes blurred, we’ll have to reassess what we mean by human, but that’s nothing to worry about, she thinks. You might balk at the idea of an AI personal assistant with whom you communicate via an implant rather than an earpiece, but the real problem is not the implant, it’s the fact that the AI is reporting back to Mr Zuckerberg – and that’s a problem now. In the struggles ahead, one of the things we should fight for is that our inner lives are off limits.
All of this is thought-provoking and necessary – and sometimes very funny – but there’s no scenario here that someone hasn’t already imagined; no Shelleyan leap. I am not sure what that leap would look like, but one way to stimulate it might be to think about how we define intelligence. Intelligence doesn’t have to be biological, as Winterson says, and yet ours is very much embodied, and very much embrained. So why is our test of “artificial” intelligence that emerges from non-biological matte still the Turing test – that is, fooling a (human) interlocutor into thinking the AI is human? Why are we the benchmark?
Ironically, Alan Turing devised his test 70 years ago as a way of proving that computers were capable of original thought. It was his response to Ada Lovelace, who is sometimes called the first computer programmer and who, more than a century earlier, had said she didn’t think they would ever acquire leap capacity. Lovelace’s own leap was to realise that the first computer, the “analytical engine” that Charles Babbage designed but never built, would be capable of more than just calculation. But working with the little she had, she couldn’t imagine it ever doing what her father, the poet Lord Byron, excelled at.
Perhaps there is some mathematical formula that describes how far we can leap, imaginatively, given the reality we start from. At any rate, it seems to have its limits – for scientists and artists alike. Sixty years ago the word “alien” conjured up creatures that were small and green but otherwise exceedingly familiar. Now scientists agree that if extra-terrestrial life exists, it’s likely to be simpler and stranger – more like the single-celled organisms that constituted the first life on Earth.
Given the trouble we’ve had defining human intelligence – witness the long-running controversy over IQ tests – could we ever imagine what intelligence might mean for a humming web of connections, an internet of things? Science fiction writers have had a go, but they still tend to ask the question from the human perspective: what would it mean for us to live with such a mind? The nature of that mind, any goals and values it might have, are either humanised or left obscure.
Then again, Winterson might be on to something when she suggests that in a future defined by connectivity and hybridity, love will be more meaningful than intelligence. Could love actually be intelligence, in a disembodied world? Maybe that’s romantic flim-flam. Maybe it’s a pointless question since it leads to another: what is love? But it has a certain appeal – not least because it could launch us on a new imaginative journey, and because in imagining something, we make it possible.",The Guardian
https://www.forbes.com/sites/qai/2021/07/23/netflix-ranked-among-todays-trending-stocks/,2021-07-23,Netflix Ranked Among Today’s Trending Stocks,"It’s earnings season – and you know what that means!
As we head into the final weeks of June, a plethora of firms large and small are preparing to – or already have – post their quarterly financial reports. Whether you invest ahead of time on expectations of good news or buy the dip after less-than-stellar results, earnings season is an opportunity to capitalize on your beliefs about a company’s performance and worth.
A number of companies have already posted their results, as JPMorgan Chase
And while the markets endure a precipitous balancing act between its own historic rise and investor fears over spreading coronavirus variants and red-hot inflation, our artificial intelligence unit has gathered up some of the hottest trending stocks on the market for your perusal.
Q.ai runs daily factor models to get the most up-to-date reading on stocks and ETFs. Our deep-learning algorithms use Artificial Intelligence (AI) technology to provide an in-depth, intelligence-based look at a company – so you don’t have to do the digging yourself.
Sign up for the free Forbes AI Investor newsletter here to join an exclusive AI investing community and get premium investing ideas before markets open.
Netflix, Inc (NFLX)
Netflix, Inc
Netflix’s sudden fall can be attributed to its Q2 earnings report, first posted late Tuesday, which saw the company miss – or barely meet – most analyst estimates. Diluted per-share earnings came in at $2.97 for the quarter, falling short of expectations, with $7.34 billion in revenue falling right on target at 19% growth YOY. That said, global paid net subscriber additions outpaced expectations at 1.54 million compared to 1 million.
Netflix also took the opportunity to reaffirm its breakthrough into the gaming market after hiring videogame executive Mike Verdu, fresh from Facebook’s augmented and virtual reality division. COO Greg Peters noted in the call that Facebook plans to step apart from gaming competitors using its vast library of intellectual property – its infamous Netflix-branded entertainment – to stamp its mark on the market.
Netflix’s Q2 earnings put the company on track to potentially top its last fiscal year’s performance, which saw Netflix pull in revenue of $25 billion – almost 75% growth from its $15.8 billion revenue three years prior. In the same 36-month period, operating income climbed 279% to $4.585 billion, while per-share earnings leapt from $2.68 to $6.08. The streaming media giant also experienced ROE growth from 27.5% to 29.6%.
Going forward, Netflix is expected to see revenue growth around 6.5% in the next 12 months. Due to its incredible pandemic-era performance, as well as its ongoing potential and increasing profit potential, our AI rates Netflix A in Growth and B in Technicals, Low Volatility Momentum, and Quality Value.
Chipotle Mexican Grill, Inc (CMG)
Chipotle Mexican Grill, Inc
Chipotle’s sudden price hike followed the fast-casual Mexican restaurant’s Q2 earnings for the period ending on 30 June. As the company recovers from its still-respectable pandemic performance, it raked in a 38.7% revenue increase YOY to hit $1.9 billion, with comparable restaurant sales up 31.2% and adjusted per-share earnings coming in at $7.46. These numbers far and wide topped analyst estimates of $1.88 billion in revenue and $6.52 in per-share earnings.
And while Chipotle is now raking in record-high profits, the company didn’t exactly perform poorly last year. For instance, revenue grew almost 14.4% in the prior fiscal year to $5.98 billion compared to $4.86 billion three years before, while annual EPS soared from $6.31 to $12.52 and return on equity climbed from 12.6% to 19.2%. That said, operating income did slip slightly from $352 million to $327 million.
In the coming 12 months, Chipotle Mexican Grill is expected to pull in around 6.6% revenue gains. Our AI rates this stock just above average, with an A in Growth, B in Low Volatility Momentum, and Cs in Technicals and Quality Value.
International Business Machines Corporation (IBM)
International Business Machines Corporation nudged up almost 1% on Wednesday to close out hump day at $141.30 per share on volume over 4.8 million trades. The stock is up 12.3% for the year and trading at a forward 12-month P/E of 12x.
IBM is trending this week after it, too, surpassed Wall Street expectations with its Q2 earnings report – albeit marginally. The tech corporation posted $18.75 billion in revenue compared to $18.29 billion expected as adjusted EPS hit $2.33, outpacing estimates by just four cents. The company noted that its biggest segment was its Global Technology Services, which accounts for managed services, outsourcing, and support, at $6.34 billion. Cloud & Cognitive Software snagged second, with revenue for this segment up 6% to $6.1 billion.
But whether or not IBM can surpass its last year’s earnings – let alone catch up to its hefty profits three years prior – remains to be seen. While revenue grew 1% in the last year, it still tumbled by over $6 billion in the last three, coming in at $73.6 billion against $79.6 billion. Operating income saw substantial losses, too, slipping from $13.2 billion to $8.58 billion, while per-share earnings slid to $6.23 compared to $9.52. Meanwhile, return on equity nearly halved from 50.3% to 26.4%.
All told, IBM is expected to see minimal revenue growth of 0.72% in the next 12 months. Our AI rates this tech behemoth about average overall, with a B in Quality Value and Cs in Technicals, Growth, and Low Volatility Momentum.
Johnson & Johnson (JNJ)
Johnson & Johnson nicked up 0.6% to $169.49 on Wednesday, closing up 7.7% for the year and about $2.50 over the 22-day price average. J&J
Johnson & Johnson is one of the world’s largest pharmaceutical and medical device companies in the world. The stock is trending this week after reporting better-than-expected second quarter earnings on Wednesday, with revenues coming in at $2.48 per share, or total sales growth of $23.3 billion. Management also noted that the company expects to sell $2.5 billion in Covid vaccines this year – even as concerns mount over its effectiveness against the delta variant.
Unfortunately, that brings us to the second reason J&J is trending this week, after a new NYU study dropped suggesting that people who got Janssen vaccine should get a booster – or a shot of Pfizer
Either way, the fact remains that Johnson & Johnson had a fairly profitable fiscal year last year as revenue grew 8% from $81.58 billion compared to $82.58 billion three years prior. Operating income slipped slightly from $21 billion to $20 billion in the period as EPS fell ten cents to $5.51 and return on equity slipped from 25.5% to 24%.
Currently, Johnson & Johnson is expected to see around 2.3% revenue growth in the next 12 months. Q.ai’s artificial intelligence program rates this company A in Low Volatility Momentum and Quality Value and C in Technicals and Growth.
Intel Corporation (INTC)
Intel Corporation
The semiconductor giant is trending this week after releasing its second quarter earnings on Thursday, which saw the company’s stock slip over a quarter per share after revealing that GAAP revenue fell flat YOY at $19.6 billion. However, GAAP ESP did exceed guidance by around 20 cents at $1.24 per share.
Moreover, management raised full-year 2021 guidance of GAAP revenue to $77.6 billion thanks to promising strength – and recovery – in Intel’s Client Computing Group, Internet of Things Group, and enterprise-level Data Center Group. At the same time, Intel reported on a number of upcoming highlights, including a $3.5 billion investment to equip the company’s New Mexico packaging technologies, as well as a partnership with Sweden-based Ericsson to expand 5G cloud radio network access.
Over the last three fiscal years, Intel’s revenue grew almost 9.7% from $70.8 billion to nearly $77.9 billion. Meanwhile, operating income grew incrementally from $23.24 billion to $23.88 billion, while EPS jumped from $4.48 to $4.94. However, return on equity slipped from 29.3% to 26.4% in the three-year period.
All told, Intel Corporation is rated around average by our AI, with a B in Technicals, Cs in Low Volatility Momentum and Quality Value, and a D in Growth.
Liked what you read? Sign up for our free Forbes AI Investor Newsletter here to get AI driven investing ideas weekly. For a limited time, subscribers can join an exclusive slack group to get these ideas before markets open.
Source: S&P Global Market Intelligence
Q.ai, a Forbes Company, formerly known as Quantalytics and Quantamize, uses advanced forms of quantitative techniques and artificial intelligence to generate investment
…Q.ai, a Forbes Company, formerly known as Quantalytics and Quantamize, uses advanced forms of quantitative techniques and artificial intelligence to generate investment recommendations across all asset classes. When it comes to money, no one should have to settle. We make investing less intimidating, more accessible and a lot of fun for everyone. That’s investing, reimagined.",Forbes
https://www.forbes.com/sites/anniebrown/2021/07/23/fixing-ais-diversity-crisis-through-edtech-an-in-depth-interview-with-tony-effik-co-founder-of-the-black-and-brilliant-advocacy-network/,2021-07-23,"Fixing AI's Diversity Crisis Through Edtech: An In-Depth Interview With Tony Effik, Co-Founder Of The Black And Brilliant Advocacy Network","AI is in crisis. According to an MIT Sloan Management Review article, “Black workers represent only 2.5% of Google’s entire workforce and 4% of Facebook’s and Microsoft’s. Gender comparisons are also stark: Globally, only 22% of AI professionals are female.”
Many in the sector think that innovation in AI means faster computers, larger teams, more complex algorithms, and more money. Some will even deny there is a bias problem in AI at all. However, true technology innovators like Tony Effik, know that the real way to make AI more effective, accurate, and ultimately useful for a better world, is through increased efforts towards diversity and equality.
Effik is the Co-Founder, with his wife - Perky Noah-Effik, of The Black and Brilliant Advocacy Network - a volunteer organization dedicated to creating a more diverse workforce by upskilling and coaching high potential talent. Effik also serves as a Managing Director at Google, and Adjunct Assistant Professor at Columbia University's Department of Industrial Engineering and Operations Research.
Earlier this year, The Black and Brilliant Advocacy Network partnered with online learning platform Codecademy and a network of professional coaches and mentors, to launch an AI Accelerator built specifically to empower Black and Brown students with the hard and soft skills they need to pursue career opportunities in AI.
In this powerful interview, Effik shares his thoughts on the current diversity problem in AI as well as his hopes for the future. He also dives deeper into his work with Black and Brilliant, and the incredible volunteers and students that make this exciting program, including their AI Accelerator, a reality.
What is the inspiration that led to the founding of Black & Brilliant?
May 25, 2020 was a critical date - the date of the murder of George Floyd - which brought a critical awakeneing not just of the problem of racial injustice, but of the need to organize and act. The Black and Brilliant Advocacy Network was born in June that year as a reaction to the inequality that exists in the workplace. It started as a post on Linkedin and turned into a loose network of people collaborating around the world to create a more diverse workforce. We have people of all backgrounds across the USA, Canada, South Africa, UK, and many other countries contributing time, access, and ideas.
What is your career background working in AI?
I started my career managing strategy and analytics teams in the digital media space, and that evolved into managing data scientists and engineers building machine learning applications and optimization algorithms for digital media. Over the last 6 years or so, I have taught a graduate course at Columbia University’s Department of Industrial Engineering and Operations Research focussed on using optimization techniques in Digital Business Models. With the increasing importance of AI in the community, I have borrowed a phrase from James Briggs, an AI entrepreneur in our network, who says: AI is too important for AI Engineers alone to handle. We all need a seat at the table, and everyone should be represented.
Could you elaborate on the problem that this quote from Black & Brilliant About page: ""challenging and eliminating the idea that far too many corporate leaders hold about the lack of a Black Talent and a Pipeline”
This is an often repeated statement by business leaders that turns the problem of racial injustice on its head, and says the problem is not hiring practices but instead the problem of Black talent. Even well meaning executives cite this as an explanation for lack of racial equity in hiring and career advancement.
We like to say talent is equally distributed, but opportunity is not. The issue isn’t lack of talent. The issue is lack of talent in the right places. Black talent is usually not driving in the fast lanes of the economy. The stats are 452,760 or 11.1% of college graduates are Black or African American, which is nearly inline with the 13% share of the total population. We need to help put more in the faster lanes, including fields like AI. In the United States, this starts with college.
- More African-Americans are completing high school and going to college than ever before. But according to research from Georgetown University, they study courses that lead to debt and low paying jobs.
- “African-Americans make up only a small percentage of some of the highest-paying majors, including those in STEM and business. They’re only 8 percent of engineering, 7 percent of mathematics and 5 percent of computer science majors. “
- Those who do study STEM courses are studying the worst paying STEM degrees which are civil and mechanical engineering. We need to get these people into the faster lanes of the economy where their aptitude and education can help drive this new economy (and diversify it)
- Even those Black professionals that make it into STEM careers are paid at significantly levels than their non-Black colleagues
How does the above false belief of a lack of Black talent manifest specifically in the AI sector?
We need to firstly understand that there are many roles in AI outside of the role of engineer. Some are technical and some non-technical: Product Manager, UX, Data Visualization. AI Ethicist, AI Lawyer, Analyst, Technical Program Manager, AI Sales Person, AI Training, Strategist, Data Engineer, QA, and many more. All of these roles need more diversity.
There is Black talent in adjacent industries and disciplines that could easily change lanes with transferable skills to AI. Many Black+ talents have not been able to accumulate the “badges” in the traditional areas that lead to Silicon Valley, e.g. type of school, network, language and culture fit, etc. This is the core belief that led to the AI Accelerator idea with Codecademy.
Could you speak a bit more about the new Codeacademy AI Accelerator?
The core argument is that lack of diversity is anchored on a concept I am calling Readiness - which is centered on the question: are you ready for a career in this space? There are hard and soft components, and we structured the AI Accelerator with Codecademy to address both.
Hard components are too often used as the excuse for holding people back. But platforms like Codecademy now democratize the hard components, allowing anyone to obtain these skills if they are motivated and supported, and most importantly inspired. That brings us to soft skills.
In the world of AI, we now need to recognize two types of soft skills:
- the perspective that diverse teams of engineers bring to responsible AI and
- the soft skills that are used to prevent brown and black talent entering that workforce
We know as an example there were many women in computer science until the early eighties until it started being marketed as a male domain. Something “soft” like career appropriateness kept women out, after initial success (source: NPR).
Soft skills include confidence, being inspired and feeling this is a domain for me and people like me. There is also a familiarity with the language and terrain of a particular industry — having what we call the “Cheat Codes” to do well in the recruitment and internal mobility processes. Many Black+ people don’t have these soft skills, because they haven't been exposed to them or mentored by somebody on the inside. That’s why mentorship is a key part of the accelerator, in addition to upskilling via Codecademy.
Is Enterprise AI a part of this program?
Enterprise AI was not explicitly planned as part of the program, but it emerged regularly as a recurring topic. We covered topics that impact Enterprise AI where bias could creep in, such as image and semantic classification, visual recognition, skin tone detection, lack of non-Judeo-Christian names in libraries of voice systems for names common in the Black community, predictive analytics and recommendations systems that compound existing racial biases, geography as input such as zip codes, and many more. These are all considerations our coaches tackled.
Many of our coaches came from the Enterprise AI world or closely aligned worlds such as Data Engineering, B2B consulting and agencies, cybersecurity, ML Engineer, and many others, so they leaned heavily on this corpus of knowledge.
We structured the program into 4 modules
- Programming and Data Engineering
- AI Ethics & Social Justice
- User Experience Design/Research/Creativity:
- User Research and Usability Research
Why, from your experience, is it so important to have more Black technologists working in AI?
There are economic and social upsides and downsides across many spheres of AI that will uniquely impact the Black community.
Economic Upside - Digitization of the global economy is in full swing. AI is driving the next wave of digitization. The upside is that thousands, if not millions, of new jobs will be created in obvious spaces like engineering, but also in adjacent spaces such as law and ethics, project management, analytics, UX, venture capital and finance, and many more.
Economic Downside - There are hundreds of scary stories about AI and digital technology, but few dive deep into the impact on Black and Brown communities. There will be a disproportionate number of job losses among Black and Brown workers based on current employment patterns, for example, frontline workers. We need to upskill and mobilize these people
Social Downside - We are codifying existing social and racial biases into AI. In Black and Brilliant we have an AI subgroup that is focusing on something called the Black Data Gap that is amplifying inequalities
Having Black+ technologists on AI teams helps ensure group think doesn't happen and that light is shone on blindspots, in very practical ways such as ensuring that there are rigorous checks and balances in building datasets, labelling, training, dataset versioning, model management, and in application design.
In a recent article titled, ""Making Enterprise AI an Organizational Asset” the author writes, ""The ability to become a true AI enterprise by successfully scaling and employing robust data methodology at all levels of the company is an organizational asset pivotal to the success of businesses of the future, no matter what industry” - how does diversity, specifically racial diversity, enhance (is necessary for) an effective and successful enterprise AI strategy?
I completely agree with the author. Scaling and employing robust data is pivotal to success. This is important for two reasons:
1. Representativeness in who you build for and who is doing the building of Enterprise AI systems:
Garbage in, garbage out. If there is a lack of representation in the data or a misunderstanding of that data then the predictive accuracy of the data model diminishes, you're also not able to fully capitalize on the flywheel of data learning effects, and even worse you might cause damage. If for example you are using supervised learning and using humans to do data labelling to build a training dataset and those humans are biased then you corrupt the dataset. If the N count of the dataset is low or biased or if you don’t understand how the applications impact your organization or marginalized subsets of your consumers then the advantages of the system are outweighed by the risks.
2. Augmented Artificial intelligence
Racial diversity enhances Enterprise AI for one simple reason - the best technologies will be People-centered technologies. In the race towards digital transformation and competitive advantage the real winners are those who solve human-computer interaction problems most efficiently to augment human intelligence. You can’t gain that advantage if you only build for a portion of humanity, and do that building with talent from just a portion of the population. The gap between the most advanced builders of Enterprise AI systems and the laggards can quickly be closed. People-centered technologies will stay ahead and be most resilient because of product/market fit and the compounding effect of their data learning cycle. People come in a diverse array of backgrounds, so building for diversity by a diverse team allows businesses to stay ahead.
Could you speak a bit more on how “all #BlackandBrilliant initiatives are data and insight-driven”?
All of our initiatives start from an insight. The insight can come from qualitative or quantitative data or just simple observation. We analyse open rates and clicks to our newsletter, views on social media, and profile our membership, but we go beyond that and talk to people around the world to identify the most common problems and best solutions.
One of our most persistent insights we use is that the middle of most organizations is the actual battlefield. We’ve seen around the world that firms claim credit for diversity initiatives by hiring junior people. These junior people rarely make it to the middle and the few in the middle don’t make it to the top, and when it comes to hiring for the top business leaders complain about a lack of talent in the middle. We ran a range of programs centered on Breaking through the Middle. We also identified early on that many in our network were not aware of the opportunities and perils of AI, so we did a series of events on “Are you ready for AI?”
What are some examples of the impact the organization has made thus far?
- Our last cycle of the AI Accelerator graduated 85 people. Many have been able to make job changes and even career changes.
- In the UK, we worked with Facebook and others in the BrIM program, which is about Black representation In Marketing to set new guidelines and frameworks.
- We’ve done training programs on building more diverse organizations with firms like Doubleverify and Wunderman Thompson
- We’ve been working with Buzzfeed in a program called Get to know...which spotlights Black talent to challenge the notion of a lack of black talent.
- We co-led the Festival of Diversity event in the UK to help organizations map a path forward in the world of diversity.
- We partnered with the digital transformation consulting firm, R/GA to reimagine the careers fair to introduce a generation of Black+ talent to the world of digital transformation careers.
- We are helping mentor a cohort of strategists with the global agency network, BeenThereDoneThat.
- Conducted events that celebrated unrecognized Black+ talent with NBCUniversal.
You can support the great work Effik and the Black and Brilliant team are doing by getting involved via this link.",Forbes
https://www.forbes.com/sites/lanceeliot/2021/07/23/that-video-of-a-young-man-pushing-up-a-manhole-cover-and-getting-knocked-down-into-the-void-by-a-passing-vehicle-provides-stout-lessons-for-ai-self-driving-cars/,2021-07-23,That Video Of A Young Man Pushing Up A Manhole Cover And Getting Knocked Down Into The Void By A Passing Vehicle Provides Stout Lessons For AI Self-Driving Cars,"Have you been asked about manhole covers in any of your recent high-tech company job interviews?
Probably you have.
Yes, oddly enough, manhole covers became a common topic for job interviews in the last several years, especially when seeking a job at a high-tech firm. You might assume that the jobs in question were somehow related to producing manhole covers or possibly working on street construction crews.
Nope.
The matter of manhole covers was suddenly being brought up in all kinds of job interviews for nearly any kind of job at a high-tech firm. Want to be a programmer at a high-tech firm? Better be ready for those manhole questions. Want to work in finance or marketing at a high-tech firm. Manhole covers are undoubtedly going to come up.
Here’s the deal.
In one of those recruitment crazed trends, bringing up the offbeat topic of manhole covers became the hot new means to somehow screen candidates, supposedly separating the creative wheat from the dullard chaff. The interview questions about manhole covers were presumably aimed at eliciting how well someone thinks out-of-the-box or thinks on the spot, whichever of those two attributes the company is seeking to find in suitable applicants (or both qualities combined).
Let’s start with one of the initial mind-bending questions that gained a lot of traction with interviewers.
Are you ready?
The interviewer looks at you with a seriously straight face and asks you to estimate how many manhole covers there are in New York City. You are given a moment or two to reflect on this deep-thinking question. The interviewer is watching you closely to see how you cope with this distressingly off-the-wall issue.
If you’ve not heard the question before, please go ahead and mull over the matter in your mind. Try not to show any outward indication of cold sweat or otherwise tip your hand that you are struggling with the keen query. It would be better for you to appear like a hipster calculating machine and that you are crafting the best possible answer for this altogether immensely fascinating question.
Of course, you might actually be thinking that it is an esoteric or eccentric question and doesn’t have much to do with the job that you are applying for. Nonetheless, in the quirky nature of how job interviews go, you must not dare to challenge such a question and instead act like it is the best question since the making of sliced bread.
Since I don’t want you to ever lose a potential juicy job at a high-tech firm simply because of the manhole question, I’ll happily reveal the answer to you.
You are supposed to estimate the number of manhole covers by first mentally conjuring up a vision in your head that dreamily indicates the roadway layout of New York City. In essence, avenues run in one direction (typically north-south), and the streets go in a roughly perpendicular direction (usually east-west). This is a grid-style layout, akin to a matrix. Imagine a spreadsheet that has various rows and columns.
Next, you are seeing in your mind’s eye that perhaps there is one manhole cover per each of the intersecting points of this matrix. Thus, if you multiply the number of avenues times the number of streets, which is the number of rows and columns of this imaginary matrix, you would then multiply that calculated amount by the estimate of one manhole cover and arrive at your total estimate.
You are welcome to get tricky and assume that there is less than one manhole cover per intersecting point, ergo multiple the rows by columns result with a fraction. Or you can go the other way and assume that there is more than one manhole cover per intersecting point. In that case, you would be multiplying the number of rows and columns result by a number greater than one.
Voila, you have the means to answer the question.
Kind of.
One big problem with this particular variant of a so-called “clever” question is that not everyone knows that New York City is arranged in a grid-style (those interviewers that do know this bit of arcane trivia are apt to assume everyone must know it). Without that piece of crucial knowledge, you are somewhat sunk on this oddball question. Even if you knew it was in a grid shape, you might not know how many avenues there are, or know how many streets there are.
You could also certainly argue that this is a huge generalization anyway since not all of New York City conforms to this shapely grid notion. But you’d be wise to not tilt at windmills, especially during a job interview.
The usual rationalization for this manhole cover query is that the interviewer is not expecting an arithmetically derived answer and instead indirectly trying to gauge how you think on your feet. If you were able to sketch out how you would solve this sneaky problem, this was considered a sufficiently evidential way of proving that you are a thinker and a problem solver.
The retort to that justification is that regrettably many interviewers are deplorable at doing interviews, and as such, they completely distorted the manhole cover conundrum. Some interviewers would eagerly wait for a number, and if you said anything other than providing a single number, you were marked as wrong. For those interviewees that did calculate a number, some interviewers would have the nervy gall to mark you as “wrong” if the number was not an exact match to the number of actual manhole covers in New York City.
Things got worse from there.
Some savvy interviewees that knew the question might be potentially asked (having been tipped by others that lamentedly got crushed by the question), shrewdly memorized the number of actual manhole covers (as reported by the New York City roadway infrastructure agency), and would simply proffer that number. This might allow you to skate through the question. On the other hand, some interviewers would then ask how you derived the number. If you could not tell the inspiring story of having deduced the matter via the grid method, you were sunk for not being creative in your thinking.
You would maybe have hoped that at least you would be granted a scored point for having done your homework before the interview.
Other manhole cover questions are used in interview settings.
Here’s another one.
Are you ready this time?
I hope so, for your sake of getting this job. Well, actually, there isn’t a job on the line in this case, but pretend that there was.
The question asks you to explain why manhole covers are round.
You see, your whole life you’ve probably seen just round manhole covers and never put much thought into why they are round. Perhaps there is some really good reason for this round shape. It could also simply be a tradition that few have ever sought to overturn.
Once again, this is a thinker or problem-solver type of question. You are expected to demonstrate that you can take a problem that you’ve not seen before, and turn it on its head, solving it in a few seconds and under the bright lights of a job interview.
Please note that many do not take much stock in these attempts to catch a job interviewer off-guard. Despite that, it is a commonplace tactic by interviewers. Indeed, it is sometimes the lazy way to undertake an interview. Merely scrape away at the interviewee with all kinds of problem-solving queries, and you’ve used up that allotted half-hour or hour of the interview. You can write up your notes and make it seem that you really grilled the interviewee, as though that was the purpose of the interview.
Once again, I’ll share with you the answers to this rousing question. Note that you could straightforwardly assert that manhole covers are round because the manholes are round holes. Duh, what else would make sense to cover them with? Some interviewers won’t like that answer and will severely ding you for being unduly smarmy.
Okay, here are the clever answers.
One reason to make manhole covers round is that the effort to put the cover back over the manhole is easily done and there is no struggle with the proper orientation. In contrast, if the holes were square and the manhole covers were squares, you would have a devil of a time trying to always make sure that the manhole cover was turned in the correct orientation to get it to nudge properly into the manhole.
Another suitable response is that after having lifted a manhole cover out of its hole covering spot, you can readily turn the round cover onto its edge and roll it to wherever you might want to temporarily store it. Try doing that with a square-shaped manhole cover. Additional responses include that the round shape is sturdier in many ways than other shapes, and making the cover round is generally easier than making other shapes.
While discussing manhole covers, you might find of overall interest that they are often made from cast iron and weigh around 250 pounds. There are plenty of variations, including manhole covers that weigh around 100 pounds and others that weigh more than 300 pounds. There are also manhole covers that are not round, though this is rare in the United States. The lip or width of a manhole cover is usually around an inch or so, sometimes being less and sometimes being thicker.
I suppose you probably do not give much thought daily to manhole covers.
You drive over them all the time, and yet they rarely register in your noggin as something to be noticed. Sure, there might be a construction crew that has removed a manhole cover, for which the roadway is usually blocked with cones and other obstructions to keep you from going over the now-open manhole.
In theory, you could likely straddle the open manhole with your vehicle and not suffer any damages to your car. Do not do this! A very bad idea. Plus, for all you know, there might be someone down below in the manhole. Think of the danger that a car passing over an open manhole presents to anyone that is within the manhole itself.
I would bet that nearly all of us would certainly avoid an open manhole, even if there weren’t brightly colored cones blocking it off. The moment that you noticed up ahead that the roadway presented an open manhole, you would either come to a stop beforehand or at least maneuver into another lane to entirely avoid the gaping opening.
Suppose though that the manhole cover was only slightly ajar.
This presents a different situation in that you might or might not realize that the manhole cover is not fully seated in its proper spot. Also, consider the speed of your vehicle as a factor. If you are driving fast down a street and the manhole cover is ajar, perhaps you would fail to notice it out of place or spy it only at the last moment, allowing very little reaction time to cope with the unusual circumstance.
Most of us would likely say that luckily we’ve never had that kind of circumstance arise. Manhole covers are seemingly nearly always sitting in their proper placement over a manhole, or the manhole cover is fully off the manhole and sitting in the street by itself or been placed on the sidewalk. The odds of encountering a manhole cover that was neither completely implanted and nor completely removed would seem quite remote.
It happened recently, sadly so.
There is an unnerving video that was captured by a camera-wielding resident showcasing a recent tragic roadway incident involving a pick-up truck and a manhole cover. The video has been recently posted by the local police within the jurisdiction that the matter occurred. The dreadful incident occurred in Panorama City, California, which is in the city of Los Angeles.
Apparently, a young man in his 20s was for as yet unknown reasons down in a covered manhole and attempted to come up by propping out and over the manhole cover. Imagine trying to push up a manhole cover from underneath it. That’s a lot of weight to try and displace.
Just as the manhole cover begins to shift up and slightly over, a pick-up truck comes into view of the video. The pick-up truck runs directly over the manhole cover, which is now askew and no longer fitted over the manhole per se. To give you a semblance of the forces involved, the tires of the pick-up truck thud upon the manhole cover, and the surprising result is that the manhole cover goes flying, akin to a frisbee disc. Or maybe think of a gigantic and highly dangerous tiddlywink that once you press strongly on the edge it will go flipping and flying. It is unimaginable that a hefty manhole cover could be so readily hurled into the air, but it does so with seeming ease.
Anyway, at the same time, it appears that the young man fell back down into the manhole as the pick-up truck proceeded overhead of the partially opened manhole. As you likely know, some manholes are relatively shallow and others can be dozens of feet in depth. In any case, according to the police, the young man died at the scene due to his injuries and was retrieved out of the manhole by the local fire department.
You might be wondering if the weather or roadway conditions or other factors were at play in this heartbreaking event. The video seems to indicate that the event happened on a Saturday morning around 10:30 a.m. and that there was daylight and the road was dry. This is worthwhile to consider since the matter would likely be given a different consideration if it was nighttime or perhaps the roadway was wet and it was raining out.
The driver of the pick-up truck kept driving and is now wanted by the police for questioning.
In California, there is a legal requirement that a driver must immediately (as soon as practical) come to a stop at an accident scene and remain there, regardless of whether the person believes they were not at fault and even if there isn’t any apparent damages or injuries. Generally, those that do not stop and stay at the scene can be charged with a hit-and-run crime, ranging from being rated as a misdemeanor to a potential felony. In this case, there is also the grim matter of the fatality involved too.
The driver should have remained at the scene.
Shifting gears, besides the shocking nature of the incident, we can also consider what lessons might be learned.
The notion of a manhole cover being pushed up in the midst of an active roadway and without any other indicators or signage to forewarn the occurrence is a seemingly outlier or sometimes referred to as an edge or corner case. In the parlance of those that study occurrences of things, an edge or corner case is considered something that only has a remote chance of occurring. It can occur, but only with some semblance of rarity.
Perhaps this tragedy will spark us all to be cognizant of manhole covers, though on a day-to-day driving basis this would seem a somewhat extreme topic to keep at top of mind. When you are driving your car to work or simply to the local grocery store, you might occasionally take a second glance at those manhole covers. If you do so, please do not become unnecessarily distracted by the manhole covers since the attention ought to be predominantly on the overall roadway status.
Speaking of cars, the future of cars consists of AI-based true self-driving cars.
There isn’t a human driver involved in a true self-driving car. Keep in mind that true self-driving cars are driven via an AI driving system. There isn’t a need for a human driver at the wheel, and nor is there a provision for a human to drive the vehicle. For my extensive and ongoing coverage of Autonomous Vehicles (AVs) and especially self-driving cars, see the link here.
Here’s an intriguing question that is worth pondering: How might an AI-based true self-driving car contend with a manhole cover that is partially out of place?
I’d like to first clarify what I mean when referring to AI-based true self-driving cars.
Understanding The Levels Of Self-Driving Cars
As a clarification, true self-driving cars are ones that the AI drives the car entirely on its own and there isn’t any human assistance during the driving task.
These driverless vehicles are considered Level 4 and Level 5 (see my explanation at this link here), while a car that requires a human driver to co-share the driving effort is usually considered at Level 2 or Level 3. The cars that co-share the driving task are described as being semi-autonomous, and typically contain a variety of automated add-on’s that are referred to as ADAS (Advanced Driver-Assistance Systems).
There is not yet a true self-driving car at Level 5, which we don’t yet even know if this will be possible to achieve, and nor how long it will take to get there.
Meanwhile, the Level 4 efforts are gradually trying to get some traction by undergoing very narrow and selective public roadway trials, though there is controversy over whether this testing should be allowed per se (we are all life-or-death guinea pigs in an experiment taking place on our highways and byways, some contend, see my coverage at this link here).
Since semi-autonomous cars require a human driver, the adoption of those types of cars won’t be markedly different than driving conventional vehicles, so there’s not much new per se to cover about them on this topic (though, as you’ll see in a moment, the points next made are generally applicable).
For semi-autonomous cars, it is important that the public needs to be forewarned about a disturbing aspect that’s been arising lately, namely that despite those human drivers that keep posting videos of themselves falling asleep at the wheel of a Level 2 or Level 3 car, we all need to avoid being misled into believing that the driver can take away their attention from the driving task while driving a semi-autonomous car.
You are the responsible party for the driving actions of the vehicle, regardless of how much automation might be tossed into a Level 2 or Level 3.
Self-Driving Cars And Manhole Covers
For Level 4 and Level 5 true self-driving vehicles, there won’t be a human driver involved in the driving task.
All occupants will be passengers.
The AI is doing the driving.
One aspect to immediately discuss entails the fact that the AI involved in today’s AI driving systems is not sentient. In other words, the AI is altogether a collective of computer-based programming and algorithms, and most assuredly not able to reason in the same manner that humans can.
Why this added emphasis about the AI not being sentient?
Because I want to underscore that when discussing the role of the AI driving system, I am not ascribing human qualities to the AI. Please be aware that there is an ongoing and dangerous tendency these days to anthropomorphize AI. In essence, people are assigning human-like sentience to today’s AI, despite the undeniable and inarguable fact that no such AI exists as yet.
With that clarification, you can envision that the AI driving system won’t natively somehow “know” about the facets of driving. Driving and all that it entails will need to be programmed as part of the hardware and software of the self-driving car.
Let’s dive into the myriad of aspects that come to play on this topic.
First, it is important to realize that self-driving cars make use of various sensors to try and detect the driving scene. The types of sensors can include video cameras, radar, LIDAR, ultrasonic units, thermal imaging, and other such devices. All told, these are the eyes and ears of the AI driving system. Data is collected via the sensors and then various onboard computational analyses are made, oftentimes making use of Machine Learning (ML) and Deep Learning (DL). The driving scene is internally estimated based on the patterns found.
One of the most important aspects to be detected is something that might seem surprising to you, namely the detection of open space that is considered drivable. Humans are so used to eyeing the nature of drivable spaces that it is essentially second nature. You look at a street and can almost instantaneously gauge where the street is, along with where the curbs are and the medians are, and overall ascertain where you can suitably drive your car.
It seems that this is likely a learned facet. Think back to your childhood. An adult probably pointed out the street to you and told you to look both ways, explaining that cars go there and you have to be watchful of the monstrous beasts. After a while, you gradually became adept at figuring out streets, avenues, highways, etc. Your adult mind can nearly always look at an area around you and quickly identify where a car could be driven and where it could not be driven.
Using a computer to figure this out is not so easy. The video camera provides visual images that are examined computationally to try and identify the drivable spaces. Radar and LIDAR can be used for this purpose too. Inside the AI driving system, there is a kind of virtual database or computer model being maintained to try and keep track of where the self-driving car can go and where it ought to not go.
Why have I dragged you through that technological indication?
Because the key to this discussion is whether or not a self-driving car could detect a manhole and a partially ajar manhole cover.
Detecting the instance of a manhole that is covered entirely by its manhole cover is relatively straightforward. Likewise, detecting a manhole that is completely uncovered and lacking its manhole cover is somewhat uncomplicated, though this can be tricky in certain circumstances. Recall that earlier I had brought up the factor of various roadway conditions, such as whether it is raining out or nighttime. The roadway conditions could make detecting an open manhole a lot more difficult than it otherwise would normally be.
The really tough instance is when the manhole cover is only slightly ajar.
Suppose the visual images coming in from the video cameras are being obscured by the bright sunlight that might be coming directly into the camera lenses. Being able to get a crisp set of images of the street and the manhole could be confounded. The profile of the manhole cover is quite low to the ground and at only an inch thick is going to be hard to either directly see or have any radar or LIDAR returns providing a definitive indication of what is happening, especially as it happens in real-time.
Another concern is whether the AI developers conceived of the matter entailing a partially ajar manhole cover.
It could be that the programming of the AI driving system is only devised to determine whether the cover is in place or it is not in place. This might be a binary choice. Until the manhole itself is fully exposed, the internal program might be assigning a probability that the manhole cover is in place and won’t mathematically make the switchover into the manhole cover being out of place until enough imagery or other sensory data seems to turn the tide in that determination.
You see, the developers and management might have decided that a partially ajar manhole cover is an edge or corner case that for now is not given much priority. The development team is doing all it can to just get their self-driving car to drive safely from point A to point B. Dealing with a partially open manhole is not something that they would likely consider a core part of the driving task.
The other added twist involves what to do even if the detection takes place with ideal accuracy.
Overall, the first crucial aspect entails identifying that such a situation exists, and the second and equally vital part of the matter involves the AI driving system computationally laying out what to do about this discovered anomaly in the roadway scene.
Should the AI driving system have the self-driving car come to a stop?
Maybe there isn’t enough time available to stop before striking the manhole cover.
Should the AI driving system swerve into another lane?
But there might be other cars there or pedestrians nearby that could get hit by the veering self-driving car.
And so on.
Conclusion
There are many more entanglements to this problem.
Suppose the self-driving car does strike the manhole cover and takes a beating when the flying manhole cover smacks the underbody of the autonomous vehicle and perhaps rips up the tires.
Will the AI driving system be able to detect that this has happened?
As I’ve explained in my columns, the AI driving system only gets informed by whatever the sensors perchance detect and might not be able to readily detect when the vehicle itself has struck something or collided with objects (see my discussion as this link here). Hitting and causing the manhole cover to go flying might or might not be detected by the sensors. If the sensors do detect it, the AI driving system has to be sufficiently programmed to interpret what the actions portend.
A human driver would certainly realize they hit something. They would likely realize it had to be the manhole cover, assuming they saw it at the last moment and felt the car shudder as it banged into the manhole cover. The odds are too that the human driver at the wheel in such a case would hear the sounds of the manhole cover as it clanged back down onto the roadway.
In short, it seems almost impossible to imagine that a human driver would not know they had struck the partially ajar manhole cover in this kind of situation.
On the other hand, it is conceivable that an AI driving system might not detect the matter. Or that it detects the matter and has no provision for what to do and nor how to interpret the situation. That being said, all else being equal, most of the AI driving systems are programmed to try and safely come to the soonest practical stop if something untoward seems to have occurred. The AI driving system may ascertain that something unusual has happened and go into a type of failsafe mode that instructs the self-driving car to come to a stop.
A human driver would presumably know why they are stopping the car and would comprehend the fact that they hit a loose manhole cover. An AI driving system might simply come to a stop because something happened, which is unknown to the AI driving system and a catchall act entails coming to a prudent halt.
Now you know quite a bit on this narrow topic.
Various estimates suggest that there are approximately 20 million manholes in the United States. We can reasonably assume that means there are a corresponding 20 million manhole covers out on our streets too.
You readily pass over the ubiquitous and seeming unseen manhole covers each and every day. They largely go unnoted by human drivers. When a manhole cover is missing, it seems nearly all human drivers would tend to notice the gaping hole. Most humans would hopefully and wisely try to divert away from the opening, and possibly warn other drivers about the matter.
Driving along and encountering a partially ajar manhole cover is something that few have likely ever witnessed, especially when the roadway wasn’t flagged or coned to highlight the dangerous setting. It seems likely you’ll never be in the driver’s seat of your car and see ahead of you a manhole cover as it is being pushed up and out of the way, but if you do, at least now you’ve thought about what to do and I trust you will do the right thing.
Keep your eyes open and your wits about you. In addition, as a spate of relief, perhaps, I’m sure that the AI driving systems will eventually incorporate the manhole ajar use case, and we can rest easy while riding inside a self-driving car that the autonomous vehicle will do the right thing too.
That’s an AI driving system that manages to cover all the bases.
Dr. Lance B. Eliot is a world-renowned expert on Artificial Intelligence (AI) with over 3.8+ million amassed views of his AI columns. As a seasoned executive and
…Dr. Lance B. Eliot is a world-renowned expert on Artificial Intelligence (AI) with over 3.8+ million amassed views of his AI columns. As a seasoned executive and high-tech entrepreneur, he combines practical industry experience with deep academic research and serves as a Stanford Fellow at Stanford University. Formerly a professor at USC and UCLA, and head of a pioneering AI Lab, he frequently speaks at major AI industry events. Author of over 50 books, 500 articles, and 250 podcasts, he has made appearances on media outlets such as CNN and co-hosted the popular radio show Technotrends. He's been an adviser to Congress and other legislative bodies and has received numerous awards/honors. He serves on several boards, has worked as a Venture Capitalist, an angel investor, and a mentor to founder entrepreneurs and startups.",Forbes
https://www.forbes.com/sites/qai/2021/07/23/amyris-inc-ranked-among-todays-top-shorts/,2021-07-23,Amyris Inc Ranked Among Today’s Top Shorts,"Blowout earnings announcements from Twitter and Snap sent the market higher. After choppy waters last week, with a Dow
Sign up for the free Forbes AI Investor newsletter here to join an exclusive AI investing community and get premium investing ideas before markets open.
Amyris Inc (AMRS)
Amyris Inc is today’s first Top Short. Amyris Inc
Fluor Corp (FLR)
Fluor Corp is the next Top Short today. Fluor Corp is an engineering and construction firm. It is a holding company that provides services through subsidiaries in oil and gas, industrial and infrastructure, government and power. Our AI systems rated Fluor Corp D in Technicals, D in Growth, F in Low Volatility Momentum, and D in Quality Value. The stock closed down 2.91% to $16.37 on volume of 1,714,225 vs its 10-day price average of $16.35 and its 22-day price average of $16.94, and is up 3.48% for the year. EPS grew by -41.2% in the last fiscal year. Revenue was $15668.48M in the last fiscal year compared to $18851.01M three years ago, Operating Income was $144.96M in the last fiscal year compared to $426.32M three years ago, EPS was $(3.1) in the last fiscal year compared to $1.22 three years ago, and ROE was (15.85%) in the last year compared to 6.56% three years ago. Forward 12M Revenue is expected to grow by 2.39% over the next 12 months, and the stock is trading with a Forward 12M P/E of 23.79.
Livent Corp (LTHM)
Our third Top Short of the day is Livent Corp. Livent is a chemical manufacturing and lithium tech company focused on very in-demand lithium-based products such as electric vehicle batteries, handheld devices, and more. Our AI systems rated the company F in Technicals, D in Growth, D in Low Volatility Momentum, and F in Quality Value. The stock closed down 0.15% to $19.52 on volume of 1,460,835 vs its 10-day price average of $19.26 and its 22-day price average of $19.03, and is up 3.94% for the year. Revenue grew by 8.05% in the last fiscal year, and EPS grew by -5.85% in the last fiscal year. Revenue was $288.2M in the last fiscal year compared to $442.5M three years ago, Operating Income was $(10.8)M in the last fiscal year compared to $165.7M three years ago, EPS was $(0.13) in the last fiscal year compared to $0.99 three years ago, and ROE was (3.41%) in the last year compared to 28.94% three years ago. Forward 12M Revenue is expected to grow by 2.85% over the next 12 months, and the stock is trading with a Forward 12M P/E of 105.06.
Las Vegas Sands Corp (LVS)
Las Vegas Sands Corp is our fourth Top Short of the day. Best known for its numerous properties in Macau and The Venetian and The Palazzo in Las Vegas, Las Vegas Sands Corp is the largest casino company in the world. Our AI systems rated the company D in Technicals, F in Growth, C in Low Volatility Momentum, and F in Quality Value. The stock closed down 4.45% to $47.22 on volume of 13,374,960 vs its 10-day price average of $49.2 and its 22-day price average of $50.8, and is down 18.52% for the year. Revenue was $3612.0M in the last fiscal year compared to $13729.0M three years ago, Operating Income was $(1608.0)M in the last fiscal year compared to $3901.0M three years ago, EPS was $(2.21) in the last fiscal year compared to $3.07 three years ago, and ROE was (42.67%) in the last year compared to 41.07% three years ago. Forward 12M Revenue is expected to grow by 37.04% over the next 12 months, and the stock is trading with a Forward 12M P/E of 43.32.
Redfin Corp (RDFN)
Our final Top Short for the day is Redfin Corp. Redfin is a Seattle-based real estate brokerage, and operates with a unique business model. With Redfin’s business model, sellers pay Redfin a small fee to list the seller's home, in addition to another small fee charged to the seller to compensate the brokerage representing the buyer. Customers who buy with Redfin are only charged 1% to list their home, and also receive a portion of the brokerage's commission back (called the Redfin Refund). Our AI systems rated Redfin D in Technicals, F in Growth, D in Low Volatility Momentum, and F in Quality Value. The stock closed down 2.91% to $58.7 on volume of 715,427 vs its 10-day price average of $57.76 and its 22-day price average of $60.4, and is down 12.7% for the year. Revenue grew by 8.73% in the last fiscal year and grew by 97.86% over the last three fiscal years, Operating Income grew by 313.59% in the last fiscal year and grew by -168.8% over the last three fiscal years, EPS grew by -95.82% in the last fiscal year and grew by -98.01% over the last three fiscal years. Revenue was $886.09M in the last fiscal year compared to $486.92M three years ago, Operating Income was $7.31M in the last fiscal year compared to $(43.93)M three years ago, EPS was $(0.23) in the last fiscal year, compared to $(0.49) three years ago, and ROE was (3.85%) in the last year compared to (13.82%) three years ago. Forward 12M Revenue is also expected to grow by 7.61% over the next 12 months.
Liked what you read? Sign up for our free Forbes AI Investor Newsletter here to get AI driven investing ideas weekly. For a limited time, subscribers can join an exclusive slack group to get these ideas before markets open.
Source: S&P Global Market Intelligence
Q.ai, a Forbes Company, formerly known as Quantalytics and Quantamize, uses advanced forms of quantitative techniques and artificial intelligence to generate investment
…Q.ai, a Forbes Company, formerly known as Quantalytics and Quantamize, uses advanced forms of quantitative techniques and artificial intelligence to generate investment recommendations across all asset classes. When it comes to money, no one should have to settle. We make investing less intimidating, more accessible and a lot of fun for everyone. That’s investing, reimagined.",Forbes
https://www.forbes.com/sites/qai/2021/07/23/brightview-holdings-ranked-among-todays-top-buys/,2021-07-23,Brightview Holdings Ranked Among Today’s Top Buys,"It’s hard to believe, but after Delta Variant fears caused the worst sell-off in months to kick off the week, stocks were on pace to end the week with a 4-day winning streak and gains. The Dow Jones gained 150 points, or 0.5%, the S&P 500 rose 0.5%, and the Nasdaq
Sign up for the free Forbes AI Investor newsletter here to join an exclusive AI investing community and get premium investing ideas before markets open.
Brightview Holdings (BV)
Brightview Holdings is today’s first Top Buy. Brightview is a commercial landscape management company, and as of June 2018, was the highest grossing landscape company in all of North America. Our AI systems rated the company B in Technicals, B in Growth, C in Low Volatility Momentum, and A in Quality Value. The stock closed down 2.16% to $15.41 on volume of 98,731 vs its 10-day price average of $15.66 and its 22-day price average of $16.04, and is up 3.01% for the year. Revenue grew by 3.26% in the last fiscal year and grew by 2.93% over the last three fiscal years, Operating Income grew by 52.37% in the last fiscal year and grew by 100.24% over the last three fiscal years, and EPS grew by -66.14% in the last fiscal year and grew by -24.99% over the last three fiscal years. Revenue was $2346.0M in the last fiscal year compared to $2353.6M three years ago, Operating Income was $54.8M in the last fiscal year compared to $41.7M three years ago, EPS was $(0.4) in the last fiscal year compared to $(0.18) three years ago, and ROE was (3.26%) in the last year compared to (1.57%) three years ago. Forward 12M Revenue is expected to grow by 0.54% over the next 12 months, and the stock is trading with a Forward 12M P/E of 12.78.
Jeld-Wen Holding Inc (JELD)
Jeld-Wen Holding Inc is our second Top Buy for today. Jeld-Wen operates as a holding company that through its subsidiaries, designs, manufactures, and distributes interior and exterior doors, as well as wood, vinyl, and aluminum windows. Our AI systems rated Jeld-Wen Holding Inc C in Technicals, A in Growth, C in Low Volatility Momentum, and B in Quality Value. The stock closed down 1.22% to $25.2 on volume of 565,110 vs its 10-day price average of $24.76 and its 22-day price average of $25.48, and is up 3.28% for the year. Revenue grew by 2.67% in the last fiscal year and grew by 0.05% over the last three fiscal years, Operating Income grew by 9.55% in the last fiscal year and grew by 0.49% over the last three fiscal years, and EPS grew by 27.66% in the last fiscal year. Revenue was $4235.68M in the last fiscal year compared to $4346.85M three years ago, Operating Income was $264.68M in the last fiscal year compared to $288.52M three years ago, EPS was $0.9 in the last fiscal year compared to $1.33 three years ago, and ROE was 10.08% in the last year compared to 18.27% three years ago. Forward 12M Revenue is expected to grow by 1.25% over the next 12 months, and the stock is trading with a Forward 12M P/E of 11.5.
Lowe's Cos Inc (LOW)
Lowe's Cos Inc is our next Top Buy. Lowe’s is a big-box home improvement retailer, and ranks just behind Home Depot
Nordson Corp (NDSN)
Our fourth Top Buy today is Nordson Corp. With operations in 35 countries, Nordson is a company focusing on Precision Dispensing Equipment, Fluid Control Equipment, and Related Processes and Proprietary Technology. Our AI systems rated the company C in Technicals, B in Growth, A in Low Volatility Momentum, and B in Quality Value. The stock closed down 0.82% to $222.68 on volume of 106,476 vs its 10-day price average of $221.71 and its 22-day price average of $220.22, and is up 13.29% for the year. Revenue grew by 4.32% in the last fiscal year, Operating Income grew by 17.79% in the last fiscal year and grew by 0.95% over the last three fiscal years, and EPS grew by 22.79% in the last fiscal year. Revenue was $2121.1M in the last fiscal year compared to $2254.67M three years ago, Operating Income was $426.87M in the last fiscal year compared to $498.09M three years ago, EPS was $4.27 in the last fiscal year compared to $6.4 three years ago, and ROE was 14.94% in the last year compared to 28.96% three years ago. Forward 12M Revenue is expected to grow by 2.38% over the next 12 months, and the stock is trading with a Forward 12M P/E of 27.77.
Hostess Brands Inc (TWNK)
Hostess Brands Inc is our final Top Buy today. Hostess Brands is a snack goods and bakery company that produces foods under the Hostess and Dolly Madison brand names. It’s best known for its “Twinkie” product, which is where the stock ticker gets its name from. Our AI systems rated the company C in Technicals, C in Growth, A in Low Volatility Momentum, and A in Quality Value. The stock closed down 2.21% to $15.94 on volume of 1,452,873 vs its 10-day price average of $16.17 and its 22-day price average of $16.25, and is up 10.31% for the year. Revenue grew by 2.16% in the last fiscal year and grew by 22.13% over the last three fiscal years, while Operating Income grew by 16.13% in the last fiscal year and grew by 52.69% over the last three fiscal years. Revenue was $1016.61M in the last fiscal year compared to $850.39M three years ago, Operating Income was $171.09M in the last fiscal year compared to $130.13M three years ago, EPS was $0.51 in the last fiscal year compared to $0.61 three years ago, and ROE was 7.01% in the last year compared to 10.62% three years ago. Forward 12M Revenue is expected to grow by 0.74% over the next 12 months, and the stock is trading with a Forward 12M P/E of 18.78.
Liked what you read? Sign up for our free Forbes AI Investor Newsletter here to get AI driven investing ideas weekly. For a limited time, subscribers can join an exclusive slack group to get these ideas before markets open.
Source: S&P Global Market Intelligence
Q.ai, a Forbes Company, formerly known as Quantalytics and Quantamize, uses advanced forms of quantitative techniques and artificial intelligence to generate investment
…Q.ai, a Forbes Company, formerly known as Quantalytics and Quantamize, uses advanced forms of quantitative techniques and artificial intelligence to generate investment recommendations across all asset classes. When it comes to money, no one should have to settle. We make investing less intimidating, more accessible and a lot of fun for everyone. That’s investing, reimagined.",Forbes
https://www.forbes.com/sites/jenniferhicks/2021/07/23/is-artificial-intelligence-the-new-logistics-technology-for-organ-transportation/,2021-07-23,Is Artificial Intelligence The New Logistics Technology For Organ Transportation?,"In the United States, an estimated 114,000 people were waiting for organ transplants, and only 30% of those got their organs on time in 2019. According to Kaiser Health News and Reveal from the Center of Investigative Reporting, nearly 170 organs could not be transplanted. Almost 370 endured near misses with delays of two hours or more because of transportation problems.
According to the American Transplant Foundation, 20 people die each day because they do not receive their lifesaving organs in time, making the number of annual deaths greater than 40,000.
Patti Niles is CEO of Southwest Transplant Alliance, a non-profit organ procurement organization. Niles says that geography is always their most significant issue when it comes to transporting organs.
“The distance that organs can travel before they are transplanted varies by organ-based on how long they can stay outside of the body and successfully be transplanted,” said Niles. “Either in a temperature-controlled environment or on a perfusion pump that artificially simulates body functioning for the organ, that time can vary from several hours to up to 2 days.”
Niles says that because organs travel via charter plane, commercial flight, or courier more frequently than ever before, that has resulted in increased risk in the transportation of organs.
“Because our organization is committed to saving lives and providing healthy organs for transplant, we are looking to innovate through any transportation challenges that might be a barrier to fulfilling our mission,” added Niles.
“We have also sought out technology partners that have devices to regulate the temperature of the organ or artificially pump the organ so that the amount of time it can be outside of the body is longer,” said Niles. “This gives us more time for transportation.”
Niles adds that the Alliance has seen recent improvements through GPS technology that provides tracking and alerts if there are disruptions along the transportation route.
Reg Seeto, CEO and President of CareDx, a health tech company dedicated to transplant patient care, says that with more than 100,000 people on the transplant waitlist, it's critical to ensure organs get to their intended recipients.
""This will expand the supply to increase the number of people who receive a life-saving transplant,"" adds Seeto. ""Organ procurement organizations need tools to track their quality metrics better and follow up on issues in their process. There is a real opportunity to support peri-transplant with technology that can keep the organs viable longer and improve outcomes.”
Drones, logistics and AI
Jimi Henderson, Vice President of Sales, Silvus Technologies, says that AI plays a critical role in increasing the efficiency of matching organ donors with transplant recipients.
“However, there are still significant logistical hurdles to rapid and reliable organ delivery, particularly in urban environments and high-traffic areas where delivery times can be delayed,” said Henderson.
In April 2019, the University of Maryland Unmanned Aircraft Systems Test Site conducted the first drone delivery of a live organ for transplant into a waiting patient, a 44-year-old former Veterans Administration nurse in her eighth year of dialysis. Silvus partnered with the Test Site to provide tactical wireless communications, including audio and video, for the entirety of transport with their Silvus StreamCaster radios.
""This technology can provide communications even in cluttered urban environments to ensure quick and reliable delivery,"" added Henderson. ""A more timely, on-demand, automated organ distribution and transportation system will be much more efficient than a manual system, which is reliant on other air assets and resource scheduling system.""
“Typically, lungs need to be transplanted within eight hours and kidneys can be on a pump up to 48 hours; but kidneys outside of the body, not on a pump would need to be transplanted within 24 hours,” said Niles.
In April 2021, the Southwest Transplant Alliance organization transplanted a set of lungs that were on a perfusion pump by TransMedics for 27 hours. This technology, coupled with optimized transportation routes has the potential to extend the window organ transportation.
Barry Alexander, Founder and CEO of Aquiline Drones Corporation, says that when every second counts, unmanned aerial vehicles (UAVs) [..] propose an ideal solution to move an organ quickly to where it needs to be safely, securely and medically sound.
""There is a significant amount of waste due to transportation inefficiencies, and to mitigate this situation, automation is needed,"" said Alexander. ""Automation of a complex, ever-changing logistical footprint is facilitated by the use of a deep learning AI.""
""In 2019, we began creating a life-saving medical delivery service for human organs and tissues using drones,"" said Alexander. ""Today, we are augmenting these life-critical drone deliveries with a cognitive digital agent called Sparticus to [..] help solve the transportation logistics conundrum that's responsible for the yearly 25% loss in viable organs.""
Alexander believes that AI will transform the operational framework and introduce logistical efficiencies creating AI-enabled drones to their multi-modal organ transportation network.
""The idea is that manned aircraft and UAVs will work together to deliver organs and other critical cargo with some level of ground transportation involved,"" said Alexander. ""Although our drones can do direct pickups and drop-offs to and from hospitals if the FAA allocates space for this service, our established frameworks create the scheduling, dispatching and flight execution.""
Alexander says this is where AI becomes invaluable.
""Spartacus is tied into real-time data sources including the FAA, weather, traffic and other related data sources to leverage its learning capabilities for optimized transportation options,"" said Alexander. ""From those datasets, it selects the best way forward using customer specifics, such as time of arrival, geo-location and cost.""
Alexander adds that the system also provides optimized recommendations even during the mission to correspond with changing conditions.
""As Sparticus gets smarter over time and data is built up in its historical and temporal layers, the AI improves its efficiency,"" said Alexander. ""Once properly trained, Spartacus will achieve high rates of mission completion success for each organ transportation and delivery.
In other words, says Alexander, manned aircraft, drones and ground transportation will all be guided by AI during the scheduling and dispatching stages to deliver organs more efficiently.
AI-driven logistics
According to a spokesperson from DP World, which ships 10% of the world's trade, the logistics industry has been hampered for decades by inefficient technology and outdated operating systems. ""Until recently, organizations also couldn't see where in the world their goods were once they had left the warehouse, meaning it was virtually impossible to act quickly or nimbly to changing circumstances.""
""As the demand for global goods continues to increase, these outdated ways of working need to change, and as a business, it's our priority to help the industry transform,"" said DP World through a spokesperson. ""Data and AI will play an increasingly important role in our future, and we recognize it as a real gamechanger for the industry.""
Ryan Rusnak, CTO of Airspace, says determining the optimal path for time-critical shipments such as human organs for transplant, critical airplane parts, or vaccines.
""Most of these start at an arbitrary place—a lab, hospital, warehouse—versus an airport. And, then there are numerous options to take the package to its final destination; in fact, there are more than 180 million ways to go just from San Francisco to Boston,"" said Rusnak.
""In addition to choosing the best route, factors like traffic, weather, the driver's knowledge of the route and real-time incidents also need to be considered as events unfold, making it a highly complex and ever-evolving equation,"" adds Rusnak.
Rusnak says you only have to look at the possibilities of a time-critical shipment traveling from Boston to San Francisco. ""With more than 180 million transport options to see how complicated it is without AI.""
For context, Rusnak says it takes a computer more than four hours just to count to a trillion. ""Even traditional computer programs with conditional logic or graph transversal cannot solve the problem,"" said Rusnak.
""Before AI and machine learning, about one in three time-critical shipments arrived late,"" said Rusnak. ""When it comes to time-critical shipments, AI can be used to assess all of the possible ways to ship a specific commodity to a specific destination to determine the best route.""
According to Rusnak, different types of commodities have different profiles for an optimal route. In the case of a living organ, Rusnak says that AI looks for all of the fastest paths and uses a neural net to score them.
""Based on all possible ways to ship an organ [..] AI considers the confidence level of particular routes, and can also do this for situations that it hasn't seen before in less than a second,"" said Runak. ""It can also get even smarter over time by observing and analyzing vast amounts of data it encounters.""
""For instance, an organ requires a route that is as fast as possible with minimal risk, while cryogenic tissue requires minimal cost with no later than same-day delivery,"" said Rusnak. ""The first would prefer something like driving farther to a different airport to make an earlier flight while the second would minimize ground transportation while still making a same-day cutoff.""
According to Niles, whose organization works with Airspace and other technology partners, the ability to re-route in real-time helps fulfill their lifesaving mission.
Niles says that over the last three years, they have shipped close to 1,000 kidneys using perfusion technology, including real-time GPS tracking.
“If there is a transportation delay, that notification will help our team also notify the transplant center, and they can adjust based on that real-time information,” said Niles. “The system we use also looks to optimize the transportation route and provide a new delivery time based on the delay.”
""Overall, the use of AI in life-critical transport will transform the entire industry,"" said Alexander.
I'm a writer who looks at innovation and how technology and science intersect with industry, environment, arts, agriculture, mobility, health. I've been called the tech
…I'm a writer who looks at innovation and how technology and science intersect with industry, environment, arts, agriculture, mobility, health. I've been called the tech Hemingway of Paris, named one of the top 100 women in technology in Europe in 2012, short-listed for best tech journalist by the TechCrunch Europas. I like to find the story that opens people's minds. Follow me on Twitter @jennalee.",Forbes
https://www.forbes.com/sites/marcochiappetta/2021/07/23/xilinx-expands-vitis-ai-development-platform-to-support-latest-versal-acap-and-kria-som-devices/,2021-07-23T20:41:20Z,Xilinx Expands Vitis AI Development Platform To Support Latest Versal ACAP And Kria SOM Devices,"Xilinx unveiled its Vitis AI software platform back in late 2019, to simplify development for the company’s chip-level hardware architectures and accelerators, using common software development tools and programming languages. Since its unveiling, the Vitis AI development environment has evolved and expanded in scope to incorporate more tools, example designs, libraries and models designed to best leverage Xilinx’s varied array of compute devices, accelerators and Alveo add-in cards. Today, the company is releasing the latest version of the suite, Vitis AI 1.4, and with it comes support for Xilinx’s 7nm Versal ACAP platforms, including the Versal AI Core Series VCK190 Evaluation Kit, the VCK5000 Versal Development Card, and the recently-released 16nm Kria portfolio of adaptive system-on-modules (SOMs).
With this release and the incorporation of support for additional hardware platforms, Xilinx offers somewhat of a one-stop-shop for developers that can address a wide array of machine learning and AI inference workloads, at a multitude of power envelopes and performance levels. The Xilinx Versal AI Core Series VCK190 Evaluation Kit, for example, is capable of MLPerf inference performance levels that far exceed today’s server CPUs. In a ResNet50 closed-division benchmark, the VCK5000 Versal Development Card also outran NVIDIA’s T4 card with a result of 5,921 images per second. And the sub-$200 Kria KV260 Vision AI Starter Kit can be used for vision application development with a, inexpensive, low-power kit that can literally fit in the palm of your hand.
Along with support for additional hardware, a key component of Vitis AI, the AI Model Zoo, has been enhanced. The diversity of the AI Model Zoo has been increased and now features models for 4D radar detection, image-LIDAR sensor fusion, surround view 3D detection, depth estimation, and super resolution.
Xilinx has made a number of moves over the last few years designed to allow developers and engineers to work in their native AI frameworks, like TensorFlow, PyTorch and Caffe, while targeting the company’s wide array of compute devices and accelerators. Standard programming languages like Python, C++ and OpenCL are also supported and optimized for Xilinx’ hardware. All told, Xilinx’s expanding software ecosystem and breadth of development kits allow developers of virtually all skill levels, to leverage powerful, adaptable accelerators that they may have previously been out of reach. Today’s release of Vitis AI 1.4 further solidifies Xilinx’s position and makes its hardware and software platforms even more accessible to developers from all walks of life.
I am a freelance writer, co-founder and Principal Analyst at HTVA, and the longtime Managing Editor at HotHardware.com. My work has been published worldwide, in a number
…I am a freelance writer, co-founder and Principal Analyst at HTVA, and the longtime Managing Editor at HotHardware.com. My work has been published worldwide, in a number of educational, PC, and technology-related print and web publications. I have been a computing and technology enthusiast since my early childhood. Before being exposed to the Commodore P.E.T. and later the C64 decades ago, I was interested in electricity and electronics, and still have the modified AFX cars and shop-worn soldering irons to prove it. Once I got my hands on my first Commodore 64, however, computing became my passion. Throughout my academic and professional lives, I have explored virtually every major platform from the TRS-80 and Amiga, to today's high-end, multi-core servers. Over the years, I have worked in many fields related to technology and computing, including system design, assembly and sales, quality assurance testing, and technical writing.
I also serve as a Principal Analyst for HotTech Vision And Analysis, and like all technology analyst firms, HTVA provides paid services, research, and consulting to many semiconductor manufacturers, engineering firms, and system ODMs/OEMs. Some of the companies mentioned in this article may be clients of HTVA.",Forbes
https://www.forbes.com/sites/servicenow/2021/07/23/5-ways-ai-helps-customer-agents-deliver-better-results/,2021-07-23,ServiceNow BrandVoice: 5 Ways AI Helps Customer Agents Deliver Better Results,"By Jeff Koyen
Love them or hate them, chatbots are here to stay.
That’s not to say that chatbots are the be-all-end-all of customer service. Just as ATMs didn't make bank tellers obsolete, neither will chatbots fully replace “real” agents. In fact, cutting-edge customer service centers are using the technology that powers chatbots to help human agents to do their jobs better.
“Machine learning, artificial intelligence and natural language understanding can make the customer experience richer,” says Tom Brennan, global director, customer service transformation at ServiceNow. “But this technology supplements—it does not replace—human capabilities and intelligence.”
By “augmenting” human agents with powerful new tools, AI is changing the service experience.
“AI takes on the manual and time-consuming tasks to allow humans to focus on the things that matter the most,” says Kasia Borowska, managing director at Brainpool AI, a global network of more than 500 AI and machine learning experts.
This, Borowska says, drives satisfaction for both customer and employee.
Improving Escalation
If you’ve ever pressed 0 to speak with an agent, you’ve been escalated. That is, you’ve made the transition from phone tree to operator. From chatbot to human. This “escalation,” in industry terms, is a critical moment in the customer’s journey. All too often, it marks the moment when their frustration has peaked.
“At that point, the last thing a customer wants to do is start all over with the human agent,” says Brennan. “That increases the friction and creates a poor experience.”
Today’s AI assistants put the customer’s relevant details— including those questions they’ve already asked—on the agent’s screen even before their call begins. “You don't have to start all over. You can intelligently assign and route the customer, preserving that journey,” Brennan explains. “That makes for a much better escalation experience.”
Creating More Empathy
Though AI is advancing at a rapid pace, service experts agree that sometimes there’s no substitute for a real agent. “High-touch will always be needed, and human beings will always be needed for that,” Brennan says.
AI can actually help improve the “human touch.” Consider, again, the moment of escalation. “The interactive voice response systems (IVRs) are getting intelligent enough to detect sentiment,” Brennan says.
When a customer is frustrated, “You can detect that [and] make another decision during escalation,” he says. “Maybe you need to route this call straightaway to somebody else who can be more empathetic.”
Hiding Complexity
The best customer service is invisible. That doesn’t mean it’s simple. Take, for example, the seemingly basic task of requesting a new credit card.
“When you think about it, the complexity of replacing a credit card has all kinds of things going on in the background,” Brennan says. “But from a customer point of view, it should be a very simple process.” Augmented by assistive technology and connected via digital workflows, service agents hide this complexity from their customers.
In Brennan’s mind, human agents should rarely, if ever, be called upon for so-called known issues. “Most companies work 70 percent on ‘known issues’ versus ‘new issues,’” he says. In other words, seven of ten tasks involve re-solving the same problems over and over again.
By “engineering out” these tasks—“Click here to order a new credit card”—human agents can spend more time tackling the truly complex problems.
Improving The Chatbots
“The main reason why chatbots are annoying is lack of data,” says Brainpool AI’s Borowska.
Even the smartest chatbot pales in comparison to its human counterpart. The solution is to feed them more data, and one very valuable source is human-customer interactions.
“Chatbots can learn from a variety of data,” Borowska says. “They can learn from phone conversations, emails and chats—or any other interaction between the company and the customer.”
This creates a virtuous cycle: Augmented agents deliver better results, and virtual agents learn from these positive experiences. As the chatbots get smarter, human talent can operate at even higher levels.
Driving Employee Retention
For all the talk of robots replacing humans, it’s proven in any number of industries that assistive technologies actually help human employees by removing scut work from their daily schedules.
Customer service is no exception. Brennan sees an opportunity for AI to help employees expand their skill sets—and even their well-being.
“This technology changes the workload and type of work for agents,” he says. “You’re changing them from “T people” to “Pi people.”
Here, Brennan refers to the difference between “T” and “Pi” (or “Π”) talent models: So-called “T-shaped” skill sets are specialized in one realm (the T’s vertical line), and they’re generalists in other disciplines (the T’s topline).
“Π-shaped” talent, on the other hand, has domain expertise in two or more verticals as well as the top-line general knowledge. As they become “Pi people,” service agents will have a richer experience for themselves, Brennan says. “Your top-performer retention will increase, as will overall employee satisfaction. You’ll develop a high-performing, deeply technical, very capable support organization.”
For service professionals, the end goal is to provide customers with the best experience. Thanks to AI, this is possible at levels unimagined just years ago.",Forbes
https://www.forbes.com/sites/kimberlywhitler/2021/07/24/why-ai-is-pushing-marketing-professionals-to-reinvent-themselves/,2021-07-24,Why AI Is Pushing Marketing Professionals To Reinvent Themselves,"Today’s marketers are challenged to adapt to new technologies, consumer habits and practices, channels, and methods of engagement arguably faster than any other generation. One of the hottest areas of interest is artificial intelligence. How can AI be leveraged to understand, interact with, and generate loyalty with consumers? Raj Venkatesan (Darden Business School), co-author of “The AI Marketing Canvas: A Five-Stage Road Map to Implementing Artificial Intelligence in Marketing” with Jim Lecinski (Kellogg Business School), shares insight on how marketers must upskill to address the changing marketing landscape.
Kimberly Whitler: How has marketing evolved?
Raj Venkatesan: “The art challenges the technology, and the technology inspires the art.” I think this quote from Jon Lasseter is very appropriate to consider the evolution of marketing. Like art, marketing also has a symbiotic relationship with technology. In the old days, one had Mass marketing via radio. Then when the new technology of TV came about, we saw the golden era of Television commercials, but we still had one ad for all the customers. Then we had the advent of cable TV and we started segmentation. A brand perhaps had 3 ad versions for their different segments that aired in the appropriate cable channels. With Direct mail, we started the advent of one-to-one marketing, and started to increase our customization. Then we had digital marketing and the rise of the internet we had more customization. With AI now, we are at the stage where brands are personalizing their marketing to a segment of 1.
All through this evolution, though, the fundamentals of marketing hold true. Address customer needs, focus on benefits not features, develop emotional connections, be authentic etc.
Whitler: Given these changes, how should marketing professionals reinvent themselves?
Venkatesan: Invest in yourself, take courses online about AI, attend conferences, try experiments. The key is to focus on your strengths as a marketer, i.e., a deep understanding of customers and their needs. AI and analytics provide you with the tools to obtain customer insights, and use these insights to develop personalized marketing.
Modern marketing professionals are connectors and collaborators. They are the key executive within organizations to advocate for customers. They need the ability to provide data science professionals the right guidance and ask the right questions that can be answers by AI/analytics. We are not at a stage and perhaps never will be in the near future, where AI/Analytics can manage a marketing campaign end to end without human intervention. There is uncertainty in any predictions, and the marketer’s role is to combine the data driven predictions with their individual heuristics about the customers.
Successful marketers will view data, and data science professionals as their allies and key collaborators.
Whitler: What skillsets should marketing organizations be looking at add?
Venkatesan: Marketers need professionals who understand AI and can work with AI or data science specialists. They also need project managers who are adept at agile product development. Using AI requires a lot of experimentation and agility. Professionals who can manage multiple projects and build flexibility in organizations are critical. There is also a need to work with IT to understand the plethora of technology solutions available to collect, and process customer data. Professionals who are good at understanding the output from analytics and developing customer stories that can provide insights to senior managers are very valuable. Finally, as marketing uses more data, there is a need for organizations to develop skills around privacy, responsible customer data management and cybersecurity.
Join the Discussion: @KimWhitler
In full disclosure, Venkatesan is a colleague at the Darden Business School.
As a former General Manager and CMO, who worked for nearly 20 years before getting a PhD and working as an Assistant Professor at the University of Virginia's Darden
…As a former General Manager and CMO, who worked for nearly 20 years before getting a PhD and working as an Assistant Professor at the University of Virginia's Darden School of Business, I conduct research that focuses on helping the C-suite (and aspiring C-level marketers) better understand, develop, and lead marketing excellence.",Forbes
https://www.forbes.com/sites/cognitiveworld/2021/07/25/the-vital-importance-of-data-for-ai-interview-with-rick-mcfarland-chief-data-officerlexisnexis-legal--professional/,2021-07-25,"The Vital Importance Of Data For AI: Interview With Rick McFarland, Chief Data Officer - LexisNexis Legal & Professional","There is no doubt of the importance of data powering the most advanced applications in use today, and especially artificial intelligence and machine learning applications that are so dependent on good quality, relevant data. Indeed, the foundations of best practices AI methodologies, the CPMAI methodology in particular, requires a foundation of understanding the necessary data for an AI project and preparing that data for use.
Reinforcing the importance of the role of data in AI and advanced analytic systems, Rick McFarland, Chief Data Officer - LexisNexis Legal & Professional shares his insights at an upcoming Data for AI virtual event on August 19. In an interview with Forbes, he shares some perspectives on the role data takes for AI projects at his organization.
Q: What are some innovative ways you’re leveraging advanced data analytics to benefit LexisNexis?
Rick McFarland: As the Chief Data Officer at LexisNexis Legal & Professional, I think one of the innovative and important ways we leverage advanced data analytics is by increasing the utilization and the quality of our Data. For example, most of our data is text-based (e.g. legal briefs, pleadings, motions, case law, dockets, and other documents). Dealing with this type of textual data in its raw state is challenging, complex, and nuanced. That’s why many data scientists and analysts steer clear of it. However, by transforming this data into embedding vectors by using advanced NLP methods like BERT, we create an entirely new data asset that can be leveraged by data scientists and analysts across the organization to create models and features for our products. Think of the embedding vector transformation as a conversion of the text data into numerical data. For example, every word and sentence can be represented by a numerical vector; think a row of numbers in a spreadsheet. These numerical vectors are much easier to work with mathematically and can be used to develop classification models, entity extraction models, question and answering – the list goes on and on.
Q: How do you identify which problem area(s) to start with for your data analytics and cognitive technology projects?
Rick McFarland: In the professional-grade AI space that we work in, i.e. Law and Medicine, we have a unique challenge that developers for consumer-grade AI don’t necessarily have. In our space, the education distance between the developer and the customer is wide. For example, a lawyer (our customer) has gone to school for many years including post graduate work to learn a very advanced and specific skill and, one would argue, even mastered a new language (if you’ve ever read a legal document, you know what I am talking about!) Similarly, Data Scientists also have spent a long time honing their skills and often have a PhD in computer science, and also have learned a programming language or two. With these two professions on different ends of the educational spectrum, communication and business understanding between the two are often difficult. Because of this, the data science and development teams at LN partner very closely with our Product Team. Our Product Team, some of whom are lawyers, stay closely connected to our customers and perform frequent surveys and focus groups to understand their needs. They are also experts at working with developers and data scientists. These three job families (product, developer and data scientist/analyst make up our standard team. We rely on this close connection to keep us on top of the main problem areas of our clients.
Q: What are some of the unique opportunities you have when it comes to data and AI?
Rick McFarland: AI is only as good as the data used to train and feed it. And LexisNexis has one of the largest repositories of legal data in the world. But, as any data scientists will tell you, having raw data is half the battle. What makes our data special is that, since the invention of the computer, we have had thousands of lawyers on staff enriching, summarizing, identifying entities, mapping citations, etc., on this massive corpus. Therefore, we also have the other half of the data scientists’ requirement: we have petabytes of training data. We have all the raw building materials for AI development. Our data scientists have almost unlimited opportunity to create AI products and features. We can take nearly any “AI idea” from concept to POC in a matter of weeks!
Q: Can you share some of the challenges when it comes to AI and ML adoption?
Rick McFarland: In the professional world (e.g., Legal, Medical, and Scientific), the bar for AI and ML is very high, so the adoption rate is much lower than in the consumer market. In these professions, where people’s lives or freedoms are at stake, the cost of being wrong has significant consequences. For these professionals to rely on an AI application means that it must perform well and must be accurate consistently. With one wrong answer, trust in that tool is breached – recovery is long and perhaps not even possible. For LexisNexis to release any AI to the professional marketplace, it must meet that high bar.
We do something unique in the professional-grade space, something consumer-grade technology providers probably don’t do. Most AI developers are familiar with the “holdout” sample method to evaluate the quality of a model – the holdout data is randomly selected from the training data, hidden from the developers, not used as part of the training process, and used to evaluate the final model. In the professional-grade process, we also maintain another holdout data set which we refer to as the Platinum Data. In our Q&A process, this is a set of questions that the current model correctly answers. In fact, these answers are rated as the “best” by our SME’s and customers. With every new model we release, we re-check the answers generated by our system on the Platinum questions. If the answers provided are not the same (or worse), we don’t release the model into production. As you might guess, with each new release this Platinum Data grows. We are not only providing correct answers – we are ensuring that we are providing consistency, which is very important in the Legal industry where court cases can sometimes go on for months or even years.
Q: How do analytics, automation, and AI work together at LexisNexis?
Rick McFarland: At LexisNexis, a visualization of how these three functions operate can be represented by a three-way Venn Diagram. There are situations when Analytics can be applied independently, or in combination with AI, or with Automation, or with both. It’s true with each of these three. We have team leaders running each of these functions, each with deep skills in their area, and they also frequently work together on projects. For example, it’s not uncommon for the Automation team to partner with the AI team to develop a chatbot for our Customer Support team to help reduce the need for human support. Similarly, the Analytics team will work with the AI team to develop a cross-sell model that could then be deployed on an Analytics dashboard to help make recommendations to support our Sales Teams.
Q: How are you navigating privacy, trust, and security concerns around the use of your data?
Rick McFarland: Most of our data is from publicly available sources (i.e., case law, dockets, etc.), and we tap into more than 50,000 sources. In addition, we digitize and standardize it to make it easily readable and searchable. Attorneys use the data to serve their clients, and we view our role as making the Law accessible and readable. This supports our global vision of making the world a more just place by advancing the Rule of Law.
Q: What are you doing to develop a data-literate and AI-ready workforce?
Rick McFarland: One of the things we are especially proud of at LexisNexis is our Advanced Technical Curriculum. We learned early on when we started hiring Data Scientists that most are well trained at consumer-grade AI development. That’s what is taught in schools and training courses because there’s a lot of data and examples out there. What Data Scientist hasn’t made at least one model from Twitter data today? So, we created the ATC as a sort of “grad school” for Data Scientists to learn how to develop professional-grade AI.
This curriculum, like in most universities, has a syllabus of classes with levels ranging from 100-level to 400-level. Our 100-level classes are accessible to all, and we focus these on the platforms and tools that are essential to AI development. We have AWS and Azure training because we learned that most data scientists enter the door with a different knowledge of how to use these core platforms, and we needed our people to learn how to use these platforms while understanding the professional-grade requirements set by our clients. Our 200-level classes focus on domain-specific and core languages like Python. Our 300-level courses are designed to focus on AI methods. Since we primarily deal with Legal and Textual (non-structured) data, we offer classes in Text Processing, Machine Learning, Natural Language Processing (NLP), and contextualized embeddings (e.g., BERT). Our 400-level courses are where we pull it all together and focus on the application of these advanced AI building-blocks to develop AI features and products. So, for example, these courses teach how to build professional-grade chatbots, recommender systems, learning-to-rank models, etc. Once our internal students have completed their Advanced Tech Curriculum Education, they will earn their LexisNexis Profession-Grade Data Science Certification and be on their way to developing the next Legal AI tool.
Q: What AI technologies are you most looking forward to in the coming years?
Rick McFarland: What I am really looking forward to is the true Star Trek-like “voice intelligence” that can answer any question we ask. It will understand colloquialisms and idioms. It will easily shift from answering generic, everyday questions to answering complex scientific and professional questions. It also will understand the context of questions – it would be able to distinguish between me talking about Coach “the person” or Coach the “brand.” The true leap will come when this voice-intelligence anticipates (or even predicts) what my ultimate end goal is based on my question and context and gives me some additional information that I may not have asked for to help me achieve my goal. That will be truly exciting.
Hear more from Rick McFarland at the upcoming Data for AI virtual event on August 19.
Ronald Schmelzer is Managing Partner & Principal Analyst at AI Focused Research and Advisory firm Cognilytica (http://cognilytica.com), a leading analyst firm focused on
…Ronald Schmelzer is Managing Partner & Principal Analyst at AI Focused Research and Advisory firm Cognilytica (http://cognilytica.com), a leading analyst firm focused on application and use of artificial intelligence (AI) in both the public and private sectors. He is also co-host of the popular AI Today podcast, a top AI related podcast that highlights various AI use cases for both the public and private sector as well as interviews guest experts on AI related topics.
He is a sought-after expert in AI, Machine Learning, Enterprise Architecture, venture capital, startup and entrepreneurial ecosystems, and more. Ron received a B.S. degree in Computer Science and Engineering from Massachusetts Institute of Technology (MIT) and MBA from Johns Hopkins University.",Forbes
