url,date,title,text,sitename
https://www.forbes.com/sites/arunshastri/2021/02/26/what-ai-practitioners-could-learn-from-a-1989-mit-dissertation/,2021-02-26,What AI Practitioners Could Learn From A 1989 MIT Dissertation,"More than thirty years ago, Fred Davis developed the Technology Acceptance Model (TAM) as part of his dissertation at MIT. It’s one of the most widely cited papers in the field of technology acceptance (a.k.a. adoption). Since 1989, it’s spawned an entire field of research that extends and adds to it. What does TAM convey and how might today’s AI benefit from it?
TAM is an intuitive framework. It feels obvious yet powerful and has withstood the test of time. Davis started with a premise so simple that it’s easy to take it for granted: A person will only try, use and ultimately adopt technology if they are willing to exert some effort. And what could motivate users to expend this effort? He outlined several variables that could motivate users, and many researchers have added to his list over the years, but these two variables are the ones that were most important: 1. Does it look easy to use? 2. Will it be useful? If the learning curve doesn’t look too steep and there’s something in it for them, a user will be inclined to adopt. Many researchers have added to this foundation over the years. For example, we’ve learned that a user’s intention can also be influenced by subjective norms. We’re motivated to adopt new tech at work when senior leadership thinks it’s important. Perceived usefulness can also be influenced by image, as in, “Does adopting this tech make me look good?” And lastly, usefulness is high if relevance to the job is high.
TAM can be a powerful concept for an AI practitioner. It should be front-of-mind when embedding AI in an existing tool or process and when developing an AI-first product, as in, one that’s been designed with AI at the center of its functionality from the start. (Think Netflix.) Furthermore, AI can be used to drive adoption by levering TAM principles that increase user motivation.
Making AI more adoptable
With the proliferation of AI in sales organizations, AI algorithms are increasingly embedded in tools and processes leveraged by sales representatives and sales managers. Adding decision engines to assist sales representatives is becoming increasingly common. A sales organization may embed models that help determine a customer’s propensity to buy or churn, recommend next best actions or communications and more. The problem is, many of these initiatives don’t work because of a lack of adoption.
TAM can help us design these initiatives more carefully, so that we maximize the chances of acceptance. For example, if these models surface recommendations and results that fit seamlessly into reps’ tools and processes, they would perceive them as easy to use. And if the models make recommendations that help a sales person land a new customer, prevent one from leaving and help them upsell or cross-sell when appropriate, reps would perceive them as useful. In other words, if the AI meets employees where they are and offers timely, beneficial support, adoption becomes a no-brainer.
We also see many new products and services that are AI first. For these solutions, if perceived ease of use or perceived usefulness are not high, there would be no adoption. Consider a bank implementing a tech-enabled solution like mobile check deposits. This service depends on customers having a trouble-free experience. The Newark airport’s global entry system uses facial recognition to scan international flyers’ faces. It’s voluntary, and the experience is fantastic. The kiosk recognizes my face, and a ticket is printed for me to take to the immigration officer. Personally, I find this AI-first process a better experience than the previous system that depended on fingerprints, and now I will always opt for the new one.
Using AI to drive adoption
And perhaps counter intuitively, what if AI was used to drive elements of TAM within existing technology? Can AI impact perceived usefulness? Can AI impact perceived ease of use? Consider CRM. It has been improved and refined over the years and is in use within most sales organizations, yet the level of dissatisfaction with CRM is high and adoption remains a challenge. How can AI help? A machine learning algorithm that uses location services can recommend that a rep visit a nearby customer, increasing the perceived usefulness of their CRM solution. Intelligent process automation can also help reps see relevant information from a contracting database as information on renewals are being entered. Bots can engage customers on behalf of the representatives to serve up more qualified leads. The possibilities are numerous. All these AI features are designed to ensure that CRM lives up to its promise as a source of value to the sales representative.
Outside of sales, consider patients. In the past few years, many new technologies have been introduced to help diabetics. Adoption of this technology is critical to self-management, and self-management is critical to treating the disease. For any new technology in this space, patients need to see that it’s useful to them. AI can play a role in gathering information such as glucose levels, activity and food intake and make recommendations on insulin dosing or caloric intake. Such information gathering could go a long way toward reducing the fatigue that diabetics feel while they make countless health and nutrition decisions throughout the day.
AI’s algorithmic nature makes it easy to forget that it’s another technology and that it can aid technology. Its novelty can convince us that everything about it is new. TAM holds up because it’s intuitive, straightforward and proven. While we boldly innovate a path forward in the world of AI, shed convention and think like a disruptor, let’s keep an eye on our history too. There’s some useful stuff in there.
Arun provides strategy and advisory services, helping clients build their analytics capabilities and leverage their data and analytics for greater commercial
…Arun provides strategy and advisory services, helping clients build their analytics capabilities and leverage their data and analytics for greater commercial effectiveness. He currently works with clients on a broad range of analytics needs that span multiple industries, including technology, telecommunications, financial services, travel and transportation and healthcare. His areas of focus are AI adoption and ethics, as well as analytics organization design, capability building, AI explainability and process optimization.",Forbes
https://www.forbes.com/sites/theyec/2021/02/26/eight-things-machine-learning-can-do-to-improve-your-daily-customer-interactions/,2021-02-26,Council Post: Eight Things Machine Learning Can Do To Improve Your Daily Customer Interactions,"As machine learning becomes more prevalent in business, it has the potential to affect a company’s day-to-day interactions with its customers, whether positively or negatively. Many businesses have already invested heavily in machine learning and have found great success. However, new tech can always be intimidating, scary or potentially difficult to implement.
Below, eight leaders from Young Entrepreneur Council attempt to quell some of those fears by discussing the merits of machine learning and how they see it affecting their own daily interactions with customers. These are just a few things machine learning can do to help take your business to the next level.
1. Help You Understand Your Customers Better
One challenge that businesses always have that will never change or fade away is meeting their customers' real needs, desires and preferences. They are constantly changing. The world is constantly changing, lifestyles are constantly changing and the economy is constantly changing. What customers desired yesterday will be different tomorrow and what they needed several months ago will look very different in a year. Machine learning offers a valuable opportunity to understand your customers better than you ever dreamed possible. You can crunch and analyze data that will help you make better merchandising and marketing decisions. You can find out what they expect from their experience, as well as what they hope to see in the future. - Blair Thomas, eMerchantBroker
2. Fine-Tune Your Personalization Strategy
We expect to use machine learning to fine-tune our personalization strategy. Consumers like shopping with businesses that know their preferred products and services. The data analysis features offered through machine learning allow entrepreneurs to connect with their customers like never before. As the year goes on, we anticipate seeing positive results from using data to hone our marketing funnels. Understanding what each customer wants means we will have a better chance to turn them into a subscriber or loyal customer. - Chris Christoff, MonsterInsights
3. Offer Better Context Backed By Data
Machine learning can provide better context backed by strong data points. Machine learning won't kill jobs or put an end to the customer service process. That said, leveraging a growing database and applying statistical analysis on top can present new contextual opportunities for better decision making, fewer hoops between interactions and a stronger case while discussing sales opportunities, new products or plans, and the applicable scenarios your team should focus on while speaking with customers. In other words, face-to-face or direct conversations will become more valuable thanks to rich data available on demand immediately due to machine learning algorithms. - Mario Peshev, DevriX
4. Automatically Update Information
Machine learning will affect day-to-day interactions with customers by automatically updating its information. This helps companies create more personalized campaigns, content and experiences for consumers. Updating information also helps to fulfill customers' needs and strengthen management. - Stephanie Wells, Formidable Forms
5. Make Growth Marketing More Effective
Machine learning will make growth marketing or ""growth hacking"" more effective. Growth marketing relies on carrying out multiple marketing experiments, seeing what works and then leveraging it to grow fast. With machine learning, we should be able to create a variety of messaging tactics and also analyze what's working and why fast. As a result, we then use the campaign or marketing content that's shown good results and push them to get widespread conversions. In this way, machine learning can help us creatively win over more customers faster. - Syed Balkhi, WPBeginner
6. Simplify Task Management
Thanks to machine learning, more businesses will be able to simplify task management. Marketers and entrepreneurs waste a lot of time on repetitive tasks that could simply be automated. Machine learning takes over these tasks and gives you more time to focus on other more important projects. As a result, you'll have more time to refine the customer experience and give your audience what they want. Leave it up to machine learning to sift through lots of data and perform analyses that help your brand grow and keep your customers happy. - Jared Atchison, WPForms
7. Help You Offer 24/7 Customer Service
A good thing about machine learning is that we can now offer round-the-clock services to our customers. You can use it to help your customers make an informed decision, suggest products as per their requirements and do so much more with little assistance from your employees. It is a wonderful way of helping your customer feel valued by letting them know that you’re available for them at all times. This can help build stronger relationships and boost your sales too. - Josh Kohlbach, Wholesale Suite
8. Improve Chatbot Performance
Chatbots and how they are developing with the help of AI are one of the ways most businesses will benefit from the rise of AI in the years to come. While we are a long way off from handing over all our customer service work to an AI solution, using these bots as gatekeepers to redirect people to the correct contacts and answer common questions will save businesses money and evoke an air of efficiency. Freeing up your staff members to focus on your customers' more complex problems can be of great use, and offering instant chat windows on your site can be more desirable to customers than having to make a phone call. The interesting question will be, how aware will customers be that they are speaking to AI? - Ismael Wrixen, FE International",Forbes
https://www.theguardian.com/technology/2021/feb/26/google-timnit-gebru-margaret-mitchell-ai-research,2021-02-26T19:58:45Z,Google to change research process after uproar over scientists' firing,"Google will change procedures before July for reviewing its scientists’ work, according to a town hall recording heard by Reuters, part of an effort to quell internal tumult over the integrity of its artificial intelligence (AI) research.
In remarks at a staff meeting last Friday, Google Research executives said they were working to regain trust after the company ousted two prominent women and rejected their work, according to an hour-long recording, the content of which was confirmed by two sources.
Teams are already trialing a questionnaire that will assess projects for risk and help scientists navigate reviews, Maggie Johnson, the research unit’s chief operating officer, said in the meeting. This initial change would roll out by the end of the second quarter, and the majority of papers would not require extra vetting, she said.
Reuters reported in December that Google had introduced a “sensitive topics” review for studies involving dozens of issues, such as China or bias in its services. Internal reviewers had demanded that at least three papers on AI be modified to refrain from casting Google technology in a negative light, Reuters reported.
Jeff Dean, Google’s senior vice-president overseeing the division, said on Friday that the “sensitive topics” review “is and was confusing” and that he had tasked a senior research director, Zoubin Ghahramani, with clarifying the rules, according to the recording.
Ghahramani, a University of Cambridge professor who joined Google in September from Uber, said during the town hall, “We need to be comfortable with that discomfort” of self-critical research.
Google declined to comment on the Friday meeting.
An internal email, seen by Reuters, offered fresh detail on Google researchers’ concerns, showing exactly how Google’s legal department had modified one of the three AI papers, called Extracting Training Data from Large Language Models.
The email, dated 8 February, from a co-author of the paper, Nicholas Carlini, went to hundreds of colleagues, seeking to draw their attention to what he called “deeply insidious” edits by company lawyers.
“Let’s be clear here,” the roughly 1,200-word email said. “When we as academics write that we have a ‘concern’ or find something ‘worrying’ and a Google lawyer requires that we change it to sound nicer, this is very much Big Brother stepping in.”
Required edits, according to his email, included “negative-to-neutral” swaps such as changing the word “concerns” to “considerations,” and “dangers” to “risks”. Lawyers also required deleting references to Google technology; the authors’ finding that AI leaked copyrighted content; and the words “breach” and “sensitive”, the email said.
Carlini did not respond to requests for comment. Google, in answer to questions about the email, disputed its contention that lawyers were trying to control the paper’s tone. The company said it had no issues with the topics investigated by the paper, but it found some legal terms used inaccurately and conducted a thorough edit as a result.
Racial equity audit
Google last week also named Marian Croak, a pioneer in internet audio technology and one of Google’s few Black vice-presidents, to consolidate and manage 10 teams studying issues such as racial bias in algorithms and technology for disabled individuals.
Croak said at Friday’s meeting that it would take time to address concerns among AI ethics researchers and mitigate damage to Google’s brand. “Please hold me fully responsible for trying to turn around that situation,” she said on the recording.
Johnson added that the AI organization was bringing in a consulting firm for a wide-ranging racial equity impact assessment. The first-of-its-kind audit for the department would lead to recommendations “that are going to be pretty hard”, she said.
Tensions in Dean’s division had deepened in December after Google fired Timnit Gebru, co-lead of its ethical AI research team, following her refusal to retract a paper on language-generating AI. Gebru, who is Black, accused the company at the time of reviewing her work differently because of her identity and of marginalizing employees from underrepresented backgrounds. Nearly 2,700 employees signed an open letter in support of Gebru.
During the town hall, Dean elaborated on what scholarship the company would support. “We want responsible AI and ethical AI investigations,” Dean said, giving the example of studying technology’s environmental costs. But he said it was problematic to cite data “off by close to a factor of a hundred” while ignoring more accurate statistics as well as Google’s efforts to reduce emissions. Dean has previously criticized Gebru’s paper for not including important findings on environmental impact.
Gebru defended her paper’s citation. “It’s a really bad look for Google to come out this defensively against a paper that was cited by so many of their peer institutions,” she told Reuters.
Employees continued to post about their frustrations over the last month on Twitter as Google investigated and then fired Margaret Mitchell, an ethical AI co-lead, for moving electronic files outside the company. Mitchell said on Twitter that she had acted “to raise concerns about race & gender inequity, and speak up about Google’s problematic firing of Dr Gebru”.
Mitchell had collaborated on the paper that prompted Gebru’s departure, and a version that published online last month without Google affiliation named “Shmargaret Shmitchell” as a co-author.
Asked for comment, Mitchell expressed through an attorney disappointment in Dean’s critique of the paper and said her name was removed following a company order.",The Guardian
https://www.forbes.com/sites/qai/2021/02/26/is-yum-brands-forging-forward-in-a-choppy-market/,2021-02-26T20:42:27Z,Is YUM! Brands Forging Forward In A Choppy Market?,"The S&P 500 had its worst day in nearly a month on Thursday, losing 2.5% overall due to a rapid rise in bond yields. While the larger market is still grappling with the resulting choppiness, one brand in particular made strides toward future gains: Yum! Brands.
Yum! Brands, Inc (YUM) ticked up 0.02% on Thursday to $104.70 on volume over 1.75 million shares. The last month for Yum! has been choppy but constrained, with the 22-day price average falling at $104.12. YTD, the stock is down 0.59% – but that may be about to change soon.
The fast-food industry overall has fared better than larger, more expensive sit-down restaurants in the last year. Whereas “real” restaurants have struggled to stay afloat in the wake of social distancing restrictions and a depressed economy, fast food joints have been serving up cheap-and-easy options through the (socially distanced) drive-thru window for decades now.
Yum! Brands, based in Louisville, Kentucky, is one of the largest fast-food companies in the world, with over 50,000 restaurants in 150 countries and territories. As the owner of brands like KFC, Taco Bell, and Pizza Hut, they’re masters of inexpensive and socially distanced dining experiences.
And now, they’re preparing to expand their menu with a new line of protein-based foods from Beyond Meat.
Q.ai's deep learning AI (artificial intelligence) is here to help you navigate the market. We provide a number- and intelligence-based look at every company – so you don’t have to do the digging yourself.
Sign up for the free Forbes AI Investor newsletter here to join an exclusive AI investing community and get premium investing ideas before markets open.
Yum! Brands Takes Us Beyond
In a major distribution agreement inked on Thursday between Beyond Meat and Yum! Brands, the two companies promised to bring a “craveable and innovative” new menu items to Yum!’s holdings. (Beyond Meat also penned a separate, unrelated agreement with McDonald’s on the same day. Financial terms were not disclosed in either deal.)
Yum! Brands called Thursday’s agreement an “expansion of the companies’ growing track record of collaborations” with alternative food developers. Already, Yum! has tested plant-based chicken in a handful of Canadian KFC locations, while Pizza Hut has trialed a “Beyond Italian Sausage” pizza. And with this new deal in pace, Yum! plans to expand its offerings to include protein-packed items such as chicken alternatives, pizza toppings, and even taco fillings.
A Quick Peek at the Balance Sheet
Before we get too excited about the future of plant-based foods, let’s reign in our enthusiasm and look at Yum! Brands’ financial performance in the last year.
As a result of the pandemic, their numbers have dropped across the board against their three-year marks, with revenue falling from $5.69 billion to $5.65 billion. Their operating income has taken a small hit as a result, dropping from $1.763 billion to $1.762 billion. And the same time, their EPS has slashed from $4.69 to $2.94 in per-share earnings.
But if this plant-based deal has reminded us of anything (other than juicy, vegetarian-friendly burgers), it’s that there’s plenty to feel optimistic about: Yum! is trading with a forward 12-month P/E of 26.24.
What Does Q.ai’s AI Have to Say?
Of course, now it’s time to talk about why you’re here: You want to know if Yum! Brands is a good investment for your future. And according to our AI, the answer is yes.
While Yum! Brands Inc rated an F in Technicals according to our AI, their other metrics performed better, with C’s in Growth and Quality Value and an A in Low Volatility Momentum. As a result of their performance, surprisingly dimmed financial losses in the wake of an unprecedented year, and the impending future of plant-based foods, Yum! Brands is rated Attractive for the month of February.
Liked what you read? Sign up for our free Forbes AI Investor Newsletter here to get AI driven investing ideas weekly. For a limited time, subscribers can join an exclusive slack group to get these ideas before markets open.
Source: S&P Global Market Intelligence
Q.ai, a Forbes Company, formerly known as Quantalytics and Quantamize, uses advanced forms of quantitative techniques and artificial intelligence to generate investment
…Q.ai, a Forbes Company, formerly known as Quantalytics and Quantamize, uses advanced forms of quantitative techniques and artificial intelligence to generate investment recommendations across all asset classes. When it comes to money, no one should have to settle. We make investing less intimidating, more accessible and a lot of fun for everyone. That’s investing, reimagined.",Forbes
https://www.forbes.com/sites/janakirammsv/2021/02/27/nvidias-transfer-learning-toolkit-30-accelerates-building-custom-ai-models/,2021-02-27,NVIDIA’s Transfer Learning Toolkit 3.0 Accelerates Building Custom AI Models,"NVIDIA has launched Transfer Learning Toolkit (TLT) 3.0, which dramatically reduces the time it takes to build computer vision and conversational AI models. TLT comes with multiple pre-trained models ready to be deployed in the cloud or at the edge.
Computer vision-based neural networks are incredibly complex. They implement multiple algorithms and techniques to perform image classification and object detection. These deep neural networks are trained with disproportionately large datasets to arrive at an accurate computer vision model.
Residual neural network (ResNet) is one of the most popular artificial neural network architectures used for training computer vision AI models. It defines the architecture to identify various patterns in images, which is the basis for computer vision AI. ResNet’s architecture is applied to a variety of datasets to train image classification and object detection models. ImageNet is a popular dataset of over 15 million labeled high-resolution images with around 22,000 categories. When a ResNet model is trained with ImageNet, the model can classify an image from one of the categories. The model can be used in many computer vision-based applications without any retraining.
Apart from ImageNet, other datasets such as Microsoft Common Objects in Context (COCO), Caltech-256, PASCAL VOC and CIFAR-100 can be used for training vision AI models. Similarly, there are many proven neural network architectures such as AlexNet, EfficientNet, VGG, MobileNet, GoogLeNet, SqueezeNet, YOLO or DarkNet for computer vision.
Training models based on sophisticated neural network architectures depend on two critical elements - large datasets and massive computational power. With TLT, NVIDIA addresses these challenges by making it possible to train models on regular compute infrastructure with smaller datasets.
TLT relies on a popular deep learning technique called transfer learning, where a proven, well-known neural network architecture is used to train newer models with smaller datasets. In transfer learning, most of the neural network architecture of a fully trained model is retained while replacing a minor part of it based on the custom dataset. It is possible to train models based on smaller datasets on relatively less powerful computers with transfer learning.
For example, a model based on ResNet trained with ImageNet can be reused to train a model to identify a car’s make and model.
TLT 3.0 comes with multiple models built using the transfer learning technique that are fine-tuned and optimized for production use. For example, the TrafficCamNet based on DetectNet_v2-ResNet18 can detect and track cars. Developers can easily extend available pre-trained models with custom datasets.
Apart from computer vision AI models, TLT also comes with conversational AI models for performing Automatic speech recognition (ASR), Automatic speech recognition (ASR) and Text to speech (TTS).
According to NVIDIA, the most important differentiator of the TLT is that it follows the zero-coding paradigm and comes with a set of ready-to-use Python scripts and configuration specifications with default parameter values that enable you to kick-start training and fine-tuning. This lowers the bar and enables users without a deep understanding of models, expertise in deep learning, or beginning coding skills to be able to train new models and fine-tune the pre-trained ones. With the new TLT 3.0 release, the toolkit makes a significant turn and supports the most useful conversational AI models.
NVIDIA has integrated TLT 3.0 with NVIDIA GPU Cloud (NGC), the one-stop-shop for container images, pre-trained models, Jupyter Notebooks and Helm charts. The workflow is based on downloading a pre-trained model, retraining with a custom dataset, pruning it, and retraining the model to recover the loss involved in pruning. All of this can be done without writing a single line of code.
TLT 3.0 needs an x86 machine running Ubuntu 18.04 with NVIDIA Docker runtime. Once installed, the TLT launcher pulls required images from NGC along with a set of Jupyter Notebooks that guide developers on using the toolkit. The trained models can be further optimized for running at the edge based on the Jetson family of devices.
With its no-code approach, TLT 3.0 makes AI accessible to developers who are not familiar with deep learning and neural networks. The support for computer vision and conservational UI models makes TLT 3.0 the most appealing technology for AI enthusiasts.
Janakiram MSV is an analyst, advisor and an architect at Janakiram & Associates. He was the founder and CTO of Get Cloud Ready Consulting, a niche cloud migration and
…Janakiram MSV is an analyst, advisor and an architect at Janakiram & Associates. He was the founder and CTO of Get Cloud Ready Consulting, a niche cloud migration and cloud operations firm that got acquired by Aditi Technologies. Through his speaking, writing and analysis, he helps businesses take advantage of the emerging technologies.
Janakiram is one of the first few Microsoft Certified Azure Professionals in India. He is one of the few professionals with Amazon Certified Solution Architect, Amazon Certified Developer and Amazon Certified SysOps Administrator credentials. Janakiram is a Google Certified Professional Cloud Architect. He is recognised by Google as the Google Developer Expert (GDE) for his subject matter expertise in cloud and IoT technologies. He is awarded the title of Most Valuable Professional and Regional Director by Microsoft Corporation. Janakiram is an Intel Software Innovator, an award given by Intel for community contributions in AI and IoT. Janakiram is a guest faculty at the International Institute of Information Technology (IIIT-H) where he teaches Big Data, Cloud Computing, Containers, and DevOps to the students enrolled for the Master's course. He is an Ambassador for The Cloud Native Computing Foundation.
Janakiram was a senior analyst with Gigaom Research analyst network where he analyzed the cloud services landscape. During his 18 years of corporate career, Janakiram worked at world-class product companies including Microsoft Corporation, Amazon Web Services and Alcatel-Lucent. His last role was with AWS as the technology evangelist where he joined them as the first employee in India. Prior to that, Janakiram spent over 10 years at Microsoft Corporation where he was involved in selling, marketing and evangelizing the Microsoft application platform and tools. At the time of leaving Microsoft, he was the cloud architect focused on Azure.",Forbes
https://www.washingtonpost.com/health/retiina-changes-in-early-alzheimers/2021/02/26/24c57bfa-6bba-11eb-9ead-673168d5b874_story.html?utm_source=rss&utm_medium=referral&utm_campaign=wp_homepage,2021-02-26,Our eyes may provide early warning signs of Alzheimer’s and Parkinson’s,"Early detection “is sort of the holy grail,” said Ron Petersen, director of Mayo Clinic’s Alzheimer’s Disease Research Center and the Mayo Clinic Study of Aging. By the time a patient complains of memory problems or tremors, the machinery of neurodegenerative disease has been at work probably for years or decades.
Experts liken it to a cancer that only manifests symptoms at Stage 3 or 4. When patients begin to feel neurodegenerative disease’s impact on their daily life, it’s almost too late for treatment.
Catching the warning signs of neurodegenerative disease earlier could give patients more time to plan for the future — whether that’s making caregiving arrangements, spending more time with family or writing the Great American novel.
In the longer term, researchers hope the ability to notice brain changes before symptoms begin could eventually lead to early treatments more successful at slowing or stopping the progress of Parkinson’s and Alzheimer’s, since no such treatment is currently available. The hope is that “the sooner we intervene, the better we will be” at preventing cognitive impairment, Petersen said
While scientists developing blood tests for Alzheimer’s and Parkinson’s continue to receive the lion’s share of the research funding, retinal screening could be noninvasive, inexpensive and remarkably sensitive, proponents say.
Visions of the future
Alzheimer’s and Parkinson’s cause sweeping changes to the landscape of the brain before there are any behavioral shifts — blood vessels atrophy, neurons die prematurely and snarls of misfolded proteins disrupt communication between surviving neurons. Current techniques for detecting these shifts, including PET imaging at $3,000 to $6,000, can identify Parkinson’s and Alzheimer’s pathology in the brain before symptoms begin, but they’re too invasive and costly for widespread use. But identifying parallel changes in the retina is a different story.
Maya Koronyo-Hamaoui, a neuroscientist and professor of neurosurgery, studies early Alzheimer’s intervention and treatment at Cedars-Sinai. She and her team have pioneered a technique to visualize the plaques associated with Alzheimer’s in the retinal neurons of live patients with mild cognitive impairments, at a cost of about $285 a scan. All it requires is modified ophthalmological equipment — and a lot of curry flavoring.
Patients prepping for Koronyo-Hamaoui’s retinal exam load up on protein shakes spiked with curcumin, the naturally occurring compound that gives turmeric its color and flavor and is central in curry. Curcumin has an extreme affinity for amyloid beta, the protein that makes up Alzheimer’s plaques. Surprisingly for those of us with turmeric in our spice drawers, it also glows yellow when exposed to blue light (yes, you can try this on your spice rack at home). Scientists have tied retinal amyloid beta to lower scores on cognitive tests, more plaque in the brain and reduced volume in the hippocampus, the brain’s memory hub.
If Koronyo-Hamaoui’s imaging system seems low-tech to neuroscientists accustomed to PET’s radioactive tracers and million-dollar scanners, Ruogu Fang’s technique for Parkinson’s screening is downright stone age.
Fang is a biomedical engineer who researches applications of artificial intelligence in health and medicine. She and her collaborators at the University of Florida use a fundus camera — a specialized iPhone attachment about the size of a book — to take high-resolution photos of the microscopic blood vessels in the back of the eye. Changes to the blood vessels in the brain are characteristic of both Parkinson’s and Alzheimer’s disease, as oxygen deprivation contributes to premature neuron death, and there’s strong evidence that blood vessels in the retina mirror those changes.
Initial results suggest that computer algorithms are able to use these fundus images to distinguish Parkinson’s patients from healthy controls with an accuracy upward of 70 percent.
Neither of these biomarkers are perfect candidates — amyloid beta accumulates in the healthy brain with age and many people with elevated amyloid beta remain cognitively normal, Koronyo-Hamaoui acknowledged. Fang noted that vascular changes are present in myriad other conditions including diabetic retinopathy — a vision condition caused when high blood sugar blocks blood vessels to the retina — and traumatic brain injury.
But it’s not about finding a single, silver-bullet biomarker, said Sharon Fekrat, a vitreoretinal surgeon and co-director of the Duke Neurodegenerative Disease Retinal Imaging Repository.
To try to figure out which biomarkers are most effective forecasters of Alzheimer’s, Fekrat and her collaborators are feeding extensive patient profiles — including images of the retinal vasculature and measurements of the various layers of the retina in people who have known Alzheimer’s pathology — into a neural network, a form of machine learning that identifies patterns based on a set of training data. The network then experiments with different combinations of data points to pin down how to get the most accurate diagnosis with the least patient information.
So far, according to Fekrat’s neural network, thinning of the retina’s ganglion cell layer has the most predictive power for an Alzheimer’s diagnosis — in other words, the neural network was able to use the thickness of a layer of the retina to distinguish between patients with clinically diagnosed Alzheimer’s and healthy controls of a similar age. That measurement can be achieved using optical coherence tomography, a patient eye scanning system most eye doctors already use.
Fekrat’s and the Duke team’s vision is for a cheap and accessible retinal scan that could identify warning signs for various neurodegenerative diseases at the same time. Right now, they’re training their neural network to scour images of the retina for the hallmarks of Parkinson’s, Alzheimer’s, and Lewy body dementia, which can cause hallucinations and delusions as dementia sets in.
“We could set up a machine next to a pharmacy,” Fekrat said. Patients could sit down in a booth like the ones with blood pressure cuffs already omnipresent in drugstores, have their eyes imaged, and “we’ll have our deep learning algorithm analyze it and spit out a risk score, or a diagnostic index” that can direct them to a neurologist if necessary.
A chance to be vigilant
Identifying any of these biomarkers in the retina doesn’t mean a patient will develop full-blown Alzheimer’s or Parkinson’s within their lifetime, Petersen said. Such information should be considered a warning sign — like high blood sugar levels — that prompts both doctor and patient to be vigilant for other changes.
It’s also an opportunity for the patient to be proactive about preventive measures that may slow the progression of neurodegenerative diseases, such as exercise and improved diet. “Exercise is the only thing I’ve seen that really helps with Alzheimer’s and Parkinson’s,” said Laura Volpicelli-Daley, an assistant professor of neurology at the University of Alabama at Birmingham. She added that she hopes biomarkers that show a patient their personal risk will make reasons to change their habits tangible and urgent.
“It’s like with 23andMe,” Fekrat points out, referring to the popular DNA test that identifies genes associated with an elevated likelihood of developing a disease or condition. “When people know their risk, they say, ‘Oh, I have the gene for macular degeneration. I’m not going to smoke.’ ”",The Washington Post
https://www.forbes.com/sites/lanceeliot/2021/02/27/convincing-a-self-driving-car-to-go-where-you-want-it-to-go-when-it-wont-go-there/,2021-02-27,Convincing A Self-Driving Car To Go Where You Want It To Go When It Won’t Go There,"Stubborn as a mule.
Sometimes it seems as though a car is about as stubborn as a mule or perhaps acting bull-headed.
Here’s an example of something I witnessed first-hand the other day.
A tow truck was getting ready to take a car for a tow.
This was a flatbed style tow truck. You’ve surely seen these types of tow trucks on the roadways wherein they piggyback a car that needs to be transported. In that sense, the tow truck isn’t really towing the car and as much as essentially giving it a ride on the flatbed.
The tail end of the flatbed portion tilts at a somewhat acute angle to allow for driving a car up onto the riding platform. This forms a ramp for the car to traverse upward onto the empty and awaiting flatbed area.
If needed, a car could be hooked-up at ground level and pulled agonizingly up the ramp by a special winching apparatus. Presumably, this feature is reserved for cases of a car that is unable to be driven, such as after a car crash or when the engine has conked out and won’t start. In this instance, the car appeared to be quite drivable, and thus things were readied for the car to make its way up the ramp, ultimately aiming to become nestled and secured onto the flatbed.
The person that owned the car got into the driver’s seat and aligned the vehicle with the skids of the tilting rampway. You could see that the driver was a bit nervous about this kind of driving predicament.
I say predicament because whoever is driving the car will need to make sure the tires of the car are able to perfectly make their way into the ramp skids. Next, you need to give the car enough gas to get it to readily accelerate up the steep ramp. Of course, you also need to make sure that you come to a proper stop once you’ve made your way up the ramp and ended up on the flatbed portion.
There is a danger that you might overshoot the acceleration needed, possibly zooming up the ramp and onto the flatbed, and subsequently find yourself zipping forward out-of-control and ramming into the back of the tow truck itself. This car did not yet seem to have any outward appearance of damages. It would certainly be a shame to crush the front of the car or otherwise dent this pristine-looking vehicle, simply by the act of trying to get it onto the tow truck flatbed.
The tow truck driver made no effort to assuage the car driver’s qualms.
I’m sure that if the tow truck driver had offered to do the driving, the driver would likely have acquiesced, gleefully so. Meanwhile, the driver looked to be the type of person that would not ever ask to have the tow truck driver do the driving. This would be a driver’s loss of face, as it were, and an admission of weakness or helplessness that this particular car driver seemed unwilling to concede.
There you have it, a moment whereby a reluctant car driver wants to undertake a driving activity that is rarely performed in any semblance of ordinary daily driving, and a tow truck driver that probably has done this driving act a thousand times but is deferring to the ordinary driver in this case.
What might happen?
I felt as though I might be witnessing a car accident in the making. It seemed like going to a bullfight and awaiting the moment that the bullfighter might get gored. You assume that the matador is probably unlikely to get into any problematic circumstance, though there is a tense air of possibility and thus the whole thing is certainly worth watching.
The driver began to inch up the ramp.
When referring to inches, I mean inches. Time was nearly standing still, that’s how slowly the car was making its way up the ramp. The car was straining to do so. Gravity was working its magic and the weight of the vehicle was helping out. You could tell that the driver was not willing to apply a lead foot to the gas pedal and instead was hoping that the car could crawl rather than dart aboard the flatbed.
The expression on the face of the tow truck driver was priceless.
He was somewhat bemused at the difficultly of the car driver. Imagine that you are an artist, and you see someone flail around with a paintbrush and not know how to properly cast paint onto a canvas. The tow truck driver was undoubtedly imbued with car-up-the-ramp artistry after years of toil and was now witnessing the rather lame and ineffectual efforts of a layman at his same craft.
That being said, bemusement does not necessarily translate into cash in one's pocket. It is doubtful that the tow truck driver was getting paid by the hour. He wanted to finish this job, expediently, and take the car to wherever it had to go. The longer this snail-paced inching took, it meant the tow truck driver was losing out on future opportunities awaiting his valued towing services.
The tow truck driver yelled to the car driver and inquired as to whether he needed any help. That seemed to spur the car driver to take heightened risks, and sure enough, the car finally bolted up the rest of the ramp and landed squarely onto the flatbed.
No harm, no foul.
It is a sure bet that the car driver went home that night and bragged about his driving prowess. You can also bet that the tow truck driver got home and carped about a car driver that took eons to get a car onto his flatbed. Two different views involving two people living in different worlds, as it were.
Anyway, you could assert that the car was stubborn and didn’t want to go up that ramp.
I doubt any of us would seriously though contend that the car “knew” it was going up a ramp. All that happened was that physics was working against the car as it tried to climb the ramp. That’s about it.
You might say the stubbornness was rooted in the car driver. He was unable to smoothly drive the car up the ramp. He wasn’t stubborn in the sense of not wanting to drive the car, it was more like stubbornness about insisting on driving in a situation that he wasn’t versed in driving (and, for which he had an immediate substitute on-hand that did know how to do so). Maybe the car driver was worried that the tow truck driver would be overly callous and not gingerly drive his prized baby (car) onto the flatbed. Or perhaps the car driver wanted the thrill of trying a new and tricky maneuver. People have innumerable reasons for what they do.
Shifting gears, and since we are discussing the topic of cars, the future of cars entails self-driving cars (see my coverage at this link here). This stubbornness element in the flatbed truck tale brings up an interesting facet about self-driving cars and one that few are giving much attention toward.
First, be aware that true self-driving cars are driven by an AI-based driving system and not by a human driver. Thus, in the case of this flatbed truck scenario, if the car had been a self-driving car, the AI driving system would have been trying to get the car up that ramp and onto the flatbed.
Secondly, there are going to be instances wherein a human wants a self-driving car to go someplace, but the AI driving system will “refuse” to do so.
I want to clarify that the AI is not somehow sentient since the type of AI being devised today is not in any manner whatsoever approaching sentience. Perhaps far away in the future, we will achieve that kind of AI (see my discussion at this link here), but that’s not in the cards right now.
This latter point is important because the AI driving system opting to “refuse” to drive someplace is not due to the AI being a sentient being, and instead is merely a programmatic indication that the AI has detected a situation that it is not programmed to drive in. Please dispense with any anthropomorphizing of the AI and realize that this is merely automation that is providing an automation-based invoked response.
Today’s then intriguing question consists of this: How can you convince a self-driving car to go where you want it to go when it won’t go there?
We’ll use the loading of the car onto the flatbed as a handy exemplar.
Time to unpack this matter and see.
Understanding The Levels Of Self-Driving Cars
As a clarification, true self-driving cars are ones that the AI drives the car entirely on its own and there isn’t any human assistance during the driving task.
These driverless vehicles are considered Level 4 and Level 5 (see my explanation at this link here), while a car that requires a human driver to co-share the driving effort is usually considered at Level 2 or Level 3. The cars that co-share the driving task are described as being semi-autonomous, and typically contain a variety of automated add-on’s that are referred to as ADAS (Advanced Driver-Assistance Systems).
There is not yet a true self-driving car at Level 5, which we don’t yet even know if this will be possible to achieve, and nor how long it will take to get there.
Meanwhile, the Level 4 efforts are gradually trying to get some traction by undergoing very narrow and selective public roadway trials, though there is controversy over whether this testing should be allowed per se (we are all life-or-death guinea pigs in an experiment taking place on our highways and byways, some contend, see my coverage at this link here).
Since semi-autonomous cars require a human driver, the adoption of those types of cars won’t be markedly different than driving conventional vehicles, so there’s not much new per se to cover about them on this topic (though, as you’ll see in a moment, the points next made are generally applicable).
For semi-autonomous cars, it is important that the public needs to be forewarned about a disturbing aspect that’s been arising lately, namely that despite those human drivers that keep posting videos of themselves falling asleep at the wheel of a Level 2 or Level 3 car, we all need to avoid being misled into believing that the driver can take away their attention from the driving task while driving a semi-autonomous car.
You are the responsible party for the driving actions of the vehicle, regardless of how much automation might be tossed into a Level 2 or Level 3.
Self-Driving Cars And Being Mule Headed
For Level 4 and Level 5 true self-driving vehicles, there won’t be a human driver involved in the driving task.
All occupants will be passengers.
The AI is doing the driving.
Envision a self-driving car that is supposed to get itself onto the flatbed of a tow truck.
We’ll assume that the self-driving car is fully operational. This is worthwhile mentioning because any problems associated with the autonomous driving capabilities could readily undermine the capability of the AI driving system to perform this particular driving task.
For example, if the sensors needed for driving weren’t working properly, the car isn’t likely going to be able to drive itself up that ramp and onto the flatbed. The sensor suite, consisting usually of video cameras, radar, LIDAR, ultrasonic units, and the like, is used to detect the driving environment. Without those devices functioning properly, the AI driving system is essentially blind to the world around the vehicle. By-and-large, the AI driving system is programmed to not proceed with driving if the sensors aren’t able to work right.
If this was a scenario whereby the self-driving car was generally inoperable, presumably the tow truck would use the winch to drag the self-driving car up onto the flatbed. This is the same activity that would take place if a conventional car was otherwise inoperable.
One small twist is that it could be that the normal car aspects of the self-driving car are within operable capacity, and only the AI and related self-driving aspects are out-of-whack. In other words, the car might be a fully drivable car, by a human being, assuming that there are still human-drivable driving controls available in the self-driving car.
The future design of self-driving cars is that they will likely eliminate the incorporation of human driving controls. Your first thought might that doing so is counterintuitive. It seems like keeping the driving controls intact would be handy in any circumstance involving the AI driving system being unable to adequately drive the car. A human could takeover.
Well, the counterargument is that a key premise for the advent of self-driving cars is that they will reduce dramatically the annual number of car crashes and fatalities thereof. In the United States alone, there are about 40,000 annual car crash-related fatalities and approximately 2.5 million car crash-related injuries. Much of that is due to drunk drivers, distracted driving, and other foibles of human drivers. By excising the human driver from behind the wheel, the hope is that the AI driving systems won’t incur those kinds of car statistics (AI driving systems won’t drive drunk, they won’t be distracted, etc.).
Thus, if you retain the human driving controls, you are keeping the door open to human driving, and ergo not going to gain the full semblance of benefits by having AI driving systems. The nightmare is that a human will decide to turn-off the AI driving system, perhaps doing so after coming out of a nighttime bar and having had too much to drink, and opt to drive the vehicle. Rather than allow that temptation, some assert that the best bet is to remove the human-accessible driving controls entirely.
We don’t yet know how this will playout. Some insist that no one will ever take away their driving privileges, at least not until you pry their cold dead hands from the steering wheel.
Returning to the flatbed tow truck scenario, assume that the AI driving system of the self-driving car is working fine and that the car aspects of the self-driving car are working fine too. Okay, you might be tempted to assume that the AI driving system will just zip up that ramp and park that self-driving car on the flatbed, doing so like a jet plane that lands on an aircraft carrier deck.
Indeed, perhaps the AI driving system would undertake this flatbed tow truck driving challenge a lot better than the car driver did. We wouldn’t expect the AI to be quite so timid as the human driver. By taking the nervousness out of the driving equation, we seem to have a robot-like system that will drive without emotion and therefore drives more straightforwardly.
Going even further, it causes one to wonder whether the AI driving system might do better at this task than the tow truck driver. Since we are comparing the AI driving system to human drivers, we ought to not just look at the car driver that was a neophyte at driving up onto the flatbed. Indubitably, it makes sense to compare to the expert driver, the tow truck driver, having done this same action zillions of times.
In theory, if the AI driving system has been programmed for this kind of driving task, one supposes that it will potentially do a better job than the car driver did. And, there is a chance too that it might do the same in terms of equally or besting the tow truck driver (perhaps).
The problem is that the AI driving system probably has not been programmed for this specific kind of driving task.
Keep in mind that the automakers and self-driving tech firms are focusing their energies on getting AI driving systems to drive a car safely from point A to point B, such as going from someone’s home to the mall. This involves driving on normal streets and highways. It involves coping with bike riders and pedestrians. And so on.
That alone is a moonshot-like load of car driving difficulties.
Programming an AI driving system to climb up a ramp onto a flatbed is not very high on the list of top priority development efforts. At best, it is on the edge or corner cases list, meaning that it is something identified as eventually worth pursuing, but considered a low priority right now.
Aha, you are thinking, maybe the AI doesn’t need specific programming for going up a ramp and parking on the flatbed. Seems like that type of driving is generalizable and can be devised by anyone or anything that knows how to drive.
In other words, pretend we went and found a teenage novice driver. They barely know how to drive a car. We present them with the situation of the flatbed tow truck. Could this newbie driver figure out what to do? The reasonable answer is that yes, they could. The teenager might not like doing so, or might have difficulty with the task, but overall, we can likely agree that they could get the job done.
Unfortunately, there are very few AI driving systems that have that kind of generalizable capability. In fact, we would want to think twice about that kind of capacity. There is a chance that the AI driving system might attempt to drive in inherently dangerous settings. Realize that the AI has absolutely no sense of common sense or common-sense reasoning.
No matter what you might say about a teenager, they do have some modicum of common sense. Sure, go ahead and scoff at this point, but when comparing a thinking human being, albeit an immature one, they still have a common-sense facility that no one has been yet able to get an AI system to imbue. Admittedly, the teenager might “reason” themselves into a really bad situation, and for that, we would all be saddened, though nonetheless they at least had some capacity to reason about what they are doing.
Here’s then where this all lands in terms of the flatbed truck scenario.
Unless an AI driving system has been programmed or ostensibly trained to cope with the tow truck matter, the odds are that the AI driving system would be ill-prepared to drive up that ramp.
In addition, the sensors would likely be detecting the tow truck and the flatbed, and not be able to discern what it all portended. In short, the tow truck and its elements would be a blob that is blocking the path forward.
The AI driving system would likely balk at being commanded to drive ahead. There are too many obstacles and seemingly unknown objects that are in the path forward. In a similar manner to how the AI driving system might be programmed to avoid ramming a parked car that is ahead of the self-driving car, by refusing to move forward into the rear-end of a parked car, this same reaction is bound to be the response by the AI driving system to the flatbed truck.
You could say that the AI driving system would “refuse” to try and drive up the ramp. Again, recall that the refusal is not by a conscious effort. This is a refusal in the same manner that you might have a garage door with a built-in obstruction detector that won’t finish closing the garage door because an object is in the way.
Getting The Mule To Move
How can you convince the AI driving system to get up that darned ramp?
Setting aside the earlier point that you could winch the self-driving car up the ramp, which doesn’t count per se since the self-driving car is merely a hefty paperweight in that instance (that’s not the spirit of the problem being tackled herein), we can consider some other options.
You could try to trick the AI driving system.
Perhaps mask the appearance of the tow truck and its ramp, making it look more like a normal road is ahead of the self-driving car.
This is pretty much a really bad idea.
Some are worried that it might be overly easy to fool a self-driving car into driving in settings that it should not be doing so. Various adversarial attacks have been experimented with. In any case, the idea of doing this even with good intentions (versus evildoer intentions) is also rife with problems and dangers. You might regrettably fool the AI into getting the self-driving car into a quite dicey predicament for everyone involved.
Another approach would be to contact the fleet operator of the self-driving car.
Here’s what that means.
Unlike conventional cars, it is anticipated that all self-driving cars will be part of some fleet, of one kind or another. The fleet operator will be able to use OTA (Over-The-Air) electronic communications to download software updates into the on-board AI driving system. Also, the OTA can be used to collect or upload data from the self-driving car, such as the driving scene data that was derived by the sensor suite.
It could be that the AI driving system has a special software-enabled mode or added software component that has been devised to cope with this kind of tow truck flatbed driving scenario. Maybe it hasn’t been loaded into the self-driving car as yet, or maybe it is on-board and dormant until activated by an authorized remote indication.
In that case, in theory, the component could be downloaded and then invoked, or if already on-board then simply activated. This is a bit of a stretch in that doing so on-the-fly is rather sketchy, but this does count as a possibility.
Another thought you might have would be to ask a remote operator to take over the driving controls and manually drive the self-driving car up that vaunted ramp.
Well, now you’ve opened an entire can of worms.
Some self-driving cars are going to be outfitted with remote accessible driving controls, and some will not be so adorned (for my discussion about this, see the link here). Those that are opposed to remote accessible driving controls point out that such a capacity could be used by bad actors and in insidious ways. I won’t say much more about that here. Even if such remote driving were done by an authorized person, they are reliant upon the electronic communication connection between the vehicle and the agent that is doing the driving.
You might be somewhat okay with the electronic communication delays or disruption that could occur, depending upon the driving setting involved. For example, when a remotely driven rover on another planet is remotely controlled, you have to expect that the communications are time-delayed and fractured. Of course, here on earth, the danger is that the vehicle is potentially surrounded by humans that are going to get hit, and a disruption in the communications linkage could lead to dire consequences.
In short, there is a great deal of controversy about having remote driver accessibility to self-driving cars and you cannot pin your hopes on that kind of feature existing to solve the flatbed truck conundrum that we are discussing.
There is a notable variant of that kind of approach.
The variation is that a remote agent can provide advice to the AI driving system. This is an important distinction, namely between remote driving and the alternative of providing remote guidance or advice. In the use case of remote guidance, the AI driving system is still considered in-charge of the driving task.
The remote human makes recommendations to the AI driving system. The AI driving system must use its own capabilities to then ascertain whether to proceed. This has various limitations and tradeoffs, somewhat trying to get the best of both worlds, and might be viable to cope with the flatbed tow truck situation.
Conclusion
A self-driving car is not a mule.
That being said, you could assert that at times an AI driving system will be stubborn in terms of “refusing” to drive where you want it to go. The beauty of human driving is that a human can drive however they want, meaning they can drive in places that you wouldn’t think a car could go. The downside and ugliness of human driving involve driving places you ought to not go.
Perhaps someday AI systems will be astute and cunning, able to navigate all kinds of driving situations that it has not heretofore seen. Until then, it won’t make sense to get mad at the mule, and definitely don’t kick one, since it will only hurt your own foot and won’t especially bother the AI.
Dr. Lance B. Eliot is a world-renowned expert on Artificial Intelligence (AI) with over 3.8+ million amassed views of his AI columns. As a seasoned executive and
…Dr. Lance B. Eliot is a world-renowned expert on Artificial Intelligence (AI) with over 3.8+ million amassed views of his AI columns. As a seasoned executive and high-tech entrepreneur, he combines practical industry experience with deep academic research and serves as a Stanford Fellow at Stanford University. Formerly a professor at USC and UCLA, and head of a pioneering AI Lab, he frequently speaks at major AI industry events. Author of over 50 books, 500 articles, and 250 podcasts, he has made appearances on media outlets such as CNN and co-hosted the popular radio show Technotrends. He's been an adviser to Congress and other legislative bodies and has received numerous awards/honors. He serves on several boards, has worked as a Venture Capitalist, an angel investor, and a mentor to founder entrepreneurs and startups.",Forbes
https://www.cnn.com/interactive/2021/02/asia/china-wuhan-covid-truthtellers-intl-hnk-dst/?utm_source=feedburner&utm_medium=feed&utm_campaign=Feed%3A+rss%2Fcnn_topstories+%28RSS%3A+CNN+-+Top+Stories%29,2021-02-27,China’s truthtellers: The people who shared details of the Covid-19 pandemic that Beijing left out,"The truthtellers
By Julia Hollingsworth and Yong Xiong
Untitled
They all had information Beijing wanted wiped from the collective memory.
Chen Kun
""We know you covered up the outbreak in 2003, and we believe you will cover up the epidemic this year again.""
Untitled
No more 404.
One Monday morning, Chen Meiⓘ didn’t log on for work.
It was spring in the Chinese capital Beijing, and the non-profit organization that the 27-year-old worked for was operating remotely as coronavirus continued its spread.
Concerned, Chen Mei’s boss called his brother, Chen Kunⓘ, who hadn’t heard from his sibling. Immediately, Chen Kun had a bad feeling. His brother had been republishing sensitive articles about the early days of the pandemic, some of which were later removed by Chinese censors. When Chen Mei’s workmate reported his disappearance to the police, officers said he had been taken away for investigation.
That was 10 months ago. Chen Kun hasn’t seen his brother since.
Chen Mei is among a number of truthtellersⓘ the Chinese government has allegedly tried to silence for sharing information that diverges from the official narrative, information that activists allege Beijing wants wiped from the collective consciousness.
Some were doctorsⓘ who tried to warn of a deadly new virus in Wuhan, or citizen journalists who documented hospitals stretched to breaking point with bodies piled outside. Others, like Chen Mei, tried to preserve evidence of the unfolding crisis online, even in the face of widespread censorship.
The truthtellers laid bare how slow authorities were to warn the public, and the world, about the enormity of the coronavirus threat. Their stories contrasted with the narrative pushed publicly by the Chinese governmentⓘ that it was on top of the dangerous virus and was preventing its devastating spread. The evidence they sought to share is crucial to understanding the timeline of the virus, so the world can prevent another pandemic of this scale happening again.
A year on, the truthtellers’ legacy is unclear. Many have paid a heavy priceⓘ for their work. Some have been detained. Others are missing. One even died as he tried to bring the full story to light.
Chen Mei
Chen Mei in 2019
Chen Kun
Chen Kun holds a picture of his brother in front of the United Nations building in Geneva.
truthtellers
Truthtellers, noun
In this case meaning:
Citizen journalists, doctors and archivists who revealed what was happening in the early days of the pandemic.
doctors
Dr. Li Wenliang alerted fellow doctors about the new SARS-like virus spreading in December 2019.
Chinese government
Wuhan CDC director Li Gang said on Jan 19, 2020 that “the transmissibility of this new coronavirus is not strong.”
Zhang Zhan
- Zhang Zhan
- What she found
- Documented harsh realities of Wuhan life between early February to mid-May, including overflowing hospitals and empty shops.
- What happened
- Sentenced to four years in prison for “picking quarrels and provoking trouble.”
Censorship in China
China’s internet ecosystem is heavily controlled by the government -- but users are always trying to find new ways to evade detection from the censors. Here’s how it works.
Many Western internet sites aren’t available in China without a virtual private network (VPN) that helps users cross the country’s vast censorship apparatus, known as the Great Firewall.
There’s one error code all internet users are familiar with: 404.
It means a page cannot be found -- in China, that’s often because it has been censored.
To keep content that has been 404’d alive, Chinese internet users deploy a range of creative methods without the inflammatory key words censors search for.
Chen Mei’s solution to China’s censorship was Terminus 2049, a crowd-sourced repository for sensitive articles that he and his friend Cai Wei co-founded in 2018 on GitHub, a US-owned platform favored by software developers as it allows them to share code and collaborate on projects remotely.
To Chen Kun, the purpose of Terminus 2049 was very simple.
“They wanted people to see the complete picture of these important social events so that they could understand the real China,” he said. “You are censoring, I am archiving, you want it to disappear, I want to save it, and spread it. That’s the ultimate goal.”
It was only when Termnius 2049 started memorializing articles about Wuhan that the authorities took action.
All of these sites are blocked in China.
Google, for example, is not visible in China.
This is what a 404 error looks like.
Here’s what a user sees when they try to access a censored article on Chinese social media platform WeChat -- in this case, an interview with Dr. Jiang Yanyong, a whistleblower during the 2003 severe acute respiratory syndrome (SARS) outbreak
This picture of Dr. Ai Fen, who was one of the first to raise the alarm about Covid-19, is censored on Chinese social media platform Weibo. The message says: “No permission to view.”
This is what a censored news report looks like -- in this case, on Chinese news outlet Phoenix New Media.
This error message appears when anyone in China tries to load YouTube.
This is an interview with Dr. Ai Fen where some characters have been substituted for emojis.
And here is that same interview -- this time, in a video that mimics the opening credits of the Star Wars movies.
This is Terminus 2049 on GitHub. When a user spotted an article on a controversial topic, they could send it to Terminus 2049 and the site’s bot would automatically save the article’s content and republish the text on Terminus 2049. GitHub is US-owned, meaning the saved stories were out of the Chinese government’s reach.
While certain pages hosted on GitHub are sometimes blocked by China’s Great Firewall, the platform itself is still accessible, because software developers there rely on it to share code.
That meant that regular internet users in China could access Terminus 2049, and its archived articles, even without a VPN.
Chen Mei and his fellow Terminus 2049 users initially posted articles about migrant evictions, then stories of sexual assault emerging from the #MeToo movement -- anything they wanted to save from the censors.
Terminus 2049 is a reference to a planet on the edge of the galaxy in a series by American science-fiction writer Isaac Asimov.
Chen Kun believes his brother’s goal in setting up Terminus 2049 wasn’t to advocate for a single issue, but to fight for a free internet. Terminus 2049’s About page sums it up: “No more 404.”
Meet the truthtellers
Chen Mei was perhaps an unlikely hero of the coronavirus pandemic.
Chen Mei
- Chen Mei
- What he did
- Archived and republished articles about the early days of the coronavirus on Terminus 2049, including interviews with Ai Fen and Li Wenliang, and a Caixin investigation into the early days of the outbreak.
- What happened
- Detained on April 19, 2020, and charged with “picking quarrels and provoking trouble.” He is still awaiting trial.
A shy but passionate zoology graduate, he worked for a non-profit that helps people with hearing loss, according to his brother Chen Kun. He loved cats and kept a low profile online, said a friend who asked not to be named out of fear of punishment from the authorities.
“He was never the initiator of projects -- he always played the supporting role,” said Chen Kun.
But with Terminus 2049 he made an exception.
“You might have to be more cautious about this,” Chen Kun remembers telling his brother, reminding Chen Mei that if he could see his posts about Terminus 2049, then others could, too.
Even so, Chen Kun didn’t think his brother would be arrested as what he was doing was relatively conservative compared to other activists. But under China’s system of information control, the rules are always shifting.
Chen Qiushi
Source: Chen Qiushi/YouTube
- Chen Qiushi
- What he found
- Reported in late January that Wuhan hospitals and doctors were overworked and lacking in supplies.
- What happened
- Mother previously said he had been forcibly quarantined. Believed to be in Qingdao, China. Chen Qiushi’s friend Xu Xiaodong, a famous mixed martial arts fighter in China, said in a YouTube video that Chen had not been charged and was safe and healthy, but was living under state supervision.
Fang Bin
Source: Fang Bin/YouTube
- Fang Bin
- What he found
- Documented body bags piling up outside a Wuhan hospital.
- What happened
- Went missing after posting a video on February 9, 2020. Has not been heard from since, location unknown. Believed to be detained.
Li Zehua
Source: Li Zehua/YouTube
- Li Zehua
- What he found
- Disguised himself as an applicant hoping to work at a Wuhan crematorium and spoke with the recruiter about what would be expected of him so that he could gather evidence of how many people had died. Revealed how state security was trying to silence citizen journalists like him.
- What happened
- Posted video on February 26, 2020 where he said he was being chased by state security before going missing. In April, he published a video saying that he had been put into forced quarantine, and released hidden camera footage that he said showed police coming into his room and taking him away.
Zhang Zhan
Source: Zhang Zhan
- Zhang Zhan
- What she found
- Documented harsh realities of Wuhan life between early February 2020 to mid-May, including overflowing hospitals and empty shops.
- What happened
- Sentenced to four years in prison for “picking quarrels and provoking trouble.”
Cai Wei
Provided to CNN by Chen Kun
- Cai Wei
- What he did
- Archived and republished articles about the early days of the coronavirus on Terminus 2049, including interviews with Ai Fen and Li Wenliang, and an investigation by Chinese media outlet Caixin into the early days of the outbreak.
- What happened
- Charged with “picking quarrels and provoking trouble.” He is still awaiting trial.
Ai Fen
Source: Wuhan Central Hospital
- Ai Fen
- What she did
- One of the first doctors to attempt to raise the alarm on the spread of a new coronavirus in December 2019; her interview with Chinese media prompted an online movement to fight against government censorship. Ai would later become known as the “whistle-giver.” As she told media, she wasn’t the whistleblower, just the one who provided the whistle.
- What happened
- Interviewed by the Disciplinary Committee of her hospital and accused of spreading rumors. No known punishment, appears to still be working as a doctor in Wuhan.
Li Wenliang
Source: Li Wenliang
- Li Wenliang
- What he did
- Alerted fellow doctors about the new SARS-like virus spreading in December 2019, gave media interviews on the early days of the pandemic in January.
- What happened
- Called to a Wuhan police station on January 3, 2020, where he was reprimanded for spreading rumors on the internet, and told to sign a statement acknowledging his misdemeanor. Tested positive for coronavirus on February 1, 2020, and died on February 7, 2020, from coronavirus.
Zhang Yongzhen
- Zhang Yongzhen
- What he did
- His team sequenced the genome, and were the first to release it publicly. The Chinese government released the genome the following day.
- What happened
- His lab was temporarily closed 'for rectification' the day after he published the genome sequence information. He is still working to trace the origin of the coronavirus.
It’s not always immediately clear where the red line is for censorship, and because the rules aren’t static, some people venture into gray areas in the belief that what they are doing will be tolerated by the government. They hope that they will be lucky enough to avoid censorship and potential punishment.
“It’s really unclear what is legal and what is illegal,” a friend of Chen Mei noted. “Why would archiving those articles be illegal?”
When Chen Kun got that fateful call on April 20 from his brother’s boss, he was in Indonesia, trying to avoid the pandemic. His brother Chen Mei had disappeared alongside Terminus 2049 co-founder, Cai Wei, and Cai Wei’s girlfriend, he soon learned.
Chen Kun and Chen Mei.
At the beginning of May, Chen Mei’s parents received a notice via courier from police which confirmed their suspicions: their son was under residential surveillance at a designated location, a system whereby people can be held for up to six months without charge.
China’s Ministry of Foreign Affairs and State Council Information Office have not responded to requests for comment on case statuses of Cai Wei and Chen Mei, and fellow truthtellers Chen Qiushi and Fang Bin. They did not confirm how many people had been detained or prosecuted for sharing information on the pandemic. China’s Cyber Security Administration has not responded to a request for comment on whether archiving and republishing Chinese news reports is illegal.
This is the arrest warrant for Chen Mei issued by Beijing Public Security Bureau on June 12, 2020.
Provided to CNN by Chen Kun
Chen Kun had already spent time in detention in Beijing back in 2014. He said he was arrested after his girlfriend put up posters in the city supporting Hong Kong’s pro-democracy Umbrella Movement. Authorities believed he ordered her to do it.
“It wasn’t my plan to study in Paris,” he said. “I would have gone back to China after the pandemic if it weren’t for my brother.”
He worries for his family left in China, including his mother, who the Chinese authorities have contacted to ask about Chen Mei’s political activities, although she knew nothing.
“I’m worried, but I don’t have any choice. I just have one option which is to speak out,” Chen Kun says.
Chen Kun says if people can only see the “whitewashed” version of history promoted by the Chinese government, there will be no way to learn from this current outbreak.
“Then what was the sacrifice of this year for?” he says.
Timeline of the initial outbreak
In the year since Covid-19 emerged in China, Beijing has pushed its version of events to a domestic and global audience. But the truth can be found in articles that were archived before censors swept through Chinese-language media.
CNN has constructed an unofficial timeline of the first few months of the pandemic based on reports by citizen journalists and articles posted on GitHub sites -- including Terminus 2049.
China’s Ministry of Foreign Affairs and State Council Information Office have not responded to requests for comment on accusations that officials delayed warning the Chinese public about Covid-19. Both bodies and the Cyber Security Administration did not reply to requests to explain why news reports from the beginning of the pandemic were censored.
No official reports of a novel coronavirus.
A 65-year-old deliveryman linked to the Huanan Seafood Market in Wuhan is admitted to Wuhan Central Hospital after developing a fever three days earlier.
Source: Caixin, February 26, 2020
No official reports about a novel coronavirus.
A private company is asked to run a genomic test on a swab sample from the deliveryman and finds a new coronavirus.
Source: Caixin, February 26, 2020
Still no official reports about a novel coronavirus.
Zhang Jixian, a respiratory doctor at Hubei Provincial Hospital of Integrated Chinese and Western Medicine in Wuhan, alerts her hospital to four unusual pneumonia cases. Her actions aren’t made public until February, when Chinese state media praises her as the first doctor to report the virus.
A 41-year-old man with a fever is transferred to the Wuhan Central Hospital for treatment. He has never been to Huanan Seafood Market.
Source: Caixin, February 26, 2020
Ai Fen, the head of Wuhan Central Hospital’s emergency department, receives a patient’s test result that reads: “SARS coronavirus.”
Terrified, Fen circles the test report in red and sends a photo of it to doctors in her department. That night, the test result circulates among the city’s doctors on Chinese social media app WeChat.
One of the doctors who shares the news is Li Wenliang, a 33-year-old from the same hospital. He tells friends on WeChat that seven patients from a local seafood market have been diagnosed with a SARS-like illness.
That day, the Wuhan Municipal Health Commission tells the city’s medical institutions that a series of patients from a local seafood market have an “unknown pneumonia” but warns them not to release unauthorized information to the public.
Sources: Chinese magazine People, March 10, 2020, Beijing Youth Daily, January 27, 2020
Source:Wuhan Municipal Health Commission
Chinese authorities notify the World Health Organization (WHO) about a cluster of pneumonia cases, but do not specify how many are sick, or what kind of virus it might be.
Dr. Li is reprimanded by his hospital and the local health commission for spreading reports of the virus.
Source: Caixin article, January 31, 2020.
Wuhan authorities shut the Huanan Seafood Market.
In a Weibo post, the Wuhan police say it has dealt with “eight rumormongers” according to the law.
Images taken by a Wuhan resident in December 2019 show animals being sold in the Huanan Seafood Market before it was closed.
Source: Winterson Weibo
Footage from inside the Huanan Seafood Market filmed by a Wuhan resident.
Source: Winterson Weibo
Dr. Fen is reprimanded by Wuhan Central Hospital for sharing information.
The Chinese Academy of Sciences Wuhan Institute of Virology sequences the virus.
Source: Chinese magazine People, March 10, 2020; Caixin, February 26, 2020
Dr. Li is told to go to the police station where he’s ordered to sign a letter admitting to rumormongering.
Source: Beijing Youth Daily, January 27, 2020
The letter Li Wenliang signed at the police station.
Source: Li Wenliang
Shanghai Public Health Clinical Center professor Zhang Yongzhen and his team sequence the virus’ genome, and in a document to the National Health Commission they suggest taking preventative measures at public places.
Source: Caixin, February 26, 2020
The letter from Zhang’s team.
Source: Shanghai Public Health Clinical Center
Chinese President Xi Jinping holds a Politburo Standing Committee meeting on how to contain the coronavirus. The meeting in’t made public until it is reported by state media on February 15.
Wuhan holds its annual parliamentary meetings between January 6, 2020 and January 10, 2020. There is no mention of the new virus in official discussion sessions.
Source: Wuhan Radio and TV Station
Scientists say a new coronavirus is responsible for the outbreak -- the same family of viruses behind SARS and the common cold.
China reports the first official coronavirus death.
The sequenced genome is posted on open-source site virological.org on behalf of professor Zhang. That allowed scientists to tell which virus test kits were effective.
In the first weeks of January, Dr. Ai keeps quiet, although she warns her husband to avoid busy public places. She tells hospital staff to wear protective gear. When management refuses to let them wear hazmat suits as it would frighten patients, Ai tells them to wear full body protection under their clothes.
On January 11, Dr. Ai learns that a nurse in her emergency room is infected. At the end of a meeting with the hospital’s medical affairs administration, the hospital directs her to change the nurse’s medical report from “two lung infections, viral pneumonia,” to “scattered infections on both lungs.”
Source: Chinese magazine People, March 10, 2020
The Chinese government shares the genetic sequence of Covid-19. Authorities maintain there is no clear evidence of human-to-human transmission, and no healthcare workers have been infected.
Dr. Li is admitted to hospital -- he is later diagnosed with coronavirus. As more patients arrive at the hospital, Dr. Ai starts to believe the virus is transmitting between humans not from animals, as authorities have said.
Source: Chinese magazine People, March 10, 2020
The WHO says there is no clear evidence that the virus spreads human-to-human, citing Chinese officials.
January 17, 2020
The WHO reiterates its statement that there are no reports of medical workers contracting the virus.
January 19, 2020
China’s National Health Commission says that coronavirus remains “preventable and controllable.”
Wuhan CDC director Li Gang says on January 19, 2020 that the “transmissibility of this new coronavirus is not strong” and “the risk of continuous transmission is low.
Source: Changjiang Daily
Chinese government-appointed expert Dr. Zhong Nanshan announces on national TV that the virus can transmit from human to human. The virus has already infected more than 300 people, mostly in China, according to official numbers, and spread to more than three countries. China is not yet reporting asymptomatic cases.
President Xi Jinping, in his first public comments on the coronavirus, orders “resolute efforts” to control the outbreak.
Zhong Nanshan speaking on January 20, 2020.
Source: CCTV
Terminus 2049 posts its first coronavirus-related article, a 2003 Time magazine interview with Chinese physician Jiang Yanyong, who exposed how Chinese officials had downplayed the spread of SARS.
To Chen Kun, the purpose of reposting that previously censored article was obvious: “We know you covered up the outbreak in 2003, and we believe you will cover up the epidemic this year again.”
Dr. Ai’s emergency department is swamped. More than 1,500 people arrive that day, three times as many as normal. Of those, 655 have a fever.
Doubts creep in about the accuracy of China’s reported coronavirus case numbers. Scientists at Imperial College London estimate that by January 18, around 4,000 people were likely to have had symptom onset in Wuhan city alone.
Source: Chinese magazine People, March 10, 2020
A nurse shouts at people in a hospital corridor in Wuhan.
Source: Twitter
The government’s official tally of coronavirus cases reaches 548.
The WHO publicly acknowledges the presence of human-to-human transmission. It is publicly positive about China’s response.
China takes the unprecedented step of putting Wuhan and some neighboring cities into strict lockdown. At the time, China has reported just over 830 coronavirus cases and 25 deaths.
CNN was in Wuhan when the lockdown went into effect on January 23, leaving on one of the last trains out of the city.
Skepticism grows over the official narrative. Members of the public begin documenting what they see: overrun hospitals and infections spreading among medics.
Some, like lawyers Chen Qiushi and Zhang Zhan, travel to Wuhan to document what’s happening.
Source: Chen Qiushi YouTube
Source: Chen Qiushi YouTube
Chen arrives in Wuhan on January 24 while Zhang arrives at the start of February. Both post videos documenting the grim reality online, including to YouTube, a platform that can only be accessed in China by a virtual private network.
Source: Zhang Zhan YouTube
Another citizen journalist, Li Zehua, arrives in Wuhan in February and posts videos alleging that the busy crematoriums indicate the death toll is likely higher than the official number.
Wuhan businessman Fang Bin posts a video of corpses piling up outside a hospital.
Source: Fang Bin YouTube
Wuhan writer Fang Fang begins an online journal documenting daily life under lockdown. Two months’ worth of her diary recordings remain preserved on another GitHub site, Lest We Forget Wuhan 2019, and are later turned into a book.
Source: Terminus 2049, Lest We Forget Wuhan 2019
Dr. Li is admitted to the intensive care unit. From there, in the last days of his life, he conducts an interview with Beijing Youth Daily. It is later censored.
Source: Beijing Youth Daily interview, January 27, 2020
Li Wenliang in an ICU bed
Source: Li Wenliang
One of China’s propaganda chiefs announces that more than 300 journalists had been deployed to Wuhan to “publicize how the government makes preventing and controlling the outbreak a top priority.”
Source: CCTV
Chen Qiushi goes missing. Soon, both Fang Bin and Li Zehua disappear, too.
At night, the news that Dr. Li Wenliang may have died spreads across Chinese social media. State media report that he is dead but delete those tweets after the Wuhan Central Hospital releases a statement saying Li is being resuscitated.
Source: Li Zehua YouTube
Officials confirm Li’s death. There’s an outpouring of grief and fury online that poses an extraordinary challenge to Beijing. China begins its crackdown on truthtellers.
The government says 1,716 health workers have been diagnosed with coronavirus and six have died. At the time, China had reported more than 66,000 cases.
Chinese media outlet Caixin publishes a story, later censored, that reveals the account of Wuhan doctor Zhao Su, who spoke of the deliveryman being admitted to hospital with a fever.
Wuhan’s top party official announces the government will promote “gratitude education” to help citizens thank the Chinese Communist party for its efforts against the virus. This prompts huge backlash, and the Wuhan government later apologizes and retracts it.
In a Chinese magazine People interview, Dr. Ai recounts the experiences detailed above.
After Ai’s interview is published in People, China’s censors go into overdrive. The article is deleted, but netizens are faster -- they preserve versions of the story in English, emojis and even a version in a video mimicking the Star Wars opening credits.
The interview is still on Terminus 2049.
The truthtellers’ legacy
It wasn’t enough to silence the truthtellers. The Chinese Communist Party needed to create its own storyline, both to cover up its initial missteps and to deflect the reputational damage caused by China being the country where the first cases were detected.
Its first step in February was to deploy hundreds of state media journalists to Wuhan to be its eyes and ears on the ground. Although their reports were often censored, they served a dual purpose of helping to gather information for the party, something that often happens during public emergencies in China, said Mary Gallagher, the director of the Center for Chinese Studies at the University of Michigan and an expert in Chinese politics.
For months, Chinese government spokespeople and state media have pushed the narrative that the virus may have originated outside of China.
COVID-19 'may not originate in China' Chinese top respiratory specialist Zhong Nanshan said although the COVID-19 first appeared in China, that does not necessarily mean it originated here. #COVID19 pic.twitter.com/gk1S7XKEvh
— Global Times (@globaltimesnews) March 1, 2020
Although the epidemic first broke out in China, it did not necessarily mean that the virus is originated from China, let alone ""made in China"". pic.twitter.com/EVXLkQnyfF
— AmbCHENXiaodong (@AmbCHENXiaodong) March 7, 2020
By March, daily cases had fallen to double digits and much of China had emerged from lockdown. By May, China had largely controlled the virus within its own borders and its coronavirus case numbers were quickly dwarfed by skyrocketing numbers in the United States and Europe.
In the following months, China seized on that success to push the narrative it had handled the outbreak better than almost any country -- proof its authoritarian response were a model to be admired and replicated. The Ministry of Foreign Affairs dismissed criticism that it had cracked down on journalists and doctors, saying: “The Chinese government has all along conducted its Covid-19 response in an open and transparent manner.”
With the official truth scrubbed from the Chinese internet, Beijing began to fill that void with alternative timelines that painted China in a more favorable light.
The #US keeps calling for transparency & investigation. Why not open up Fort Detrick & other bio-labs for international review? Why not invite #WHO & int'l experts to the US to look into #COVID19 source & response?
— Hua Chunying 华春莹 (@SpokespersonCHN) May 8, 2020
This article is very much important to each and every one of us. Please read and retweet it. COVID-19: Further Evidence that the Virus Originated in the US. https://t.co/LPanIo40MR
— Lijian Zhao 赵立坚 (@zlj517) March 13, 2020
Officials promoted baseless arguments that the virus could have started elsewhere, including the theory US army personnel could have brought the virus to China when they came to Wuhan for the Military World Games in October 2019. In January 2021, Ministry of Foreign Affairs spokeswoman Hua Chunying added legitimacy to the theory coronavirus might have come from another country when she called on the US to invite the WHO to visit American sites so they could study the origins of the virus. Last year, state media seized on studies which found evidence Covid-19 circulated in Italy as early as September 2019, portraying the report as evidence the virus didn’t necessarily originate in China, despite that not being what its authors suggested.
In October, China launched an exhibition in Wuhan, featuring interactive displays promoting the idea of a heroic response to the virus. Many of the truthtellers -- including Chen Mei, doctor Ai Fen, and university professor Zhang Yongzhen -- were nowhere to be seen. The whistleblower doctor Li Wenliang was included in a wall of martyrs, but his brief biography didn’t include that he’d been reprimanded for trying to warn colleagues about the coronavirus.
China’s Ministry of Foreign Affairs and State Council Information Office did not respond to a request to explain why Chinese officials had pushed the narrative that the virus originated outside China, and whether the government was concerned that its actions could discourage doctors and journalists from speaking out about future pandemics.
A recent US CDC report found #COVID19 antibodies in blood samples as early as Dec 13, 2019. With more & more evidence surfacing about the coronavirus’ origins in places outside China before Wuhan detected it, the world is remapping the history of the #COVID19 pandemic. pic.twitter.com/0y4IRIVmFY
— Global Times (@globaltimesnews) December 2, 2020
On US Secretary #Pompeo-led hysteria-like attacks on China regarding the origin of #COVID19, Chinese FM spokesperson Hua Chunying called him “Mr. Liar” who is staging his final madness. pic.twitter.com/e7Azf2qvOY
— Chinese Consulate General in Sydney (@ChinaConSydney) January 18, 2021
There’s evidence that these efforts have been effective within China. A study published in November by international research and data analytics group YouGov-Cambridge Globalism Project found that, in nearly all countries, the vast majority of people thought Covid-19 originated in China. But in China, more than half said the virus had originated in China, while a third thought it had come from the US.
Controlling the narrative has always been important to Chinese leaders, but censorship has tightened under President Xi Jinping, and the party’s ability to communicate its own perspective has improved. “The connection the (CCP) don’t want people to make is that freedom of speech can affect not just your livelihood, but your existence,” Gallagher said. “(Controlling the narrative) is a way for the Chinese government to demonstrate that it doesn’t need to change its political systems.”
The exhibition about China’s fight against Covid-19 at a convention center that was previously a makeshift hospital for coronavirus patients in Wuhan.Nicolas Asfouri/AFP/Getty
Displays at the exhibition showing President Xi Jinping.Nicolas Asfouri/AFP/Getty
A “wall of martyrs” at the exhibition, including Dr. Li Wenliang, the Wuhan doctor who tried to raise the alarm about the Covid-19 outbreak.Ng Han Guan/AP
That isn’t just a problem for people seeking free and fair information in China -- it impacts the world.
“How many doctors are going to come out and report the next one?” said Annie Sparrow, an assistant professor of population health science and policy at the Icahn School of Medicine at Mount Sinai.
Covid-19 has killed more than 2 million people worldwide -- knowing how the pandemic took hold remains key to preventing this from repeating. China's efforts to limit free expression among journalists, activists and doctors may mean losing precious information about how the virus spread initially, Gallagher said.
“That seems very short-sighted,” Gallagher added. “This is going to happen again.”",Cnn
https://www.forbes.com/sites/tomtaulli/2021/02/27/ibm-watson-why-is-healthcare-ai-so-tough/,2021-02-27,IBM Watson: Why Is Healthcare AI So Tough?,"A pivotal event for AI happened when IBM’s Watson beat two all-time champions of Jeopardy! in 2011. This showed that the technology was far from being experimental.
IBM would soon go on to make Watson the centerpiece of its AI strategy. And a big part of this was to focus on healthcare. To this end, the company made several major acquisitions and boosted the headcount of data scientists.
But despite all this, the effort ultimately proved to be a disappointment. Keep in mind that IBM is now exploring the sale of the Watson healthcare business, according to a report in the Wall Street Journal.
The Difficulties With Healthcare And AI
When it comes to commercializing cutting-edge technology, it’s important to set forth concrete goals that are achievable and that have ROI targets. Trying to “boil the ocean” is often a recipe for failure.
In the case of IBM, it does look like it was overly ambitious, as the company was looking at making significant strides in fighting cancer and other chronic diseases.
“AI can work incredibly well when it’s applied to specific use cases,” said Nirav R. Shah, who is an MD and the Senior Scholar at Stanford University’s Clinical Excellence Research Center. “With regards to cancer, we’re talking about a constellation of thousands of diseases, even if the focus is on one type of cancer. What we call ‘breast cancer,’ for example, can be caused by many different underlying genetic mutations and shouldn’t really be lumped together under one heading. AI can work well when there is uniformity and large data sets around a simple correlation or association. By having many data points around a single question, neural networks can ‘learn.’ With cancer, we’re breaking several of these principles.”
The irony for IBM is that it likely would have been more successful by pursuing more mundane applications of AI, such as providing efficiency and better workflows for healthcare systems. After all, the company has a long history with such efforts.
The Data Challenge
Data is the fuel for AI. But in the context of healthcare, the data can be difficult to obtain—say because of privacy issues—and is often messy and complex. The “noise” can easily skew results.
But AI models for healthcare also require strong domain expertise. Advanced approaches like deep learning may not be enough.
“In general, medical applications are immensely complex and contain biological complexity and many compounding factors such as genetics, epigenetics and the environmental factors,” said Oliver Schacht, who is the CEO of OpGen. “This complexity and non-linearity which is often still only partially understood at all makes it inherently difficult to train an AI.”
Conclusion
The opportunity for AI in healthcare is certainly massive. In the years ahead, there will be major breakthroughs. And yes, they will impact millions of lives.
But to be successful, there must be a long-term approach and a focus on close partnerships. This will help to build trust.
“Today’s AI systems are great in beating you at chess or Jeopardy,” said Kumar Srinivas, who is the Health Plan Chief Technology Officer at NTT DATA Services. “But there are major challenges when addressing practical clinical issues that need a bit of explanation as to ‘why.’ Doctors aren't going to defer to AI-decisions or respond clinically to a list of potential cancer cases if it’s generated from a black box.”
Tom (@ttaulli) is an advisor/board member to startups and the author of Artificial Intelligence Basics: A Non-Technical Introduction, The Robotic Process Automation Handbook: A Guide to Implementing RPA Systems and Implementing AI Systems: Transform Your Business in 6 Steps. He also has developed various online courses, such as for the COBOL and Python programming languages.
Tom (@ttaulli) is the author of Artificial Intelligence Basics: A Non-Technical Introduction ( https://amzn.to/2InAZeT) and The Robotic Process Automation Handbook: A
…Tom (@ttaulli) is the author of Artificial Intelligence Basics: A Non-Technical Introduction ( https://amzn.to/2InAZeT) and The Robotic Process Automation Handbook: A Guide to Implementing RPA Systems ( https://amzn.to/2tURWJx)",Forbes
https://www.forbes.com/sites/glenngow/2021/02/28/how-to-succeed-with-enterprise-ai-buy-vs-build/,2021-02-28,How To Succeed With Enterprise AI: Buy Vs. Build,"Companies in every industry are expanding their efforts in AI. Companies are beginning to understand the strategic imperative to use AI to their advantage before their competitors do. (See “The AI Threat: Winner-Takes-All”).
As a company leader, you need to address several critical questions:
● What is the best way to adopt AI within our company?
● How do we invest in AI with the greatest chance of success?
● How can we be nimble and quick in rolling out AI-based initiatives?
● Should we build or buy our AI solutions?
Many companies will want to implement AI with their own teams, their own data, and their own systems. In most cases, that will be a mistake. Here is why you should buy your solution vs. build it all by yourself.
The Talent Challenge
Top talent in the AI world is overwhelmingly being hired and retained by successful technology companies. Today (according to the TalentSeer 2020 AI Talent Report), if you want to hire AI engineers, you must be willing to pay north of $350K in total compensation to win against Amazon, Google, Microsoft, Facebook, and many growing start-ups.
By some estimates, Facebook and Google alone employ 80 percent of the machine learning PhDs coming into the market.
Not only is it difficult to compete with the biggest and most successful technology companies for AI talent, but it will only get harder. The big technology companies are enticing AI professors themselves to join their companies, leaving a gap in the market for teaching AI at universities. This makes it even more difficult to find qualified students with the knowledge and skills you desire.
You can't give up completely. It's important to hire some AI talent, even if you won't get all you need. Your internal team needs to create an infrastructure of people, training, and systems and (usually) a Center of Excellence. Staffing for these areas is important, and you should strive to get AI talent to build the minimum viable AI team on board.
Once you create your minimum viable AI team, there will be a big focus on working with outside vendors to choose, implement, and manage AI-based solutions. The three primary categories of vendors your team will need are those that will help with AI platforms, AI products, and AI consulting companies. Let's look at each major category of vendors you will want to buy from.
AI Platforms
An AI platform exists to bring together a variety of tools into a single environment. This enables the tools and data to work together and exchange information seamlessly. Sometimes called AI Platform-as-a-Service (AI Paas), the leaders in this space are Amazon, Google, Microsoft, and IBM.
AI PaaS is a set of AI and machine learning services for building, training, and deploying AI-based functionality and applications. Essentially, AI PaaS provides you with almost everything you need from an infrastructure standpoint to get your work done.
Examples of other solutions that can provide AI PaaS solutions include:
● TensorFlow - open-source,
● Petuum - ease-of-use,
● NeuralDesigner - neural networks, and
● DataRobot - visual interface.
AI Products
AI product vendors provide AI solutions that can sometimes work on your infrastructure but often are best paired with an AI platform.
Fortunately, the world is rich with choices in this arena. AI product vendors tend to focus on a particular function within an organization or a vertical market. The list of functions and verticals is too long to provide here. I will share a select few to give you a feel for what is available and link to a comprehensive list here.
In B2B Sales & Marketing
● Clari - sales analytics and forecasting
● Anaplan - real-time enterprise line-of-sight
● Tact.ai - AI-powered assistant
In Productivity
● WorkFusion - automate business processes
● X.ai - share availability and schedule meetings
● Verbit - for captioning and transcription
In Security and Risk
● Splunk - IT operations
● Deep Instinct - cybersecurity prediction models
● SentinelOne - endpoint security
In Finance and Operations
● Zest AI - credit underwriting
● Personetics - personalization for financial services
● Kasisto - conversational AI for banking and finance
AI Consulting Companies
Whether you buy or build, you can benefit from using outside experts to help make the right decisions and implement your solutions. AI-focused consultants fall into a few main categories:
Strategy
If strategy consultants understand your overall corporate strategy and your unique challenges and opportunities, they can help you identify the most important AI initiatives for your company. The major strategy firms include McKinsey, Bain, and BCG.
Strategy and Implementation
Other large players will offer a combination of strategy and implementation services. This combination can be particularly effective. These firms include Capgemini, Accenture, Deloitte, PwC, EY, and KPMG.
Implementation-focused firms include:
· Element AI - building customizable machine learning solutions
· ProKarma - enterprise applications
· Cabot Partners - deploying AI/ML solutions
· Fortress IQ - governance for business automation and AI
· Atrium.ai - customer experience focus
The vast majority of enterprises creating AI-based solutions will not be able to hire all the talent they need to create their unique solutions. The optimal way to address this talent shortfall is to get help from companies focusing on AI platforms, AI products, and AI consulting services.
Now is the time to begin buying what you need to take advantage of the opportunities to win in your market with AI.",Forbes
https://www.forbes.com/sites/nishatalagala/2021/02/28/how-covid-19-broke-ai-and-why-ai-may-break-again/,2021-02-28,"How COVID-19 Broke AI, And Why AI May Break Again","The last year has seen no shortage of unprecedented circumstances. All aspects of our lives, from work to travel to shopping, have changed. During this massive disruption, we have (unfortunately) learned why ML Ops - the practice of machine learning (ML) in production and the management of an ML lifecycle, should not be an afterthought but rather a critical element of getting value from AI.
So - what happened?
Figure 1 below shows a simplified example of an AI model in action. First trained by data - past examples of the environment, the model is then put into the real world to make predictions on new inputs - which are implicitly assumed to be sufficiently similar to what the training examples were. With COVID, many scenarios occurred that were unlike anything that occurred in the past.
For example, last year, I noticed that an online retailer’s website had started recommending baking goods to me regardless of what product I was viewing - even though I had never bought any such product from this retailer. A plausible reason is that the AIs powering the product recommendations has never seen the kind of rampant purchase of baking goods as had recently occurred, and was unable to make reasonable adjustments to recommend good related products given this abrupt sea-change in buying patterns. Is this acceptable or unacceptable? Depends...
Most AI will make predictions for any input data that comes in. Since ML is by definition non-deterministic, a wide range of answers is “acceptable”. However, ML is quite capable of providing very unacceptable answers. The question is when do we go from the edge of acceptable to entirely unacceptable? How do we detect this, and how do we fix it?
Where do MLOps fit in?
While COVID-19 may have brought such events to many companies at the same time, they are expected events in the life of a production ML service. MLOps is the practice of Machine Learning in production, covering, among other things, the behavior and diagnostics of production ML and its relationship to other stages of the ML lifecycle - such as training and origin data.
In initial breakdowns of ML Ops areas - my team and I at ParallelM called this particular area that the COVID failures highlighted - as ML Health - i.e. the notion of ensuring that production ML operates correctly in the face of real-world unexpected issues. ML Health includes monitoring, managing, and root-causing ML issues in production.
Drift
COVID-triggered behavior patterns are causing an ML Health issue called Drift. Many types of AI learn from examples. AI studies these examples to learn patterns that are codified as Models. The Models are then used to make new predictions for new data. While this approach is incredibly powerful - the core assumption is that past data contains patterns that are appropriate to use for new predictions. Drift occurs when this core assumption breaks down.
So - how can COVID-19 cause drift? For example, restaurants being closed has likely changed the grocery purchase patterns of many restaurants, resulting in capacity forecasting AI applications getting very different inputs now than what was historically the case for this time of year.
This type of problem does not just occur during worldwide pandemics. Simple mistakes can cause this problem too. For example, if your AI takes temperature as input and was trained on Fahrenheit, accidental entries of temperatures in Celsius will generate drift.
Drift can do anything from triggering hidden bugs in your prediction code to generating sub-optimal predictions. Unlike other types of software that will either fail or generate errors, Drift-caused AI prediction failures are silent, meaning that your AI will continue to make bad predictions, causing downstream applications to behave suboptimally or even generate business or legal risk.
But this will go away when COVID-19 goes away - right?
No. This kind of AI problem is endemic to how AI works. COVID-19 caused a massive business disruption and triggered many instances of Drift, but Drift can occur anytime that a business’ assumptions of the future do not match its history of the past. As we come out of the pandemic, we will be in a third uncharted territory, not like the last year but not exactly like the pre-pandemic world either.
Protecting your business from Drift related risk
For businesses that rely on AI for anything from product recommendations to supply chain or capacity planning, these kinds of Drift can have disastrous fiscal consequences. So what can businesses do?
- The first thing is to make sure that your AI team (from data scientists to ML engineers to ML Ops engineers) has an understanding of Drift types, how they can manifest, and the known methods for detecting Drift. Like many aspects of AI, technologies to detect and mitigate Drift are in their nascent stages.
- Once your team understands Drift, a successful drift mitigation strategy requires that your AI team determine how Drift can manifest in your use cases, and sets in place appropriate testing and response processes if/when it occurs. Good overviews of the Drift problem and related ML Health techniques to detect drift can be found here and here.
- Given the early nature of Drift detection technologies, ensure that your team stays up to date with the latest best practices for Drift Detection. For keeping up with the latest technologies for mitigating Drift, conferences focused on MLOps and production ML, like OpML 2020, are great venues.
- Make Drift Management as part of a Holistic ML Ops Strategy. As more and more AI goes into production, all organizations should have a well-defined ML Ops practice (similar to a DevOps practice) where clear roles and best practices are defined and can be applied to a range of algorithms and toolchains.
I am an entrepreneur and technologist in the AI space and the CEO of Pyxeda AI. Previously, I co-founded ParallelM and defined MLOps (Production Machine Learning and Deep
…I am an entrepreneur and technologist in the AI space and the CEO of Pyxeda AI. Previously, I co-founded ParallelM and defined MLOps (Production Machine Learning and Deep Learning). MLOps is the practice for full lifecycle management of Machine Learning and AI in production. My background is in software development for distributed systems, focusing on machine learning, analytics, storage, I/O, file systems, and persistent memory. Prior to PM, I was Lead Architect/Fellow at Fusion-io (acquired by SanDisk), developing new technologies and software stacks for persistent memory, Non-Volatile Memory File System (NVMFS) and application acceleration. Before Fusion-io, I was the technology lead for server flash at Intel - heading up server platform non volatile memory technology development and partnerships and foundational work on NVM Express. Before that, I was Chief Technology Officer at Gear6, where we built clustered computing caches for high performance I/O environments. I got my PhD at UC Berkeley doing research on clusters and distributed storage. I hold 63 patents in distributed systems, networking, storage, performance, key-value stores, persistent memory and memory hierarchy optimization. I enjoy speaking at industry and academic conferences and serving on conference program committees. I am currently co-chairing USENIX OpML 2019 - the first industry conference on Operational Machine Learning. I also serve on the steering committees of both OpML and HotStorage.",Forbes
https://www.forbes.com/sites/robtoews/2021/02/28/a-wave-of-billion-dollar-computer-vision-startups-is-coming/,2021-03-01T03:43:44Z,A Wave Of Billion-Dollar Computer Vision Startups Is Coming,"Computer vision is the most technologically mature field in modern artificial intelligence. This is about to translate into enormous commercial value creation.
The deep learning revolution has its roots in computer vision. At the now-historic 2012 ImageNet competition, Geoff Hinton and team debuted a neural network—a novel architecture at the time—whose performance eclipsed all previous efforts at computer-based image recognition. The era of deep learning was born, with computer vision as its original use case. In the decade since, computer vision capabilities have raced forward at a breathtaking pace.
To put it simply, computer vision is the automation of human sight. Sight is mankind’s most important sense; it underlies much of human life and economic activity. The ability to automate it therefore opens up massive market opportunities across every sector of the economy.
(To be sure, other areas of AI—natural language processing, for instance—have also become increasingly powerful in recent years. But core technology breakthroughs in NLP have come more recently, and as a result NLP remains more nascent from a product and commercial perspective.)
The first wave of entrepreneurial activity in modern computer vision centered on autonomous vehicles. Several startup success stories in that field, including computer vision pioneer Mobileye’s $15.3 billion sale to Intel in 2018, highlight the technology’s power to transform markets and unlock massive economic value.
Today, computer vision is finding applications across every sector of the economy. From agriculture to retail, from insurance to construction, entrepreneurs are applying computer vision to a wide range of industry-specific use cases with compelling economic upside.
Expect to see many computer vision startups among the next generation of “unicorns.” A crop of high-growth computer vision companies is nearing an inflection point, poised to break out to commercial scale and mainstream prominence. It is an exciting and pivotal time in the technology’s journey from research to market.
Agriculture
Agriculture is one of the largest and most important industries in the world. Decisions about how, when and what to farm remain highly underoptimized and imprecise today. An opportunity exists to dramatically improve the food production process using visual data and machine learning.
Based on aerial imagery collected via satellites, drones or planes, computer vision systems can empower growers with real-time insights to optimize their chemical inputs, improve their farming operations and increase their yields.
For instance, image-based analytics can determine which crops would benefit from more or less irrigation, where pipe leaks or pressure failures are adversely affecting crop growth, which areas require more or less fertilization, which fields have suboptimal pest and disease control measures, and so forth. AI systems can make these determinations far more efficiently, reliably and scalably than can humans alone.
Promising ag-tech startups pursuing these opportunities include Ceres Imaging, Prospera, Sentera and Hummingbird Technologies.
Retail
There are a number of high-impact use cases for computer vision in retail.
Perhaps the most compelling of these opportunities is checkout-free shopping. The concept is both futuristic and elegantly simple: once a store has been equipped with the necessary sensors and computer vision systems, shoppers can enter, pick up the items they want to purchase, walk out, and receive an automated receipt for their visit without waiting in line.
As with many innovations in retail, Amazon pioneered checkout-free shopping with its Amazon Go program, launched in 2016. A handful of startups is pursuing this opportunity today, including Standard Cognition, Grabango, Trigo Vision, Zippin and AiFi. Standard Cognition, the most well-funded of these competitors, raised $150 million from SoftBank’s Vision Fund earlier this month.
“The in-person shopping experience will change forever now that computers can see,” said Grabango CEO Will Glaser. “Computer vision systems like Grabango’s detect every product that goes into your cart, so there is no need to re-itemize them at the end of a shopping trip. You just grab, go, and get on with your day.”
In addition to an improved customer experience, checkout-free shopping will enable retailers to reduce labor costs and combat shrinkage.
Inventory management is another important computer vision application in retail. Optimizing product mix on shelves and ensuring that aisles remain stocked throughout the day is a convoluted, dynamic challenge for retailers. Retailers lose many billions of dollars in revenue each year to out-of-stock shelves. Focal Systems is one interesting startup applying computer vision to automate inventory management and reduce out-of-stocks.
Insurance
The insurance business depends heavily on the visual assessment of assets: to accurately price and underwrite policies, for instance, as well as to determine the extent of damage after an accident for claims purposes. As in other industries, computer vision offers an opportunity to carry out this visual analysis faster, cheaper and more accurately than it is done today.
Cape Analytics and Betterview are two startups applying computer vision to property insurance. Using geospatial data, these companies can automatically evaluate what material a building is made out of, what condition the roof is in, what the roof’s square footage is, how much yard debris the property has, how close a structure is to vegetation, and hundreds of other factors that collectively inform the property’s risk profile and the best insurance policy pricing.
Computer vision systems can conduct this analysis instantaneously, at scale, based on learnings from decades’ worth of historical data. Compare this to the status quo approach of sending a human to manually properties in person one by one.
Another startup to watch in this category is Tractable, a London-based company that uses computer vision to generate instant damage estimates after car accidents and natural disasters. These AI-driven estimates help accelerate claims processing and reduce human error.
Construction
Construction is a massive and historically underdigitized industry. There are plenty of low-hanging opportunities to boost productivity and save costs in construction through the application of machine learning and computer vision. An active ecosystem of startups has sprung up to pursue these opportunities.
TraceAir uses drones to collect aerial imagery of construction sites, enabling supervisors to remotely monitor projects and track progress over time. Disperse applies computer vision to build interactive “digital twins” of in-progress construction sites. 1build automates cost estimation in construction by applying computer vision to read floor-plan drawings, material schedules and architectural details on blueprints.
“Cost estimates in construction essentially simulate the full construction process,” said 1build CEO Dmitry Alexin. “Computer vision allows us to perform this simulation faster and more accurately, giving construction companies atomic-level visibility into their costs.”
Security
Visual monitoring is at the heart of physical security. The most ubiquitous security device is, after all, the camera. A natural opportunity therefore exists to apply computer vision to make physical security more robust and reliable.
A number of startups are deploying computer vision in innovative ways to enhance and automate the physical security sector.
Using hardware sensors, computer vision and an integrated software platform, Verkada offers an AI-enabled security system for commercial properties. The company was valued at $1.6 billion last year, making it one of the few computer vision startups to have already achieved unicorn status.
Deep Sentinel offers a similar solution for home security. The company uses a clever human-in-the-loop model to enable human security personnel to remotely intervene in real-time via microphone when the AI system detects a threat.
“Computer vision is changing everything about physical security,” said Deep Sentinel CEO David Sellinger. “Our AI system acts as a tool to reduce distractions, highlight relevant facts and determine which human guards are right for each situation. Our AI is more accurate and fast-responding than any human can be—and it never has a lapse in attention.”
Another area of security to which computer vision can be usefully applied is checkpoint security: for instance, at airports, live events and government buildings. Fatigued and inattentive human personnel often miss threats at these checkpoints. Computer vision can be applied to camera or X-ray feeds to automatically detect dangerous items with substantially greater accuracy and reliability than a human, thus improving public safety.
Synapse Technology, one promising startup developing computer vision solutions for checkpoint security, was acquired last year by Palantir.
It is important to note that the application of computer vision in security contexts can and sometimes does cross the line from safety-promoting monitoring to overly intrusive surveillance. Governmental use of facial recognition technology to track and monitor citizens has prompted widespread backlash around the world. In China, computer vision has reportedly been deployed in efforts to suppress Uyghurs, a minority ethnic group.
As with any powerful technology, computer vision can be used in harmful as well as in value-creating ways. It is incumbent upon regulators, businesses and individuals to ensure that society marshals this technology as responsibly as possible.",Forbes
https://www.businessinsider.com/sc/why-ireland-is-at-the-center-of-the-deep-tech-scene-2021-3,2021-03-01,Here's why the deep-tech scene in Ireland is thriving,"- Ireland is already home to multinational tech companies and startups that are focused on deep technology.
- This area of tech focuses on advances in areas like AI, robotics, and IoT.
- With increased investment and research on the horizon, Ireland is poised to become a deep tech powerhouse.
With its combination of academic excellence, research labs, and world-leading technology companies, Ireland makes for a thriving place for deep tech – a term that refers to scientific or engineering advances in areas such as artificial intelligence (AI), robotics, and IoT (internet of things).
A subject of particular focus within deep tech is quantum computing; quantum computers are extremely powerful machines that have potentially superior processing power over conventional computers. IBM, which has a long history in the area, is contributing to Ireland becoming quantum ready as a founding member of a new consortium known as QCoIr, or Quantum Computing in Ireland.
""One of the key aspects that we're working towards here is making Ireland part of the emerging quantum computing ecosystem … and also to help with upskilling of developers and researchers in quantum computing, so that as this technology matures, we can take advantage [of it] and [so can] different groups in Ireland — academia and industry,"" says Martin Mevissen, a senior manager in AI and quantum, and master inventor at IBM in Ireland.
The three-year partnership launched in October, with academic as well as business partners on board. Mastercard joined the consortium in the hope of creating fintech applications that helps its customers make decisions with greater speed and accuracy, and minimal risk.
Other potential applications for quantum computing IBM is exploring with partners are in logistics, for example in routing and scheduling vehicle fleets, and it could also be applied in calculating financial risk in parts of the stock market.
Mevissen — who is German and moved to Ireland to work at IBM's Dublin research lab a decade ago, attracted by its ""exciting"" environment — says the country has an ideal mix of businesses, labs, and academia.
""[IBM has] worked in quantum computing for a long time"" he says. ""What we are trying to achieve here is how do we make the different technologies accessible."" To that end, IBM has made some of its work open source via its quantum computing Qiskit software.
How AI fits in
AI is also a focus for IBM Research Ireland, including a collaboration with Dublin's Mater Hospital that uses cutting-edge technologies to analyze cancerous tissue and reduce complications. Indeed, AI is a key part of the deep-tech sector in Ireland as a whole: The Dock, Accenture's global research and development (R&D) center, opened in Dublin's Silicon Docks in 2017, while Ireland's top universities launched the SFI Centre for Research Training in AI in 2019, and will produce 120 PhD graduates by 2023.
Microsoft Ireland has had operations in the country for 36 years, and its managing director Cathriona Hallahan says AI is part of a substantial shift in digital transformation in recent times. ""The last five or six years have been the biggest technology transformation,"" she says. ""With cloud services, mobility, IoT and AI … the speed of technological change is phenomenal."" For example, Hallahan is excited by the potential of using technology to help large manufacturers with operational innovation.
In November, Microsoft launched The Garage, an innovation center at the heart of its new €27m engineering hub in Dublin, as well as the creation of 200 new engineering roles. ""It's a space where engineers, developers, creators, artists can come and have the freedom to really innovate, try things, fail, learn from it, experiment,"" Hallahan says. Through The Garage and its annual hackathon, Microsoft employees are empowered to develop innovative solutions to a range of societal problems. Most recently, the team developed an app to locate and identify homeless people and then share that information with charities that can help them. Furthermore, the company has established an Alliance for Good initiative that brings customers together to solve societal and environmental problems.
The startup scene
Along with the larger tech firms, Ireland also has a thriving startup scene – indeed deep tech venture investment alone reached €800 million between 2015 and 2020, making it among the top 10 places in Europe for funding.
In February 2021, some of the largest tech companies in Ireland — including Stripe, Intercom, and Workday — teamed up with the University of Limerick for a new immersive software engineering program. According to the Irish Times, the course was developed in conjunction with companies that focus on drone delivery, voice tech, and accident prevention technology and the goal is to make Ireland the leading educational hubs for computer science.
Trinity College Dublin launched a ""world-class"" AI accelerator program in February 2021, choosing 10 startups that will be nurtured through the initial growth process. Named Alsessor, Ireland's minister for trade promotion, digital and company regulation Robert Troy says it sits at the ""crossroads of higher education, industry and research."" Startups in the program include a health risk platform for medics, and an AI-platform to prevent diseases. AI tech company Altada is a partner – and the business itself was helped by a Cork-based accelerator during its early stages. It will support ""bleeding-edge innovations in AI,"" according to Altada co-founder Allan Beechinor.
In December, the Tyndall National Institute, one of Europe's leading tech research centers, launched a pre-accelerator for deep tech start-ups that work in agriculture, transport, health and sustainability, with the program running until May. The institute has also added a lab in Dublin that will look at future deep tech in wireless communications and is set to create innovations in ""next-generation IoT communications, Wi-Fi, 5G, 6G and beyond,"" the institute said in February. And Taoiseach Micheál Martin, who was shown Tyndall's groundbreaking electron beam lithography lab in September, said: ""With facilities such as Tyndall, underpinned by Government investment, Ireland's high-tech future is secure.""
Find out more about why Ireland is the right place for deep-tech investment.
This post was created by Insider Studios with IDA Ireland.",Business Insider
https://www.forbes.com/sites/forbesbusinesscouncil/2021/03/01/overcome-your-fear-how-to-make-ai-work-in-business-transformation/,2021-03-01,Council Post: Overcome Your Fear: How To Make AI Work In Business Transformation,"CEO of Quadrillion Partners, helping management teams transform their business with advanced analytics, digital tools, & strategic insights
Let's face it: AI investments are just that — investments, where substantial costs in people, infrastructure, data (collection, hygiene), processes and tools are needed to realize the benefits of the AI deployment, be they efficiency, cost reduction, or revenue and growth.
Universally, AI is recognized as a complex and often costly undertaking. For those reasons, AI is considered, but often not adopted, as a key lever in larger business transformation programs. Gartner, McKinsey and others have found that anywhere between 40% to 50% of enterprises planned to deploy or have deployed AI technologies by the end of 2020. This AI adoption curve includes companies undertaking “proofs of concept” as well as those deploying AI on use cases “at scale.”
Over the past eighteen months, I’ve seen many instances where AI initiatives focused on computer vision applications, paper-to-database text capabilities, and speech recognition or NLP programs are excluded from digital and business transformation agendas (usually after lots of debate) because AI is viewed as unproven, too costly or both. CIOs lack conviction that the AI technology is proven, or CFOs or CEOs are fearful about spending precious capital during a pandemic. AI initiatives are often “parked” for future consideration and not considered as critical elements of broader business transformation programs. Stated simply, fear wins; new technology loses.
I believe AI has a meaningful place in the broader business transformation agenda, and taking these six steps will alleviate doubts and fears about AI.
1. Employ a ‘first principles’ approach to business transformation.
I recommend deploying a ""first principles"" approach to your transformation agenda, where you define your transformation agenda business problem, make all your assumptions about the broader business problem explicit and flush out your business ideas for resolving the business problem. This approach is great for focusing your efforts and generate new ideas.
2. Map the AI use case so that your 10-year-old could understand it.
The assumptions and solutions outlined in your “first principles” assessment should inform your use of AI technology. Specifically, draw a picture of the process and flag which parts of each process are best handled by software or AI and which parts are best handled by humans. Whether it is computer vision applications, paper-to-database capabilities, or speech recognition and NLP programs, it is unlikely that AI software will own all your key process steps because the software isn’t that smart (yet). Think of AI software as the enabler of your new, better, faster, less error-prone processes.
Even your 10-year-old will grasp that insight.
3. Mitigate the Achilles’ heel of AI: Get clean and relevant data.
Like it or not, AI software requires a lot of data to do its job well. Clean data can be a real risk with AI implementations because you don’t want to spend more on cleaning and vetting data than you receive benefits of deploying the AI.
To obtain clean data, I recommend undertaking a review of (and considering adopting) one of the many emerging data cleansing tools on the market. They allow you to create recurring routines to automatically fix data flaws and improve your chances of getting clean data for AI.
Once you have data that you feel is acceptable in terms of quality and size, test it, and then do it all again. This means running the AI programs with your data samples and proving the AI does what is intended.
4. Adopt a ‘minimal viable product’ (MVP) approach to your AI initiative.
MVP as a philosophy was introduced in The Lean Start-Up, a book by acclaimed author Eric Ries, in 2011. Stated simply, MVP means to “produce an actual product (which may be no more than a landing page, or a service with an appearance of automation, but which is fully manual behind the scenes) that you can offer to customers and observe their actual behavior with the product or service.”
In the context of business transformation, using an MVP approach to the adoption of AI tools makes practical sense. It suggests proving out the business benefits of the AI before actually deploying the technology. Like most technology investments, prove out the process and business benefits first, if you can, then adopt the tool.
5. Set clear, measurable baseline metrics and goals.
Before embarking on your MVP and likely as part of your “first principles” assessment, you need to have a baseline set of metrics for your business problem. Specifically, what KPIs matter? Where are we today? Where do we want to be? These are critical, nonnegotiable questions to answer. Without a starting baseline, you’re like an airplane with a broken barometric altimeter, where you can’t measure altitude. Don’t fly that plane.
6. Augment your team with outside transformation and AI experts.
It’s no secret that data scientists, AI practitioners and other roles are in scarce supply. This talent shortage is holding back the adoption of AI programs in general and their use in transformation programs in particular.
To remedy this issue, I recommend partnering with subject matter experts in both corporate transformations (to ensure you get the first principles, MVP, metrics and goals correct) and AI development and deployment (to resolve issues with data and AI engine creation or purchase and deployment). The benefits of engaging with outside experts include faster time to market in terms of value creation on your business transformation and AI initiatives and a higher probability that your initiative will succeed because outside firms have more cycles of learning and battle scars on what works in AI deployments.
It is an exciting time in the business and digital transformation space. The pandemic has both accelerated changes in digital adoption and slowed down productivity benefits in other critical areas, such as customer intimacy. As an executive or corporate board member or AI enthusiast, it’s a good time to reconsider how you think about AI programs as part of your transformation agenda and your journey to growth and high efficiency.
Forbes Business Council is the foremost growth and networking organization for business owners and leaders. Do I qualify?
CEO of Quadrillion Partners, helping management teams transform their business with advanced analytics, digital tools, & strategic insights. Read George Stelling's full
…CEO of Quadrillion Partners, helping management teams transform their business with advanced analytics, digital tools, & strategic insights. Read George Stelling's full executive profile here.",Forbes
https://www.forbes.com/sites/forbestechcouncil/2021/03/01/marketers-make-artificial-intelligence-reflect-your-values---not-undermine-them/,2021-03-01,Council Post: Marketers: Make Artificial Intelligence Reflect Your Values — Not Undermine Them,"CMO at PwC US and an innovative executive at the crossroads of marketing, media and technology.
If you’re a marketer, odds are that you’re not just trying to sell more products and services. You’re also trying to live and communicate values that make our world a little better, with the fight against societal systemic racism, sexism and other kinds of discrimination at the top of the list. You’re also surely eager to take advantage of the latest marketing technology, especially artificial intelligence (AI). AI can allow for highly customized campaigns and let you monitor and adjust them in real time.
These two priorities should work well together. With analytics and AI, you can quickly and objectively analyze reams of data. That could help you create marketing that meets your customers’ needs and is sensitive to historical patterns of injustice. It could also help you transform your company from the inside. At my organization, for example, we’re using advanced data analytics to help foster and maintain a culture of belonging — and marketing is a key channel for transparently sharing our goals and results.
But if you don’t take care with your tech, it could cause a big problem: AI can automate and potentially perpetuate bias, undermining your values and brand instead of strengthening them.
Breaking Bad: How AI Bias Can Occur
The basic cause of AI bias is simple enough. People can be biased, and AI’s data and algorithms can reflect the biases of those who created them. But what makes this problem so tricky is that this bias can enter AI without anyone intending it.
A study in Australia, for example, found that experimental AI used for recruitment could discriminate against women. The reason? The AI in this study made its decisions based on historical hiring criteria — and historically, companies used gender criteria that favored men. For example, AI might give a bonus to job applicants with continuous employment. That might sound reasonable, but women are more likely than men to have to interrupt careers because of familial obligations.
Other research has found similar problems in other kinds of AI. One study found that AI may analyze and can use language in ways that discriminate against people with disabilities. Other studies have shown that facial recognition AI can be more likely to misidentify or simply not see people of color.
Imagine if you discover that your recruitment AI is discriminating against women, your latest campaign contains language that offends people with disabilities and you’re sending inappropriate marketing to people of color because facial recognition misidentified them — all while you’re trying to fight discrimination and social injustice.
Fortunately, a few measures can help reduce the risks and raise the odds that AI can help you strengthen and better communicate your values.
Five Ideas To Handle AI Bias
Since AI changes fast, AI bias can be a moving target. These five measures can help you identify and remedy it before it causes damage:
1. Identify your own risks. Bias in recruitment AIs is something everyone has to watch out for. After that, you’ll have to identify your unique risks. Are you running campaigns for a bank or retail giant, your own agency, or an electric utility? The kinds of bias AI can display will be different for each.
2. Look again at that data. If you’re using historical datasets, look to see that the data doesn’t reflect and perpetuate historical biases against women, people of color, people with disabilities, LGBTQ individuals or other groups who have frequently suffered discrimination.
3. Set some rules. A lot of marketers don’t have a deep technology background, and by definition, no one is good at spotting their own unconscious biases. So, set up checklists and toolkits to help everyone spot bias in AI before it spreads.
4. Diversify! I think I’m a man with good intentions, but I might not have spotted the way an algorithm’s bonus for continuous years of service could penalize women. But the women with children on my team wouldn’t let that slip by. Aim to make your team diverse enough to catch various kinds of bias.
5. Get some validation. Just as you would for any other major risk, it’s a good idea to have either an independent internal team or a trusted third party validate your AI datasets and models for possible bias.
These measures can work well if the whole organization does them since AI and its datasets typically cross multiple functions and lines of business. So if your company doesn’t have that kind of centralized, bias-aware governance for AI, suggest it. It’s part of marketing’s job to watch out for potential hits to the brand, which biased AI can cause.
It’s also one more way marketing can be a leader inside organizations: helping further AI as a responsible business tool that helps support the kind of values we all can believe in.
Forbes Technology Council is an invitation-only community for world-class CIOs, CTOs and technology executives. Do I qualify?
CMO at PwC US and an innovative executive at the crossroads of marketing, media and technology. Read Matthew Lieberman's full executive profile here.
…CMO at PwC US and an innovative executive at the crossroads of marketing, media and technology. Read Matthew Lieberman's full executive profile here.",Forbes
https://www.politico.com/newsletters/morning-tech/2021/03/01/will-the-latest-broadband-victory-outlast-the-pandemic-793676,2021-01-03,Will the latest broadband victory outlast the pandemic?,"Will the latest broadband victory outlast the pandemic?
Presented by Facebook
With help from Steven Overly and Melissa Heikkilä
Editor’s Note: Morning Tech is a free version of POLITICO Pro Technology's morning newsletter, which is delivered to our subscribers each morning at 6 a.m. The POLITICO Pro platform combines the news you need with tools you can use to take action on the day’s biggest stories.Act on the news with POLITICO Pro.
Quick Fix
— Looking 10 steps ahead: The FCC’s $3.2 billion Emergency Broadband Benefit program is widely seen as a win addressing the digital divide during the pandemic. But how can those equity efforts be expanded to serve a post-Covid world?
— On privacy, states at it again: A major settlement in a six-year-old case claiming Facebook violated Illinois privacy law with its facial tagging feature is likely to stir up talks in the new Congress about facial recognition and privacy legislation.
— EU, U.S. come together on AI: The U.S. appears to be meeting Europe halfway in its bid to create formal, transatlantic cooperation on the allies’ artificial intelligence strategies.
AND JUST LIKE THAT, IT’S MARCH. WELCOME BACK TO MORNING TECH! I’m your host, Alexandra Levine.
Got a news tip? Write me at [email protected], and follow @Ali_Lev on Twitter and @alexandra.levine on Instagram. An event for our calendar? Send details to [email protected]. Anything else? Team info below. And don't forget: Add @MorningTech and @PoliticoPro on Twitter.
Tech of the Town
ONE YEAR INTO COVID, A WIN FOR THE BROADBAND COMMUNITY — Major telecom players are cheering the FCC’s bipartisan vote to swiftly advance the $3.2 billion Emergency Broadband Benefit program, which will help subsidize internet service for households affected by Covid. (The full text of the order was released on Friday.) Acting FCC Chair Jessica Rosenworcel has stressed how the program will be key for those households to access virtual learning, telehealth services and job resources.
— Round of applause: AT&T praised the step to “help close the broadband gap,” while Comcast and Charter announced their intent to participate in the effort. Access Now said the plan will support Black and indigenous communities in particular. The Benton Institute called it “a lifeline” that will go far in connecting Americans in need to Covid vaccines. And trade groups including ACA Connects, USTelecom, the Internet & Television Association and the Wireless Internet Service Providers Association also welcomed the action.
— What’s next: The program is expected to open to qualifying homes signed up with participating providers within the next 60 days, Rosenworcel said.
— And beyond that? Members of Congress have already been encouraging the FCC to find ways to expand these types of efforts beyond the end of the health crisis.
“While the EBBP will sunset after the end of the coronavirus pandemic, it presents a unique opportunity for the FCC to look at how to address the broadband affordability issue long-term and [start] to think now about the longevity of cost support well beyond this program,” Sens. Angus King (I-Maine), Maggie Hassan (D-N.H.) and Mark Warner (D-Va.) wrote in a letter to Rosenworcel.
“The ultimate end to the pandemic will not signify the end to the digital divide,” the senators wrote, “and the efforts that we put forth now toward encouraging digital equity must represent a durable, scalable model for future digital equity efforts.”
ON PRIVACY: A LOCAL LAWSUIT WITH NATIONAL RAMIFICATIONS — An enormous class-action settlement in a Facebook privacy lawsuit in Illinois could breathe new life into Washington’s debates over facial recognition technology and add urgency to the push for federal privacy legislation.
— The lawsuit: A federal judge approved a $650 million settlement on Friday in a case alleging that the social network used users’ biometric data — namely, images of their faces — without their consent to power its photo-tagging capabilities. As a result of the suit, filed in 2015 in Illinois, some 1.6 million Facebook users there are expected to receive hundreds of dollars each in the coming months.
— The landscape: Facial recognition has come under fire far beyond this Facebook case. Many government leaders across Congress and the FTC, AI researchers, and consumer and civil rights advocates have sounded the alarm over privacy concerns and biases in the software that disproportionately endanger minorities and communities of color.
In the absence of federal privacy legislation, biometric privacy laws in Illinois and other states are doing more to address the issue than Congress is. And despite some movement — including hearings and the introduction of facial recognition legislation — last Congress, some lawmakers say congressional action on facial recognition will remain a challenge so long as there is no foundational, federal privacy standard first.
TECH QUOTE DU JOUR — ""Local news is on life support in this country,” House antitrust chief Rep. David Cicilline (D-R.I.) said Sunday on CNN, teasing a March 12 subcommittee hearing on legislative proposals (including his own) to bolster local journalism. “Two-thirds of Americans get their news through Facebook and Google. Those two platforms control digital advertising online. There are real challenges here, and we're seeing local newspapers close regularly. Layoffs all throughout the industry. And a real decline in local journalism. We've got to do something about it. … I think you'll see real reforms in this Congress.""
LOBBYING LATEST: FROM BYTES TO BITES — Former congresswoman and chief Google lobbyist Susan Molinari has been tapped to co-chair the American Italian Food Coalition, an alliance that represents 450 Italian companies and manufacturers seeking to sell their products in the U.S. Former Rep. Lou Barletta (R-Pa.) serves as the group's other co-chair. Molinari led Google's public policy shops across the Americas from 2012 to 2019, advocating on issues like data privacy, antitrust and election misinformation. A Republican, Molinari represented Staten Island, N.Y., in the House in the 1990s.
Around the World
TRANSATLANTIC AI CHATTER GETS LOUDER — Late last year, European Commission President Ursula von der Leyen made a bid to create a “transatlantic AI accord” with the U.S. — and it now seems like her call has been heard, my colleague Melissa Heikkilä reports from London. The U.S. National Security Commission on Artificial Intelligence, chaired by former Google CEO Eric Schmidt, will release its final report today, and an early draft urges the U.S. to bring “together like-minded allies and partners to build a digital coalition that ensures a democratic vision for AI.”
— More alliances incoming: The draft report calls for the creation of an “Atlantic-Pacific Security Technology Partnership” that will improve the use and interoperability of AI between U.S. allies in Europe and the Indo-Pacific. The commission also wants to launch an “International Digital Democracy Initiative” that would align global efforts “to develop, promote, and fund the adoption of AI and associated technologies that comport with democratic values and ethical norms” around privacy and security.
— Meanwhile, across the pond: The European Parliament’s special committee on artificial intelligence is holding a hearing today on regulatory convergence on AI. Speakers include Rep. Robin Kelly (D-Ill.), who has focused on advancing a national strategy for artificial intelligence in the U.S., as well as representatives from the United Nations and World Economic Forum.
ICYMI: GLOBAL TAX DEAL ON THE HORIZON — G-20 finance ministers on Friday gave their “strong support” to reach a global digital tax deal at the Organization for Economic Cooperation and Development by July, and Treasury Secretary Janet Yellen said the U.S. has dropped its demand for a controversial “safe harbor” provision that would make the tax optional, according to European Commission tax director Benjamin Angel. French finance minister and chief cheerleader for a digital tax, Bruno Le Maire, cheered Yellen’s announcement. “This is a major step forward,” he said Friday on Twitter. “An international agreement on minimum business taxation and taxation on digital services is within reach.”
Transitions
Neema Guliani, a former senior legislative counsel at the ACLU who worked previously in the DHS chief of staff’s office and was an investigative counsel for the House Oversight Committee, joined Twitter’s public policy team as the head of national security, democracy and civil rights public policy for the Americas. … Elizabeth Busby, former deputy national press secretary to Senate Majority Leader Chuck Schumer who worked previously at SKDKnickerbocker and AmeriCorps, joined Twitter’s policy communications team in Washington, focused on U.S. public policy, safety policy and elections.
Lia Nitake, a former economic development and public affairs consultant in Sacramento, was named TechNet’s deputy executive director for California and the Southwest. … Tony Lin, who worked previously at Hogan Lovells, has joined DLA Piper’s telecom group as part of the firm’s intellectual property and technology practice in Washington. … Dane Hughes, former senior adviser to the Defense secretary, is now director of strategic engagement at software company Research Innovations.
Silicon Valley Must Reads
Massachusetts, a case study: “How one state managed to actually write rules on facial recognition,” via NYT.
WWYD: “To selfie or not to selfie? Why the joy of getting vaccinated is drawing backlash,” via WaPo.
Quick Downloads
Eyeballs watching emoji: “New York Times columnist David Brooks wrote a blog post for Facebook’s corporate website,” BuzzFeed News reports.
By the numbers: A new study commissioned by Netflix “found the streamer was outperforming traditional studios in onscreen and behind-the-scenes diversity,” Entertainment Weekly reports.
Tips, comments, suggestions? Send them along via email to our team: Bob King ([email protected], @bkingdc), Heidi Vogt ([email protected], @HeidiVogt), John Hendel ([email protected], @JohnHendel), Cristiano Lima ([email protected], @viaCristiano), Alexandra S. Levine ([email protected], @Ali_Lev), and Leah Nylen ([email protected], @leah_nylen).
TTYL.",POLITICO
https://www.forbes.com/sites/charlesrtaylor/2021/03/01/how-online-privacy-issues-will-shape-future-use-of-artificial-intelligence-in-advertising/,2021-03-01,How Online Privacy Issues Will Shape Future Use Of Artificial Intelligence In Advertising,"The trend toward greater focus on privacy issues has been going on for some time and is starting to come to a head. More restrictions on the sharing and merging of data on individuals has been leading to advertisers to look for effective ways to target and reach consumers, including using the use of behavioral targeting supplemented by the use of artificial intelligence (AI).
At a time when privacy regulations are sometimes fragmented and confusing but changing, it is critically important for marketers to monitor changes in the regulatory environment. Against this backdrop, I interviewed Sheri Bachstein, IBM's Global Head of Watson Advertising to get her insights and predictions on the future of privacy regulation and how it will affect advertisers, particularly as regards the use of AI and came away with three major takeaways:
1) The need for standard federal regulation of data privacy in the U.S. is pressing.
The European Union’s General Data Protection Regulation and the California Consumer Privacy Act are already leading to the devaluation of traditional third-party cookies and the way many advertisers do business. Yet, the lack of uniform regulation creates a significant gray area for companies who want to scale and use AI in targeting, creating problems for technology companies and marketers.
Bachstein believes that federal legislation as opposed to a patchwork of state laws is needed in order to allow for standards that allow marketers to operate effectively while protecting consumer rights. Citing lack of agreement on what “sensitive data” means to different constituencies, she asserts: “We feel that data privacy principles such as transparency, user choice, as well as overall accountability should be taken into greater consideration when designing policy that is consumer driven. When you talk about “sensitive data” that is a great example of why we need industry standards. We all need to have the same definitions for types of data so that industry players work with clearly defined terms that are consistent across the U.S.”
Bachstein also notes that industry needs to unite behind a standard playbook and the effort to get federal regulation should be include an array of industry partners, councils, and big tech companies collaborating with lawmakers in order to incorporate multiple viewpoints and ensure that the legislation is effective across the entire ecosystem.
2) Artificial intelligence is part of the solution to balancing privacy with the consumer’s right to choose; Unified IDs alone are not likely to be enough.
Even before the pandemic, there was growing consensus that users should have the ability to control their sensitive data and who they share it with. Moreover, there is emphasis in regulatory discussions on consumers knowing where their data is going and how it is used. At the same time, most consumers prefer to have personalized experiences online, including when they receive advertising in the digital context. Old style “spray and pray” ads have little utility for either marketers or consumers. As such, an alternative targeting solution that does not use data the consumers believe to be sensitive is needed.
Because of its ability to narrowly target messages based on behavioral online data (in some cases combined with consumer approved data that is less sensitive) artificial intelligence has the potential to help get advertising messages that the consumer wants to see, or, at least, does not find invasive. It is also the case that the use of AI combined with informing consumers on how data is used can help lead to a situation where consumers understand that marketers are using data for positive purposes.
A key to the promise of AI in advertising, says Bachstein, is its ability to use data to predict future behaviors without relying on consumer-level data. “AI is a great path forward in this era of privacy because it can work with data to predict future behaviors, while simultaneously delivering valuable insights,” she states, “This allows publishers such as IBM’s The Weather Channel, to create relationships with their consumers without the need to know specifically who the consumer is.”
While some have suggested unified ID programs such as the The Trade Desk’s Unified ID 2.0, which is a pool of industry collaborators who seek to create to new, standardized ways of collecting user data without using third-party cookies, instead relying on audience data collected directly from the publisher, Bachstein does not see it as being able to replace what was available via third-party cookies. “While we welcome industry collaboration and view this solution as progress, it’s important to note that there will be challenges that are dependent on which path the big tech companies will pursue,” she says, “Unified IDs may offer a partial fix, but we could ultimately run into the same privacy constraints moving ahead. While Unified IDs are a step in the right direction, the solution alone isn’t enough to replace what marketers will lose when third-party cookies are phased out and mobile identifiers are changed to opt-in.”
3) The use of artificial intelligence is poised to grow, lead to additional innovation, and drive the future of digital advertising.
Bachstein and IBM Watson estimate that only 25% of global companies understand the true value of AI but that this will grow as marketers realize its value. In addition, consumers have not historically understood the benefits of AI and in part due to its futuristic image are nervous about how its application affects their everyday lives. IBM Watson believe the onus is on industry to explain the benefits in a delicate way to get across that AI will be a force for good.
As cookies have the drawback of only tracking the past, AI’s nature of being rooted in the future and leveraging data can deliver important insights without the publisher (e.g., IBM’s The Weather Channel) needing to know who specifically the consumer is. Bachstein summarizes the situation regarding adoption as follows, “As with any new technology, the pace of adoption and the consumer’s level of comfortability is ultimately tied directly to the education and experimentation of the technology itself. While there has not been a true resistance to AI… today it is not widely used across the digital advertising ecosystem. Adoption will take time for some, while others will see the benefits immediately. We need to ensure that AI is no longer perceived as a buzzword, but rather a tangible solution that can deliver real outcomes while keeping consumer privacy intact.”
Charles R. ""Ray"" Taylor is the John A. Murphy Professor of Marketing at the Villanova School of Business and Senior Research Fellow at the Center for Marketing and
…Charles R. ""Ray"" Taylor is the John A. Murphy Professor of Marketing at the Villanova School of Business and Senior Research Fellow at the Center for Marketing and Consumer Insights. He currently serves as Editor-in-Chief of the International Journal of Advertising. Professor Taylor is a Past-President of the President of the American Academy of Advertising. He is the recipient of the Ivan L. Preston Award for Outstanding Lifetime Contribution to Advertising Research from the American Academy of Advertising and the Flemming Hansen Award for Outstanding Contribution to Advertising from the European Advertising Academy. Professor Taylor is an active consultant and regularly does media interviews with major television networks and newspapers.",Forbes
https://www.seattletimes.com/business/ai-panel-urges-us-to-boost-tech-skills-amid-chinas-rise/?utm_source=RSS&utm_medium=Referral&utm_campaign=RSS_nation-world,2021-03-01,AI panel urges US to boost tech skills amid China’s rise,"An artificial intelligence commission led by former Google CEO Eric Schmidt is urging the U.S. to boost its AI skills to counter China, including by pursuing “AI-enabled” weapons – something that Google itself has shied away from on ethical grounds.
Schmidt and current executives from Google, Microsoft, Oracle and Amazon are among the 15 members of the National Security Commission on Artificial Intelligence, which released its final report to Congress on Monday.
“To win in AI we need more money, more talent, stronger leadership,” Schmidt said Monday.
The report says that machines that can “perceive, decide, and act more quickly” than humans and with more accuracy are going to be deployed for military purposes — with or without the involvement of the U.S. and other democracies. It warns against unchecked use of autonomous weapons but expresses opposition to a global ban.
It also calls for “wise restraints” on the use of AI tools such as facial recognition that can be used for mass surveillance.
“We have to develop technology that preserves our Western values, but we have to be prepared for a world in which not everyone is doing that,” said Andrew Moore, a commissioner and the head of Google Cloud AI.
The group has the ear of top lawmakers from both parties, but has attracted criticism for including many members who work for tech companies with big government contracts, and who thus have a lot at stake in federal rules on emerging technology.
The report calls for a “White House-led strategy” to defend against AI-related threats, to set standards on how intelligent machines can be used responsibly and to boost U.S. research and development to maintain the nation’s technological advantage over China.
“We believe we are one or two years ahead of China, not five or 10,” Schmidt told the Senate Armed Services Committee last week. He clarified Monday that that he was expressing his personal opinions and not necessarily those of the commission.
It’s not yet clear whether President Joe Biden’s administration is on board with the commission’s approach. It’s still awaiting confirmation of a new director for the White House Office of Science and Technology Policy, which Biden has elevated to a Cabinet-level position.
“AI policy tends to be very bipartisan,” said Michael Kratsios, who was U.S. chief technology officer under President Donald Trump and led a push to pump more resources into AI development across federal agencies. The greatest imperative, he said, is that “the next great AI technologies are developed in the West.”
One big difference between the two administrations is likely to be the approach to building AI talent. The commission recommends a more open immigration policy than what Trump favored.
Congress formed the AI panel in 2018 and appointed 12 of its 15 commissioners, with the others picked by Trump’s Defense and Commerce secretaries. A judge later compelled the commission to make its meetings and records more accessible to the public after a civil liberties group, the Electronic Privacy Information Center, challenged its secrecy.
It’s been led by Schmidt, who was Google’s CEO and later the executive chairman of its parent company Alphabet. He previously helped lead the Defense Innovation Board, which advises the Pentagon on new technology.
That brought some conflict in 2018 when Google backed out of Project Maven, a U.S. military initiative using AI-based computer vision technology to analyze drone footage in conflict zones. The company, responding to internal activism from employees, also pledged not to use AI in any weapons-related applications.
“I did not agree with the Google decisions on Maven,” Schmidt told senators last week, calling it an “aberration” compared to the tech industry as a whole, where he says there are plenty of companies that want to work with the military. He said AI and machine vision systems are particularly good at “watching for things,” which is something the military spends a lot of time doing.
The commission also includes executives like Safra Catz, the CEO of software giant Oracle, and Amazon’s incoming CEO, Andy Jassy, who currently runs its cloud computing division, as well as top AI experts at Microsoft and Google. All four companies have competed against each other for federal cloud computing contracts. The representatives from Microsoft and Google joined other members in approving the final report Monday, but abstained from the section relating to government partnerships with the private sector.
Excluding human rights groups and rank-and-file tech experts from the commission has led the group to more easily frame this policy issue as a “democracy versus authoritarianism” competition against China while skirting more difficult topics, like the use of AI technologies on the U.S.-Mexico border, said Jack Poulson, a former Google researcher who now directs industry watchdog Tech Inquiry.
“The nominal reason to have these tech CEOs on these committees is they’re experts in the technology. But they’re also, subject to shareholder requirements, acting in the interests of their companies,” Poulson said. “They don’t want significant regulation or antitrust enforcement.”
The government-industry partnership may be important for the U.S. and its allies to help set standards for the responsible use of AI, said Megan Lamberth, a research associate at the Center for a New American Security.
“AI has the potential to really transform not only how militaries fight wars, but how economies operate and how societies and people interact with each other,” Lamberth said. “If there’s a gap in leadership, another country is going to fill that void.”
The American Civil Liberties Union said in a statement Monday that the commission made useful recommendations but it should have gone further by establishing civil rights protections now, before AI systems are widely deployed by intelligence agencies and the military.
The commission asked Congress to make new laws requiring federal agencies to conduct human rights assessments of new AI systems used on Americans. But it didn’t recommend the binding surveillance limits sought by activists.",The Seattle Times
https://www.washingtonpost.com/business/technology/ai-panel-urges-us-to-boost-tech-skills-amid-chinas-rise/2021/03/01/8fafd838-7aca-11eb-8c5e-32e47b42b51b_story.html,2021-03-01,AI panel urges US to boost tech skills amid China’s rise,"“To win in AI we need more money, more talent, stronger leadership,” Schmidt said Monday.
The report says that machines that can “perceive, decide, and act more quickly” than humans and with more accuracy are going to be deployed for military purposes — with or without the involvement of the U.S. and other democracies. It warns against unchecked use of autonomous weapons but expresses opposition to a global ban.
It also calls for “wise restraints” on the use of AI tools such as facial recognition that can be used for mass surveillance.
“We have to develop technology that preserves our Western values, but we have to be prepared for a world in which not everyone is doing that,” said Andrew Moore, a commissioner and the head of Google Cloud AI.
The group has the ear of top lawmakers from both parties, but has attracted criticism for including many members who work for tech companies with big government contracts, and who thus have a lot at stake in federal rules on emerging technology.
The report calls for a “White House-led strategy” to defend against AI-related threats, to set standards on how intelligent machines can be used responsibly and to boost U.S. research and development to maintain the nation’s technological advantage over China.
“We believe we are one or two years ahead of China, not five or 10,” Schmidt told the Senate Armed Services Committee last week. He clarified Monday that that he was expressing his personal opinions and not necessarily those of the commission.
It’s not yet clear whether President Joe Biden’s administration is on board with the commission’s approach. It’s still awaiting confirmation of a new director for the White House Office of Science and Technology Policy, which Biden has elevated to a Cabinet-level position.
“AI policy tends to be very bipartisan,” said Michael Kratsios, who was U.S. chief technology officer under President Donald Trump and led a push to pump more resources into AI development across federal agencies. The greatest imperative, he said, is that “the next great AI technologies are developed in the West.”
One big difference between the two administrations is likely to be the approach to building AI talent. The commission recommends a more open immigration policy than what Trump favored.
Congress formed the AI panel in 2018 and appointed 12 of its 15 commissioners, with the others picked by Trump’s Defense and Commerce secretaries. A judge later compelled the commission to make its meetings and records more accessible to the public after a civil liberties group, the Electronic Privacy Information Center, challenged its secrecy.
It’s been led by Schmidt, who was Google’s CEO and later the executive chairman of its parent company Alphabet. He previously helped lead the Defense Innovation Board, which advises the Pentagon on new technology.
That brought some conflict in 2018 when Google backed out of Project Maven, a U.S. military initiative using AI-based computer vision technology to analyze drone footage in conflict zones. The company, responding to internal activism from employees, also pledged not to use AI in any weapons-related applications.
“I did not agree with the Google decisions on Maven,” Schmidt told senators last week, calling it an “aberration” compared to the tech industry as a whole, where he says there are plenty of companies that want to work with the military. He said AI and machine vision systems are particularly good at “watching for things,” which is something the military spends a lot of time doing.
The commission also includes executives like Safra Catz, the CEO of software giant Oracle, and Amazon’s incoming CEO, Andy Jassy, who currently runs its cloud computing division, as well as top AI experts at Microsoft and Google. All four companies have competed against each other for federal cloud computing contracts. The representatives from Microsoft and Google joined other members in approving the final report Monday, but abstained from the section relating to government partnerships with the private sector.
Excluding human rights groups and rank-and-file tech experts from the commission has led the group to more easily frame this policy issue as a “democracy versus authoritarianism” competition against China while skirting more difficult topics, like the use of AI technologies on the U.S.-Mexico border, said Jack Poulson, a former Google researcher who now directs industry watchdog Tech Inquiry.
“The nominal reason to have these tech CEOs on these committees is they’re experts in the technology. But they’re also, subject to shareholder requirements, acting in the interests of their companies,” Poulson said. “They don’t want significant regulation or antitrust enforcement.”
The government-industry partnership may be important for the U.S. and its allies to help set standards for the responsible use of AI, said Megan Lamberth, a research associate at the Center for a New American Security.
“AI has the potential to really transform not only how militaries fight wars, but how economies operate and how societies and people interact with each other,” Lamberth said. “If there’s a gap in leadership, another country is going to fill that void.”
The American Civil Liberties Union said in a statement Monday that the commission made useful recommendations but it should have gone further by establishing civil rights protections now, before AI systems are widely deployed by intelligence agencies and the military.
The commission asked Congress to make new laws requiring federal agencies to conduct human rights assessments of new AI systems used on Americans. But it didn’t recommend the binding surveillance limits sought by activists.
Copyright 2021 The Associated Press. All rights reserved. This material may not be published, broadcast, rewritten or redistributed without permission.",The Washington Post
https://www.businessinsider.com/jassy-tech-execs-urge-ai-action-or-lose-to-china-2021-3,2021-03-01,Amazon's next CEO and other tech execs issued a stern warning that Biden needs 'bold action' and a $32 billion annual investment in AI or China will leave the US behind,"- Andy Jassy other tech CEOs warned of China's rise in an AI report to Biden and Congress.
- The report comes as Congress pressures Biden to act on China, looking to Silicon Valley for guidance.
- The tech industry benefits from greater government investment in R&D and faster IT buying processes.
- Visit the Business section of Insider for more stories.
The National Security Commission on Artificial Intelligence (NSCAI), a commission created by Congress under President Trump to advise government on artificial intelligence for national security purposes in 2018, submitted its final report to President Joe Biden and Congress on Monday.
In that report, the commission recommended the government take ""bold action"" to maintain the country's technological edge over China by establishing a Technology Competitiveness Council led by the Vice President, investing in talent and hardware manufacturing, and doubling funding for R&D, eventually reaching $32 billion annually by 2026.
As the country's AI talent and resources have moved to Silicon Valley, the commission's goal hinged on tapping the tech industry's expertise for guidance on how to keep America competitive.
Its members include top Silicon Valley execs like incoming Amazon CEO Andy Jassy, former Google CEO Eric Schmidt (the commission's chairman), Oracle CEO Safra Catz, Microsoft chief scientific officer Eric Horvitz, and Google Cloud AI head Andrew Moore. The commission received $10 million in funding, according to its charter, and will be dissolved in October under the current plan.
""We've been doing this for two years, and our two-year effort is essentially over in trying to understand the impact of AI on America's national security,"" Schmidt said at the commission's public meeting in February.
The execs received classified and unclassified briefings over those two years, and have warned repeatedly that as China stated it plans to become a global AI leader by 2030, time is running out. At a commission meeting that came only a week before he was named the next CEO of Amazon, Jassy echoed those concerns.
""Right now it's not like the US has a generation or two advantage and we want to maintain two generation advantages over China, we're behind,"" he said at the time. ""In the US we're behind now, by a generation or two.""
Their warnings dovetail with that of Erdal Arikan, inventor of the 5G data transmission standard, who said last year that China's lead in 5G would give rise to the next generation of trillion-dollar tech companies, all based in China instead of Silicon Valley. Huawei, the Chinese leader in 5G hardware, has sponsored Arikan's research.
Yet the rhetoric around China's rise is not new for Silicon Valley's Washington efforts, with tech leaders like Facebook CEO Mark Zuckerberg, in response to potential antitrust regulation, telling lawmakers to consider China's model for the internet as a threat to American values.
Congress has increasingly looked to Silicon Valley for help on tech
Heather Roff, a contributor to the NSCAI report and senior research analyst at the Johns Hopkins Applied Physics Lab, told Insider earlier this year that groups like the commission do determine defense funding priorities, especially when it comes to emerging technology like artificial intelligence.
""There's back and forth between lobbyists on the Hill and with people at external entities like the National Security Commission on AI,"" Roff said. ""Those get taken up into the defense budget as well. So there's this kind of trifecta between experts, Department of Defense, the Hill and the White House.""
Chris Meserole, director of research and policy for the Brookings Institution's Artificial Intelligence and Emerging Technology Initiative, told Insider that he expected the report to carry some weight because ""the NSCAI's commissioners are all very substantial people in DC and Silicon Valley circles."" ""I think that'll kind of set the agenda to some extent about what the Biden team will look to do on AI specifically,"" he said.
Experts also said it seems likely Biden will continue the previous administration's stance on advancing AI for national security. ""I see the Biden administration Defense Department as interested in carrying on some of that third offset, that AI-forward strategy, that to be fair, the Trump administration was fully on board with,"" said Chris Cornillie, a federal technology market analyst at Bloomberg Government.
The NSCAI, whose final report is hundreds of pages, will be watching closely for Biden and Congress's next moves. Schmidt, in a February commission meeting, said, ""I think we collectively as a commission, feel very strongly that the entirety of the report needs to be adopted. You can't just piece-part it.""
Things have indeed started moving. Last week, Senator Chuck Schumer called on lawmakers to draft legislation to defend against China by boosting federal investment in 5G, AI, and quantum computing. Democrats and Republicans have already urged Biden to come up with a plan to counter China's rising influence — a key component of which will likely impact the tech sector. Other leaders like acting FCC chair Jessica Rosenworcel have similarly raised the alarm over 5G, and the defense community has long issued warnings about China's rise.
Schmidt, in response to questions during a January commission meeting, said he was aware Biden was working on a China strategy, and said he believed the commission's recommendations would be implemented ""in the context of a China strategy.""
Cloud giants, Google, benefit from government AI investment
Underpinning the commission and its report is the recognition that ""for America to remain competitive, particularly with China, the US government and our allies are gonna have to work closely and in concert with the private sector in Silicon Valley,"" Meserole said.
Among the recommendations from the report, many include greater public-private partnership, which is potentially a boon for big tech companies. For example, it calls for keeping AI resources within the private sector with a ""garage-startup mentality,"" but also forging a ""hybrid approach meshing government and private-sector efforts to win the technology competition.""
Similarly, analysts have called out AI as a major driver of cloud adoption in the federal government, especially in defense. The JEDI cloud contract, for example, a $10 billion Defense Department deal awarded to Microsoft but currently under legal protest by Amazon, was partially intended for building up the department's AI capabilities.
""One of the things that's driving our forecast for software-as-a-service, which is the desire to use AI, is going to drive spending and also investments,"" said Alex Rossino, a senior principal research analyst at government contracting research firm Deltek.
Microsoft President Brad Smith also underscored the threat from China and issued a call for revamping the contract protest process in testimony before the Senate Armed Services Committee last week — a move that would advance its JEDI contract tied up by Amazon's protests. ""We have literally been frozen by a federal court on our performance on the JEDI contract for more than 12 months,"" Smith said.
As the government's current procurement is notoriously slow, streamlined tech buying helps any company vying for government business. Still, a focus on faster AI procurement could uniquely benefit Google, analysts said. AI was already a priority for the Defense Department, but it recently shifted strategy from building its own AI to enabling faster buying from the private sector. Cornillie previously told Insider that Google views its AI proficiency as helping open the door to new cloud contracts — taking a ""if you want AI capabilities out of the box, it works best in our cloud"" approach.
At the same time, concerns have been raised that a group which directly influences lawmakers and the President is made up of tech executives and government contractors. Amazon, Microsoft, Google, and Oracle, all submitted bids for the JEDI contract, among other cloud deals. During Monday's commission meeting, Horvitz and Moore, of Microsoft and Google respectively, said they'd abstained from the report's chapters pertaining to public-private partnership. Meanwhile, in response to a lawsuit from the nonprofit civil liberties group the Electronic Privacy Information Center, the commission was ordered to be more transparent with the public last summer.
Still, tech execs are forging ahead. On Monday, in one of his first public comments since being named the next Amazon CEO, Jassy reiterated his support for the commission and Congressional backing.
""I really hope that Congress deeply considers the report and its recommendations,"" he said, ""There's meaningful urgency to get moving on these needs. It's important to realize that you can't just flip a switch and have these capabilities in place, it takes steady, committed hard work over a long period of time to bring these capabilities to fruition. All of us I know are eager to get going on these recommendations and to help in whatever way we can.""",Business Insider
https://www.politico.com/news/2021/03/02/china-us-europe-ai-regulation-472120,2021-03-02,China wants to dominate AI. The U.S. and Europe need each other to tame it.,"China wants to dominate AI. The U.S. and Europe need each other to tame it.
The U.S. and Europe are on different paths to regulating artificial intelligence but need each other to take on China.
Political leaders in the U.S. and Europe are becoming increasingly alarmed by China’s use of artificial intelligence to track its people and engage in other authoritarian behavior. But so far, the long-time allies are not united over rules for the rapidly evolving technology.
Europe will soon propose strict AI regulations as part of a push to wield greater influence over the world’s emerging technologies. The U.S., which is home to the world’s leading AI developers, has instead chosen to draw up voluntary guidelines shaped in part by industry.
Officials on both sides of the Atlantic say those parallel tracks will need to converge to counterbalance Beijing’s technological ambitions. Making that happen would require the allies to agree on regulations that protect civil liberties without hampering innovation.
“Strategically, both the U.S. and the EU are concerned about China, so they need a tech policy that acknowledges a very aggressive position that China has taken in AI,” said Marc Rotenberg, director of the Center on AI and Digital Policy at the Michael Dukakis Institute, a technology and leadership think tank in Boston.
Elected officials in Europe and the U.S. began laying the groundwork on Monday at an EU parliamentary hearing.
Rep. Robin Kelly (D-Ill.), who has championed a U.S. national strategy on AI, asked her European counterparts during testimony to be “narrow and flexible” while pushing ahead with their “desire to be the first to write regulations.” The U.S. and Europe need to stand together as China seeks to write the global playbook, she added.
“Nations that do not share our commitment to democratic values are racing to be the leaders in AI and set the rules for the world,” Kelly said. “We cannot allow this to happen.”
AI is poised to help governments and industry achieve lofty goals. Deploying it faster has economic advantages.
It can monitor and mitigate emissions from manufacturing plants, and allow doctors to more quickly diagnose and develop new treatments for illnesses. In law enforcement and defense, AI-enabled software is already used to identify suspected criminals or target weapons on the battlefield.
But consumer and civil rights advocates have already raised concerns about its potential to displace workers and threaten personal privacy — outcomes they warn can have damaging consequences without the proper safeguards.
The U.S. and Europe are beginning to address those side effects. Whether the allies develop complementary sets of rules that emphasize privacy and human rights — rules that industry groups caution shouldn’t stifle innovation — could be key to balancing the approach taken by China.
In a report released Monday, the U.S. National Security Commission on Artificial Intelligence outlined the stakes, finding the “magnitude of the technological opportunity coincides with a moment of strategic vulnerability.” Working with Europe and other allies to develop AI rules and invest in research is essential to defense and economic prosperity in the face of a foe as powerful as China, the report concludes.
China is pouring large sums of money into developing AI and has a key advantage over its rivals: large quantities of data, which is needed to train computer algorithms, and few restrictions on how the government can use it.
Though China released its own ethical AI principles in 2019, technology has already been developed to facilitate mass surveillance and suppress minorities — authoritarian tools that are then exported to other countries, according to media reports.
The U.S. and Europe are already at odds on other tech issues. They are renegotiating a thorny deal about how to transfer data across their borders and trying to figure out how to tax digital giants like Facebook and Google.
But recent comments from President Joe Biden indicate that the U.S. is ready to collaborate on policies for “democratic values.” Speaking at the Munich Security Conference in February, Biden said that the “transatlantic alliance is back.”
“We must shape the rules that will govern the advance of technology and the norms of behavior in cyberspace, artificial intelligence, biotechnology so that they are used to lift people up, not used to pin them down,” Biden said. “We must stand up for the democratic values that make it possible for us to accomplish any of this, pushing back against those who would monopolize and normalize repression.”
Europe forges ahead
The need to engage Europe on tech issues is urgent, even as the Biden administration grapples with the coronavirus pandemic and subsequent economic downturn. Europe has made clear in recent months that it plans to push ahead with its digital sovereignty agenda.
There is already domestic pressure brewing from industry groups and tech-minded members of Congress. Without U.S. input, they fear Europe could again set the regulatory standards that U.S. companies follow around the world — much as it has done in recent years with privacy rules for consumer data.
The European Union’s executive arm will release its proposal for AI regulation in April, and has lobbied hard for its vision for ethical artificial intelligence that would offer an alternative to the American and Chinese approaches to the technology. The EU’s new law will set strict rules for AI applications that are considered “high risk” and the bloc is mulling who to hold accountable when AI goes awry.
Though Europe is not actually home to any of the world's largest technology companies, the continent nevertheless celebrates its role as a regulatory powerhouse. The strict privacy rules it implemented in 2018, known as the General Data Protection Regulation, have been broadly adopted by U.S. companies and become a blueprint for similar laws in California and countries around the world.
European lawmakers and consumer advocacy groups don’t want to relinquish that role. But EU digital czar Margrethe Vestager told POLITICO that “the rest of the world is catching up” with the need to regulate technologies like artificial intelligence. She pointed to the international effort to develop an AI policy framework at the Organisation for Economic Co-operation and Development as a potential starting point.
“There’s an understanding that we want to make the most of artificial intelligence, but we want people to trust the technology, too,” she said.
Congress as partner
Luis Viegas Cardoso, a technology adviser to European Commission President Ursula Von der Leyen, has described Europe’s approach to AI regulation as a “third way” between the U.S. and China. But Europe forging its own path toward digital sovereignty doesn’t diminish potential partnerships, he said in January.
Indeed, the Commission sees the Biden administration as being open to the bloc’s message about AI rules that respect human rights, inclusion and data protection, and wants to establish a “transatlantic accord” on artificial intelligence.
“We cannot ignore the simple fact that we have each other. The U.S. and the EU are big global like-minded actors,” said Dragoș Tudorache, a liberal member of the European Parliament and chair of its Special Committee on AI in the Digital Age.
EU officials are likely to find willing partners in Congress, particularly among the new Democratic majority, whose members have pushed in recent years to curtail the use of AI by government agencies and law enforcement.
Reps. Jerry McNerney (D-Calif.) and Anthony Gonzalez (R-Ohio), leaders of the House AI Caucus, met with Tudorache and Miapetra Kumpula-Natri, the first vice chair of the European Parliament’s AI committee, in December. McNerney told POLITICO he came away from the talks bullish that both governing bodies can find common ground.
He added that the Biden administration must find room for AI regulation among its competing priorities as the rest of the world hammers out its own approach.
“For the U.S. to be a world leader on AI, we need to give this area of policy the significant attention it deserves,” McNerney said.
Congress took its boldest step yet in January when it passed legislation, H.R. 6395 (116), that instructed the National Institute of Standards and Technology, a federal agency known for its technology expertise, to develop guidelines for companies that reduce risks associated with AI.
The law also establishes a National AI Initiative Office to develop and implement the U.S. approach to the technology. It also sets up an AI advisory committee composed of academics and industry officials who can suggest areas where the U.S. should collaborate with allies.
U.S. technology companies are optimistic on the framework, seeing it as an opportunity for the American government to offer guidance without imposing onerous rules that could hamper future uses of AI. It could also help to avoid a repeat of ceding ground on data privacy rules, where the U.S. severely lags Europe in shaping global standards.
“If the United States can avoid being flat-footed the way it was on privacy while Europe moves forward, and if it can lean more in, I think that creates a better political environment between the U.S. and Europe,” said Craig Albright, the vice president of legislative strategy for BSA | The Software Alliance, a trade group with footprints in Washington and Brussels.
That’s becoming increasingly important as the U.S. and Europe are not running the technology race alone.
Ultimately, concerns about China’s growing technological ambitions, as well as reports of its government using AI for mass surveillance and human rights abuses, could push the U.S. and EU closer together.
“China is trying to steer countries in a direction that is different than what the United States and Europe are trying to go towards,” Albright said. When it comes to EU-U.S. relations, he added, “I think you'll have a new administration that wants to leverage that point and wants to build on that point in a way that the [Trump] administration just didn't really care about.”
Mark Scott contributed to this report.",POLITICO
https://www.cnbc.com/2021/03/02/us-not-prepared-to-defend-or-compete-in-ai-era-says-eric-schmidt-group.html,2021-03-02T13:58:05Z,"U.S. is ‘not prepared to defend or compete in the A.I. era,’ says expert group chaired by Eric Schmidt","The U.S. is drastically underprepared for the age of artificial intelligence, according to a group of experts chaired by former Google CEO Eric Schmidt.
The National Security Commission on AI warned in a 756-page report on Monday that China could soon replace the U.S. as the world's ""AI superpower"" and said there are serious military implications to consider.
""America is not prepared to defend or compete in the AI era,"" wrote Schmidt and vice chair Bob Work, who was previously the deputy secretary of defense in the U.S. ""This is the tough reality we must face.""
The commission began its review in March 2019 and this is its final report for the U.S. president and Congress. The 15 members of the commission include technologists, national security professionals, business executives, and academic leaders. Amazon's next CEO, Andy Jassy, Oracle CEO Safra Catz, Microsoft chief scientific officer Eric Horvitz, and Google Cloud AI chief Andrew Moore are all members.
Schmidt and Work say the report presents a ""strategy to defend against AI threats, responsibly employ AI for national security, and win the broader technology competition for the sake of our prosperity, security, and welfare.""
A.I. to move beyond sci-fi
They warn that AI systems will be used in the ""pursuit of power"" and that ""AI will not stay in the domain of superpowers or the realm of science fiction.""
The report urges President Joe Biden to reject calls for a global ban on highly controversial AI-powered autonomous weapons, saying that China and Russia are unlikely to keep to any treaty they sign.
""We will not be able to defend against AI-enabled threats without ubiquitous AI capabilities and new warfighting paradigms,"" wrote Schmidt and Work.
Samim Wagner, an AI researcher in Berlin, sees things differently, telling CNBC that AI weapons and killer robots will make today's weapons even more deadly.
""[Adopting AI weapons] is brutal inanity and everyone knows it yet think tank staffers from DC to Beijing keep assuring us it's 'progress and necessary'.""
He added: ""A real discussion around 'how AI can help to promote peace globally' is what is truly required – but you certainly won't find it on the agenda of Pentagon operatives or intelligence agency billionaires like the Eric Schmidts of the world.""
China has stated that it wants to be a global leader in AI by 2030 and the report's authors have said it is vital that the U.S. does all it can to eliminate the chance of this happening.
""We must win the AI competition that is intensifying strategic competition with China,"" said Schmidt and Work. ""China's plans, resources, and progress should concern all Americans. We take seriously China's ambition to surpass the United States as the world's AI leader within a decade.""
They added that China's domestic use of AI is ""a chilling precedent for anyone around the world who cherishes individual liberty.""
A.I. proposals
The commission calls on the U.S. government to more than double its AI research and development spending to $32 billion a year by 2026.
It also suggests establishing a new body to help the country's president guide the U.S.'s wider AI policies, relaxing immigration laws for talented AI experts, creating a new university to train digitally skilled civil servants, and accelerating the adoption of new technologies by U.S. intelligence agencies.
The report also warns that the U.S. needs to do more to become self-reliant on computer chips, and warns about the dangers of being so dependent on Taiwan's TSMC.
""Microelectronics power all AI, and the United States no longer manufactures the world's most sophisticated chips,"" wrote Schmidt and Work. ""Given that the vast majority of cutting-edge chips are produced at a single plant separated by just 110 miles of water from our principal strategic competitor, we must reevaluate the meaning of supply chain resilience and security.""",CNBC
https://www.forbes.com/sites/qai/2021/03/02/vanguard-sp-500-etf-among-top-picks-this-week/,2021-03-02,Vanguard S&P 500 ETF Among Top Picks This Week,"Just when we thought we could relax with easing COVID numbers and vaccines that appear to be even more effective than we thought, rising bond yields spooked investors over the last two weeks. Last week, both the Nasdaq and the S&P 500 saw their worst one-day declines since October, while the Dow Jones ended the week losing almost 1000 points on Thursday and Friday combined. However, this week has started with gains and stability. Time will tell if this was just a short-term pop in bond yields; however, it is certainly worth monitoring. The tailwinds are in motion for a healthy 2021. But if it becomes too good too fast, inflation may return, coupled with the Fed hiking rates sooner than we’d like. Sure, it’s a blessing in disguise. But a lack of inflation is something that we’ve taken for granted, and its possible return will not be pleasant. Time will tell what happens in the short-term, but we’ve put together a list of trending ETFs this week that can help you diversify your portfolio and potentially mitigate risks. Q.ai’s deep learning algorithms have identified several ETFs to look out for this week based on their fund flows over the last 90-days, 30-days, and 7-days. We have identified three Attractive, two Neutral, and one Top Short for this week. We also decided to feature two interesting Unrated ETFs this week as well.
Sign up for the free Forbes AI Investor newsletter here to join an exclusive AI investing community and get premium investing ideas before markets open.
Attractive
Financial Select Sector SPDR Fund (XLF)
The Financial Select Sector SPDR Fund is our first Attractive ETF this week. This ETF is considered a benchmark ETF for exposure to banks and other financials, and seeks to effectively represent the S&P 500’s financial sector. The ETF has $31,053,032,037.06 AUM and has seen positive fund flows coinciding with the multiple tailwinds for banks right now. The ETF has a 90-day fund flow of $9,254,154,086.15, 30-day fund flow of $3,072,892,184.05, and 1-week fund flow of $1,670,306,171.25. Its net expense ratio of .12% is also decent.
Vanguard Total Stock Market ETF (VTI)
The Vanguard Total Stock Market ETF is our next Attractive ETF. This ETF aims to track the broader stock market, across all indices. The ETF also includes stocks of all cap sizes, and both growth stocks and value stocks. The ETF is the largest on our list this week in terms of AUM with $219,080,681,441.28 AUM. It has seen consistently positive fund flows, with a 90-day fund flow of $11,717,129,198.51, 30-day fund flow of $2,571,180,522.84, and 1-week fund flow of $801,766,768.43. Its net expense ratio of 0.03% is also very cheap and reasonable.
Vanguard S&P 500 ETF (VOO)
The final Attractive ETF for this week is the Vanguard S&P 500 ETF. This ETF aims to mirror the performance of the S&P 500 as closely as possible. With $198,021,270,205.46 AUM, it is second largest ETFs on this week’s list. Its fund flows have been consistently positive with a 90-day fund flow of $8,998,812,655.48, 30-day fund flow of $11,604,930,680.02, and 1-week fund flow of $592,387,891.92. With a net expense ratio of 0.03%, it is also very cheap.
Neutral
iShares Russell 2000 ETF (IWM)
The iShares Russell 2000 ETF is our first Neutral-rated ETF this week. The ETF aims to track the small-cap Russell 2000 index. With optimism of a reopening economy, the Russell 2000 has surged to record highs since November. This ETF has a result, has gained over 45% in that period and nearly doubled the returns of other index-tracking ETFs. The ETF is mid-sized with $67,784,833,923.00 AUM. It has seen positive fund flows, with a 90-day fund flow of $7,775,884,385.00, 30-day fund flow of $1,863,030,465.00, and 1-week fund flow of $1,198,228,085.00. Its net expense ratio of 0.2% is ok but pricier than other ETFs on this week’s list.
Industrial Select Sector SPDR Fund (XLI)
Our other Neutral ETF for this week is the Industrial Select Sector SPDR Fund. This ETF aims to represent the industrial sector of the S&P 500, and provide investors with easy exposure to the sector. The ETF is smaller compared to other ETFs on this list with $16,180,902,672.13 AUM. The ETF has also seen positive fund flows with a 90-day fund flow of $940,946,319.00, 30-day fund flow of $695,925,773.45, and 1-week fund flow of $741,570,666.90. The ETF also has a decent .12% net expense ratio.
Top Short
iShares 20+ Year Treasury Bond ETF (TLT)
With rising bond yields becoming the talk of the market, our Top Short this week certainly has relevance- the iShares 20+ Year Treasury Bond ETF. Remember- rising yields mean cheaper bond prices. The goal of this ETF is fairly straightforward- to track the investment results of an index composed of long-term U.S. Treasuries with more than 20 years of remaining maturities. The ETF is small to medium sized with $15,447,938,940.00 AUM. It has seen mixed fund flows, with a 90-day fund flow of -$1,484,218,030.00, 30-day fund flow of -$1,297,815,160.00, and 1-week fund flow of $597,199,180.00. Its net expense ratio of 0.15% is also ok.
Unrated
iShares Core MSCI Emerging Markets ETF (IEMG)
The iShares Core MSCI Emerging Markets ETF is our first Unrated ETF this week. The iShares Core MSCI Emerging Markets ETF consists of large-, mid- and small-capitalization emerging market equities with the goal of adding diversified international exposure to portfolios and long-term growth. The ETF’s AUM have swelled over the last few months to $79,766,106,487.20 AUM. The ETF has also seen consistently positive fund flows with a 90-day fund flow of $8,838,752,700.00, 30-day fund flow of $1,801,902,900.00, and 1-week fund flow of $1,361,794,740.00. The net expense ratio of .14% is also fairly reasonable.
ProShares UltraPro QQQ (TQQQ)
The ProShares UltraPro QQQ ETF is our other Unrated ETF this week. The ProShares UltraPro QQQ is a leveraged ETF that aims to correspond to three times (3x) the daily performance of the Nasdaq. But remember- because this ETF is heavily leveraged, it will compound. You ideally do not want to hold this ETF for more than a day at a time. The ETF has $11,236,909,190.00 AUM and has seen consistently positive fund flows. It has a 90-day fund flow of $9,565,090,930.00, 30-day fund flow of $1,517,697,310.00, and 1-week fund flow of $1,500,961,050.00. The net expense ratio of .95% is extremely pricey- but that’s what you get with such an actively managed and leveraged ETF.
Liked what you read? Sign up for our free Forbes AI Investor Newsletter here to get AI driven investing ideas weekly. For a limited time, subscribers can join an exclusive slack group to get these ideas before markets open.
Source: ETF Global
Q.ai, a Forbes Company, formerly known as Quantalytics and Quantamize, uses advanced forms of quantitative techniques and artificial intelligence to generate investment
…Q.ai, a Forbes Company, formerly known as Quantalytics and Quantamize, uses advanced forms of quantitative techniques and artificial intelligence to generate investment recommendations across all asset classes. When it comes to money, no one should have to settle. We make investing less intimidating, more accessible and a lot of fun for everyone. That’s investing, reimagined.",Forbes
https://www.politico.com/newsletters/morning-tech/2021/03/02/china-threatens-us-europe-on-ai-793695,2021-02-03,"China threatens U.S., Europe on AI","China threatens U.S., Europe on AI
Presented by Facebook
With help from Steven Overly and Doug Palmer
Editor’s Note: Morning Tech is a free version of POLITICO Pro Technology's morning newsletter, which is delivered to our subscribers each morning at 6 a.m. The POLITICO Pro platform combines the news you need with tools you can use to take action on the day’s biggest stories. Act on the news with POLITICO Pro.
Quick Fix
— On AI policy, time is of the essence: If the U.S. and Europe don’t put aside their differences on how best to collaborate on AI standards, China is likely to set the global agenda — with dangerous consequences for privacy, civil liberties and democracy.
— Raimondo’s Google tie: Rhode Island Gov. Gina Raimondo is likely to be confirmed today as the next Commerce secretary — a post she’d take days after launching a major project with Google in her home state.
— Between the lines: Amazon is touting its work to help the new administration with vaccine rollout just as President Joe Biden is coming down hard on the company’s handling of labor disputes in Alabama.
IT’S TUESDAY; WELCOME TO MORNING TECH! I’m your host, Alexandra Levine.
Got a news tip? Write me at [email protected], and follow @Ali_Lev on Twitter and @alexandra.levine on Instagram. An event for our calendar? Send details to [email protected]. Anything else? Team info below. And don't forget: Add @MorningTech and @PoliticoPro on Twitter.
Tech of the Town
AROUND THE WORLD: CAN EUROPE AND THE U.S. TAME CHINA ON AI? — China is pressing ahead with artificial intelligence technologies that make the West nervous, including systems that track its people or facilitate other authoritarian behavior. If the U.S. and Europe want instead to push global standards built on principles like privacy and civil liberty, they will likely need to agree on their own rules for the powerful technology, POLITICO’s Steven Overly and Melissa Heikkilä report.
— So far, though, the long-time allies are not a united front: Europe will soon propose strict AI regulations as part of a push to wield greater influence over the world’s emerging technologies. Meanwhile, the U.S., which is home to the world’s leading AI developers, has chosen instead to draw up voluntary guidelines shaped in part by industry.
— Ready or not, here we come: Lawmakers on both sides of the Atlantic see an urgent need to work together, and several pledged as much during an EU parliamentary hearing on Monday. But Europe is determined to forge ahead with its own playbook whether the U.S. comes along or not, and it’s possible that Brussels' approach could ultimately fail to bring Washington on board.
“Nations that do not share our commitment to democratic values are racing to be the leaders in AI and set the rules for the world,” Rep. Robin Kelly (D-Ill.) testified at Monday’s EU hearing. She urged Europeans to take a “narrow and flexible” approach to regulation while working with the U.S. to stand together against China. “We cannot allow this to happen.”
— Meanwhile, a dire warning from America’s AI commission: The U.S. National Security Commission on Artificial Intelligence, chaired by former Google CEO Eric Schmidt, released a major report Monday stressing the urgency of the issue and that China is a reason for worry.
“Big decisions need to be made now to accelerate AI innovation to benefit the United States and to defend against the malign uses of AI,” Schmidt and Vice Chair Bob Work write in the report. “America is not prepared to defend or compete in the AI era. This is the tough reality we must face. And it is this reality that demands comprehensive, whole-of-nation action. … America needs to enlist its oldest allies and new partners to build a safer and freer world for the AI era.”
SENATE CLEARS WAY FOR RAIMONDO CONFIRMATION — The Senate voted 84-15 on Monday to end debate on Raimondo’s nomination to be the next Commerce secretary. The action overcomes a hold placed on her nomination by Sen. Ted Cruz (R-Texas) and sets the stage for a final confirmation vote today.
— But before she heads to Commerce … Rhode Island teams up with Google: The Rhode Island Department of Labor on Monday launched a new virtual career platform, powered by Google Cloud, to help state residents find job opportunities as pandemic-driven unemployment and economic fallout continue one year into the crisis.
Google’s collaboration with Rhode Island, which was described to MT as “Gov. Raimondo's baby,” is using AI and machine learning — as well as Google Workspace tools like Google Meet and Google Docs — to make those matches. (People can use the online dashboard to meet with career coaches, get feedback on their resumes and schedule chats with potential employers, among other services.) Raimondo conceptualized the project with former Rhode Island Department of Labor Director Scott Jensen, making Rhode Island the first state in the country to launch this type of job search platform with Google.
WHERE ARE OTHER TOP TECH PLAYERS ON PANDEMIC RESPONSE? — Amazon said Monday that it had answered Biden’s call for the private sector to help his administration bring the pandemic to an end. (Remember: Several top tech companies have pitched their services and resources to support Covid vaccine rollout, and the White House confirmed in February it was in talks with Amazon to figure out how the giant could help.)
To that end, Amazon on Monday outlined on Twitter what it has done so far: “We’ve administered over 1.5 million COVID tests in our facilities, readied our sites to administer vaccines to employees when they become available, & set up community vaccination events. We’re all in this together.”
— FWIW, the positive public positioning comes at a good time: Biden on Sunday all but endorsed Amazon workers’ formation of a union, coming out to strongly support Alabama workers’ right to try. The quasi-endorsement was weeks in the making, fueled by private talks with labor leaders and Democratic officials, and unions hope it’s a sign that organized labor will have staying power in the Biden White House and that the message adds momentum to a potential broader overhaul of federal labor law. Read more here from my colleagues Chris Cadelago and Rebecca Rainey.
— Meanwhile, Twitter expands approach to Covid vaccine misinformation: The platform announced on Monday that it would start applying labels to tweets spreading potentially misleading claims about Covid vaccines, and that a new “strike system” would help determine which repeat offenders merit further enforcement action, including up to permanent suspension. The labels, which were first teased in December, will be used to help train AI to spot and flag similar posts across the platform — first in English and then for other languages. Twitter said that in addition to the labels, it has already removed more than 8,400 posts containing the most dangerous Covid misinformation.
— And Facebook must do more to fight “life-threatening” Covid anti-vax content, docs say: Nearly 150 medical professionals wrote a letter to Mark Zuckerberg Monday blaming the rise in vaccine hesitancy on disinformation permeating Facebook and Instagram. “Vaccine disinformation allowed to spread freely on your platforms is prolonging the pandemic and costing lives,” they wrote, calling on the social network to more aggressively enforce its vaccine disinformation policies. “As we take two steps forward with increasingly available safe and effective vaccines, the content, pages and profiles that clearly and repeatedly violate your policies continue to take us one step back.”
Transitions
Ian Conner, former director of the FTC's competition bureau, has joined the law firm Latham & Watkins. … Brent Snyder, former CEO of the Hong Kong Competition Commission who before that was the Justice Department’s highest-ranking criminal antitrust enforcement attorney, has joined Wilson Sonsini Goodrich & Rosati’s antitrust practice as a partner in the firm’s San Francisco office.
CR Wooters, co-founder of the Washington public affairs firm FIO360, is joining Uber's D.C. office as director of federal public affairs. … Mitch Kominsky, who worked previously at the National Highway Traffic Safety Administration, has joined the Consumer Technology Association as director of government affairs, focused on self-driving vehicles policy.
Eric Slee, who was previously legislative director for former Sen. Pat Roberts (R-Kan.), was hired as director of government affairs for the Wireless Internet Service Providers Association. … And some shuffling at ACA Connects: America’s Communications Association, where the organization’s executive vice president of membership and finance, John Higginbotham, was promoted to EVP and COO; Caroline Persinger was promoted to manager of grassroots; and Tomeika Slappy was promoted to assistant to the President and CEO.
The National Association of Broadcasters launched the Broadcast Ambassador Program, a new volunteer initiative.
Silicon Valley Must Reads
The view from Bessemer, Ala.: “Amazon union is a tough sell in town where $15 an hour goes a long way,” Bloomberg reports. “Supporters say the campaign ... is the best chance yet to breach the company’s anti-union defenses, but workers remain wary.”
Cover story: “The new rules of competition in the technology industry,” via The Economist.
How are things going with the anonymous CFIUS tip line? Not great. Business Insider takes a look at the effort, launched to gather information on China from VCs and industry insiders, and why it so far hasn’t yielded much intel.
Quick Downloads
Health apps could face pressure from changing FTC: “There’s growing expectation a powerful federal consumer protection agency is readying to take a harder line against health tracking apps, which have exploded in popularity during the pandemic even as the companies face few limits on how they profit from users’ sensitive medical data,” POLITICO reports.
Blog OTD: Jessica Rich, who was the FTC's director of consumer protection during the Obama era, writes on the Brookings Institution’s TechTank blog about how the agency can strengthen its mission, even without action from Congress.
Opinion: “Facebook and Google are prolonging the pandemic,” Dorit Reiss, a professor at UC Hastings College of the Law, writes in the San Francisco Chronicle.
Tips, comments, suggestions? Send them along via email to our team: Bob King ([email protected], @bkingdc), Heidi Vogt ([email protected], @HeidiVogt), John Hendel ([email protected], @JohnHendel), Cristiano Lima ([email protected], @viaCristiano), Alexandra S. Levine ([email protected], @Ali_Lev), and Leah Nylen ([email protected], @leah_nylen).
TTYL.",POLITICO
https://www.forbes.com/sites/davidteich/2021/03/02/machine-learning-can-help-the-insurance-industry-throughout-the-process-lifecycle/,2021-03-02,Machine Learning Can Help The Insurance Industry Throughout The Process Lifecycle,"Insurance works with large amounts of data, about many individuals, many instances requiring insurance, and many factors involved in solving the claims. To add to the complexity, not all insurance is alike. Life insurance and automobile insurance are not (as far as I know) the same thing. There are many similar processes, but data and numerous flows can be different. Machine learning (ML) is being applied to multiple aspects of insurance practice.
Insurance is about risk. The insurance industry sets rates based on expected payouts so that, hopefully, they end up with positive revenue. Setting rates and understanding payout in order to maintain profitability is complex, and the industry hope is that ML can help in achieving that goal. Note, here, I’m focusing more on ML than artificial intelligence (AI), because many of the complex statistical tools that are now considered ML can more efficiently accomplish some of the tasks than would neural networks, expert systems, or other purely AI tools.
There are multiple ways machine learning can help in the insurance industry. Let us take a look at three.
Insurance Underwriting
Health and life insurance are complex. There are multiple factors that go into understanding an individual’s risk factors for disease, illness, and mortality. Insurance underwriters have historically used a core set of factors such as male/female, age, and smoker/non-smoker. When other factors have been used, such as zip code, the problem of red-lining has appeared in insurance as well as the more well-known area of financial red-lining. Therefore, there are regulations about how some demographic information must be used.
The need to address those legal concerns means that underwriting isn’t only about individual health risks, but about legal risks as well. Analysis must be done to back out some features that could cause legal risk while still creating pools that remain profitable.
This is where machine learning comes in. The performance of modern computing can handle large amounts of data, and complex regression analysis can perform clustering that can help with analysis. Those ML techniques provide value without the need for AI. “For insurance underwriting, statistical models and procedural code are providing an improvement in analysis for companies,” said Paul Ford, CEO & Co-Founder, Traffk. “We are working with neural network models, but the overhead for training and runtime must be balanced with the accuracy improvement necessary to make it worthwhile to roll-out those engines. While things might change, down the road, our existing ML models provide advances in analysis and profitability for our customers.”
Automotive Claims
At the other end of the insurance process is the issue of claims. It is not only the insured who have problems with claims complexity. In the automotive industry, the need to understand the variety of repair options and parts available create a challenge for both service providers and the insurers.
With automotive claims, providing an estimate based on the typical costs for repair is not sufficient. It’s not only that vehicle types vary, within a class of vehicle the repair costs can vary based on the insurance coverage, as well as the availability of parts in geographic regions.
Machine learning can help with claims in a number of ways. In addition, multiple ML tools can be used throughout the claims process.
Take the First Notice of Loss (FNOL), the initial notification to the insurer about the accident or damage. If there’s a quick estimate of total loss, there’s a different process flow that is much simpler. No ML is needed in the review of damage, but robotic process automation (RPA) might be used to simplify the claim flow to payment.
With other damage, or even to understand if there is a total loss, ML can be used. The most obvious tool is AI vision, but even this can have multiple processes. A phone app can step a customer through taking pictures that an AI system can then analyze for damage, with a backend AI system working to link to parts and estimate. A repair shop, in comparison to the insured, is more familiar with the process and can have a different front-end asking more detailed questions to more quickly get a more educated response from the repair experts.
Note that two different approaches were mentioned. It would be overly complex to have a single AI system that could support every step in the claims process. “More efficiency is gained by letting separate systems process claims, identify damage and provide repair estimates,” said Evan Davies, CTO, Solera. “By using different approaches to machine learning through the claims process, you maximize the benefits of automation and enable skilled workers to focus on more complex cases.”
One thing Evan Davies also pointed out was how the process flow can change depending on the severity of accident or the type of insurance coverage provided. Minor damage and standard coverage can be fully automated, as all parties are fairly comfortable with the process and dollar amounts. Totals, as mentioned, don’t require AI. Those claims in the middle, however, can be helped with an adjuster reviewing the analysis and working with the customer, for the benefit of both short term monetary issues and long term customer relations.
Fraud
Yes, we keep coming back to fraud. Sadly, it is a human condition and a risk in so many areas of business. Insurance is no exception. As I’ve recently talked about fraud and ML in other business arenas, I won’t go into detail here. Let it be sufficient to point out that analysis of claims doesn’t stop at processing all claims as if they are proper.
Cluster analysis is used to understand, for instance, if a similar type of accident is happening in an area at above normal amounts; potentially indicating organized fraud.
In the analysis of potential fraud, multiple tools are used, some are in ML, such as statistics, rules based approached and even neural networks.
David A. Teich is interested in artificial intelligence (AI), machine learning (ML), robotics, and other advances technologies, focused on how they help businesses
…David A. Teich is interested in artificial intelligence (AI), machine learning (ML), robotics, and other advances technologies, focused on how they help businesses improve performance. He's an analyst and consultant in those areas as well as in high tech, B2B, marketing. Previous work runs the gamut in software, including operations, development, field consulting, sales engineering and product marketing. He has worked in startups, mid-sized companies and global organizations.",Forbes
https://www.forbes.com/sites/lanceeliot/2021/03/02/massive-boon-in-computer-chip-shortages-will-slam-future-self-driving-car-rollouts/,2021-03-02,Massive Boon In Computer Chip Shortages Will Slam Future Self-Driving Car Rollouts,"Computer chips don’t grow on trees.
Imagine if they did.
In that dream world, you could be walking in a forest and find all the micro-chips that you need for your smartphone, laptop, video gaming devices, and the like.
Heck, no need to roam a forest, since the trees lining your local neighborhood would undoubtedly have those prized electronics hanging freely and ready to be plucked whenever so desired. One supposes though that the dangling computer chips might only appear on a seasonal basis, so you’d want to plan for the proper harvesting time and be ready before the chips begin precipitously falling to the ground on their own (ouch, yet another micro-chip bit the dust by a sizable fall from the top of that towering redwood tree!).
Switching back to reality, chipmakers are the ones that make our revered semiconductors, doing so in production facilities and so-called fabs.
Turns out that it is pretty costly to make those sought-after chips. In addition, there is a substantive lead time required from the initial concept of what a chip will be and subsequently manufacturing that chip, ultimately becoming available for everyday use. No magic wands will make this any easier and nor any faster. That being said, there are increasingly sophisticated ways to speed-up the time from design to produced chips, and ways too to bring down the costs, but all-in-all this is going to continue to be a relatively cost-high and long-delay-oriented process.
You’ve undoubtedly seen the blaring headlines recently that decry the existing chip shortages. This is especially bumming out the automotive sector.
Here’s why.
Modern-day cars need gobs of computer chips.
Those ubiquitous electronics are found within nearly all aspects of a contemporary automobile. The braking system, yes, likely has some micro-chips. The transmission, sure, indubitably has micro-chips involved. We can go on like this all day long. Beyond the driving-oriented elements, there are chips needed for those fancy in-car infotainment systems that blare out those wonderful tunes and display captivating cat videos while you are on a driving journey. Etc.
If cars were the only source of demand for chips, perhaps there might be large stockpiles waiting at the doors of the automakers. Of course, the automakers need to compete with the hunger and thirst for computer chips as exhibited by all other electronic-using contraptions. Smartphone makers want chips. Refrigerator makers want chips (we certainly do need “smart” refrigerators). Anybody that makes something that can be enhanced or stand tall by adding a computer chip is either already on that bandwagon or eagerly soon going to join the parade.
In short, automakers need to stand in line with all those other fevered buyers of chips.
This brings up the equally important factor that ordering computer chips is a dicey game.
Suppose an automaker wants computer chips for their cars and realizes that the timing involves a years-ahead prediction of how many chips will be needed, based on the volume of cars anticipated to be made and sold. So, a guess is made at the need for some high number of chips to be delivered. These will ultimately be included in the cars during their assembly and manufacturing of the cars.
Meanwhile, imagine additionally that the upcoming future market for car purchases is starting to dry up and the initial rosy predictions were off-base. Darn, all those computer chips are not going to be needed. But that won’t matter to the chipmakers that are churning out the chips since they will insist that the automaker ordered them and will need to receive them, regardless of what the automaker opts to do with the vaunted pieces of electronic wizardry.
You might be thinking that it would be wiser for the automaker to have originally lowballed the number of needed chips. Thus, if the prediction for future sales began to diminish, they would not be high-and-dry with those unused computer chips. The tough problem of course is that if demand is high, and you don’t have the chips, this means that those cars aren’t going to be made that could have been selling like hotcakes.
Though this admittedly is a somewhat simplistic portrayal of the global situation, you likely get the gist that there is a fine line to walk in terms of how many chips an automaker should be ordering. If you aim too low, this could mean that you won’t be able to have enough chips to meet demand and will lose out on selling cars that people would have readily bought. If you aim too high, you could end-up with pallets upon costly pallets of unused computer chips that you’ve paid good money for and are now overpriced doorstops.
For the overall nature of today’s supply chain for computer chips, predictably is king.
Returning to the woes facing automakers right now, they had to make predictions last year about their future car sales and accordingly adjusted when the pandemic came along. Some assert that their pullback in chip orders has now left them somewhat flatfooted. When the demand for chips is coming from all angles, the automakers cannot just hop to the front of the line for those savory micro-chips.
The catchphrase being used is car-chip pain.
Others are describing the whole matter as a self-inflicted wound.
Those are fighting words for some, and they would argue that the problem has to do with insufficient available capacity to produce chips. Were there more capacity, it wouldn’t matter that the lead time forecasts were misaligned. Assuredly, if you want to get into an unpleasant fistfight with someone in the automotive industry, merely bring up the semiconductor “shortage” issue and be ready for a quite bruising discourse on the heated topic.
Anyone that is not currently in the market seeking to buy a car is probably amused by the whole conundrum and could care less that the automotive sector is feeling the squeeze of insufficiently available micro-chips. People that own stocks of automakers are likely watching the unfolding situation with rapt attention. Obviously, the automakers are anxiously trying to figure out what to do and probably are having daily nightmares, staying awake at night over the situation, and ever hopeful of dealing adequately with the dilemma.
Shifting gears, keep in mind that the future of cars will consist of true self-driving cars (I’ll explain the word “true” in a moment).
I bring this up because the same type of conundrum or challenge will undoubtedly occur whence self-driving cars become available. You see, self-driving cars are going to need even more of those micro-chips than a normal conventional car requires.
Think of self-driving cars as a micro-chips bonanza on steroids (for more details, see the link here).
Assuming that the same or similar issues about the supply chain and the back-and-forth of chip availability will prevail in the future, this means that the same disruption or perturbations could impact the making of self-driving cars. A maker of self-driving cars will need to render a prediction of how many self-driving cars they plan on making in some timeframe ahead, and chip makers will produce the requested chips accordingly. But, suppose the self-driving car predicted volume is too low or too high? Once again, akin to today’s woes, it could be that the number of self-driving cars able to be produced would be undercut by not enough chips, or the makers of the self-driving cars could get stuck with too many chips.
Some pundits claim that this will not happen because the number of predicted self-driving cars will be readily predictable, meaning that the automakers and the chipmakers will be seamlessly aligned and dancing with great aplomb. There won’t be any chip shortages for self-driving cars, and there won’t be any untoward overages of micro-chips for self-driving cars, so they assert.
This is the proverbial Goldilocks envisioned future for self-driving cars and micro-chips. The porridge won’t be too hot and it won’t be too cold. Instead, it will be just the right temperature.
Sorry, that seems like a wee bit of a fairytale.
This brings up today’s intriguing question to ponder: Will AI-based true self-driving cars get caught by these miseries of prediction-affliction and at times suffer the angst of car-chip pain, or will they skate along freely and be in micro-chip heaven?
Let’s unpack the matter and see.
Understanding The Levels Of Self-Driving Cars
As a clarification, true self-driving cars are ones that the AI drives the car entirely on its own and there isn’t any human assistance during the driving task.
These driverless vehicles are considered Level 4 and Level 5 (see my explanation at this link here), while a car that requires a human driver to co-share the driving effort is usually considered at Level 2 or Level 3. The cars that co-share the driving task are described as being semi-autonomous, and typically contain a variety of automated add-on’s that are referred to as ADAS (Advanced Driver-Assistance Systems).
There is not yet a true self-driving car at Level 5, which we don’t yet even know if this will be possible to achieve, and nor how long it will take to get there.
Meanwhile, the Level 4 efforts are gradually trying to get some traction by undergoing very narrow and selective public roadway trials, though there is controversy over whether this testing should be allowed per se (we are all life-or-death guinea pigs in an experiment taking place on our highways and byways, some contend, see my coverage at this link here).
Since semi-autonomous cars require a human driver, the adoption of those types of cars won’t be markedly different than driving conventional vehicles, so there’s not much new per se to cover about them on this topic (though, as you’ll see in a moment, the points next made are generally applicable).
For semi-autonomous cars, it is important that the public needs to be forewarned about a disturbing aspect that’s been arising lately, namely that despite those human drivers that keep posting videos of themselves falling asleep at the wheel of a Level 2 or Level 3 car, we all need to avoid being misled into believing that the driver can take away their attention from the driving task while driving a semi-autonomous car.
You are the responsible party for the driving actions of the vehicle, regardless of how much automation might be tossed into a Level 2 or Level 3.
Self-Driving Cars And Those Micro-Chips
For Level 4 and Level 5 true self-driving vehicles, there won’t be a human driver involved in the driving task.
All occupants will be passengers.
The AI is doing the driving.
AI is most definitely not a free lunch.
To have a suitable AI driving system, you need lots of computer chips. For example, there are specialized computer chips for the Machine Learning and Deep Learning aspects of AI capabilities. Also, computer chips are running the AI algorithms for keeping track of the driving scene and planning the actions needed for undertaking the driving task. There are computer chips needed for the sensors that are used by a self-driving car. You’ve got the video cameras, radar, LIDAR, ultrasonic devices, and the rest of the extensive sensor suite, all of them utilizing various computer chips.
Chips, chips, and more chips.
And that’s just the micro-chips that are devoted to the AI driving system. A self-driving car is still a car and thus this requires all those other computer chips that go into the same uses that occur in a conventional car. For whatever amount of chips embedded into a conventional car, including a car with ADAS, make sure to increase that number by the additional chips constituting the AI driving system facilities for a self-driving car.
I don’t think anyone can argue that AI-based true self-driving cars aren’t going to be chip gobbling beasts.
One aspect that silo-focused pundits oftentimes don’t do is think about the world beyond the realm of self-driving cars. In short, self-driving cars won’t be the only seeker of micro-chips. You can certainly expect that the incorporation of chips and AI-based capabilities will inhabit all manner of other types of electronic systems.
The point is that once again, there is going to be fierce competition over the availability of computer chips, by just about everyone that walks and breathes. Self-driving cars will be amid the computer chip insatiable demand.
The question is whether self-driving cars will be able to get their portion of the chip pie.
This is where some paths begin to diverge.
Some believe that the adoption of self-driving cars will be a smooth curve that gradually builds and can be perfectly predicted.
In this scenario, there are initially those timid and tiny tryouts of true self-driving cars. Out of those tryouts becomes confidence that self-driving cars can be expanded in terms of their adoption. There will be a somewhat slow up-curve as efforts ramp-up, and then it will climb like wildfire.
The reason for the leap in the curve will be that people will crave the advantages of self-driving cars. No longer will you need to find a human driver to give you a lift. Self-driving cars have a driver already included, namely an AI-based system that doesn’t tire, doesn’t need food breaks and will work tirelessly and 24x7 without any qualms or complaints. The public will tend to eschew human-driven cars in favor of using self-driving cars.
Furthermore, it is anticipated that self-driving cars are not going to drink and drive, nor drive while distracted. There are currently about 40,000 annual fatalities in the United States alone due to car crashes and around 2.5 million injuries as a result. Those horrific stats are principally attributed to the foibles of human driving. The hope and assumption are that the number of car crashes is going to drop enormously by the use of self-driving cars and a concomitant reduction in the use of human-driven cars.
Overall, the emphasis related to computer chips is that the rollout of self-driving cars will be as easy to forecast as it is to fall off a log.
By having a quite predictable semblance of how many self-driving cars will be produced, year after year, in the many years ahead, it will be relatively straightforward to line-up the needed chip supply. Chipmakers will know far in-advance what capacity to put in place and can nearly fall asleep at the wheel as they let their plants crank out those wonderments of technology.
You can even put aside the difficulties associated with competition for computer chips, since the makers of self-driving cars will be able to “guarantee” what their demand consists of, and the chipmakers will have a nice steady sales flow to the self-driving car businesses, meanwhile contending with the fluidity and staggered fluctuations with the rest of the chips-desiring marketplace.
Those self-driving cars are the ideal cash cow for chipmakers.
No more car-chip bellyaches or pains, and you can relax on the sunny beaches of Hawaii as you delight in the car-chip nirvana involving self-driving cars (as an aside, for my discussion about self-driving cars in Hawaii, see the link here).
Hold on for a moment, that above picturesque imagery seems rather quaint, akin to an enchanting storybook. Since I earlier invoked the fable of Goldilocks, perhaps now might be a handy moment to recall the famed story of the emperor that had no clothes. I mention this because the aforementioned idealized vision for the adoption of self-driving cars seems just a tad over-the-top.
Let’s revisit how the future rollout of self-driving cars is more likely to occur, including all the unfettered grime and sordid gristle.
First, realize that the existing tryouts of Level 4 self-driving cars involve an Operational Design Domain (ODD). The ODD refers to the aspect that the self-driving car will only function within a stated operational domain, such as perhaps within a boxed geographical area and only when particular weather conditions exist (sunny versus rainy, snow versus no snow, etc.), and so on. The ODD varies by the brand of a self-driving car and can vary too by the model of a self-driving car within a given brand.
The point is that even if a particular self-driving car brand can showcase sufficiently that it seems safe to be used, this is going to primarily be bounded by whatever ODD the self-driving car is operating under. This does not immediately imply that the self-driving car can be used anywhere else that you want to adopt that same brand, and in fact, the notion is that it won’t be readily applied to other areas that are beyond the tested ODD.
This becomes a kind of bottleneck in expanding the self-driving car brand adoption. Only until the ODD is widened and tested sufficiently would the self-driving car be viable for adoption in other areas that require a more suitable ODD.
That is one gotcha as it relates to forecasting the volume of self-driving cars.
Another catch will be the safety topic. This one is a mouthful and I’ll just briefly explain it here (for more of my analysis, see this link here).
Right now, almost everyone in the self-driving car industry is holding their breath. The reason for this being on edge is that we all know that if even one instance occurs of a self-driving car that somehow gets involved in a car crash and someone is killed (recall the Phoenix prior instance, as covered extensively), the full weight of regulators and public opinion about self-driving cars could turn on a dime, overnight.
The counterargument about being overly reactive to one such instance is that the use of self-driving cars is projected to ultimately save lives, in terms of reducing demonstratively the 40,000 car crash-related deaths occurring annually in the U.S. In short, suppose that the number of car crash-related fatalities dropped in half (just for sake of discussion), we should all be heralding the vast number of lives saved. In that sense, if one person let’s say is harmed, and certainly, all lives are precious and vital, the matter ought to be viewed in the context of the overall number of lives being saved, one might assert.
Reality suggests that even one such instance will be a staggering blow to all self-driving car initiatives. There will be an immense inspection of the self-driving cars arena in a manner that heretofore has not taken place. Currently, things are relatively quiet since there haven’t been any recent clear-cut self-driving car blowback incidents.
The outcry and clamor will be deafening if triggered into action. And, mark my words, that time will come.
From the computer chips perspective, this suggests that the predictability of self-driving car adoption is once again hampered. You can make all the predictions you want, but if the big freeze suddenly happens due to regulatory oversight or public outrage, those forecasts go out the window.
We also don’t know how things are going to go in terms of whether people will avidly want to ride in self-driving cars. The argument made about the ease of going for a ride and not having to find a human driver is one side of the coin. Other sides of the coin include that perhaps some people won’t trust the AI driving system, some people won’t like interacting with an AI system and will prefer to have a human driver, and so on.
There is a sinking feeling among some that this building of a better mousetrap might not be grandly and immediately accepted by the world at large. We all tend to assume that by-gosh if self-driving cars were to exist, they would be irresistible and they would be needed by all. This is not the kind of assumption that you can necessarily take to the bank.
Conclusion
Do not misinterpret the somewhat doomsday appearing remarks as though self-driving cars aren’t going to make the cut. I am a firm and fervent believer in the future of self-driving cars.
The real point to the portrayal of the self-driving car adoption lifecycle is that it is not going to be as rosy as some might imagine or that they are pitching with glee. The real-world of rolling out self-driving cars are going to be a battle. There will be moments of great success, and other instances of setbacks and difficulties.
Trying to make a nice-looking curve out of the starts and stops of self-driving car adoption does not comport with what will really happen. It is going to be jagged, ups and downs, and not something that you can layout as though the numbers of self-driving cars and the needed numbers of computer chips are superbly going to be aligned.
As the tale of Little Red Riding Hood informs us, a seemingly peaceful and uneventful trip ahead is not always in the cards. There are wolves assuredly in the way of self-driving car widespread adoption, and will inexorably upend any expectation of a delightful and smooth romp in these woodlands.
Might as well face it, there will be computer chip shortages that get entangled in the arrival of self-driving cars. The happy side of that face is that self-driving cars will persevere and there will ultimately be a massive boon, in both self-driving cars and the shortages of computer chips for them.
If only we had magic beans that could be gently tossed into the ground and we would readily have self-driving cars that sprouted out of the ground (well, perhaps that’s a fable for another day).
Dr. Lance B. Eliot is a world-renowned expert on Artificial Intelligence (AI) with over 3.8+ million amassed views of his AI columns. As a seasoned executive and
…Dr. Lance B. Eliot is a world-renowned expert on Artificial Intelligence (AI) with over 3.8+ million amassed views of his AI columns. As a seasoned executive and high-tech entrepreneur, he combines practical industry experience with deep academic research and serves as a Stanford Fellow at Stanford University. Formerly a professor at USC and UCLA, and head of a pioneering AI Lab, he frequently speaks at major AI industry events. Author of over 50 books, 500 articles, and 250 podcasts, he has made appearances on media outlets such as CNN and co-hosted the popular radio show Technotrends. He's been an adviser to Congress and other legislative bodies and has received numerous awards/honors. He serves on several boards, has worked as a Venture Capitalist, an angel investor, and a mentor to founder entrepreneurs and startups.",Forbes
https://www.forbes.com/sites/qai/2021/03/02/top-stocks-to-buy-today-as-the-indices-remain-roughly-flat/,2021-03-02,Top Stocks To Buy Today As The Indices Remain Roughly Flat,"After the S&P 500 saw its best one-day gain since June to kick off the month, the major indices largely remained steady. The Dow traded 25 points higher, the S&P remained flat, and the Nasdaq
Sign up for the free Forbes AI Investor newsletter here to join an exclusive AI investing community and get premium investing ideas before markets open.
Cohen & Steers Inc (CNS)
Cohen & Steers is our first Top Buy of the day. Cohen & Steers is a global investment manager that specializes in liquid real assets, such as real estate, listed infrastructure, natural resource equities, and preferred securities and other income solutions. Our AI systems rated the company C in Technicals, C in Growth, A in Low Volatility Momentum, and B in Quality Value. The stock closed up 3.29% to $66.5 on volume of 118,722 vs its 10-day price average of $65.72 and its 22-day price average of $67.11, and is down 6.89% for the year. Revenue was $427.54M in the last fiscal year compared to $381.11M three years ago, Operating Income was $95.56M in the last fiscal year compared to $147.04M three years ago, EPS was $1.57 in the last fiscal year compared to $2.4 three years ago, and ROE was 27.42% in the last year compared to 33.18% three years ago. The stock is also trading with a Forward 12M P/E of 20.46.
Johnson Controls Intl Plc (JCI)
Johnson Controls Intl Plc
Lennar Corp (LEN)
Lennar
Navient Corp (NAVI)
Navient Corp
Worthington Industries (WOR)
Our final Top Buy today is Worthington Industries. Worthington Industries is an Ohio-based global diversified metals manufacturing company. Our AI systems rated the company D in Technicals, A in Growth, A in Low Volatility Momentum, and B in Quality Value. The stock closed up 8.17% to $69.11 on volume of 264,925 vs its 10-day price average of $64.45 and its 22-day price average of $60.21, and is up 35.01% for the year. Operating Income grew by 22.54% in the last fiscal year, and EPS grew by 639.44% in the last fiscal year and grew by 237.42% over the last three fiscal years. Revenue was $3059.12M in the last fiscal year compared to $3581.62M three years ago, Operating Income was $115.23M in the last fiscal year compared to $195.4M three years ago, EPS was $1.41 in the last fiscal year compared to $3.09 three years ago, and ROE was 8.82% in the last year compared to 19.04% three years ago. The stock is also trading with a Forward 12M P/E of 11.77.
Liked what you read? Sign up for our free Forbes AI Investor Newsletter here to get AI driven investing ideas weekly. For a limited time, subscribers can join an exclusive slack group to get these ideas before markets open.
Source: S&P Global Market Intelligence
Q.ai, a Forbes Company, formerly known as Quantalytics and Quantamize, uses advanced forms of quantitative techniques and artificial intelligence to generate investment
…Q.ai, a Forbes Company, formerly known as Quantalytics and Quantamize, uses advanced forms of quantitative techniques and artificial intelligence to generate investment recommendations across all asset classes. When it comes to money, no one should have to settle. We make investing less intimidating, more accessible and a lot of fun for everyone. That’s investing, reimagined.",Forbes
https://www.forbes.com/sites/qai/2021/03/02/top-stocks-to-short-today-as-markets-stay-steady/,2021-03-02,Top Stocks To Short Today As Markets Stay Steady,"Stocks traded largely flat after this week began with a sharp recovery from the downturn of last week due to rising bond yields. Investors breathed a sigh of relief to kick off March thanks to stabilizing bond yields, and a brand new one dose vaccine from Johnson & Johnson
Sign up for the free Forbes AI Investor newsletter here to join an exclusive AI investing community and get premium investing ideas before markets open.
Allegiant Travel Co (ALGT)
Allegiant Travel, which does business as Allegiant Air, is our first Top Short today. Allegiant is an American discount cost airline that is the ninth-largest commercial airline in the United States. Our AI systems rated the company F in Technicals, F in Growth, D in Low Volatility Momentum, and D in Quality Value. The stock closed flat at $252.19 on volume of 151,808 vs its 10-day price average of $241.35 and its 22-day price average of $220.5, and is up 44.32% for the year. Revenue was $990.07 in the last fiscal year compared to $11667.45M three years ago, Operating Income was $(127.13)M in the last fiscal year compared to $245.82M three years ago, EPS was $(11.53) in the last fiscal year compared to $10.0 three years ago, and ROE was (23.8%) in the last year compared to 26.02% three years ago. The stock is also trading with a Forward 12M P/E of 55.93.
Cinemark Holdings Inc (CNK)
Cinemark Holdings is our list as the second Top Short of the day. The Texas based Cinemark owns and operates a chain of movie theatres. As the future of movie theatres is in question right now, our AI systems rated Cinemark C in Technicals, D in Growth, D in Low Volatility Momentum, and F in Quality Value. The stock closed up 6.46% to $23.9 on volume of 3,895,042 vs its 10-day price average of $22.49 and its 22-day price average of $21.22, and is up 47.9% for the year. Revenue was $686.31M in the last fiscal year compared to $3221.74 three years ago, Operating Income was $(590.82)M in the last fiscal year compared to $459.42M three years ago, EPS was $(5.25) in the last fiscal year compared to $1.83 three years ago, and ROE was (54.99%) in the last year compared to 15.3% three years ago.
Par Technology Corp (PAR)
Par Technology Corp is our next Top Short. Par is a leading global provider of point of sale (POS) software and integrated technical solutions for the restaurant and retail sectors. Our AI systems rated the company F in Technicals, D in Growth, D in Low Volatility Momentum, and F in Quality Value. The stock closed up 1.09% to $87.83 on volume of 209,964 vs its 10-day price average of $85.6 and its 22-day price average of $80.56, and is up 45.82% for the year. Revenue grew by 11.2% in the last fiscal year and was $187.23M in the last fiscal year compared to $232.6M three years ago. Operating Income was $(11.83)M in the last fiscal year compared to $(0.12)M three years ago, EPS was $(0.96) in the last fiscal year compared to $(0.22) three years ago, and ROE was (26.22%) in the last year compared to (5.21%) three years ago. Forward 12M Revenue is also expected to grow by 12.31% over the next 12 months.
Ventas Inc (VTR)
Ventas Inc is our final Top Short today. Ventas is a real estate company that engages in the acquisition and ownership of seniors housing and healthcare properties. Our AI systems rated the company B in Technicals, F in Growth, F in Low Volatility Momentum, and D in Quality Value. The stock closed down 0.28% to $52.75 on volume of 1,728,356 vs its 10-day price average of $52.93 and its 22-day price average of $50.43, and is up 12.52% for the year. Revenue was $3800.29M in the last fiscal year compared to $3701.58M three years ago, Operating Income was $596.38M in the last fiscal year compared to $944.67M three years ago, EPS was $1.17 in the last fiscal year compared to $1.14 three years ago, and ROE was 4.14% in the last year compared to 3.86% three years ago. The stock is also trading with a Forward 12M P/E of 185.45.
Liked what you read? Sign up for our free Forbes AI Investor Newsletter here to get AI driven investing ideas weekly. For a limited time, subscribers can join an exclusive slack group to get these ideas before markets open.
Source: S&P Global Market Intelligence
Q.ai, a Forbes Company, formerly known as Quantalytics and Quantamize, uses advanced forms of quantitative techniques and artificial intelligence to generate investment
…Q.ai, a Forbes Company, formerly known as Quantalytics and Quantamize, uses advanced forms of quantitative techniques and artificial intelligence to generate investment recommendations across all asset classes. When it comes to money, no one should have to settle. We make investing less intimidating, more accessible and a lot of fun for everyone. That’s investing, reimagined.",Forbes
https://www.forbes.com/sites/stephenibaraki/2021/03/02/what-you-need-for-mitigating-risk-of-natural-disasters/,2021-03-02,What You Need For Mitigating Risk Of Natural Disasters,"The United Nations Agencies are tackling natural disaster management using artificial intelligence (AI) with a new 2021 Focus Group on AI for Natural Disaster Management (FG-AI4NDM). The focus group is in collaboration by three UN agencies:
1. ITU (International Telecommunications Union), predates the United Nations with its founding in 1865. The ITU focuses on information and communications technologies (ICT) and their support of the United Nations 17 Sustainable Development Goals (SDGs). As noted by ITU, “facilitate international connectivity in communications networks, we allocate global radio spectrum and satellite orbits, develop the technical standards that ensure networks and technologies seamlessly interconnect, and strive to improve access to ICTs to underserved communities worldwide. Every time you make a phone call via the mobile, access the Internet or send an email, you are benefitting from the work of ITU.” Relatable standards work would be in video compression (H26X series), phone area codes, performance standards in AI for healthcare, the phonetic alphabet used in radio communications, and the term “Internet of Things (IoT)” was originally coined by the ITU.
2. WMO (World Meteorological Organization), founded in 1950, is the United Nations specialized agency focusing on meteorological activities. As noted by WMO, “behaviour of the Earth’s atmosphere, its interaction with the land and oceans, the weather and climate it produces, and the resulting distribution of water resources.”
3. UNEP (United Nations Environment Programme), founded in 1972, focuses on environmental activities. As noted by UNEP, “It has played a significant role in identifying and analyzing global environmental problems, developing regional and international environmental programs and conventions, and promoting environmental science and information. Among its most important tasks is assisting developing countries in implementing environmentally sound policies and practices.”
The focus group indicates, “Natural disasters are responsible for countless injuries, mortalities, displacements, damages to property (including cultural heritage) and infrastructure, and disturbances to nature and natural resources. Between 2005 and 2015, natural disasters impacted 1.5 billion people in various ways (700,000 lives were lost, 1.4 million injuries were suffered, and 23 million were left homeless), and it has been shown that these natural disasters were predominantly hydrometeorological in origin. The situation is particularly acute in small island developing states (SIDS) and least developed countries (LDC), and for vulnerable populations. Artificial intelligence (AI) can enhance our understanding of natural disasters and support disaster relief/early warning. However, AI is not yet part of the modus operandi in natural disaster management. Therefore, the Focus Group on AI for Natural Disaster Management (FG-AI4NDM) capitalizes on the growing interest and novelty of AI in the field of natural disaster management to help lay the groundwork for best practices in the use of AI for: assisting with data collection and handling, improving modelling across spatiotemporal scales, and providing effective communication.”
To gain deeper insights to this global work, I did a non-profit IEEE chat with the new focus group chair, Dr. Monique Kuglitsch. Dr. Kuglitsch, holds roles as Chair of the ITU/WMO/UNEP Focus Group on AI for Natural Disaster Management (FG-AI4NDM), working with the ITU/WHO Focus Group AI for Health (FGAI4H), and Innovation Manager at Fraunhofer Heinrich Hertz Institute (HHI). The interview is edited for brevity and clarity.
Stephen Ibaraki:
I asked Monique about motivations in her current work.
Monique Kuglitsch:
“We spent a lot of time in the mountains, hiking, and just being very close to nature. And I developed at a very young age a curiosity about why the landscape looks the way it does in Switzerland and why that's different from the way it is in Boston, where I grew up.”
“We had a weather station—a very primitive weather station—when I was growing up to collect water and temperature maximum and minimum. So, the interest was there and it was definitely nurtured by my parents.”
Stephen Ibaraki:
“You got these European roots; you've got these Canadian roots [university education]. How does that happen?”
Monique Kuglitsch:
“Growing up, we spoke different languages in my household, my mom spoke Swiss German and I spoke French with many of my relatives. So that also ties in nicely with geography. Because, obviously, if you go to the Swiss Alps to do your PhD, and you can speak a little Bernese dialect, that helps when you're trying to convince a farmer to let you take samples of his soil or lake sediments.”
Stephen Ibaraki:
“You also have another interesting aspect of your life and that you work with literally one of the top; I would say top two or three research groups in the world. Can you talk about how you got into Fraunhofer?”
Monique Kuglitsch:
“From my postgraduate education to working at the American Meteorological Society, there was a clear linear progression and then I sort of did a lateral move from atmospheric sciences, climate sciences, and geology into a telecommunications company. I'm always interested in seeing new technologies, how they can be applied for different uses. In my role at Fraunhofer, I'm the innovation manager. So basically, what I do is I look at what technologies are being developed, what they're being used for, how they could be used in a different way, and how they could be improved. It’s this ongoing dialogue with users, developers, and scientists, and trying to figure out, okay, what could we do to make this better? Or what could we do to make this useful for something else?”
[For this article, I also reached out to the executive director of HHI (Heinrich Hertz Institute) Fraunhofer, Thomas Wiegand who states, “From designing catastrophe-resilient wireless communication technologies to smart data disaster management systems, Fraunhofer HHI has always been very interested in how digital technologies including telecommunications and AI, can advance natural disaster management. Currently, we are exploring the use of AI to detect, predict, and simulate changes in our environment (air pollution, urban heat islands) and to support early warning systems for hydrometeorological events. We are also leveraging wireless communication technologies to optimize the use of drones and fiber optical sensors to monitor ambient conditions. Therefore, we are very pleased to play a key role in the ITU/WMO/UNEP Focus Group on AI for Natural Disaster Management.”
Stephen Ibaraki:
I ask about the span of Monique’s work at Fraunhofer.
Monique Kuglitsch:
“I work most closely on standardization activities with the focus groups. So that's where I would say that I spend, let's say 80% of my time. But through the focus group activities, I also see connections with work that's happening in some of our other groups at HHI. I also experience, what the newest research is in some of these other research groups, and then I can sort of find synergies just organically.”
Stephen Ibaraki:
I ask about Monique’s relationships with the UN Agency ITU and in particular their work as the founding host for the UN ITU AI for Good Global Summit and ITU/WHO Focus Group AI for Health.
Monique Kuglitsch:
“AI for good [global summit], it's a really fantastic program from the ITU, which promotes different sorts of ways that AI can be used for different types of applications. They have webinars and they have meetings, which bring together different stakeholders and experts to catalyze progress in these areas.”
“I was involved for about a year and a half, assisting with operations in the [ITU/WHO] Focus Group on AI for health. And seeing how the focus group was working, and progress was being created within the focus group, it occurred to me and also to Thomas Wiegand, in many conversations about the focus group and also my background, that there is this, this potential to do something very similar, but for a different application, in the geosciences. There are lots of geodata especially with, you know, satellites and the question is how can we best use these data? There are also other sorts of data like instrumental data, which are not quite as globally available. So how do we compensate for that? These are questions that could be addressed using technology like AI. So, I connected with some good colleagues of mine, the Chief Scientist at the World Meteorological Organization, Professor Jürg Lutebacher, and also with Dr, Muralee Thummarukudy, the Operations Manager at the Crisis Management Branch at the UN Environment Program, and we came up with the idea to bring together the three UN organizations in an ITU Focus Group— would be looking at how AI can best be used to support management of natural disasters.”
Stephen Ibaraki:
“What would you be your near-term goals? What is this progression from this year to next year, the year after?”
Monique Kuglitsch:
“The 15th to 17th of March [2021], we have our first workshop meeting. And this is going to be an opportunity to hopefully bring in a lot of members of the AI and geoscience community, also other experts and stakeholders, from different sectors, to start to look at the best way to tackle this this question. We're really going to be focusing on how AI can be best used to manage, handle, collect and monitor data. For instance, monitoring streams of seismic data in real time. We're also going to be looking at how AI can support modeling. For instance, reconstructing events or forecasting events. Then we’re going to look at communication. When there's an event that's going to happen, how do we use AI to make sure that the message gets out there? What is the best way to reach different audiences? Our first deliverables are going to be a roadmap, which is going to look at how AI is already being explored in this context. And then we're going to have three non-normative deliverable documents, which are going to look at those three aspects (the data, the modeling, and the communication) and to complement these non-normative deliverables, we are going to be creating educational materials, because we're very keen to support capacity building.”
Stephen Ibaraki:
“Now, disaster management with that, can you sort of go deeper into what that means?”
Monique Kuglitsch:
“We're looking at preparedness in the sense of understanding how hazards happen, what are precursors to hazards, how can we detect a hazard from data, and how can we improve forecasting? So how can we create a forecast that provides enough time so that individuals and communities can respond? And then in terms of response, how can early warning systems and other types of alerts best communicate to the public, letting them know what's happening?”
Stephen Ibaraki:
“You see so much, especially as innovation manager at Fraunhofer, I want you to now to put your crystal ball on, what are the things we should be looking at from a technological standpoint, that you think will be have some impact on our lives?”
Monique Kuglitsch:
“Something that I repeatedly hear when I'm speaking with geoscientists is that there is a lack of standardization, when it comes to annotating images. I mean, there are so much data being produced through satellites, through aerial photos, and through instrumental data. You need somebody who's going to annotate these images and data if you want to create models. So, I think that in the next five to 10 years, we're going to see a push to create databases of annotated data so that we can start to build and benchmark models. I also think that we're going to need to continue to improve the efficiency of our models.”
Stephen Ibaraki:
“The final question, what kind of recommendations you want to leave for the audience?”
Monique Kuglitsch:
“The topic of natural disasters, it doesn't just, you know, impact us as individuals, it impacts communities, it impacts countries, it impacts the entire global finances, the environment, it's something that touches all of us directly or indirectly. So, I hope that even individuals who maybe don't have an innate passion for the geosciences will appreciate the importance of this topic. Finding ways to leverage new technologies to improve our understanding of these hazards and to improve our ability to reduce the costs of these hazards I think it's going to be beneficial to everyone. So, I'm hoping that there is support for this initiative. I hope that there's engagement in the focus group. And I hope that the next time I see you, I can share you some exciting progress from what we're doing, and I do hope that you know, as the work that we're doing is pre standardization work, that in a couple years, I'll have some standards to show for what we're doing.”
Search for the full interview at IEEE TEMS for added insights from Monique.
Stephen Ibaraki Chairman and Managing General Partner REDDS Capital. Founder UN ITU XPRIZE ACM AI for Good Global Summit. Globally unique with Chairman, Founder, Board
…Stephen Ibaraki Chairman and Managing General Partner REDDS Capital. Founder UN ITU XPRIZE ACM AI for Good Global Summit. Globally unique with Chairman, Founder, Board roles in: Business/finance, successful Entrepreneurship / investments / venture capital, no.1 global CEO and computer Science orgs, UN innovation progs, top Industry-orgs/think tanks, no.1 Summits (acronym BE-SUNIS). 300+ global engagements impacting $100+ Trillion in sustainable investments. Stephen Ibaraki, Social Entrepreneur and Futurist - Chair REDDS Capital With more than 100 top executive roles, global lifetime achievement and innovation awards and recognitions, a few of executive chairman, investor, venture capitalist, and serial entrepreneur Stephen Ibaraki's positions include: Practitioner Board Association for Computing Machinery past chair; founding chair Global Industry Council and vice-chair board IP3 International Federation for Information Processing; top 5 blogger IDG-IT World (Canada); founding managing general partner REDDS Capital (Venture Investment Partners) and founding chairman investment committee REDDS VC Fund; founder technology advisory board, Yintech Investment Holdings Ltd. (NASDAQ); founding member Beyond Initiative (VW/Audi AI Think Tank); founding chairman outreach UN ITU ""ICT Discovery"" Journal; founder and chairman outreach UN ITU AI for Good Global Summit with XPRIZE Foundation, 20 UN Agency partners, 47 media; keynote at the International Conference on Software Engineering (ICSE Austin USA); keynote UNIDO General Conference Industry 4.0 (Vienna); organizer and host speaker Wuzhen Summit World Internet Conference AI Forum (WIC: 1500 CEOs/leaders); speaker UN GA Second Committee & ECOSOC Joint Session (New York, Future of Everything); founding chairman Technology Advisory Council Financial Services Roundtable (FSR) FinTech Ideas Festival (200 CEOs/Execs, FSR: $92.7 trillion managed assets, $1.2 trillion annual revenue); founding chair advisory board and keynote Digital Africa on Industry/Nation 4.0 (2016, 2017); invited advisor on Nation 4.0 and board member within IEEE; 15 Microsoft Most Valuable Professional Global Awards (Satya Nadella, Microsoft CEO, ""We recognize and value your exceptional contributions and commitment to technical communities worldwide. By sharing your real world expertise and technical skills, you demonstrate outstanding technical community leadership. Thank you."") and 3 global gold awards; 3 founding Fellow awards; ... There is much more information as nominated founding fellow, past board chair and president government-chartered Canadian Information Processing Society.",Forbes
https://www.forbes.com/sites/stuartanderson/2021/03/03/ai-commission-immigrants-key-to-americas-tech-competitiveness/,2021-03-03,AI Commission: Immigrants Key To America’s Tech Competitiveness,"A bipartisan government commission on artificial intelligence (AI) recommends changing U.S. immigration laws to allow America to attract and retain talent to compete in AI and other cutting-edge technologies. The commission’s report, which is likely to be influential, concludes that preventing Chinese nationals from studying or working in AI, as some anti-immigration and anti-China legislators have proposed, would benefit the Chinese Communist Party and hurt the United States.
This week, after two years of research, hearings and investigations, the National Security Commission on Artificial Intelligence released its Final Report. Eric Schmidt, former CEO and chairman of Google and cofounder of Schmidt Futures, chaired the commission. Robert Work, a former deputy secretary of defense, served as vice chair.
“As a bipartisan commission of 15 technologists, national security professionals, business executives, and academic leaders, the National Security Commission on Artificial Intelligence (NSCAI) is delivering an uncomfortable message: America is not prepared to defend or compete in the AI era,” write Schmidt and Work in the report’s opening. “This is the tough reality we must face. And it is this reality that demands comprehensive, whole-of-nation action. Our final report presents a strategy to defend against AI threats, responsibly employ AI for national security, and win the broader technology competition for the sake of our prosperity, security and welfare.”
Improving U.S. immigration policy plays a significant role in the report’s recommendations: “As a starting point, the strategy should build on the following pillars: 1) winning the AI talent competition; 2) promoting American AI innovation; 3) protecting U.S. AI advantages; and 4) leading a favorable international AI order.”
“[T]he United States needs to win the international talent competition by improving both STEM [science, technology, engineering and math] education and our system for admitting and retaining highly skilled immigrants,” write Schmidt and Work.
Currently, H-1B visa fees paid by employers have funded approximately 100,000 college scholarships for U.S. students in science and engineering, according to a National Foundation for American Policy (NFAP) analysis. However, the annual number of H-1B visas, typically the only practical way for a high-skilled foreign national to work long-term in the United States, has been exhausted every year since 2004.
In a summary of “Win the global talent competition,” the report states: “The United States risks losing the global competition for scarce AI expertise if it does not cultivate more potential talent at home and recruit and retain more existing talent from abroad. The United States must move aggressively on both fronts. Congress should pass a National Defense Education Act II to address deficiencies across the American educational system—from K-12 and job reskilling to investing in thousands of undergraduate- and graduate-level fellowships in fields critical to the AI future. At the same time, Congress should pursue a comprehensive immigration strategy for highly skilled immigrants to encourage more AI talent to study, work, and remain in the United States through new incentives and visa, green card, and job-portability reforms.” (Emphasis added.)
In a section titled “Strengthen AI talent through immigration,” the report concludes: “Immigration reform is a national security imperative. Nations that can successfully attract and retain highly skilled individuals gain strategic and economic advantages over competitors. Human capital advantages are particularly significant in the field of AI, where demand for talent far exceeds supply. Highly skilled immigrants accelerate American innovation, improve entrepreneurship and create jobs.”
While the Trump administration treated foreign-born professionals as a threat, enacting numerous obstacles and even bans on their entry into America, the report states, “The United States benefits far more from the immigration of highly skilled foreign workers than other countries.” According to the report, “In 2013, the United States had 15 times as many immigrant inventors as there were American inventors living abroad. By contrast, Canada, Germany, and the U.K. all maintain a net negative inventor immigration rate. Compared with other U.S. advantages in the AI competition—such as financial resources or hardware capacity—this immigration advantage is harder for other countries to replicate.”
The report identifies several problems with the current U.S. immigration system, including international students becoming more likely to study in other countries and the long waits for employment-based immigrants for green cards, which are in some ways connected. As this recent article explains: “Without a change in immigration law, it will be sometime in the year 2216—195 years from now—when the last person born in India waiting today in the employment-based immigrant backlog is expected to receive a green card.”
Among the immigration policies the commission recommends:
- “Expand and clarify job portability for highly skilled workers.” The concept is contained in the recently introduced U.S. Citizenship Act, which was developed by the Biden administration. The commission believes the current one-year extension for many H-1B visa holders waiting for employment-based green cards should be expanded to make it easier for foreign-born scientists and engineers in H-1B, O-1 or other statuses to change jobs more easily and have more flexibility in the labor market.
- “Recapture green cards lost to bureaucratic error.” This measure is also in the U.S. Citizenship Act.
- “Grant green cards to students graduating with STEM PhDs from accredited American universities.” The U.S. Citizenship Act contains this measure. NFAP estimates it would result in about 10,000 green cards a year.
- “Double the number of employment-based green cards.” The U.S. Citizenship Act potentially more than doubles the number of employment-based immigrant visas by no longer counting dependents toward the annual limit and allowing unused green cards to be used from the family preference categories—after providing family categories a higher annual limit unlikely to be fully used after five years.
- “Create an entrepreneur visa.” The United States lacks a startup visa and it places America at a disadvantage compared to other nations in retaining or attracting foreign-born entrepreneurs.
- “Create an emerging and disruptive technology visa.” The commission recommends the National Science Foundation “identify critical emerging technologies every three years. DHS would then allow students, researchers, entrepreneurs, and technologists in applicable fields to apply for emerging and disruptive technology visas. This would provide much-needed talent R&D [research and development] and strengthen our economy.”
The Commission soundly rejected an approach favored by Sen. Tom Cotton (R-AR) to prevent Chinese-born researchers from studying in science and technology fields in the United States, arguing such a policy would be a huge benefit to the Chinese Communist Party.
“Immigration policy can also slow China’s progress,” according to the report. “China’s government takes the threat of brain drain seriously, noting that the United States’ ability to attract and retain China’s talent is an obstacle to the Chinese Communist Party’s (CCP) ambitions. Increasing China’s brain drain will create a dilemma for the CCP—which will be forced to choose between losing even more human capital, further slowing their economic growth and threatening their advancement in AI, or denying Chinese nationals opportunities to study and work in the United States.”
In a hearing, Eric Schmidt noted many promising researchers in AI in the United States were born in China. “We looked at the question of how important are Chinese researchers for the AI effort, in our report, and it turns out the Chinese researchers are the number one authors on the key papers,” said Schmidt at a recent Congressional hearing. “If you were to get rid of all of them . . . you will, in fact, hurt America’s AI leadership.” In a report, Georgetown University’s Center for Security and Emerging Technology also pointed out the importance of Chinese-born researchers in American AI.
If Sen. Chuck Schumer follows through on a bill directed at China to increase U.S. efforts in technology, as reported by Reuters, it is reasonable to expect amendments from Sen. Cotton or others to restrict international students from China. It appears Sen. Cotton’s definition of “sensitive” fields includes anything in STEM an international student would be interested in studying in America, arguing the U.S. could “continue to permit Chinese nationals to study non-STEM subjects, such as the humanities.”
The commission addresses technology transfer concerns but warns restrictions on immigration or international students are the wrong approach and would be counterproductive. “While immigration benefits the United States, policymakers must also bear in mind the threat of unwanted technology transfer,” according to the report. “However, restricting immigration is far too blunt a tool to solve this problem. Restrictions harm U.S. innovation and economic growth and only help our competitors by enabling their human capital to grow. They also incentivize U.S. technology companies to move to where talent resides, whether right across our borders or overseas. Technology transfer will only get worse if significant components of the U.S. technology sector move their research and development to China or other countries that are more vulnerable than the United States to technology transfer efforts. A more effective strategic approach would pair actions to improve the United States’ ability to attract top global talent with targeted efforts to combat technology transfer vectors.”
Policy choices made today will reverberate in the coming years. “The leading indexes that measure progress in AI development generally place the United States ahead of China,” according to the commission. “However, the gap is closing quickly. China stands a reasonable chance of overtaking the United States as the leading center of AI innovation in the coming decade.”
America’s leading thinkers on technology, innovation and national security have told policymakers in a final report on AI that making U.S. policies more open to high-skilled immigrants and international students is essential to the nation’s future. Will Congress listen?
I am the executive director of the National Foundation for American Policy, a non-partisan public policy research organization focusing on trade, immigration and related
…I am the executive director of the National Foundation for American Policy, a non-partisan public policy research organization focusing on trade, immigration and related issues based in Arlington, Virginia. From August 2001 to January 2003, I served as Executive Associate Commissioner for Policy and Planning and Counselor to the Commissioner at the Immigration and Naturalization Service. Before that I spent four and a half years on Capitol Hill on the Senate Immigration Subcommittee, first for Senator Spencer Abraham and then as Staff Director of the subcommittee for Senator Sam Brownback. I have published articles in the Wall Street Journal, New York Times, and other publications. I am the author of a non-fiction book called Immigration.",Forbes
https://www.forbes.com/sites/forbesbusinesscouncil/2021/03/03/the-rise-of-ai-voice-assistants-in-clinical-documentation/,2021-03-03T13:43:44Z,Council Post: The Rise Of AI Voice Assistants In Clinical Documentation,"Partner & Co-Founder at Kuroshio Consulting Inc., a management consultant with 20 years of international strategy consulting experience.
Medical decision-making must remain with clinicians, but why does cumbersome data entry work continue to bog down their time? Can AI be used to allow physicians to spend less time on administrative tasks and more on value-added care?
Physicians can spend approximately one-third of their time creating notes and reviewing medical records in the electronic health record (EHR), and while some of this is related to bolstering ongoing care to help patients achieve positive health outcomes (for example, ensuring continuity of care for the patient between venues), the majority is for billing documentation (financial reimbursement) and to ensure regulatory compliance. And this comes at a significant cost. As payment models become more complex, physicians are seeking ways to improve clinical documentation. AI shows great promise.
This is particularly true for the tail end of the patient-physician encounter during the clinical validation or data reviews conducted for reimbursement, research and quality improvement. For example, Cerner, a leading EHR vendor, has developed a natural language processing (NLP) engine to automate medical chart reviews by evaluating EHR data and identifying opportunities for improvement and validation of documentation for in-patient encounters in near real-time.
That is great on the tail end, but what about the first step to excellent clinical documentation in the patient-physician encounter — data entry? The ultimate success would be clinical documentation software taking structured data from the patient-physician encounter and automatically entering it into its EHR field without any human help.
Voice recognition can help eliminate the burden of data entry from the care team. Physicians have long utilized medical dictation to dictate a structured clinical note along with human-powered medical transcription services, or software such as Dragon in conjunction with EHR, to alleviate their administrative burden. However, ambient voice can now get the same data from a natural interaction between physician and patient, which removes data entry completely. AI can automate the process (by becoming an ""auto-scribe"") of producing clinical notes through speech recognition and natural language processing technology, in real-time, by listening in on patient-physician conversations or from summaries provided by physicians' post-encounters with patients.
There are a significant number of market entrants in this space. For example, Nuance Communications provides software that uses neural networks to map patient-physician conversations into a note in the EHR (AI-based speech-to-text system) but requires wall-mounted devices with microphones to record each interaction. Nuance's latest acquisition, Saykara, uses an AI voice assistant via a mobile application on the physician’s cell phone to transform salient conversational content between physicians and patients into clinical notes, prescription orders and referrals, and then populate both structured and narrative data directly into EHRs. This documentation of encounters in real-time negates the need for manual data entry or human transcription. In addition, physicians can also use this technology from within Zoom videoconference calls to document telehealth visits.
The U.S. transcription market size is approximately $20 billion (led by its use in health care) and is bolstered by this transition from traditional to AI-powered solutions, with voice recognition playing a significant role in this forecast. Through the use of innovative technologies like voice recognition and NLP, physicians can recoup up to three hours per day back for direct patient care and in the service of healing. This could mean an increase by up to a third of patient revenue per day, which amounts to a significant financial stream for provider organizations.
Based on my nearly two decades of experience consulting with more than 20 U.S. health systems, using AI to transform the clinical documentation portion of care delivery can create more seamless experiences for both patients and physicians on the continuum of care and should be explored as part of the overall digital health strategy. AI holds a lot of promise in leaning out a number of processes and reducing the burden on already overtaxed physicians especially during Covid-19. The return on investment is there, and I encourage CIOs and other health care executives to consider building these technologies into their strategic road maps.
Forbes Business Council is the foremost growth and networking organization for business owners and leaders. Do I qualify?
Partner & Co-Founder at Kuroshio Consulting Inc., a management consultant with 20 years of international strategy consulting experience. Read Sindhu Kutty's full
…Partner & Co-Founder at Kuroshio Consulting Inc., a management consultant with 20 years of international strategy consulting experience. Read Sindhu Kutty's full executive profile here.",Forbes
https://www.forbes.com/sites/forbescommunicationscouncil/2021/03/03/ai-can-do-that-what-marketers-need-to-know-about-predictive-features/,2021-03-03T13:44:35Z,Council Post: AI Can Do That? What Marketers Need To Know About Predictive Features,"CMO at Mobilewalla, helping grow the business by building brand and driving demand.
Artificial intelligence is more than a buzzword when it comes to marketing. While there's still plenty of unfulfilled AI promise (no robotic creative directors in sight), it's also true that sophisticated marketers are using AI right now — and delivering results.
Sure, we all know about AI-powered tech, like chatbots, voice recognition and automated ad bidding. But there are other, more direct applications of AI in marketing quietly driving the decisions of some brands.
Right now, marketers are using AI to tackle challenges like:
1. High-value customer segmentation: What characteristics define my most valuable customers, and how can I find more of them?
2. Churn risks: Which customers are most likely to churn, and how can I retain them?
3. Product propensity: Which consumers are most likely to accept my latest offer?
Answering these questions requires examining why a consumer behaves a certain way. Whether we seek to identify the common characteristics of high spenders, churn risks or high-propensity audiences, we must paint a picture of the consumer and understand the attributes (known as ""features"" in data science) that influence the way they behave. Marketers can use AI to build these portraits. Specifically, AI offers a framework to build predictive models that are powered by the attributes that predispose consumers to behave a certain way.
AI For Targeted Marketing
Here is a walkthrough of the predictive modeling process as it relates to marketing to shine a light on how consumer attributes can be used to predict future behavior.
Data scientists apply AI techniques (machine learning and predictive modeling) on consumer data to figure out which consumer characteristics are most likely to be associated with a specific behavior. The resulting characteristics are considered to be ""predictive features.""
Predictive features can be created from demographic characteristics (age, gender, profession and marital status), or behavioral characteristics (international traveler, marathon runner or high-end shopper). If you choose them carefully, the right set of features can identify whether (or not) someone is likely to take certain actions.
The ""action"" depends on marketing goals, and it could be either a desired outcome or one that needs to be prevented: booking a trip, signing up for a particular kind of service, account cancellation and so on.
With a carefully selected set of predictive features in hand, data scientists can use AI techniques to analyze past behavior and find patterns that are predictive of the outcomes they want to drive.
Case In Point: AI's Predictive Characteristics In The Field
To understand in more detail how this actually works, let's look at a real-world example of a food delivery company (a former client of my company, an AI- and data-based consumer intelligence solution). With the goal of growing its revenue, this company sought to better understand its highest-value customers, increase the percentage of these valuable customers within its customer base and develop acquisition and retention strategies for them.
To achieve this, the company employed a predictive modeling technique known as recency, frequency and monetary (RFM) modeling. RFM modeling helped define the predictive features of a high-value customer in a manner that created actionable insights for marketing campaigns.
Step 1: The Starting Point
Like most businesses, the food delivery company maintained robust data about its customers and their order history. In data science, this internal data is known as first-party data. Marketers need to start by understanding the first-party data available to them in their organizations and taking an inventory of what they have access to. Depending on the organization, access to data is highly variable. There will be some data that is readily available and unfortunately, there will be data that you will never get your hands on.
First-party data is incredibly valuable, but it does not typically provide the kinds of insights needed for efforts like audience segmentation or programmatic ad buying. For the delivery company, it was relatively easy to define its best customers using first-party data, but these ""best customer"" characteristics couldn't be applied to the general consumer population. You cannot create a market segment of middle-aged women who like to order Italian food after 7:00 p.m. (although I could be over-personalizing this).
Step 2: Data Enrichment And Feature Selection
After inventorying the data that is available to you, determine where you have gaps. What sort of information would be useful to better understanding customers and prospects? What data elements will build that elusive 360-degree profile?
In our example, by enriching its first-party data with third-party consumer data (external data acquired through a data marketplace), the food delivery company was able to create a fuller picture of the customer and generate a set of predictive features that defined its best potential customers: young (25-34 years old) couples with kids in which both partners worked and had lengthy commutes.
Step 3: Taking Action On Insights
Once you have enriched your data, you are ready to act. You can use this data as part of your predictive modeling, advanced segmentation and personalization to increase the effectiveness of your efforts.
Predictive features in hand, the food delivery company worked with their marketing partners to identify and target audiences of dual-income professionals who had kids and long commutes, which made it possible to send campaigns directly to the people who were most likely to become high-value customers.
The AI Payoff
The application of AI in marketing is a nuanced process that requires the right volume and type of consumer data. It can be less time-consuming and substantially more effective than traditional methods. Gathering the depth, breadth and scale of data for AI is just one of the challenges (but possibly the biggest) that marketers may encounter. Another common challenge is with internal understanding and skill sets. Does your organization really understand the benefits of AI, and do you have the right people to successfully to implement it? Finding a trusted partner for the near term is one way to overcome these challenges if you lack internal resources.
While AI can seem intimidating, hopefully this explanation demystifies the overlap between marketing, data science and machine learning. Marketers who team up with data scientists to use AI to determine predictive attributes and create predictive models can yield impressive campaign results.
Forbes Communications Council is an invitation-only community for executives in successful public relations, media strategy, creative and advertising agencies. Do I qualify?
CMO at Mobilewalla, helping grow the business by building brand and driving demand. Read Laurie Hood's full executive profile here.
…CMO at Mobilewalla, helping grow the business by building brand and driving demand. Read Laurie Hood's full executive profile here.",Forbes
https://www.forbes.com/sites/qai/2021/03/03/todays-top-shorts-as-tech-stocks-lag-with-more-rising-bonds/,2021-03-03,Today’s Top Shorts As Tech Stocks Lag With More Rising Bonds,"What caused the downturn of last week seems to be rearing its ugly head again- rising bond yields. With the 10-year yield popping another 6 basis points to 1.47%, tech lagged the market while recovery stocks like Boeing
Sign up for the free Forbes AI Investor newsletter here to join an exclusive AI investing community and get premium investing ideas before markets open.
Arvinas Inc (ARVN)
Arvinas Inc is today’s first Top Short. Arvinas is a clinical-stage biopharmaceutical company dedicated to improving the lives of patients suffering from debilitating and life-threatening diseases. Our AI systems rated the company F in Technicals, F in Growth, D in Low Volatility Momentum, and D in Quality Value. The stock closed up 0.27% to $77.51 on volume of 484,773 vs its 10-day price average of $76.82 and its 22-day price average of $78.86, and is down 7.55% for the year. Revenue was $21.8M in the last fiscal year compared to $14.32M three years ago, Operating Income was $(124.86)M in the last fiscal year compared to $(43.8)M three years ago, EPS was $(3.02) in the last fiscal year compared to $(25.45) three years ago, and ROE was (27.47%) in the last year compared to (60.57%) three years ago.
Cardlytics Inc (CDLX)
Our second Top Short of the day is Cardlytics Inc. Cardlytics is an advertising platform for banks’ digital channels, and works with over 163M bank customers. The company also recently acquired Dosh to help its digital advertising. Our AI systems rated the company B in Technicals, F in Growth, F in Low Volatility Momentum, and D in Quality Value. The stock closed down 5.15% to $134.0 on volume of 777,679 vs its 10-day price average of $141.39 and its 22-day price average of $142.75, and is down 1.25% for the year. Revenue was $186.89M in the last fiscal year compared to $150.68M three years ago, Operating Income was $(50.94)M in the last fiscal year compared to $(40.92)M three years ago, EPS was $(2.04) in the last fiscal year compared to $(2.79) three years ago, and ROE was (36.89%) in the last year compared to (253.26%) three years ago.
Redfin Corp (RDFN)
Our third Top Short is Redfin Corp
Sabre Corp (SABR)
Our fourth Top Short of the day is Sabre Corp
Workhorse Group Inc (WKHS)
Workhorse Group Inc is today’s final Top Short. The Cincinnati-based Workhorse Group is a manufacturing company that is now aiming to latch on to the electric vehicle craze by focusing on manufacturing electrically powered delivery and utility vehicles. Our AI systems rated Workhorse C in Technicals, F in Growth, D in Low Volatility Momentum, and D in Quality Value. The stock closed down 6.98% to $16.13 on volume of 27,018,739 vs its 10-day price average of $22.81 and its 22-day price average of $30.89, and is down 24.7% for the year. Revenue was $1.39M in the last fiscal year compared to $0.76M three years ago, Operating Income was $282.13M in the last fiscal year compared to $(34.07)M three years ago, EPS was $0.7 in the last fiscal year compared to $(0.74) three years ago, and ROE was 38.73% in the last year.
Liked what you read? Sign up for our free Forbes AI Investor Newsletter here to get AI driven investing ideas weekly. For a limited time, subscribers can join an exclusive slack group to get these ideas before markets open.
Source: S&P Global Market Intelligence
Q.ai, a Forbes Company, formerly known as Quantalytics and Quantamize, uses advanced forms of quantitative techniques and artificial intelligence to generate investment
…Q.ai, a Forbes Company, formerly known as Quantalytics and Quantamize, uses advanced forms of quantitative techniques and artificial intelligence to generate investment recommendations across all asset classes. When it comes to money, no one should have to settle. We make investing less intimidating, more accessible and a lot of fun for everyone. That’s investing, reimagined.",Forbes
https://www.forbes.com/sites/qai/2021/03/03/top-buys-today-as-rising-bond-yields-crush-stocks-again/,2021-03-03,Top Buys Today As Rising Bond Yields Crush Stocks Again,"The more things change the more they stay the same. Despite the best one-day gains since the summer to kick off March, the indices have cooled off once again due to rising bond yields — the major thorn in the side of stocks for the last few weeks. This hurt tech stocks, once again, the most. With the 10-year yield rising to 1.47%, the Dow actually managed to rise 50 points led by a 3% pop in Boeing
Sign up for the free Forbes AI Investor newsletter here to join an exclusive AI investing community and get premium investing ideas before markets open.
D R Horton Inc (DHI)
D R Horton
Kla Corp (KLAC)
Kla Corp is our next Top Buy today. Kla Corp is involved in the semiconductor and related nano-electronics industries through the supply of process control and yield management solutions. Our AI systems rated the company D in Technicals, A in Growth, B in Low Volatility Momentum, and A in Quality Value. The stock closed down 4.96% to $309.82 on volume of 1,176,122 vs its 10-day price average of $320.04 and its 22-day price average of $310.09, and is up 19.34% for the year. Revenue grew by 4.59% in the last fiscal year and grew by 50.45% over the last three fiscal years, Operating Income grew by 12.72% in the last fiscal year and grew by 28.84% over the last three fiscal years, and EPS grew by 13.55% in the last fiscal year and grew by 71.43% over the last three fiscal years. Revenue was $5806.42M in the last fiscal year compared to $4036.7M three years ago, Operating Income was $1757.02M in the last fiscal year compared to $1537.19M three years ago, EPS was $7.7 in the last fiscal year compared to $5.1 three years ago, and ROE was 45.35% in the last year compared to 54.45% three years ago. Forward 12M Revenue is expected to grow by 4.58% over the next 12 months, and the stock is trading with a Forward 12M P/E of 21.82.
Lennar Corp (LEN)
Lennar is our third Top Buy today. Since 2017, Lennar has been the largest homebuilder in the U.S. in terms of revenue after acquiring CalAtlantic Homes. Lennar also operates in 21 states, and owns Rialto Capital Management. Our AI systems rated Lennar C in Technicals, B in Growth, B in Low Volatility Momentum, and B in Quality Value. The stock closed up 2.17% to $84.39 on volume of 3,125,535 vs its 10-day price average of $84.83 and its 22-day price average of $87.33, and is up 13.96% for the year. Revenue was $22488.85M in the last fiscal year compared to $20571.63M M three years ago, Operating Income was $3098.71M in the last fiscal year compared to $2428.1M three years ago, EPS was $7.85 in the last fiscal year compared to $5.44 three years ago, and ROE was 14.46% in the last year compared to 15.15% three years ago. The stock is also trading with a Forward 12M P/E of 8.77.
Lumber Liquidators Hldgs Inc (LL)
Lumber Liquidators
Lam Research Corp (LRCX)
Lam Research Corp
Liked what you read? Sign up for our free Forbes AI Investor Newsletter here to get AI driven investing ideas weekly. For a limited time, subscribers can join an exclusive slack group to get these ideas before markets open.
Source: S&P Global Market Intelligence
Q.ai, a Forbes Company, formerly known as Quantalytics and Quantamize, uses advanced forms of quantitative techniques and artificial intelligence to generate investment
…Q.ai, a Forbes Company, formerly known as Quantalytics and Quantamize, uses advanced forms of quantitative techniques and artificial intelligence to generate investment recommendations across all asset classes. When it comes to money, no one should have to settle. We make investing less intimidating, more accessible and a lot of fun for everyone. That’s investing, reimagined.",Forbes
https://www.forbes.com/sites/hessiejones/2021/03/03/d-id-this-start-ups-betting-synthetic-media-can-democratize-content-creation-in-the-age-of-privacy/,2021-03-03,D-ID: This Start-Up’s Betting Synthetic Media Can Democratize Content Creation In The Age Of Privacy,"When I first met Gil Perry, CEO and Co-Founder of D-ID four years ago, he envisioned a future where our photos of our faces, or videos of our friends or families would be free from computer tracking. His use of technology to obfuscate image data using Generative Adversarial Network (GANS) (which creates synthetic images that closely resemble the original photo, and is perceived as identical to the human eye, but completely dissimilar to a machine learning model) has created an alternative revenue model that enables organizations to protect the privacy of their employees. D-ID soon moved to video, hired the top deep learning computer vision experts in Israel and built top expertise in synthetic human faces computer vision.
D-ID’s technology was already being leveraged by fortune 100 companies, two smart city applications, CCTV manufacturers and users, and automotive companies. When Covid-19 hit, another opportunity arose for D-ID in the media and entertainment industry.
Today, in the content industry, there is a considerable gap between the demands of an endless array of social media sites and content outlets, and what content makers can afford to make, given time and cost. The use of synthetic media gets over this gap by allowing the production of large amounts of audio, video or image content without the need for costly, physical processes.
Gil Perry, Sella Blondheim and Eliran Kuta, D-ID’s Co-Founders spotted this opportunity during the global pandemic. Perry explains:
“Full film productions were halted because actors were unable to leave their homes. We understood that we could help in these circumstances and help deliver advertising required without actors needing to leave their homes. So we researched for six months, spoke to many potential prospects to understand what they required. We tested our tech limits and built a proprietary technology - our AI Face Platform, which enables the creation of high-quality, realistic video footage using any driver video to guide movement and bring still photos to life.”
For D-ID, their recent partnership with MyHeritage provides a great opportunity to showcase their AI Face Platform. MyHeritage, the genealogy site which allows members to discover their roots, is bringing old family images to life in a totally new way. People who were born before the era of video can now be seen to move their heads and make facial expressions. And it’s all done using AI and D-ID’s Live Portrait.
Photos are mapped and then animated by a driver video, allowing the subject to mimic the motions of the driver video. As Gilad Japhet, CEO of MyHeritage, put it:
“MyHeritage is excited to partner with D-ID and integrate its technology into MyHeritage’s suite of advanced photo features. Historical photos provide us with a tangible link to our past. Seeing our ancestors’ faces come to life through video reenactment deepens our connection to our family history and is simply breathtaking.”
D-ID has also partnered with Peach Content, a Creative Agency, to produce high-quality creative content - with powerful tools that streamline creativity.
“D-ID's unique technology allowed us to take a still photo and combine it with live-action movement,” said Peretz Markish, VP Creative and Production at Peach Content. “It removes the limits that confined filmmaking in the past and gives us a brand new canvas of options.”
For D-ID, the use of synthetic media to replace live actors offers a cost-effective alternative to the movie and media industry. As Perry notes, companies are already tackling voice cloning and green screens are used as alternatives to more expensive on-location shooting. The leading edge cases involve manipulating the human body, and in particular, the face. In video production, most of the content is generated through face and voice. As leaders already in the face space, Perry realizes the next disruption in media and entertainment will be the creation of media using AI.
The range of potential uses is enormous, from precise lip-syncing in dubbing, to automated news readers driven from text, to the ability to re-do takes without having to get the whole crew and cast back together.
Perry contemplates another example:
“Imagine a digital news platform in which the end user can take a written article, choose his favorite news anchor, and see this anchor broadcast the news, in the news studio, instead of just reading them. Our algorithm generates the reporter and shows him in the news studio without him being filmed.”
In the dubbing process, example from French to English, where not only is the audio changed, but the French actor’s lips are now in sync with the new English voice. D-ID is now in discussions with two media corporations that want to pilot these capabilities.
The Deepfake Risk
But this is a space rife with potential privacy concerns, including the notorious ‘deepfake’ technology where bad actors swap or manipulate people’s faces for malicious ends. Gartner’s Predicts 2021 Report anticipates that:
- In 2023, 20% of successful account takeover attacks will use deepfakes as part of social engineering attacks
- By 2024, 60% of AI providers will include harm/misuse mitigation as a part of their software
Journalist, Nina Schick believes that in the next five to seven years, most online video will be synthetic. Big Tech is also testing the limits of synthetic media: Facebook’s Deep Fake Challenge to develop algorithmic deep fake detection systems, and Google’s LipSync challenge to teach AI systems how to read lips and help individuals with speaking disabilities.
And D-ID too are aware of the problem. Privacy and safety is the intent of their Face Anonymization solution which replaces one face with another on video to protect identities. The technology is already being adopted by documentary film producers who need to protect the identity of whistle-blowers, victims of sexual assault, and children – without compromising the quality of the viewing experience.
״In the time we’ve started using D-ID’s Face Anonymization technology, we’ve seen a greater willingness of people to go on film and tell their story without fear or concern of repercussion. While we’ve been able to use blurring and voice-altering techniques in the past, using Face Anonymization creates a whole new viewing experience for the audience.”
This is evident in Pinchasov’s recent Israeli primetime documentary, Reasonable Doubt, which centered on the possible wrongful conviction of a man in jail for murder. The police officer involved didn’t want his face to be seen, so Pinchasov replaced his face with that of another actor using D-ID’s expertise.
In addition, D-ID’s face detection and blurring capability blurs faces even in the most extreme video-conditions like big crowds or people wearing face masks. This high-end blurring feature allows documentary film makers and even organizations running CCTV security cameras to use footage, while protecting identities and other personally identifiable information (PII).
Synthetic Media to Synthetic Data
The smartphone has enabled the acceleration of photos, which gave rise to image databases, and an exploding demand to improve accuracy rates of facial identification. What we’ve experienced in the last 6 years include law enforcement’s dependence on CCTV cameras, in most public places and in schools and similar technologies like Ring in our homes; applications to surveil employees and contractors like Amazon’s driver monitoring; the use of more people’s personal photos used without consent as in the case of Clearview; a Covid-19 response to mandate remote video classroom learning that has also unveiled practices to collect student biometric and other personal information, while also leveraging AI analysis to determine instances of student cheating.
What has become common practice in the last 35 years is the development of large scale databases including Facial Recognition Technology FERET, introduced by DARPA in the mid-1990s, the Labeled Faces in the Wild (LFW) released in 2007 that included images downloaded directly by researchers from Google, Flickr, Yahoo and finally Facebook’s own database of user photos which, in 2014, were used to train their deep learning model DeepFace. These sources collected information from millions of individuals, without consent, and surreptitiously operated below the radar of any impending legislation. The fallout has been the inception of decisioning systems intent on procuring more pervasive recognition, tracking, and predictions, which have already proven to be harmful to individuals and groups.
Gartner recently released their Predicts 2021 Report: Artificial Intelligence and Its Impact on People and Society which posed this glimpse into the future:
“Generative AI, for example, is now able to create amazingly realistic photographs of people and objects that don't actually exist; Gartner predicts that by 2023, 20% of account takeovers will use deep fakes generated by this type of AI. AI capabilities that can create and generate hyper-realistic content will have a transformational effect on the extent to which people can trust their own eyes.""
To counter this, the industry is starting to put protective policies in place. Currently, the petabytes of data that are generated everyday are largely in control by the big tech giants: Google, Amazon, Microsoft, Facebook, Apple. Smaller start-up companies do not have access to these huge data sets and therefore are already at a disadvantage when they create their training models. The use of synthetic data becomes the privacy-preserving alternative that allows smaller companies to build their dataset volumes effectively to create prototypes and models.
According to Gartner:
- By 2024, 60% of the data used for the development of AI and analytics solutions will be synthetically generated.
- By 2025, 10% of governments will avoid privacy and security concerns by using synthetic populations to train AI
Gil Perry also understands the importance of enforcing D-ID’s strict policy frameworks for these types of projects, to minimize things like identification of participants who choose to remain anonymous and the full consent and awareness of those involved. In the documentary, for example, there was also transparent disclosure that the individual on screen is not the real person.
Nevertheless, the possibility of misuse during this era of deep fakes is very real. Establishing governance around the use of Face Anonymization, Live Portrait, Talking Heads and Lip Sync to ensure clients are following best practices may not go far enough to curb opportunities that may be beyond D-ID’s control. He understands that with the capabilities they’ve created, comes enormous responsibility:
“So, first with every amazing technology and disruption, there are risks and we take them very seriously. This technology is already here and we are creating it to establish ethical use in the face of progress. We can help prevent a lot of damage because we come from the privacy world, and the vision and what drives us and what keeps us up at night is this motivation to create good. So, more than just seeing the potential of harm, we know we are in the right place. The creation of the technology and resulting policy frameworks and monitoring how videos are used, will collectively influence organizational use. As founders, we put rules and guidelines in place against bad actors proliferating deep fake videos. We will also use watermarks in some cases which lets viewers identify a synthetic video.”
Perry contends that his software is geared towards business at the moment and those who licence their technology understand its limitations and are committed to using the products consistent with their values. They are also part of an open group that includes regulators to build policy around this emerging technology. Engagement across policy, technology and business is integral to mitigate any undue harms.
Synthetic data and the governance around its use seems like the right evolution towards a future of privacy. Perry is confident that AI’s outcomes thus far will chart this industry’s course that includes significant changes in the way the data is collected, created, processed with a view into potential individual and societal impacts. And while intention towards ethical practices needs to be a groundswell adoption in lieu of impending legislation, the future that shifts industry demand from personal data to synthetic data is the future we all want.
Hessie Jones is a Strategist and Venture Partner advocating for human-centred AI, education and the ethical distribution of AI in this era of transformation. As a
…Hessie Jones is a Strategist and Venture Partner advocating for human-centred AI, education and the ethical distribution of AI in this era of transformation. As a Venture Partner she seeks to power the underestimated founder through capital and connectivity. As a seasoned digital strategist, author, tech geek and data junkie, she has spent the last 18 years on the internet at Yahoo!, Aegis Media, CIBC, and Citi, as well as tech startups including Cerebri, OverlayTV and Jugnoo. Hessie saw things change rapidly when search and social started to change the game for advertising and decided to figure out the way new market dynamics would change corporate environments forever: in process, in culture and in mindset. She launched her own business, ArCompany in social intelligence, AI readiness and research. Through the weekly think tank discussions her team curated, she surfaced the generational divide in this changing technology landscape across a multitude of topics. Hessie also co-founded MyData Canada, and is a board member with Technology for Good Canada. She is also part of the Women in AI Ethics Collective, a contributor/editor to Towards Data Science and GritDaily.",Forbes
https://www.forbes.com/sites/forbestechcouncil/2021/03/04/how-cognitive-virtual-agents-can-revolutionize-the-customer-support-industry/,2021-03-04,Council Post: How Cognitive Virtual Agents Can Revolutionize The Customer Support Industry,"Maxence Bouygues is an expert in Cognitive Systems, responsible for the product development of cognitive agents at Forethought.
Virtual assistants began booming in 2016 with the rise of new machine learning techniques. Chatbots of all kinds flourished, from buying plane tickets to ordering a burger with a bot, and the industry was in its hype phase.
The advent of new machine learning technologies triggered this revolution rather than market needs pulling it. As a result, many of the first applications were pure market making, found low value and didn't resist the hype. For instance, why would one prefer to order a pizza via a chatbot over using a normal UI in an app, sometimes considered more intuitive?
However, the technology-market fit was found in the customer support industry, where companies try to scale operations and shift to a self-serve model in which simple and repetitive questions can be processed automatically with artificial intelligence.
In this article, I will discuss what these technologies actually do so we can understand their true business value as opposed to hyped sales arguments.
Can computers understand language like humans do?
The hype was partly created by the mistaken belief that computers could hold a conversation just like humans do. To understand what's really possible, let's dive into the technological revolution of natural language understanding (NLU).
Before holding a dialog, computers need to start with the basics — understanding the meaning of words. Tomáš Mikolov revolutionized this, as he proposed the word2vec algorithm in 2013. It proposes a way to capture the meaning of words by representing them as vectors, hoping that words of close meaning would have similar vectors. The vectors would be learned instead of being defined by humans. Assuming that words occurring frequently together have a similar meaning, algorithms would iteratively define vectors by reading large corpora of text.
This technique was a revolution, as we discovered that those mathematical representations of words were actually capable of encoding meaning. The most common example illustrating this is:
King - Man + Woman = Queen
Computers could automatically learn how to represent words and were able to perform a basic understanding of them. We're still far from holding a dialogue.
First business applications — understanding what customers ask.
One of the first NLU applications in customer support is the ability to understand the types of problems that customers have, also called ""intent detection."" If AI is able to understand the semantic differences between ""my laptop doesn't turn on"" and ""I don't know how to turn on my laptop,"" we can initiate two separate resolution workflows. The former may end up as a warranty exchange, while the latter may be resolved by providing instructions. Even without providing a full resolution, such AI can automatically route tickets to a competent agent, saving valuable triage time and late replies due to tickets sitting in the wrong queue.
From a technology standpoint, the two above examples can hardly be differentiated with keyword matching, as words are really close. To really understand intents, we need to train machine learning models that are capable of understanding meaning (i.e., word or sentence vectors) on a predefined dataset of question-category pairs. These algorithms are often neural networks, capable of learning different categories of issues (classify), based on word or sentence vector computation.
As a consequence, implementing such technology requires building training datasets, a daunting task for which most businesses aren't qualified or don't possess the resources to build. When opting for such a solution, it is therefore essential that the vendor is capable of building the dataset on its own and doesn't offload the work to the customer.
Can AI solve customer tickets?
I've found that modern automation platforms can easily solve more than 50% of a company's customer support volume, creating significant bottom-line savings for the company.
Complex tickets require a conversational approach to be solved, However, today's AI can learn natural language but not natural conversation. To hold a conversation, the agent must remember what was said at the previous turn and act upon this. In their book, Conversational UX Design, Robert J. Moore and Raphael Arar noted that automation platforms have addressed this by leveraging the Intent-Entity-Context-Response paradigm. Platforms based on this model include Microsoft LUIS, Amazon Alexa, Google DialogFlow, Facebook Wit.ai and more. On top of understanding the customer intent with AI, these agents are built with a conversation tree that allows different interactions based on previous turns of interactions.
It is important to know that both the context and the conversation tree rely on traditional software logic rather than machine learning. Implementing a cognitive agent will therefore require an implementation team, just like normal software.
Takeaways
Now past the hype, cognitive agents have found a solid market-fit in the customer support industry, allowing them to automatically resolve significant amounts of customer inquiries and creating significant bottom-line savings for a company. In addition, Gartner, Inc. predicts that ""by 2025, 50% of knowledge workers will use a virtual assistant on a daily basis, up from 2% in 2019.""
As an enterprise cognitive system expert, I am particularly aware of the current challenges in customer service and the potential behind virtual assistants. From a couple of years of designing and implementing them, here are some key takeaways:
• Fall in love with your customer's problem, not the solution of virtual assistants. They're not the only solution to customer support, and sometimes, the solution may even be to remove the need for support rather than automating it.
• Treat cognitive agents as ""AI-augmented software,"" not magic. AI provides value in the field by automatically categorizing different types of customer problems. The full ticket resolution workflow involves traditional software features. It is key to take into account its configurability, maintainability by nontechnical people, reporting features and more before choosing a solution.
• Choose a vendor that can do the AI for you. Training machine learning models isn't likely the expertise of your company, and you probably don't have time to build datasets. Most early platforms simply provided tools to build your own datasets, of which the cost of building and maintaining can overweight the value add.
Forbes Technology Council is an invitation-only community for world-class CIOs, CTOs and technology executives. Do I qualify?
Maxence Bouygues is an expert in Cognitive Systems, responsible for the product development of cognitive agents at Forethought. Read Maxence Bouygues' full executive
…Maxence Bouygues is an expert in Cognitive Systems, responsible for the product development of cognitive agents at Forethought. Read Maxence Bouygues' full executive profile here.",Forbes
https://www.forbes.com/sites/forbestechcouncil/2021/03/04/b2bs-evolution-in-2021-how-ai-and-machine-learning-are-forever-changing-b2b-marketing/,2021-03-04,Council Post: B2B's Evolution In 2021: How AI And Machine Learning Are Forever Changing B2B Marketing,"Pekka Koskinen is the CEO & Founder of Leadfeeder, a lead generation software.
Did you know that the number of marketers adopting AI technology grew by 44% between 2017 and 2018? At Leadfeeder, we use machine learning to filter ISPs and nonrelevant hostnames out of the lead data we provide to customers. LinkedIn's VP of artificial intelligence, Deepak Agarwal, has even gone on record declaring that ""at LinkedIn, AI is like oxygen.""
Compared to the collective and growing enthusiasm, however, AI's actual implementation has been relatively low. Only a handful — less than one in five, according to a Demandbase report — of B2B organizations apply AI and machine learning to their sales and marketing.
However, that's beginning to change. According to Demandbase, ""A full two-thirds are currently planning, evaluating, or implementing AI for marketing or sales.""
With the fog of hype surrounding AI, real-life use cases — especially for B2B businesses — have been clouded by fermenting skepticism and exaggerated predictions. This raises the question: How exactly are AI and machine learning being applied to B2B marketing?
AI is revamping lead generation (without stressing sales teams).
Lead generation is the lifeblood of any business. However, considering that most leads (73%, according to MarketingSherpa) are not sales-ready, identifying leads to prioritize and pursue can place undue stress on the backs of marketers and sales reps. Small teams can't afford to invest attention in leads at opposite ends of the sales readiness spectrum. Doing so would soar lead acquisition costs, bleed profitability and harm productivity.
Unfortunately, practices for qualifying and scoring leads, like BANT (budget, authority, need, timing), force teams to hand-pick the wheat from the chaff. Data is analyzed manually, and reps are forced to apply personal judgment and sporadic research to score leads based on multiple personas. Not only is this an unrealistic workload, but it also produces inaccurate and misleading data.
Taking a giant stride toward sales automation, there are AI tools that can streamline the lead qualifying process with predictive lead scoring based on accurate data and attributes. Marketing and sales teams can not only pinpoint but also prioritize which leads to close and nurture in the future without upping headcount.
Thanks to predictive lead scoring, Segment, a leader in API integration software, was able to predict and identify the 16% of its leads that accounted for 80% of its total revenue — all without allocating additional employees or adjusting its budget.
AI is empowering hyper-personalization.
It's no secret that the modern B2B buyer has become conditioned to a personalized buying experience. Personalization is no longer a plus; it has become a mandatory expectation, and AI-powered technology and software can help B2B businesses meet it.
With social listening tools like Awario, marketers can monitor their real-time reputation, initiate conversations with customers and even personalize lead generation with keywords/mention tracking spans across multiple social networks. With others — like Pathfinder, a content insight software — B2B brands can tailor content campaigns, read customer intent signals and better educate their audience.
Pair these tools together, and browsing habits, firmographic data and content consumption patterns — among other attributes — can be analyzed in real time and at scale, producing hyper-personalized recommendations for every buyer.
AI is nurturing pre- and post-sale customer relationships.
According to Drift, RapidMiner — a leading data science platform provider — turned from its chatbot to the AI-powered LeadBot in order to help balance customer support with lead generation.
The bot was able to quickly direct customers to resources and can resolve many customer inquiries. If it can't, it will pass the complex issues to the human team for further investigation. This has allowed RapidMiner to net more than 4,000 leads to date and generate over $1 million in sales.
B2B buyers are beginning to expect the same on-demand shopping experience found in B2C shopping. AI is bridging that gap in expectation.
AI and machine learning are changing B2B marketing.
Adopting emerging technology like AI without succumbing to hype and ending up with a product that fails to add value is challenging. Here are the steps and thought processes I use when reviewing the purchase of new tech:
1. Start with your biggest bottlenecks and problems. Pick problems that are hindering growth, limiting ROI or slowing down your workforce. Take the example of a growing company whose smaller sales and marketing teams are struggling to qualify, score, prioritize and personalize to high-quality inbound leads. AI-based automated lead scoring and personalization tech can boost efficiency and deliver more sales-ready leads without straining the existing marketing and sales staff.
2. Invest in customer experience and retention. Look for AI software solutions that can record, analyze, transcribe and infer customer insights from sales calls with prospects. Teams using such tools can keep their pulse on competitors in their market and learn how to better engage and retain their customers.
3. Improve your measurements and analytics. You can outmaneuver your competitors if you have better data and insights than them. Look for measurement and sentiment-driven AI technologies that can assist with prospecting calls and messaging. With knowledge of the emotional reaction to a pitch or particular style of messaging, both marketers and sales reps can identify what works and double down on messaging that resonates with their buyers.
4. Start small. If you're confident that a certain solution can solve existing problems or improve processes, do your research and look for a vendor with proven case studies or referrals, then gradually test and monitor performance to gauge a tool's actual potential.
Forbes Technology Council is an invitation-only community for world-class CIOs, CTOs and technology executives. Do I qualify?
Pekka Koskinen is the CEO & Founder of Leadfeeder, a lead generation software. Read Pekka Koskinen's full executive profile here.
…Pekka Koskinen is the CEO & Founder of Leadfeeder, a lead generation software. Read Pekka Koskinen's full executive profile here.",Forbes
https://www.forbes.com/sites/karlfreund/2021/03/04/the-cambrian-ai-landscape-qualcomm/,2021-03-04,The Cambrian AI Landscape: Qualcomm,"Can mobile chip giant finally break into the data center?
Qualcomm began sampling the Cloud AI100 to select data center customers last quarter. The performance looks to be promising, based on the limited benchmarks we have seen, and the power efficiency for inference processing looks world-class. The new platform delivers up to 400 Trillion Ops Per Second (8-bit TOPS) per chip, but consumes only 75 Watts. A mid-range version cranks out 8 TOPS/Watt, an industry-leading mark, although we have repeatedly seen that TOPS does not directly translate to anything but, well, TOPS. The company has shared only a few application benchmarks, and so we anxiously await more data as early clients experiment with the platform. If Qualcomm can announce large customer wins in the next six months, we believe the company will become a significant force in the market for data center AI acceleration.
Performance and Power
The figure above shows the relative performance and power of the three Cloud AI100 SKUs versus NVIDIA, Groq, and Intel Habana Labs. We would point out that ResNet-50 is a small benchmark by today's standards, especially when compared to NLP models like Google's BERT and OpenAI's GPT-3, which demand significant memory capacity. But this initial data shows an impressive result: The 20-watt Cloud AI 100 M2 delivers roughly 10 times the performance as the 2-year-old NVIDIA T4 and consumes less than a third as much power. Intel Goya is four times slower and requires five times more energy. We anxiously await performance data with larger models, such as the MLPerf benchmark suite, especially for DLRM, as the recommendation market is wide open to new competitors. We may find the initial design to have inadequate memory capacity for the newer larger models being deployed.
Software for AI
Most AI silicon challengers fail to provide a complete optimized development environment concurrent with their first production chips launch. Qualcomm is a notable exception, having spent years building software and models for the Snapdragon AI Engine. We would assert that QUALCOMM's AI software story is one of the industry's most comprehensive, trailing only NVIDIA in breadth and depth. The figure below shows that the stack now includes two software development kits (SDKs) explicitly targeting the Cloud AI100: an AIC Apps SDK, which provides an optimizing compiler, and an AIC Platform SDK containing the requisite runtime libraries, APIs, kernels and tools. A natural language model, BERT, and recommendation engine, DLRM, are also new additions, likely indicators of early customer evaluations now underway for the platform.
Should the specs be equal, we believe that many customers would choose to do business with an established semiconductor company like NVIDIA, Intel or Qualcomm over a startup. Qualcomm provides rock-solid quality, performance, efficiency and support, as well as a comprehensive software ecosystem for AI inference processing, born from years of experience with Snapdragon. It's a powerful combination, and we look forward to seeing more benchmarks and customer testimonials.
Strengths: Track record of power efficient chips, with a legacy of AI on Snapdragon. Large, dependable semiconductor supplier.
Weaknesses: Qualcomm has yet to produce the range of benchmarks that would portray the company’s potential, nor any customer design wins.",Forbes
https://www.forbes.com/sites/lanceeliot/2021/03/04/multi-clouds-spectacular-treasure-trove-to-arise-via-amalgamation-of-autonomous-vehicle-see-all-data/,2021-03-04,Multi-Clouds Spectacular Treasure Trove To Arise Via Amalgamation Of Autonomous Vehicle See-All Data,"What happens when you put multiple clouds together?
If your first thought drifts toward wonderous clouds in the sky, perhaps your answer might be that you end-up with clouds that could be described as cirrus, alto, stratus, or perhaps cumulonimbus in nature. For those that relish watching the formation of clouds, lazily observing as the fluffy crystals gently float along, you can witness quite a dance taking place. There are fractious portions that seem to go in their own desired direction. You might watch in rapt amazement as they gingerly float off toward the horizon.
Meanwhile, there is also something soothing and heartwarming when a multitude of seemingly disparate clouds opt to join together, creating a breathtaking amalgamation. Did the winds by happenstance alone bring them together? Or maybe the hand of fate was involved and somehow shepherded or guided those clouds into becoming a mutually beneficial cooperative.
I don’t want to interrupt your idyllic daydreaming, but the kind of clouds that I was referring to is the type that embodies state-of-the-art computing resources and has become an essential element for any modern-day company (for my analysis of how the cloud and in particular autonomous vehicles are a match made in heaven, see the link here).
A recent news announcement that garnered some outsized headlines provides ample indication of how multi-cloud amalgamations are soon going to emerge as a vital cornerstone of commerce and proffer savvy opportunities across all industries and sectors of business.
A cavalcade of hospitals announced that they are banding together to create a supercharged data collection of health data. Top named hospital systems such as Tenet Healthcare, Trinity Health, Aurora Health, Providence, and others are forming a virtual multi-cloud collective, doing so as part of the startup launch of Truveta Inc. (a newly formed company that will aggregate, analyze, and sell anonymized health-related golden nuggets, as it were).
Besides bringing together data on a massive scale that no singular hospital system solely would have available, this soon-to-emerge cooperative aims to go beyond just being a mighty storehouse of health-related info. The belief is that via the use of AI systems, the abundance of data will be turned into actionable results. Stated overarching aspirations include that cures for diseases will be discovered sooner, personalized medicine will finally become a reality, and vast improvements in health equity will occur.
A tagline that astutely goes with this multi-cloud formulation is the notion of saving lives with data.
Of course, they will have to stridently showcase that the data so collected is well-protected and fulfills their assertion that all will be anonymized. Estimates are that they will initially be able to bring together nearly 13% of the clinical care data across the entire United States. Pulling together this immensity of data is a huge lift onto itself, let alone also ensuring that there are appropriate privacy controls, security locks, and everything else needed to make sure this valuable data asset is used for good and not for bad.
In any case, thinking big is important and can provide benefits of scale that otherwise would never by perchance alone be encountered. You can chalk up this business-oriented cloud formation to the hands of humanity and not merely attributable to the whims and wisps of the winds.
What other industries or business sectors are ripe for a multi-cloud bonanza?
Yes, you might have guessed that I am thinking about the realm of autonomous vehicles.
Those readers that follow my coverage know that autonomous vehicles are predicted to demonstrably change our world.
This is not just going to merely alter how we get from point A to point B. All manner of vehicles, including cars, trucks, busses, trains, drones, planes, ships, submersibles, and the like will inevitably and inexorably become autonomous (see my predictions and exhortations at this link here). There will be a wholescale and mammoth disruption in most of what we do, which if aimed right will provide widespread benefits. Take a moment to reflect on how society could be reshaped via having vehicles that no longer require humans at the wheel, and you will undoubtedly come to realize that this emergence will transform our existence.
If the enormity of widespread adoption of autonomous vehicles seems like a rather large bite to chew on, let’s take a focused look at the advent of true self-driving cars and see how a multi-cloud amalgamation will arise and be a tremendous treasure trove for all. We can then consider how this same visionary perspective can be further expanded to encompass the full range of autonomous vehicles.
Let’s first take a moment to clarify what I mean by my reference to true self-driving cars.
Understanding The Levels Of Self-Driving Cars
As a clarification, true self-driving cars are ones that the AI drives the car entirely on its own and there isn’t any human assistance during the driving task.
These driverless vehicles are considered Level 4 and Level 5 (see my explanation at this link here), while a car that requires a human driver to co-share the driving effort is usually considered at Level 2 or Level 3. The cars that co-share the driving task are described as being semi-autonomous, and typically contain a variety of automated add-on’s that are referred to as ADAS (Advanced Driver-Assistance Systems).
There is not yet a true self-driving car at Level 5, which we don’t yet even know if this will be possible to achieve, and nor how long it will take to get there.
Meanwhile, the Level 4 efforts are gradually trying to get some traction by undergoing very narrow and selective public roadway trials, though there is controversy over whether this testing should be allowed per se (we are all life-or-death guinea pigs in an experiment taking place on our highways and byways, some contend, see my coverage at this link here).
Since semi-autonomous cars require a human driver, the adoption of those types of cars won’t be markedly different than driving conventional vehicles, so there’s not much new per se to cover about them on this topic (though, as you’ll see in a moment, the points next made are generally applicable).
For semi-autonomous cars, it is important that the public needs to be forewarned about a disturbing aspect that’s been arising lately, namely that despite those human drivers that keep posting videos of themselves falling asleep at the wheel of a Level 2 or Level 3 car, we all need to avoid being misled into believing that the driver can take away their attention from the driving task while driving a semi-autonomous car.
You are the responsible party for the driving actions of the vehicle, regardless of how much automation might be tossed into a Level 2 or Level 3.
Self-Driving Cars And Multi-Clouds
For Level 4 and Level 5 true self-driving vehicles, there won’t be a human driver involved in the driving task.
All occupants will be passengers.
The AI is doing the driving.
One crucial factor to keep in mind is that the automakers are each devising their own brand and models of self-driving cars (typically in conjunction with a firm devoted to crafting self-driving capabilities, or having bought such a firm, or having assembled an in-house crew for said purposes).
To clarify, my point is that not all self-driving cars will be the same.
Thus, automaker X might have their particular brand and models of self-driving cars. Meanwhile, automaker Y will have its own brand and models. The same for automaker Z, and so on. Of course, some automakers are joining together in onesie-twosie type arrangements, but the point overall is that we won’t have a monolith of all self-driving cars being exactly the same.
I mention this salient aspect because some outside of the self-driving industry has a misimpression that somehow all self-driving cars are going to be identical, consisting of the same AI driving systems, the same sensor suites, etc. Nope, that won’t be the case. There will be a variety of both hardware and software involved in crafting self-driving cars.
Another important element of self-driving cars involves the data aspects.
A self-driving car includes a suite of sensors encompassing video cameras, radar, LIDAR, thermal imaging, ultrasonic devices, etc. These are the proverbial eyes and ears of the self-driving car. The AI driving system receives the data flowing from the sensors and has to try and interpret the data to determine the driving scene and how to best utilize the driving controls of the car.
The data collected from the sensors are initially kept on-board the processing systems within the self-driving car. There is a great deal of ongoing debate and discussion regarding how much of the data is or ought to be stored on-board the vehicle versus instantly purged.
Via the use of OTA (Over-The-Air) electronic communications, the self-driving car can upload data into the cloud of the automaker or fleet operator. Similarly, software patches for the AI driving system can be remotely downloaded via the OTA from the cloud and placed into use inside the vehicle.
There is an additional twist to the data facets.
Imagine that a self-driving car is driving down an ordinary neighborhood street. The sensors are collecting a boatload of data about whatever they happen to encounter. You might assume that the only data being sought involves figuring out where the road is and how to navigate safely on the given street.
The thing is, the sensors are collecting whatever they can get.
Consider the video cameras. The video cameras are not only obtaining visual images of the roadway, but they are also capturing whatever is happening on the sidewalks, and whatever is occurring in the front yards of the houses on the block, and so on. All told, the data from the sensors can engulf a vast array of whatever perchance is occurring around the self-driving car as it makes its way throughout a neighborhood, or a community, or a town and a city. I’ve referred to this as the roving eye (see my analysis at this link here).
Okay, this all sets the stage for getting to the gist of this discussion.
Let’s assume that each of the automakers decides to upload the data that was being collected by their fleet of self-driving cars (it could be the entirety of the data or a subset). On each day, a particular automaker or fleet operator is going to collect a massive volume of data about the locales and activities taking place in a given area. Realize that their self-driving cars are continually crisscrossing the geographical realm in which the vehicles are being operated.
Automaker X brings the data from their self-driving cars into their cloud, which we’ll call cloud X. It is vital data that they can use to try and improve their self-driving capabilities (and, as you’ll see in a moment, has a lot of other uses too). Meanwhile, automaker Y is bringing the data from their self-driving cars into their cloud, which we’ll call cloud Y.
On and on this goes.
Suppose automaker X has their self-driving cars roaming on the west side of town. Automaker Y has their self-driving cars roaming on the east side of town. Logically, this implies that automaker X has a lot of useful data about the nature of the west side of town, while automaker Y has a lot of useful data about the east side of town. It also implies that automaker X has very little if any data about the east side of town (since their self-driving cars aren’t roaming there), and similarly that automaker Y has little if any data about the west side.
Normally, you might expect that these are fierce competitors, and they would each keep their own collected data as stored in their respective clouds from the eyes of their respective self-driving car rival across town. That does make sense and you can certainly expect everyone to hold their aces close to their chest, at first.
Hark back momentarily to the news story about the hospitals that have decided to band together. We would not normally expect hospitals to do so, especially if they are essentially competing in the same marketplaces. Like any business, they prize the data that they have collected about their “customers” and are apt to keep it private and apart from others (of course, they also need to abide by stringent regulatory requirements too).
It took a while for the proverbial lightbulb to warm-up amidst the right convergence of societal and technological factors to make the timing for this particular multi-cloud incarnation become feasible and presumably rewarding.
My prediction is that gradually and inexorably the automakers and fleet operators will begin to realize that the self-driving car collected data in their respective clouds can be synergistically amalgamated to proffer added benefits that each alone could not otherwise attain.
It won’t happen overnight. Realistically, you’ve got to expect that they all first need to get their ducks in order. There is enough newness about self-driving cars and the self-driving collected data in the cloud that trying to go beyond their singular efforts is something nearly unimaginable at this time.
You have to crawl before you can walk, and walk before you can trot, etc.
When the timing is right, what sensibly and profitably can be accomplished via a multi-cloud amalgamation of self-driving collected data?
Let’s take a quick look at a readily apparent seven ways to leverage such data (there are many more ways, I assure you).
· Roadway Infrastructure
Many deplore the lousy status of our existing roadways, replete with potholes, insufficient markers, and a slew of problems that endanger drivers and pedestrians alike. Self-driving cars are going to be collecting tons of data about our roadways. This can be used by governmental bodies to determine where to best spend precious infrastructure dollars. It can also be used to predict where human-driven car crashes are likely to occur and shore-up high-priority spots. Using the example of cloud data being collected by automaker X and automaker Y, amalgamating their collected cloud data would empower an assessment of the entirety of the local town, both west, and east, which otherwise by one cloud collection we would only gauge one-half of the local roadway infrastructure.
· Up-To-Date Maps
For many of today’s digitally available maps, they are based on a periodic scan of a given locale, such as once per month or maybe once per year. This means that the map that you are using is potentially out-of-date. Self-driving cars are going to be daily able to update maps (furthermore, able to do so in near real-time). The data they collect into the cloud can be used to indicate when say a bridge is out of commission for a few days due to heavy rainfall. Envision that via the multi-cloud amalgamation, a comprehensive semblance of mapping would take place over an entire community or city or state, daily and be immediately available.
· Real Estate
If you’ve been looking to buy a home lately, you might have noticed that most real estate agents these days are uploading pictures of the homes they have for sale. These pictures are oftentimes poorly taken or worse are somewhat misleading in the nifty way that the property is portrayed. In any case, the self-driving data is going to have gobs of real estate video and imagery, collected daily. In addition, consider that commercial real estate is also another aspect of what the video is going to include. Owners of commercial property can get a daily tally of how their property looks, such as whether it got tagged with graffiti or was properly cleaned yesterday. Just imagine how the multi-cloud amalgamation could be monetized for the real estate industry all told, and you are already salivating at the possibilities.
· Crime-Fighting
I’ve previously pointed out that the data from self-driving cars can be potentially used for crime-fighting. Currently, when a crime occurs, there is a wild rush to discover whether any stationary video cameras managed to catch the crime or the criminals, and likewise, the public at large is asked to provide any smartphone video that might be relevant. The multi-cloud amalgamation collected from the roaming self-driving cars could be utilized to figure out the whodunit and be a handy means of reducing crime in a given area (of course, this raises various notable privacy issues, as do each of these potential uses of the data).
· Pedestrian Safety
Most towns have pedestrian crosswalks that are quite dangerous, yet few realize the dangers involved and sadly only take corrective action after an injury or fatality occurs. Self-driving cars routinely scan for pedestrians to try and determine whether someone is going to suddenly dart into the street or otherwise put themselves into harm’s way by stepping off the curb at the wrong moment. From this data, analyses can reveal where the public is most tempted to jaywalk or where human drivers tend to be least attentive to the rights of pedestrians.
· Human-Driven Cars
Realize that there are still going to be human drivers during the emergence of self-driving cars. In essence, you’ll have some smattering of self-driving cars on the roadways and mixing with some smattering of human-driven cars on the highways and byways too. Perhaps, far in the future, we will have only self-driving cars, but no one can say whether or when that will occur. Meanwhile, self-driving cars are intently observing the actions of human-driven cars (actually, all cars, though especially human-driven cars). This data can indicate places that seem to inspire human drivers to drive recklessly, and there might be ways to lessen the number of annual car crashes (and fatalities) accordingly.
· Anonymized Passenger Behavior
What will people opt to do while riding in self-driving cars? Those that had begrudgingly driven in heavy traffic to work each day will now be able to sit back and relax while the AI driving system contends with the road rage entailments. I’ve pointed out in my columns that an estimated 70 billion hours annually of human driving time will eventually be given back to humanity and can be used for other purposes (that’s just in the U.S., so imagine the global ramifications). Most self-driving cars are going to have inward-facing cameras, doing so to allow for doing interactive Zoom-like discussions while riding in a self-driving car, perhaps doing work meetings while on-the-road or helping your kids with their homework while commuting home at night. The general activities of passengers could be anonymized and used to indicate what people do during their self-driving car journeys, which certainly would be of interest to advertisers (big bucks there!).
Conclusion
The aforementioned uses of the multi-cloud amalgamated self-driving collected data are but the tip of the iceberg, as they say. Uses range the full gamut from fundamental research to everyday practical application.
In some ways, the data would be beneficial for society overall. That’s a big-picture perspective and admirable. There is also a tremendous amount of monetization that can be gleaned from the multi-cloud endeavor.
For the hospitals that are embarking down this same path, they are emphasizing that data can save lives. The same type of mantra can readily be applied to the self-driving see-all data. Pedestrian lives can be potentially saved or at least injuries averted. Car crash fatalities can be reduced. Admittedly, the hospitals have a greater claim to the lives saved moniker, but the point being that the self-driving collected data has a lot of potential in amazing ways that might not at first blush be evident.
Finally, now that we’ve covered the advent of self-driving cars as an instance of autonomous vehicles, widen the scope to include other types of autonomous vehicles.
There are going to be disparate clouds devoted to for example one commercially utilized autonomous drone versus other such autonomous drones. You can tie their data together and get synergies. There will be disparate clouds across the myriad of types of autonomous vehicles. Imagine the synergies from piecing together cloud-based data from self-driving cars with self-driving trucks and toss into the mix the data from those ubiquitous autonomous drones that we keep hearing about (they will eventually get here).
A treasure trove of data awaits.
Come on, autonomous vehicles, get your act together, and move forward to enable the multi-cloud amalgamations to arise.
Think about all of this as you gaze idly up at the cumulus clouds in the sky, and imagine how those computing clouds down here on the earth will soon be forming into cooperatives that provide some pretty equally breathtaking results.
Dr. Lance B. Eliot is a world-renowned expert on Artificial Intelligence (AI) with over 3.8+ million amassed views of his AI columns. As a seasoned executive and
…Dr. Lance B. Eliot is a world-renowned expert on Artificial Intelligence (AI) with over 3.8+ million amassed views of his AI columns. As a seasoned executive and high-tech entrepreneur, he combines practical industry experience with deep academic research and serves as a Stanford Fellow at Stanford University. Formerly a professor at USC and UCLA, and head of a pioneering AI Lab, he frequently speaks at major AI industry events. Author of over 50 books, 500 articles, and 250 podcasts, he has made appearances on media outlets such as CNN and co-hosted the popular radio show Technotrends. He's been an adviser to Congress and other legislative bodies and has received numerous awards/honors. He serves on several boards, has worked as a Venture Capitalist, an angel investor, and a mentor to founder entrepreneurs and startups.",Forbes
https://www.forbes.com/sites/qai/2021/03/04/top-stocks-to-buy-today-as-tech-lags-behind-broader-market/,2021-03-04,Top Stocks To Buy Today As Tech Lags Behind Broader Market,"Once again, tech lagged the broader market, and a rotation into cyclicals driven by rising bond yields, prospects of an economic reopening, and more stimulus on the horizon appeared to be taking place. The more things change, the more they stay the same. The 10-year yield stayed roughly the same, while jobless claims mildly beat estimates. With investors accounting for all of this data, coupled with nervous anticipation of Fed Chair Jay Powell’s midday statement, the Dow remained mostly flat, while the S&P fell 0.3% and the Nasdaq
Sign up for the free Forbes AI Investor newsletter here to join an exclusive AI investing community and get premium investing ideas before markets open.
Apple Inc (AAPL)
Apple
News Corp (NWSA)
News Corp is our next Top Buy. News Corp is a media and news company, and is responsible for such assets like Dow Jones, News Corp Australia, News UK, the New York Post, and News America. Our AI systems rated the company C in Technicals, C in Growth, A in Low Volatility Momentum, and C in Quality Value. The stock closed up 0.63% to $23.79 on volume of 3,145,552 vs its 10-day price average of $23.42 and its 22-day price average of $22.5, and is up 31.0% for the year. Operating Income grew by 50.0% in the last fiscal year, while EPS grew by -32.23% in the last fiscal year and grew by -43.73% over the last three fiscal years. Revenue was $9008.0M in the last fiscal year compared to $9024.0M three years ago, Operating Income was $372.0M in the last fiscal year compared to $567.0M three years ago, EPS was $(2.16) in the last fiscal year compared to $(2.6) three years ago, and ROE was (16.52%) in the last year compared to (13.38%) three years ago. Forward 12M Revenue is expected to grow by 0.81% over the next 12 months, and the stock is trading with a Forward 12M P/E of 41.81.
Realogy Holdings Corp (RLGY)
Realogy Holdings Corp is our third Top Buy. Realogy is a prominent integrated provider of residential real estate services in the U.S. Our AI systems rated the company B in Technicals, A in Growth, C in Low Volatility Momentum, and B in Quality Value. The stock closed down 0.61% to $14.58 on volume of 1,464,885 vs its 10-day price average of $15.81 and its 22-day price average of $16.43, and is up 10.2% for the year. Revenue was $6221.0M in the last fiscal year compared to $6079.0M three years ago, Operating Income was $408.0M in the last fiscal year compared to $468.0M three years ago, EPS was $(3.13) in the last fiscal year compared to $1.09 three years ago, and ROE was (18.43%) in the last year compared to 5.67% three years ago. The stock is also trading with a Forward 12M P/E of 6.07.
Techtarget Inc (TTGT)
Techtarget Inc is today’s final Top Buy. Techtarget offers data-driven marketing services to B2B technology vendors. It uses purchase intent data gleaned from one of its 140 + tech-focused websites to help these B2B vendors reach potential buyers that actively research relevant IT products and services. Our AI systems Techtarget rated C in Technicals, C in Growth, A in Low Volatility Momentum, and B in Quality Value. The stock closed down 9.09% to $78.88 on volume of 372,004 vs its 10-day price average of $85.62 and its 22-day price average of $87.98, and is up 33.13% for the year. Revenue was $148.38M in the last fiscal year compared to $121.33M three years ago, Operating Income was $27.82M in the last fiscal year compared to $16.62M three years ago, EPS was $0.61 in the last fiscal year compared to $0.45 three years ago, and ROE was 9.6% in the last year compared to 10.23% three years ago. The stock is also trading with a Forward 12M P/E of 47.81.
Liked what you read? Sign up for our free Forbes AI Investor Newsletter here to get AI driven investing ideas weekly. For a limited time, subscribers can join an exclusive slack group to get these ideas before markets open.
Source: S&P Global Market Intelligence
Q.ai, a Forbes Company, formerly known as Quantalytics and Quantamize, uses advanced forms of quantitative techniques and artificial intelligence to generate investment
…Q.ai, a Forbes Company, formerly known as Quantalytics and Quantamize, uses advanced forms of quantitative techniques and artificial intelligence to generate investment recommendations across all asset classes. When it comes to money, no one should have to settle. We make investing less intimidating, more accessible and a lot of fun for everyone. That’s investing, reimagined.",Forbes
https://www.forbes.com/sites/qai/2021/03/04/top-stocks-to-short-today-as-market-struggles-to-reverse-losing-streak/,2021-03-04,Top Stocks To Short Today As Market Struggles To Reverse Losing Streak,"Stocks failed to meaningfully end their two-day losing streak and dropped again due to bond yields. While many analysts feel that this is a healthy pullback, rising bond yields, which have caused the tech rout over the last few weeks, still appear to be an issue. A rotation into more recovery stocks continued as well. Better-than-expected jobless claims, which totaled 745,000 compared to the estimate of 750,000, definitely helped sentiment. Investors will also be anxiously anticipating Fed Chair Powell’s statement midday. Through digesting all of this news, the Dow was largely flat, the S&P 500 fell 0.3%, and the Nasdaq
Sign up for the free Forbes AI Investor newsletter here to join an exclusive AI investing community and get premium investing ideas before markets open.
Cal-Maine Foods Inc (CALM)
Cal-Maine Foods
Fortress Trans Infrastr Invs (FTAI)
Fortress Transportation & Infrastructure Investors is our second Top Short for today. The company owns and acquires high quality infrastructure and equipment essential for the transportation of goods and people across the globe. Our AI systems rated the company D in Technicals, D in Low Volatility Momentum, and D in Quality Value. The stock closed up 3.86% to $29.59 on volume of 562,181 vs its 10-day price average of $27.24 and its 22-day price average of $26.0, and is up 30.07% for the year. Revenue was $366.5M in the last fiscal year compared to 342.11M three years ago, Operating Income was $47.91M in the last fiscal year compared to $38.78M three years ago, EPS was $(1.22) in the last fiscal year compared to $0.07 three years ago, and ROE was (8.61%) in the last year compared to (1.92%) three years ago. The stock is also trading with a Forward 12M P/E of 45.18.
Liberty Media Formula One (FWONK)
Liberty Media Formula One is our next Top Short today. The company, which also has interests with Sirius XM Radio and the MLB’s Atlanta Braves, owns iconic global motorsports franchise Formula One. Our AI systems rated the media conglomerate B in Technicals, D in Low Volatility Momentum, and D in Quality Value. The stock closed up 1.16% to $45.41 on volume of 644,563 vs its 10-day price average of $45.15 and its 22-day price average of $44.81, and is up 11.11% for the year. Revenue was $1145.0M in the last fiscal year compared to $1827.0M three years ago, Operating Income was $(444.0)M in the last fiscal year compared to $(110.0)M three years ago, EPS was $(2.57) in the last fiscal year compared to $(0.65) three years ago, and ROE was (10.07%) in the last year compared to (2.67%) three years ago.
Progyny Inc (PGNY)
Our fourth Top Short of the day is Progyny Inc. Progyny Inc is a leading U.S. fertility benefits management company. Our AI systems rated the company F in Growth, F in Low Volatility Momentum, and D in Quality Value. The stock closed down 2.68% to $42.78 on volume of 919,540 vs its 10-day price average of $47.14 and its 22-day price average of $48.37, and is down 0.37% for the year. Revenue was $344.86M in the last fiscal year compared to $105.4M three years ago, Operating Income was $17.67M in the last fiscal year compared to $(3.45)M three years ago, EPS was $0.47 in the last fiscal year compared to $0.04 three years ago, and ROE was 33.04% in the last year compared to (46.91%) three years ago. The stock is also trading with a Forward 12M P/E of 125.82.
Rbc Bearings Inc (ROLL)
Our final Top Short today is Rbc Bearings Inc. Rbc Bearings Inc is a ball and roller bearing manufacturing company, and provides solutions for customers in the industrial, aerospace and defense space. Our AI systems rated the company D in Technicals, D in Growth, C in Low Volatility Momentum, and D in Quality Value. The stock closed up 1.65% to $200.63 on volume of 55,419 vs its 10-day price average of $196.39 and its 22-day price average of $188.62, and is up 15.78% for the year. EPS grew by 10.05% over the last three fiscal years. Revenue was $727.46M in the last fiscal year compared to $674.95M three years ago, Operating Income was $157.92M in the last fiscal year compared to $136.16M three years ago, EPS was $5.06 in the last fiscal year compared to $3.58 three years ago, and ROE was 12.08% in the last year compared to 11.23% three years ago. Forward 12M Revenue is expected to grow by 4.79% over the next 12 months, and the stock is trading with a Forward 12M P/E of 47.43
Liked what you read? Sign up for our free Forbes AI Investor Newsletter here to get AI driven investing ideas weekly. For a limited time, subscribers can join an exclusive slack group to get these ideas before markets open.
Source: S&P Global Market Intelligence
Q.ai, a Forbes Company, formerly known as Quantalytics and Quantamize, uses advanced forms of quantitative techniques and artificial intelligence to generate investment
…Q.ai, a Forbes Company, formerly known as Quantalytics and Quantamize, uses advanced forms of quantitative techniques and artificial intelligence to generate investment recommendations across all asset classes. When it comes to money, no one should have to settle. We make investing less intimidating, more accessible and a lot of fun for everyone. That’s investing, reimagined.",Forbes
https://www.forbes.com/sites/amirhusain/2021/03/04/lessons-from-the-storm/,2021-03-04,Lessons From The Storm,"The February winter storm brought ice, snow, freezing temperatures and a lot of hardship for the residents of Texas. As a long-time Austinite, I experienced firsthand the power and water failures. Many of our fellow Texans, sadly, fared much worse than my family did. Though things are starting to revert to “normal” for some of us, it is time now to investigate what happened so that we can address shortcomings and improve our preparedness in future crises.
As temperatures dropped across Texas in what was a rare - but not entirely unprecedented event - Texas energy infrastructure completely broke down. Rolling blackouts commenced, cutting electric supply to millions. Some went without power and water for days. Others had power only for a few hours a day. The toll this crisis took on the homeless, on families and individuals of all backgrounds was tremendous.
The energy mix in Texas is nearly 20% wind, and about 80% nuclear, coal and gas. Only a negligible amount of power is generated via solar and other alternate means, such as geo-thermal. Even though wind and solar deliver a very small percentage of Texas’ electricity, fingers were pointed immediately at alternate energy as the reason for these failures. Texas Governor Greg Abbott, speaking on the Sean Hannity show, said, “This shows how the Green New Deal would be a deadly deal for the United States of America. Our wind and our solar got shut down...” The reality was that everything broke down in Texas, including nuclear. To point the finger at only clean energy was baffling to many Texans who wondered if this criticism was intended more to push a particular agenda than address the underlying problem.
No matter what someone’s political persuasion, the reality is that a blame game will not help Texas. The fact that just such a game was afoot in a time of crisis only suggests an utter lack of leadership. To make matters worse, amidst a dire situation in the state, media reported that a Texas senator was enjoying a vacation on the beach with his family. Politicians were blaming the Energy Reliability Council of Texas, the state’s grid operator, while ERCOT officials were claiming that they had in fact prevented what would have been a much bigger disaster.
Amidst this sad and factitious disorder what became clear was that political agendas were once again trumping facts. The insinuation that wind turbines cannot work in cold weather has no grounding in reality. Wind turbines work in Siberia and across Scandinavian countries that experience winters far harsher than Texas ever has.
As politicians bickered we also saw agenda-driven toxicity and the manipulation of news on social networks. One viral post showed pictures of inoperative wind turbines being “de-iced”. In fact, the picture was from Sweden and was taken back in 2014!
Despite the blame being heaped on alternatives, the reason for the failure of Texas’ energy infrastructure was a lack of preparation. The equipment at gas, nuclear and yes, indeed, wind facilities had not been made weather proof. As temperatures dropped, pumps failed, fuel supply was impeded and all forms of power production ground to a halt.
Was such a scenario foreseeable? In truth, yes. Texas experienced snowstorms in 2011 that caused issues for power producers, but as the Austin American-Statesman said plainly, “Texas failed to learn from the 2011 snowstorm”. As every article on how Austin is one of the nation’s fastest growing cities states, Texas is expanding. No one is more familiar with this than the regulators and operators of Texas infrastructure, and our politicians. Why was ERCOT’s peak projected consumption level as low as it was? In summer months, we have produced to a greater peak demand than over this past week. So, the capacity existed. It simply couldn’t be used.
A couple of weeks have passed since this horrendous breakdown. It is now time for soul searching and for Texas to take responsibility for improving its power and distribution infrastructure so that such tragedies can be prevented in future. A few critical questions that cannot be ignored:
Is the current level of demand prediction capability at ERCOT sufficient? Is the organization making use of the latest AI modeling software, factoring in black swans, projecting future climate events and learning from cities that fall within the “weather similarity cluster” for Texas’ major metro areas?
That the storm was on its way was known 10 days in advance of its arrival. What was done to lessen impact? Winterization of equipment? Why not? Are there emergency procurement systems in place to support near term needs? Given the changes climate-change will bring our way and the increased frequency of intense weather events, should winterization of power infrastructure in Texas become a regulatory requirement?
Substantial production capacity was offline prior to the storm. Energy infrastructure in Texas needs to be upgraded. And at the heart of it, should include AI demand prediction, scenario planning, grid monitoring and modeling, predictive maintenance and other modern technologies designed to optimize equipment and improve uptime.
There will be other unforeseen events in the future. One of the top threats is a future cyber strike on our grid and power. It has already happened in the Ukraine, multiple times. It is only a matter of time before such an attack plays out in the US. And if the current crisis is anything to go by, when such a strike occurs, politicians will start pointing fingers at each other once more, claiming that the attack was a “Black Swan”. It won’t be. It is a likely threat that we must deal with now by putting into place advanced industrial cyber protection.
Contrary to claims, alternatives need to be added to Texas energy mix post haste; wind works in the Arctic and throughout Scandinavia. It can certainly work in Texas.
Governments all over are discovering that across a range of areas - weather, disease, energy - the unthinkable now happens often. We are not yet out of a pandemic and now into a climate driven event. Approach to planning and risk mitigation needs to be rethought. Sophisticated AI based simulations can play a role here as the fabric of society and the systems it uses both become more complex.
If there is one lesson our regulators, operators and politicians in Texas take to heart, it should be this: “Start planning for what you’ve traditionally considered outlier events. And leverage the best technology to protect the state and its people. Now.” There is no excuse to remain a deer in the headlights in the age of artificial intelligence.
Amir Husain is a serial entrepreneur, inventor, technologist, and author based in Austin, Texas. He is the Founder and CEO of an award-winning artificial intelligence
…Amir Husain is a serial entrepreneur, inventor, technologist, and author based in Austin, Texas. He is the Founder and CEO of an award-winning artificial intelligence company, SparkCognition, and is the founding CEO of SkyGrid, a Boeing and SparkCognition joint venture that is building an aerial operating system to power the next century of aviation. He is also the author of the best-selling book “The Sentient Machine: The Coming Age of Artificial Intelligence” and a co-author of the compilation “Hyperwar: Conflict and Competition in the AI Century.”",Forbes
https://www.businessinsider.com/temenos-brings-explainable-ai-to-canadian-western-bank-2021-3,2021-03-05T13:57:28Z,"Temenos demystifies artificial intelligence, helping banks fight the black box effect","- Temenos taps into explainable artificial intelligence, which is integral to its new partnership with Canadian Western Bank.
- And other banks could use similar applications to correct bias in traditional AI models and complement the customer experience.
- Insider Intelligence publishes hundreds of research reports, charts, and forecasts on the Banking industry. Learn more about becoming a client.
The banking software company is teaming up with Canadian Western Bank (CWB) to provide its new Temenos Virtual COO solution to small and medium-sized businesses (SMBs).
The product is built on top of Temenos' omnichannel digital banking platform and utilizes explainable AI (XAI) and analytics to support financial decision-making at SMBs. By aggregating banking and business data, SMBs are able to assess their current and projected financial health through the use of XAI-powered models that simulate different business scenarios.
Banks could utilize XAI technology to rectify the black box problem associated with traditional AI models used in banking.
- What is the black box problem?: The machine learning algorithms that underpin typical AI-based conclusions are opaque and difficult to explain, especially when concerning more granular inputs. The less-than transparent structure of such models has led to a perceived influence of AI on biases in certain financial decision-making processes—in some cases, presenting potential public relations and legal issues for banks. For example, Goldman Sachs found itself in hot water last year when it was alleged that the Apple Card's creditworthiness algorithm extended more generous credit lines to men than women.
- How can explainable AI fix it?: XAI presents its decision-making process in transparent and human-readable language, which helps identify its impact and any potential biases. In October 2020, Insider Intelligence recommended that banks should make use of XAI technology for the following reasons: It can clearly explain to the client why they received the decision they did, gain better insight on whether there are any flaws in the AI tech's decision-making process, and more easily show regulators that its credit decisions aren't discriminating due to accidental biases. But adoption among banks is low, as integrating the relatively new technology into a bank's core platform is likely a time-intensive process, especially in countries like the US that don't have standardized data sharing regulations.
While a powerful tool in terms of generating financial insights, banks should use XAI to complement their existing interactions with customers—not replace them.
Many businesses still value receiving in-person financial advice and use a relationship manager as their primary point of contact with their bank. Face-to-face meetings will likely continue to be prioritized for important issues, but banks could use XAI to better support day-to-day operations, such as documentation, loan applications, as well as digital account openings: Temenos launched several XAI models last year that address these functions.
By employing XAI to streamline procedural bottlenecks and model potential economic scenarios, banks that prioritize the relationship-based experience could help empower business owners to make financial decisions they are confident in and understand.
Want to read more stories like this one? Here's how you can gain access:
- Join other Insider Intelligence clients who receive Banking forecasts, briefings, charts, and research reports to their inboxes each day. >> Become a Client
- Explore related topics more in depth. >> Browse Our Coverage
Current subscribers can access the entire Insider Intelligence content archive here.
Learn more about the financial services industry.",Business Insider
https://www.forbes.com/sites/forbestechcouncil/2021/03/05/harnessing-the-power-of-artificial-intelligence-in-accounting/,2021-03-05,Council Post: Harnessing The Power Of Artificial Intelligence In Accounting,"Justin Hatch is the Founder and CEO of Reach Reporting, the leading visual reporting software on the market.
There has always been a love-hate relationship with new technology. The advances are exciting, but we worry about what is getting left behind. New technology in accounting is no different: Artificial intelligence (AI) has exciting potential for the industry, but some may wonder how to put it to use without losing the personal touch. More worrisome still, will using artificial intelligence put CPAs out of business entirely?
It’s easy to get overwhelmed by the prospect of AI becoming widely used in accounting, especially if a CPA hears Mark Cuban in the back of their mind predicting skills like accounting being replaced by automation. But instead of fearing these advancements, CPAs should embrace them and find ways to augment their skills rather than replace them. Here are a few things to know about using AI in accounting.
Embrace AI In Accounting
There’s no getting around the fact that AI is here, whether you like it or not. Don’t turn a blind eye to this technology and hope that it won’t affect your business. Instead, educate yourself on the potential of AI to improve your business. Invest in new systems and put them to use so your company isn’t behind the curve while others surge ahead. If you are worried that technology will make your employees obsolete, consider that one expert predicted that AI could improve productivity for your employees and company by 40%. CPAs should take courses specializing in AI and data management to take advantage of this technology.
Delegate Mundane Tasks
The first step to utilizing AI for your firm is identifying tasks where it can have the most benefit. AI is ideal for mundane, repetitive tasks like uploading files, payroll, auditing and others. It is excellent for compiling and sorting through large amounts of data. This is where you can see the biggest increases in productivity while giving accountants more time to work on tasks that take critical thinking and creativity. When you have so much to do that you wish you had an extra set of hands, AI is that extra set that will take care of the little things.
Balance AI With Human Intelligence
While AI is a superb tool, it isn’t something that can take the place of a real person in all tasks. There are just some things that a human can do better — like getting to know clients’ needs and plans for the future and crafting personalized financial analysis to help them get there. Let AI take care of the busy work for you, then use the results to create a road map for clients that will help them understand their financial reports.
Adapt To Changing CPA Roles
While the technology available to accountants is rapidly changing, so are the needs of their clients. Businesses in every industry are living in the same fast-paced and evolving world, and they are looking for more from their CPAs to help them thrive. CPAs are shifting in their roles from number-crunchers who deliver thick, detailed binders of financial reports, and AI is there to help. Concise, vibrant financial reports with thoughtful analysis that clients can understand are crucial. AI can be used to populate reports, giving CPAs more time to work on the analysis and tailoring the analysis to their clients’ needs.
AI has come a long way from the power-hungry HAL in the movie Space Odyssey. It is not something for CPA firms to fear but rather a tool to embrace. Put your trust in this technology and allow it to enhance your business’ financial reporting capabilities.
Forbes Technology Council is an invitation-only community for world-class CIOs, CTOs and technology executives. Do I qualify?
Justin Hatch is the Founder and CEO of Reach Reporting, the leading visual reporting software on the market. Read Justin Hatch's full executive profile here.
…Justin Hatch is the Founder and CEO of Reach Reporting, the leading visual reporting software on the market. Read Justin Hatch's full executive profile here.",Forbes
https://www.forbes.com/sites/qai/2021/03/05/top-etfs-to-buy-in-march/,2021-03-05,Top ETFs To Buy In March,"With the massive rotation that we’ve seen over the last few weeks, ETF investing has renewed importance. Most critically, ETFs offer advantages, such as trading flexibility, portfolio diversification, and risk management, that can really come in handy these days. Today's market conditions are not the most stable, and we are seeing new headwinds unrelated to the pandemic- bond yields and inflation. In the grand scheme of things, stocks have been on quite a run since they bottomed a year ago. However, we are seeing a rotation out of tech names that won the pandemic and into more value names that could benefit the most from the world reopening. Because of all the uncertainty, ETFs are a great option to diversify your portfolio and hedge against risks while still keeping some upside potential. Q.ai’s deep learning algorithms are here to help and have identified several Top Dividend ETFs, Top Tech ETFs, Top Growth ETFs, Top Value ETFs, and Top Consumer ETFs based on 90-day, 30-day, and 1-week fund flows.
Sign up for the free Forbes AI Investor newsletter here to join an exclusive AI investing community and get premium investing ideas before markets open.
Top Dividend ETFs
iShares Core High Dividend ETF (HDV)
The iShares Core High Dividend ETF
iShares Select Dividend ETF (DVY)
The iShares Select Dividend ETF
SPDR S&P Dividend ETF (SDY)
The last Top Dividend ETF on our list is the SPDR S&P Dividend ETF
Top Tech ETFs
VanEck Vectors Semiconductor ETF (SMH)
The first Top Tech ETF this month according to our AI systems is the VanEck Vectors Semiconductor ETF. This ETF aims to follow and track the overall performance of companies involved in semiconductor production and equipment. This ETF is unique compared to other semiconductor focused ETFs, because their holdings are not limited to exclusively US companies. However, with a global shortage in semiconductors, pay very close attention to this ETF. Based on AUM, the ETF is on the smaller side with $4,942,602,396.30 AUM. It has seen positive fund flows of $843,281,825.00 over the last 90-days, $421,362,919.50 over the last 30-days, and $154,554,407.50 over the last week. Its net expense ratio of 0.35% is also on the pricier side.
Technology Select Sector SPDR Fund (XLK)
The next Top Tech ETF is the Technology Select Sector SPDR Fund. This ETF seeks to track the performance of the technology and telecom sector of the S&P 500- sectors that have struggled as of late. It has $37,158,006,145.10 AUM, which is relatively middle-of-the-pack. It has seen mixed fund flows, with a fund flow of $-1,362,791,936.10 over the last 90-days, a fund flow of $-458,384,057.15 over the last 30-days, and a fund flow of $136,676,171.20 over the last week. Its net expense ratio of 0.13% is also considerably cheaper than other tech ETFs.
Invesco QQQ Trust (QQQ)
The Invesco QQQ Trust
Top Growth ETFs
iShares Russell Top 200 Growth ETF (IWY)
The iShares Russell 2000 Growth ETF is our first Top Growth ETF. This ETF tracks an index made up of the top large-cap growth stocks in the US such as Apple
Vanguard Growth ETF (VUG)
The next Top Growth ETF is the Vanguard Growth ETF
Vanguard Mega Cap Growth ETF (MGK)
The Vanguard Mega Cap Growth ETF
Top Value ETFs
iShares S&P Mid-Cap 400 Value ETF (IJJ)
The first Top Value ETF on our list is the iShares S&P Mid-Cap 400 Value ETF
iShares Russell 2000 Value ETF (IWN)
The next Top Value ETF is the iShares Russell 2000 Value ETF. The Russell 2000 has surged since November, and value stocks on the index could continue the run with aggressive stimulus appearing to be imminent. This ETF tracks a basket of undervalued small-cap stocks that trade on the Russell 2000 and could especially benefit. In terms of AUM, the ETF is on the smaller side with $15,409,469,595.80 AUM. The ETF has seen consistently positive fund flows, with a fund flow of $1,634,852,865.00 over the last 90-days, a fund flow of $861,591,690.00 over the last 30-days, and a 1-week fund flow of $540,418,385.00. Its net expense ratio of 0.24% is decent but pricier than comparable ETFs.
Vanguard Value ETF (VTV)
The last Top Value ETF on our list is the Vanguard Value ETF
Top Consumer ETFs
Vanguard Consumer Discretionary ETF (VCR)
The Vanguard Consumer Discretionary ETF
SPDR S&P Retail ETF (XRT)
The SPDR S&P Retail ETF
SPDR S&P Homebuilders ETF (XHB)
Our final Top Consumer ETF for this month is the SPDR S&P Homebuilders ETF
Liked what you read? Sign up for our free Forbes AI Investor Newsletter here to get AI driven investing ideas weekly. For a limited time, subscribers can join an exclusive slack group to get these ideas before markets open.
Source: ETF Global
Q.ai, a Forbes Company, formerly known as Quantalytics and Quantamize, uses advanced forms of quantitative techniques and artificial intelligence to generate investment
…Q.ai, a Forbes Company, formerly known as Quantalytics and Quantamize, uses advanced forms of quantitative techniques and artificial intelligence to generate investment recommendations across all asset classes. When it comes to money, no one should have to settle. We make investing less intimidating, more accessible and a lot of fun for everyone. That’s investing, reimagined.",Forbes
https://www.forbes.com/sites/qai/2021/03/05/top-stocks-to-buy-in-march/,2021-03-05,Top Stocks To Buy In March,"If the last few weeks have taught us anything, it taught us these two things: Stocks don't only go up, and diversification is vital. If you thought the rotation out of tech stocks in November was terrible, you had another thing coming these last few weeks. With rising bond yields, coupled with a dovish fed, inflation could be just around the corner. Food and gas prices already seem to have caught the inflation bug, and Fed Chair Powell's statements on Thursday did very little to ease fears. Tech investors have been running for the hills, with the Nasdaq giving up all of its 2021 gains and officially entering correction territory. Time will tell if this is a long-term thing. But either way, frothy tech names were in desperate need of a breather. To help you diversify your portfolio, our Artificial Intelligence (""AI"") algorithms at Q.ai have identified some standout stocks to consider for this month. Our AI systems have picked three Top Tech Stocks, three Top Consumer Stocks, three Top Quality Value Stocks, and three Top Growth Stocks.
Sign up for the free Forbes AI Investor newsletter here to join an exclusive AI investing community and get premium investing ideas before markets open.
Top Tech Stocks
Microsoft Corp (MSFT)
Microsoft is our first Top Tech Stock this month. Long a staple in the tech industry, the company is one the largest providers of computer software, consumer electronics, personal computers, and related services in the world. The tech giant has also continued to innovate, grow, and adapt to any changes in the marketplace. Microsoft is one of the many big companies that reported blowout earnings over the last month, and saw a 17% growth in revenue thanks to its surging cloud business. Our AI systems rated Microsoft C in Technicals, B in Growth, A in Low Volatility Momentum, and C in Quality Value. The stock closed down 2.7% to $227.56 on volume of 33,749,316 vs its 10-day price average of $234.68 and its 22-day price average of $238.8, and is up 4.77% for the year. Revenue grew by 7.18% in the last fiscal year and grew by 38.89% over the last three fiscal years, Operating Income grew by 13.59% in the last fiscal year and grew by 71.59% over the last three fiscal years, and EPS grew by 16.45% in the last fiscal year and grew by 214.9% over the last three fiscal years. Revenue was $143015.0M in the last fiscal year compared to $110360.0M three years ago, Operating Income was $52959.0M in the last fiscal year compared to $35058.0M three years ago, EPS was $5.76 in the last fiscal year compared to $2.13 three years ago, and ROE was 40.14% in the last year compared to 19.45% three years ago. Forward 12M Revenue is expected to grow by 5.53% over the next 12 months, and the stock is trading with a Forward 12M P/E of 30.18.
Nvidia Corp (NVDA)
Nvidia is our next Top Tech Stock this month. Nvidia has been one of the hottest and most beloved tech names over the last several years, and last year was no exception. 2021 could be an even bigger year for Nvidia due to its GPU drivers. Despite the stock falling after its latest blowout earnings report, its price target was recently raised to $700 by Susquehanna. Our AI systems rated Nvidia C in Technicals, A in Growth, B in Low Volatility Momentum, and C in Quality Value. The stock closed down 4.49% to $512.19 on volume of 9,381,966 vs its 10-day price average of $559.31 and its 22-day price average of $566.04, and is down 2.35% for the year. Revenue was $16675.0M in the last fiscal year compared to $11716.0M three years ago, Operating Income was $4721.0M in the last fiscal year compared to $3804.0M three years ago, EPS was $6.9 in the last fiscal year compared to $6.63 three years ago, and ROE was 29.78% in the last year compared to 49.26% three years ago. The stock is also trading with a Forward 12M P/E of 38.49.
Netflix (NFLX)
Netflix is our final Top Tech Stock. The streaming media giant was a major winner last year, and could have a strong year full of fresh content. However, despite claiming that it will provide weekly original movies in 2021, Netflix lost nearly 1 billion hours worth of content after many of its licensing contracts expired. The stock recently reported stronger than expected earnings and shocked investors with its subscriber growth. Our AI systems rated Netflix B in Technicals, A in Growth, B in Low Volatility Momentum, and C in Quality Value. The stock closed down 4.95% to $520.7 on volume of 5,337,234 vs its 10-day price average of $542.65 and its 22-day price average of $547.7, and is down 0.41% for the year. Revenue was $24996.06M in the last fiscal year compared to $15794.34M three years ago, Operating Income was $4585.29M in the last fiscal year compared to $1605.23M three years ago, EPS was $6.08 in the last fiscal year compared to $2.68 three years ago, and ROE was 29.62% in the last year compared to 27.46% three years ago. The stock is also trading with a Forward 12M P/E of 52.49.
Top Consumer Stocks
Nike Inc (NKE)
Apparel giant Nike is our first Top Consumer Stock this month. Nike remains the world's largest supplier of athletic shoes and apparel, and is the world’s most valuable brand among sports businesses. Our AI systems rated Nike D in Technicals, B in Growth, B in Low Volatility Momentum, and B in Quality Value. The stock closed down 2.01% to $134.26 on volume of 4,886,755 vs its 10-day price average of $137.31 and its 22-day price average of $139.47, and is down 3.97% for the year. Revenue grew by 2.28% over the last three fiscal years and grew by 5.1% over the last three fiscal years, while Operating Income grew by 24.33% in the last fiscal year, and EPS grew by 10.85% in the last fiscal year and grew by 51.59% over the last three fiscal years. Revenue was $37403.0M in the last fiscal year compared to $36397.0M three years ago, Operating Income was $3115.0M in the last fiscal year compared to $4445.0M three years ago, EPS was $1.6 in the last fiscal year compared to $1.17 three years ago, and ROE was 29.7% in the last year compared to 17.4% three years ago. Forward 12M Revenue is expected to grow by 6.6% over the next 12 months, and the stock is trading with a Forward 12M P/E of 38.74.
General Motors Co (GM)
General Motors Co is our next Top Consumer Stock for the month. General Motors is one of the largest automakers in the world, and is best known for its four core automobile brands- Chevrolet, Buick, GMC, and Cadillac. It’s been in the news a lot lately for going all-in the electric vehicle boom. Our AI systems rated General Motors B in Technicals, B in Growth, C in Low Volatility Momentum, and C in Quality Value. The stock closed down 2.66% to $52.67 on volume of 19,632,790 vs its 10-day price average of $52.2 and its 22-day price average of $53.19, and is up 30.02% for the year. Revenue was $122485.0M in the last fiscal year compared to $147049.0M three years ago, Operating Income was $8559.0M in the last fiscal year compared to $6293.0M three years ago, EPS was $4.33 in the last fiscal year compared to $5.53 three years ago, and ROE was 13.22% in the last year compared to 20.45% three years ago. The stock is also trading with a Forward 12M P/E of 10.11.
Dollar Tree Inc (DLTR)
Dollar Tree is our final Top Consumer Stock for the month. Dollar Tree is a discount variety retailer that sells items for $1 or less. The company also operates 15,115 stores throughout the 48 contiguous U.S. states and Canada. Our AI systems rated Dollar Tree D in Technicals, C in Growth, A in Low Volatility Momentum, and B in Quality Value. The stock closed up 2.96% to $101.88 on volume of 5,138,003 vs its 10-day price average of $102.18 and its 22-day price average of $104.73, and is down 4.73% for the year. Revenue was $25509.3M in the last fiscal year compared to $22823.3M three years ago, Operating Income was $2167.0M in the last fiscal year compared to $1843.0M three years ago, EPS was $5.65 in the last fiscal year compared to $(6.69) three years ago, and ROE was 19.82% in the last year compared to (24.81%) three years ago. The stock is also trading with a Forward 12M P/E of 16.58.
Top Quality Value Stocks
Constellation Brands (STZ)
Constellation Brands is our first Top Quality Value Stock this month. Constellation Brands is a producer and marketer of beer, wine, and spirits, and is the largest beer import company in the US. It also has the third-largest market share of all major beer suppliers. Our AI systems rated Constellation Brands B in Technicals, F in Growth, C in Low Volatility Momentum, and A in Quality Value. The stock closed down 0.96% to $216.06 on volume of 704,369 vs its 10-day price average of $220.22 and its 22-day price average of $224.55, and is up 0.01% for the year. Revenue grew by 2.65% in the last fiscal year and grew by 12.99% over the last three fiscal years, Operating Income grew by 8.99% in the last fiscal year and grew by 18.91% over the last three fiscal years, and EPS grew by -16934.08% in the last fiscal year. Revenue was $8343.5M in the last fiscal year compared to $7580.3M three years ago, Operating Income was $2716.6M in the last fiscal year compared to $2490.0M three years ago, EPS was $(0.06) in the last fiscal year compared to $11.47 three years ago, and ROE was 0.17% in the last year compared to 31.13% three years ago. The stock is also trading with a Forward 12M P/E of 21.88.
Adobe Inc (ADBE)
Adobe Inc. is our next Top Quality Value Stock. Long an industry leader in creative multimedia and software products, Adobe has now diversified into cloud computing and digital marketing as well. Adobe appears to be at the forefront of tech, business, and innovation, and could have a bright future ahead. Our AI systems rated Adobe C in Technicals, B in Growth, B in Low Volatility Momentum, and A in Quality Value. The stock closed down 3.89% to $448.45 on volume of 2,782,967 vs its 10-day price average of $468.27 and its 22-day price average of $480.54, and is down 7.6% for the year. Revenue was $12868.0M in the last fiscal year compared to $9030.01M three years ago, Operating Income was $4237.0M in the last fiscal year compared to $2840.37M three years ago, EPS was $10.83 in the last fiscal year compared to $5.2 three years ago, and ROE was 44.21% in the last year compared to 29.08% three years ago. The stock is also trading with a Forward 12M P/E of 39.84.
Abbvie Inc (ABBV)
Abbvie Inc is our final Top Quality Value Stock for this month. Abbvie is a spin-off of Abbott Laboratories, is a biopharmaceutical research company. Our AI systems rated the company D in Technicals, C in Growth, B in Low Volatility Momentum, and A in Quality Value. The stock closed down 1.06% to $106.71 on volume of 7,216,328 vs its 10-day price average of $107.11 and its 22-day price average of $106.19, and is up 2.41% for the year. Revenue was $45804.0M in the last fiscal year compared to $32753.0M three years ago, Operating Income was $15699.0M in the last fiscal year compared to $11923.0M three years ago, EPS was $2.72 in the last fiscal year compared to $3.66 three years ago, and ROE was 187.7% in the last year. The stock is also trading with a Forward 12M P/E of 8.6.
Top Growth Stocks
Tesla Inc (TSLA)
Elon Musk’s electric vehicle juggernaut Tesla is our first Top Growth Stock. Despite its recent downturn, Tesla remains the most valuable automobile maker in the world in terms of market cap. Its recently been in the news for its significant investment in bitcoin, and appears to be more than just a car company. Our AI systems rated Tesla C in Technicals, A in Growth, F in Low Volatility Momentum, and C in Quality Value. The stock closed down 4.84% to $653.2 on volume of 29,748,385 vs its 10-day price average of $713.98 and its 22-day price average of $779.51, and is down 10.49% for the year. Revenue was $31536.0M in the last fiscal year compared to $21461.0M three years ago, Operating Income was $1951.0M in the last fiscal year compared to $(253.0)M three years ago, EPS was $0.64 in the last fiscal year compared to $(1.14) three years ago, and ROE was 5.42% in the last year compared to (17.8%) three years ago. The stock is also trading with a Forward 12M P/E of 157.66.
Micron Technology Inc (MU)
Our second Top Growth Stock this month is Micron Technology. Micron produces computer memory and computer data storage including dynamic random-access memory, flash memory, and USB flash drives. Our AI systems rated the company D in Technicals, A in Growth, C in Low Volatility Momentum, and D in Quality Value. The stock closed down 2.17% to $89.11 on volume of 26,317,870 vs its 10-day price average of $90.11 and its 22-day price average of $86.48, and is up 20.34% for the year. Revenue grew by 2.93% in the last fiscal year, Operating Income grew by 11.37% in the last fiscal year, and EPS grew by 11.74% in the last fiscal year. Revenue was $21435.0M in the last fiscal year compared to $30391.0M three years ago, Operating Income was $3060.0M in the last fiscal year compared to $14926.0M three years ago, EPS was $2.37 in the last fiscal year compared to $11.51 three years ago, and ROE was 7.14% in the last year compared to 53.62% three years ago. Forward 12M Revenue is expected to grow by 8.99% over the next 12 months, and the stock is trading with a Forward 12M P/E of 14.84.
Penumbra Inc (PEN)
Penumbra Inc is our final Top Growth Stock for the month. The company is a medical device company that manufactures devices for interventional therapies to treat vascular conditions such as stroke and aneurysms. Our AI systems rated Penumbra A in Technicals, A in Growth, D in Low Volatility Momentum, and D in Quality Value. The stock closed down 4.89% to $269.29 on volume of 363,231 vs its 10-day price average of $282.04 and its 22-day price average of $272.71, and is up 53.35% for the year. Revenue was $560.41M in the last fiscal year compared to $444.94M three years ago, Operating Income was $(18.04)M in the last fiscal year compared to $29.98M three years ago, EPS was $(0.44) in the last fiscal year compared to $0.18 three years ago, and ROE was (3.43%) in the last year compared to 0.71% three years ago.
Liked what you read? Sign up for our free Forbes AI Investor Newsletter here to get AI driven investing ideas weekly. For a limited time, subscribers can join an exclusive slack group to get these ideas before markets open.
Source: S&P Global Market Intelligence
Q.ai, a Forbes Company, formerly known as Quantalytics and Quantamize, uses advanced forms of quantitative techniques and artificial intelligence to generate investment
…Q.ai, a Forbes Company, formerly known as Quantalytics and Quantamize, uses advanced forms of quantitative techniques and artificial intelligence to generate investment recommendations across all asset classes. When it comes to money, no one should have to settle. We make investing less intimidating, more accessible and a lot of fun for everyone. That’s investing, reimagined.",Forbes
https://www.forbes.com/sites/qai/2021/03/05/top-stocks-to-buy-today-as-the-reopening-rotation-continues/,2021-03-05,Top Stocks To Buy Today As The Reopening Rotation Continues,"Tech didn’t plummet today. However, once again, it lagged the broader market. This time, it was because the Labor Department reported job numbers that shattered expectations. Non-farm payrolls jumped by 379,000 for the month and the unemployment rate fell to 6.2%. Bond yields once again popped, and the rotation out of tech into recovery plays continued for another day. Energy, financials, and retail led the market, while high-flying growth names like Peloton and Tesla
Sign up for the free Forbes AI Investor newsletter here to join an exclusive AI investing community and get premium investing ideas before markets open.
Aflac Inc (AFL)
Our first Top Buy of the day is insurance company Aflac. Aflac, Inc.
Conagra Brands Inc (CAG)
Conagra Brands Inc
Hill-Rom Holdings Inc (HRC)
Hill-Rom Holdings Inc is our next Top Buy. Hill-Rom Holdings has been an innovator and global leader in medical technology for over 100 years. Our AI systems rated the company B in Technicals, B in Growth, B in Low Volatility Momentum, and A in Quality Value. The stock closed down 2.52% to $100.55 on volume of 348,920 vs its 10-day price average of $106.1 and its 22-day price average of $104.73, and is up 2.62% for the year. Revenue grew by 1.95% in the last fiscal year and grew by 3.13% over the last three fiscal years, Operating Income grew by 5.33% in the last fiscal year and grew by 9.5% over the last three fiscal years, and EPS grew by 8.75% in the last fiscal year. Revenue was $2881.0M in the last fiscal year compared to $2848.0M three years ago, Operating Income was $396.1M in the last fiscal year compared to $381.0M three years ago, EPS was $3.32 in the last fiscal year compared to $3.73 three years ago, and ROE was 13.52% in the last year compared to 16.93% three years ago. Forward 12M Revenue is expected to grow by 0.11% over the next 12 months, and the stock is trading with a Forward 12M P/E of 17.4.
Icu Medical Inc (ICUI)
Icu Medical Inc is our next Top Buy today. Icu Medical is a company that develops, manufactures, and sells medical technologies used in vascular therapy, oncology, and critical care applications worldwide. Our AI systems rated the company C in Technicals, C in Growth, A in Low Volatility Momentum, and B in Quality Value. The stock closed down 2.31% to $198.22 on volume of 126,136 vs its 10-day price average of $210.44 and its 22-day price average of $212.2, and is down 6.53% for the year. Revenue was $1271.0M in the last fiscal year compared to $1400.04M three years ago, Operating Income was $134.6M in the last fiscal year compared to $197.16M three years ago, EPS was $4.02 in the last fiscal year compared to $1.33 three years ago, and ROE was 6.03% in the last year compared to 2.34% three years ago. The stock is also trading with a Forward 12M P/E of 39.49.
Sjw Group (SJW)
Our final Top Buy today is Sjw Group
Liked what you read? Sign up for our free Forbes AI Investor Newsletter here to get AI driven investing ideas weekly. For a limited time, subscribers can join an exclusive slack group to get these ideas before markets open.
Source: S&P Global Market Intelligence
Q.ai, a Forbes Company, formerly known as Quantalytics and Quantamize, uses advanced forms of quantitative techniques and artificial intelligence to generate investment
…Q.ai, a Forbes Company, formerly known as Quantalytics and Quantamize, uses advanced forms of quantitative techniques and artificial intelligence to generate investment recommendations across all asset classes. When it comes to money, no one should have to settle. We make investing less intimidating, more accessible and a lot of fun for everyone. That’s investing, reimagined.",Forbes
https://www.theguardian.com/commentisfree/2021/mar/06/fear-itself-is-the-real-threat-to-democracy-not-tall-tales-of-chinese-ai,2021-03-06,"Fear itself is the real threat to democracy, not tall tales of Chinese AI | John Naughton","This week the American National Security Commission on artificial intelligence released its final report. Cursory inspection of its 756 pages suggests that it’s just another standard product of the military-industrial complex that so worried President Eisenhower at the end of his term of office. On closer examination, however, it turns out to be a set of case notes on a tragic case of what we psychologists call “hegemonic anxiety” – the fear of losing global dominance.
The report is the work of 15 bigwigs, led by Dr Eric Schmidt, the former CEO of Alphabet (and before that the adult supervisor imposed by venture capitalists on the young co-founders of Google). Of the 15 members of the commission only four are female. Eight are from the tech industry (including Andy Jassy, Jeff Bezos’s anointed heir at Amazon); two are former senior Pentagon officials; and the tech sector of the national intelligence community is represented by at least three commissioners. Given these establishment credentials, the only surprising thing is that the inquiry seems to have been set up during Trump’s presidency, which suggests that it was organised by the “deep state” during the hours of one to four AM, when Trump was generally asleep.
What have these luminaries concluded? Basically that there’s a “new era of competition” ahead, which “promises to change the world we live in and how we live within it”. The US “can either shape the change to come or be swept along by it”. There are “adversaries” out there (name begins with “C”) who “are determined to turn AI capabilities against us”, and one of them (see above) is “determined to surpass us in AI leadership”. Advances in AI confer significant first-mover advantages, so “now we must act – the United States should invest what it takes to maintain its innovation leadership, to responsibly use AI to defend free people and free societies, and to advance the frontiers of science for the benefit of all humanity. AI is going to reorganise the world. America must lead the charge.” Cue trumpet voluntary.
Pathological anxiety about China runs through the entire document like the words in a stick of Blackpool rock. “On a level playing field,” it burbles, “the United States is capable of out-innovating any competitor.” But apparently there is “a fundamental difference in the US and China’s approaches to AI innovation that puts American AI leadership in peril”. The playing field, it seems, is not level because US tech companies “are not instruments of state power”. Since “China is organised, resourced, and determined to win the technology competition”, the US approach has to change. What’s needed, apparently, is “a hybrid approach meshing government and private-sector efforts to win the technology competition”.
Pause, for a moment, to extract the signal from this message. First, the gobbledegook about “AI” is in fact almost entirely about machine learning, a flaky technology that has an insatiable demand for detailed data about humans and their activities. The Chinese are ahead because their tech companies have to turn all their data over to the authorities; Americans are hobbled because, while their state can always get the data from the tech companies that hoover it up, sometimes it has to jump through legal hoops to get it. The “hybrid approach” that is deemed necessary involves “meshing” the US government with the country’s tech companies.
Now what might that imply? You only have to ask the question to know the answer. If American tech giants are finally recognised as strategic partners of the US government in the coming existential hegemonic struggle with China, then Washington’s enthusiasm for curbing said monopolies will rapidly decrease. Indeed, this may already be happening, if an inspection of the number of tech-company insiders who have been recruited by Biden is anything to go by. And the argument made to the US Congress by, among others, Mark Zuckerberg – that shackling US tech giants will guarantee Chinese hegemony – will once again find a ready audience in Washington.
Reading the commission’s report brings with it a strange sense of deja vu. It reminds me of the moment in October 1957 when the Eisenhower administration discovered that the Soviet Union had successfully launched a satellite into orbit, thereby triggering a chronic outbreak of hegemonic anxiety in the US. That shock prompted the kind of massive reorientation and resource commitment that Eric Schmidt and his fellow commissioners are now calling for – and ultimately led to the creation of the Arpanet, the precursor of the internet we all use today.
What’s worrying about that historical parallel is that the American response to the Sputnik challenge did not undermine its democracy – and in fact in the long run may have led to the eventual implosion of the Soviet regime. But if Schmidt and co have their way now, the US might be left as the hollowed-out shell of a republic facing a dominant and data-fuelled totalitarian China. The technological has been political for the past two decades; from now on it’ll be geopolitical. And either way democracy will be the loser.
What I’ve been reading
Future fantastic
Touching the future: Stories of systems, serendipity and grace. Lovely essay in the Griffith Review by Genevieve Bell.
Get well soon
Five Pandemic Mistakes We Keep Repeating. Great piece in the Atlantic by Zeynep Tufekci, consistently the most informative writer on the crisis.
Don’t even think it
Neuroprivacy as a Basic Human Right. Really intriguing piece about tech attempts to read our minds.",The Guardian
https://www.forbes.com/sites/lanceeliot/2021/03/06/those-self-driving-cars-in-san-francisco-and-the-victorian-house-that-recently-rolled-down-hilly-streets/,2021-03-06,Those Self-Driving Cars In San Francisco And The Victorian House That Rolled Down The Middle Of The Street,"Sometimes, you can be quite surprised by what you might see on the sunny streets of San Francisco.
For example, this proverbial City by the Bay is a Silicon Valley favorite right now, allowing an abundance of self-driving cars to crisscross the steep hills and teeming streets, doing so in a visionary flurry of experimental tryouts for emergent driverless cars (for my coverage see this link here).
If that isn’t enough of an unusual scenery for you, there is something else that San Francisco also is known for, namely houses that from time-to-time are rolling throughout the avenues and keep afar from the fabled cable cars. Though some have jokingly said that these slinking along homes have a mind of their home, the reality is that there is a long history of putting treasured houses up on giant dollies and moving them to other parts of town.
To be clear, there are humans at the wheel of those moving homes (not driven by ghosts and nor any venerated AI-based driving systems).
In this latest case, a picturesque Victorian home that is popularly known as the Englander House was moved to make way for a proposed apartment complex. One supposes the easiest path would have been to simply demolish the now outdated and somewhat dilapidated house, crushing it to the bone and carting away the remains. Instead, the more than five-thousand square-foot structure was carefully and gently rolled to a new spot, which though admittedly only six blocks away, nonetheless constituted a heck of a distance to cart an entire two-story home.
By lifting the home onto rollable wheels, the affair became one of trying to navigate the winding and hilly streets of famed San Francisco, known as being one of the hilliest cities in the world. Fortunately, no need, in this case, to try and shove the house across the Golden Gate Bridge. The local streets that would witness the inching along house were prepared beforehand to make way. This included cutting back overstretched tree limbs, removing parking meters, temporarily taking down road signs that were potential obstructions, and the like.
You might be wondering whether the posted speed limit signs were also removed, and in which case, could the house opt to sprint its way to the new location. Sorry to disappoint, the speed limit still applied, though it wasn’t a consideration since the rolling process had a top speed of about 1 mile per hour anyway. No sense in laying out rubber on the roadway from doing any kind of tire screeching starts or donuts, and just make sure that the house safely reached its ultimate destination.
Here’s a question for you.
Suppose you were driving your car in San Francisco on that particular day, and also assume that you did not know beforehand that a house was being moved. In that scenario, you would have been quietly driving along, minding your own business, and upon turning a corner on some ordinary street there would suddenly be looming ahead of you a house.
Mind you, not a house that was on the sides of the street and sitting still, nailed to the perch, but instead a home smack dab in the middle of the street. Perhaps you would end-up going head-to-head with this menacing figure. In a street duel involving going face to face with a house versus a car, consider the likely winner of this driving battle. The house weighs a lot more and has quite a hefty size advantage, while your car is nimble and can make circles around the snail-paced home.
I’d bet that most drivers would have let the house win.
The odds are that you would have been caught off-guard at seeing a house coming down the street toward you. Since this was happening in slow motion, you would have plenty of time to take in the sight and mentally calculate what was taking place. Other than a mild surprise and perhaps giving you a bit of a chuckle, it seems likely that you would have taken the matter in stride.
That being said, it is not every day that you manage to observe a house in the middle of the roadway and that is moving along too. Someone visiting San Francisco as a tourist might immediately assume it was a touristy act being undertaken by the authorities that run Frisco, possibly attempting to gain renewed attention to the Golden Gate City. I suspect that it would be easy to shrug off the experience and maybe make a posting on social media in a nonchalant manner, doing a trendy insta-bragging or a so-called humble-brag about what you just saw.
The odds are that you would have made a U-turn and made your way beyond the reach of the iceberg-slow moving house. Of course, the reality is that you probably would not have gotten especially close to the being-moved home anyway. There were plenty of barricades and road closures, along with bright and flashing warning signs and police enforcing the right-of-way for this Victorian-style masterpiece.
All told, a human driver would have presumably remained calm and at most been curious about how a house managed to get onto the street. Despite never having seen such a roadway condition before (how many of us have ever experienced a rolling home coming down the street?), a person witnessing such a spectacle can readily make a mental sense of what they are seeing.
It is a house. It is on the street. It is slowly moving. It poses no immediate danger. I can drive away without difficulty. That’s the extent of the driving mental contortions, and the remaining cognitive action can entail the why and how of the story behind a house confronting you while on a normal driving journey.
Shifting gears, the future of cars consists of self-driving cars. The AI-based true self-driving cars are driven entirely by an AI driving system. There isn’t a human at the wheel, and in fact, the expectation is that most self-driving cars will not provide any provision of human-accessible driving controls. The AI will be the sole driver and no human will directly be involved.
This gives rise to today’s intriguing question: What would a self-driving car do when suddenly facing a house that was moving down the middle of the street?
Let’s unpack the matter and see.
Understanding The Levels Of Self-Driving Cars
As a clarification, true self-driving cars are ones that the AI drives the car entirely on its own and there isn’t any human assistance during the driving task.
These driverless vehicles are considered Level 4 and Level 5 (see my explanation at this link here), while a car that requires a human driver to co-share the driving effort is usually considered at Level 2 or Level 3. The cars that co-share the driving task are described as being semi-autonomous, and typically contain a variety of automated add-on’s that are referred to as ADAS (Advanced Driver-Assistance Systems).
There is not yet a true self-driving car at Level 5, which we don’t yet even know if this will be possible to achieve, and nor how long it will take to get there.
Meanwhile, the Level 4 efforts are gradually trying to get some traction by undergoing very narrow and selective public roadway trials, though there is controversy over whether this testing should be allowed per se (we are all life-or-death guinea pigs in an experiment taking place on our highways and byways, some contend, see my coverage at this link here).
Since semi-autonomous cars require a human driver, the adoption of those types of cars won’t be markedly different than driving conventional vehicles, so there’s not much new per se to cover about them on this topic (though, as you’ll see in a moment, the points next made are generally applicable).
For semi-autonomous cars, it is important that the public needs to be forewarned about a disturbing aspect that’s been arising lately, namely that despite those human drivers that keep posting videos of themselves falling asleep at the wheel of a Level 2 or Level 3 car, we all need to avoid being misled into believing that the driver can take away their attention from the driving task while driving a semi-autonomous car.
You are the responsible party for the driving actions of the vehicle, regardless of how much automation might be tossed into a Level 2 or Level 3.
Self-Driving Cars And Those Rolling Houses
For Level 4 and Level 5 true self-driving vehicles, there won’t be a human driver involved in the driving task.
All occupants will be passengers.
The AI is doing the driving.
One aspect to immediately discuss entails the fact that today’s AI is not sentient. In other words, the AI is altogether a collective of computer-based programming and algorithms, and most assuredly not able to reason in the same manner that humans can. For example, current AI lacks any semblance of common sense and nor has any kind of common-sense reasoning (for further background, see the link here).
This is important to keep in mind when considering the matter of a house coming down the middle of a street on a driving trek.
Humans comprehend that the object ahead of them is a house. Houses are usually not in the middle of the street. Houses rarely move, other than perhaps shifting here and there due to earth movement or seismic activity. Overall, a human would readily grasp that this is an unusual situation and would realize that this Victorian house is in the wrong place and doing something it should not be doing, namely cruising along on a presumably active street meant for cars, bikes, motorcycles, vans, and the like.
The house is altogether out of place. A human would reason that there must be some logical explanation for this oddball circumstance. How could a house get into the street? It is not as though a house is like a pet dog that got off its leash and sneaked out to play in the middle of the roadway. A house is not a dog. Houses do not customarily of their own volition opt to stray.
A quick visual scan of the driving scene would undoubtedly showcase the special roadway and moving crews that were shlepping along with the house. The street would be barren of all of the usual trappings that you’d expect to see on a typical everyday roadway. Thus, even if you somehow did not notice the blizzard of warning signs and somehow avoided getting stopped by those esteemed guardians securing the route, you nonetheless would reason about what you are seeing and be able to turn the extraordinary setting into something sensible and understandable.
What would an AI driving system do?
As mentioned, today’s AI is not sentient. It cannot “reason” in the manner that humans can. Let’s trace the technological aspects of what might occur.
The odds are that the sensors would detect that things were amiss. Self-driving cars are loaded with various sensors such as video cameras, radar, LIDAR, ultrasonic devices, and the like. You can certainly assume that all of those sensors are pretty much going to detect a house that is sitting in the middle of the street.
Realize though that the various sensors each have their own range of detection. This means that some of the sensors would sooner detect the object than others. Within the AI driving system, there is a function or component that undertakes Multi-Sensor Data Fusion (MSDF). This capability is programmed to compare and contrast the results of the sensor data collections and try to resolve any differences and also amplify any similarities. The visual imaging interpretations would be indicating that a large object is blocking the roadway. The radar and LIDAR would likewise be reporting that a large object is straight ahead. Etc.
The AI driving system maintains a virtual world model, essentially an internal frame of reference about what the outside world of the surrounding driving scene seems to consist of (for my analogy to the block’s world of Minecraft, see the link here). Based on the sensor data and the algorithmic interpretation of the sensor indications, the AI driving system likely would make a mark in the virtual world model that something rather monstrous in size is blocking the roadway ahead.
Notice that I have carefully worded that description to refer to the thing as an object and not refer to it as a house.
We don’t know that the AI driving system would necessarily classify the massive object as a house per se. For some AI driving systems, a house is considered an object that sits outside of the roadway. It could be the case that the AI driving system would be trying to compare the house to objects that are usually found within the path of the street, such as other cars, trucks, moving vans, pedestrians, and the like.
The AI doesn’t “know” that a house is a house, at least not in the manner that you and I understand the meaning of the word. Any programming related to the object that is being called a “house” would likely have simple attributes associated with it. There is no semblance of realization that a house can have a family that grew-up within the home and lived a wonderful life there, enjoying the company of others and the raising of children, and so on.
Consider for a moment all of the memories and thoughts you might embody about the nature of houses and homes. Essentially, none of that robust wealth of knowledge and understanding is within the reach of today’s AI systems.
Okay, we hopefully all agree that the AI driving system is unaware of what a house per se is (and, please avoid anthropomorphizing AI). At this juncture of the step-by-step exploration, the AI driving system has detected a large-sized object, taking up the majority of the ahead driving scene. This is beyond the size of a tumbleweed. It is beyond the size of a piece of furniture that might have dropped off the back of a truck.
All told, the odds are that the AI driving system would feed this indication about a colossal blockage up ahead into the portion of the driving system that plans what to do next. The routing algorithm would potentially have various digital maps and would refer to the maps. If the street ahead is unavailable for traversal, the AI driving system would be seeking to identify an alternative path.
We can assume that the self-driving car would seemingly aim to make a U-turn, and head some other way, utilizing other streets to avoid getting blocked by the object on this particular street.
In that case, consider this matter from the perspective of a car. A human driver would likely have made a U-turn and found some other path to proceed. An AI driving system would also have likely made a U-turn and opted to take a different route to proceed on its driving journey. If you were standing on the street and watching a car that came up to the situation, you would see the car make a U-turn and try to navigate away from the house coming down the roadway.
Could you immediately discern whether the car was being driven by a human versus being driven by an AI driving system?
Not really.
Sure, if you could see into the car, you would obviously have seen a human sitting in the driver’s seat in the case of the human-driven car, and you would presumably have observed that there wasn’t anyone sitting in the driver’s seat of the self-driving car. In that manner, you could readily tell the difference.
But suppose you couldn’t see into the car or the car was far enough away that you couldn’t discern the nature of what might or might be inside the car. From the external behavior of the car, you would not seemingly be able to discern whether it was being human-driven or being driven by an AI driving system.
Is that good or bad?
Well, you have now reached a vociferous question that many are scratching their heads about.
On the one hand, yes, the AI driving system seemed to do the same thing that a human driver would have done. That seems reassuring.
Per my aforementioned depiction about the AI driving system, you undoubtedly realize that the AI didn’t know anything at all about a house or a home, at least in comparison to a human. In this specific setting, it would seem that not “knowing” about houses or homes did not make a notable or discernible difference. The resulting driving actions were the same.
Not all driving actions are of the same ilk.
There are driving actions that entail human thinking that AI driving systems are not yet able to attain, and for which it is unclear if such AI will ever be possible. As such, the AI driving systems are going to be quite rudimentary and lacking in the depth of comprehension that humans have and that humans seemingly leverage when driving a car.
Some worry that as a society we are going to piecemeal allow ourselves into having self-driving cars on our roadways that seem or appear to be driving as though a human was at the wheel, and yet the AI driving system is not even in the same ballpark as human cognition.
The other side of that coin is that humans have all kinds of human foibles that come to play when they are driving. There are about 40,000 car crash-related fatalities each year in the United States alone and approximately 2.5 million related injuries (see my listing of crucial driving stats at this link here). Much of those statistics are due to drunk driving and distracted driving. The AI driving systems won’t be driving while drunk and will not be watching cat videos when driving the vehicle.
Are we willing to trade off the advantages of AI driving systems over the foibles of human drivers, though also realizing that the AI is not sentient?
We will need to accept the notion that the AI will be of a merely mechanical and programmatic capability, and overcome a false sense that the AI is of caliber with human thinking and intrinsic human capabilities.
Conclusion
You might have been surprised to discover that the mere presence of a slowly rolling house in the middle of a street could spur this kind of illustrious discussion.
Turns out fortuitously that the quirkiness and mystery of a house existing where it is not expected serves as a marvelous foil upon which to reveal the oft unspoken aspects about AI and the capabilities of today’s AI driving systems. The day-to-day acts of self-driving cars starting to roam our streets can inadvertently lull us into assuming that AI driving systems are the same as human drivers, embodying the same cognitive capacities, and meanwhile excising the adverse role of human emotions and human faults that occur while driving a car.
There is no free lunch.
The AI driving systems are limited in what they can do. A tough tradeoff is going to occur as society has to decide between the advantages of self-driving cars versus the advantages of human drivers. If driving a car is relatively routinized, and some sufficient range of driving scenarios are programmed to be handled, this might be enough to weigh the scales toward those AI driving systems and avert the downsides of human-driven cars.
Time will tell.
Meanwhile, I am determined to put some sturdy wheels onto my house and take it for a spin, including refining my homegrown AI driving system to be able to drive a house rather than a car. One thing seems pretty sure, my AI driving house can stomp on any of those pesky AI self-driving cars, in a heartbeat.
Dr. Lance B. Eliot is a world-renowned expert on Artificial Intelligence (AI) with over 3.8+ million amassed views of his AI columns. As a seasoned executive and
…Dr. Lance B. Eliot is a world-renowned expert on Artificial Intelligence (AI) with over 3.8+ million amassed views of his AI columns. As a seasoned executive and high-tech entrepreneur, he combines practical industry experience with deep academic research and serves as a Stanford Fellow at Stanford University. Formerly a professor at USC and UCLA, and head of a pioneering AI Lab, he frequently speaks at major AI industry events. Author of over 50 books, 500 articles, and 250 podcasts, he has made appearances on media outlets such as CNN and co-hosted the popular radio show Technotrends. He's been an adviser to Congress and other legislative bodies and has received numerous awards/honors. He serves on several boards, has worked as a Venture Capitalist, an angel investor, and a mentor to founder entrepreneurs and startups.",Forbes
https://www.forbes.com/sites/jonathanponciano/2021/03/07/google-billionaire-eric-schmidt-warns-of-national-emergency-if-china-overtakes-us-in-ai-tech/,2021-03-07,Google Billionaire Eric Schmidt Warns Of 'National Emergency' If China Overtakes U.S. In AI Tech,"Topline
Former Google CEO Eric Schmidt on Sunday urged lawmakers to ramp up funding for research and development in the artificial intelligence space in order to prevent China from becoming the biggest player in the global AI market–a development Schmidt warned would spark national security and privacy concerns that could ultimately constitute a national emergency.
Key Facts
Speaking to CNN's Fareed Zakaria on Sunday, 65-year-old Schmidt said the United States may lose its lead in AI ""fairly quickly"" over the next decade given the Chinese government's progress on a 2017 plan to lead the global market for AI by 2030.
A former Google CEO and current chair of the National Security Commission on Artificial Intelligence, Schmidt notes the U.S. is also falling behind China in additive, or 3D, manufacturing and robotics, as well as facial recognition technology and supercomputers–both of which pose risks on the national security front.
""The government is not today prepared for this new technology,"" Schmidt said Sunday, noting that the use of AI to produce and spread harmful information poses a ""threat to democracy"" and could ultimately be used as a weapon of war.
In order for the U.S. to be competitive, Schmidt suggests increasing the nation's budget for research and development in AI from $1.5 billion this year to $2 billion in 2022, and then doubling it each year until it hits $32 billion in 2026.
Schmidt also said lawmakers need to incentivize public-private partnerships to develop AI applications across government agencies, including the Department of Energy, which can use the technology to monitor infrastructure, detect issues and recommend solutions–such as warning of increased energy loads ahead of adverse weather or defending against cyber attacks.
Ramping up AI expenditures would promote private investments in the space and could save taxpayers money in the long run by modernizing the government's infrastructure, Schmidt notes, estimating that the industry could be worth $50 trillion over the next 20 years.
Crucial Quote
""We believe this is a national emergency and a threat to our nation unless we get our act together with respect to focusing on AI in the federal government and international security,"" Schmidt told Zakaria on Sunday. ""If these technologies are built in China, for example, they are not necessarily going to follow our privacy rules or our ethics… We have to be careful to win this battle.""
What To Watch For
With the next round of fiscal relief making its way to President Joe Biden's desk as soon as this week, a separate recovery package is expected to plow another $2 trillion into the economy this year. Though details of the plan have remained fairly scarce so far, the president has said it will modernize the nation's infrastructure with a focus on clean energy. He's also teased $300 billion investments in emerging technologies like artificial intelligence, 5G and broadband.
Tangent
Other members of the NSCAI include Oracle CEO Safra Catz and new Amazon CEO Andy Jassy.
Big Number
$19.3 billion. That's how much Schmidt is worth, according to Forbes.
Further Reading
AI Commission: Immigrants Key To America's Tech Competitiveness (Forbes)
I'm a reporter at Forbes focusing on markets and finance. I graduated from the University of North Carolina at Chapel Hill, where I double-majored in business journalism
…I'm a reporter at Forbes focusing on markets and finance. I graduated from the University of North Carolina at Chapel Hill, where I double-majored in business journalism and economics while working for UNC's Kenan-Flagler Business School as a marketing and communications assistant. Before Forbes, I spent a summer reporting on the L.A. private sector for Los Angeles Business Journal and wrote about publicly traded North Carolina companies for NC Business News Wire. Reach out at jponciano@forbes.com.",Forbes
https://www.forbes.com/sites/sap/2021/03/08/as-ai-tech-speeds-up-so-should-designed-in-gender-diversity/,2021-03-08,"SAP BrandVoice: As AI Tech Speeds Up, So Should Designed-In Gender Diversity","It is a sad paradox that, in the birthplace of celebrated computing pioneer Ada Lovelace, only 16 percent of engineering or computer degrees are conferred on women today. In the workplace, statistics show that, while 47 percent of the overall UK workforce is female, in the UK tech sector that falls to only 17 percent and to just 13 percent when it comes to programmers and software developers.
Diversity in AI matters more than ever
After a gestation period spanning six decades, Artificial Intelligence (AI) is now a bona fide General-Purpose Technology (GPT) with wide-ranging, disruptive impacts. AI’s rate of diffusion will be much faster than with previous GPTs due to the global connectivity of the Internet and rapid advances in mutually supporting technologies such as sensors, cloud computing and 5G.
The “winner takes all” nature of the AI arms race playing out between the United States and China is accelerating progress and creating a strong imperative for the UK to ensure it doesn’t fall behind. Prior to the pandemic, PWC research estimated that AI could add an additional 10 percent to UK GDP growth by 2030. Given how the pandemic has accelerated digital transformation in numerous industries, the impact may be even more significant and requirement to accelerate the UK’s adoption of AI more urgent. Indeed, the title of The UK House of Lords Liaison Committee’s 7th Report of Session 2019–21, AI in the UK: No Room for Complacency, reflects this.
In competitive markets the temptation is to move fast to gain revenues, market share, and access to capital. This is especially true in AI. However, the risks of doing this have been highlighted by some well-publicised AI failures over the last decade. Many of these failures stem from gender and racial bias inherent in the data used to train AI models. But, the “bro culture” that is pervasive in AI, deficiencies in use case design, and poor consideration of outcomes have also had a role to play.
Given that the deployment of AI is fast becoming essential to business success and, that research shows the positive impact of women on problem solving, innovation and profits, it makes sense for any organization to ensure that its AI programs are supported by gender-diverse teams.
Steps to boost gender diversity in AI projects
Despite the shortage of women in the AI field, there are many steps you can take, but it requires a multi-faceted approach:
- Hire and retain a diverse and inclusive workforce with a focus on gender and racial balance
- Actively support the women in your workplace with internal structures. One example is SAP’s Businesswomen’s Network with 85 Chapters and 14,000 members
- Sponsor your staff, women and men, to attend conferences such as Stanford University’s Women in Data Science to broaden their horizons
- Leverage resources from the likes of Alan Turing Institute’s Women in Data Science program
- Encourage your staff to participate in organisations like Women in AI
- Encourage your experts — of all genders — to give back through mentoring and volunteering
- Support initiatives that encourage girls to pursue STEM education at a young age
- Have a robust AI governance framework in place. For example, SAP has an internal AI Ethics Steerco, and was the first European company to establish an external Ethics Advisory Panel for AI
- Make sure you have balanced teams working on AI projects, extending beyond technologists and process owners to include expertise in social and legal aspects
Design thinking for scalable AI
Solving the gender (and racial) imbalances in AI will take time, but there is another measure you can take in the short term to have a positive impact on AI projects. That is to employ Design Thinking principles. Design Thinking instils a tripartite focus on business value, technical feasibility, and human desirability while insisting on a diverse design team. It is a great way of ensuring that inclusivity, ethics, and bias are considered from the start. Moreover, Design Thinking provides a robust process for ensuring that the right problem has been identified and for iterating through solution design efficiently. This means that AI solutions are not just technically sound but that they can be embedded and scaled in the enterprise – thus living up to their potential for breakthrough value.
Digital economy demands diversity
The potential for AI to solve many of the world’s intractable problems is undeniable and is driving large investments in the discipline. Given rising levels of activism around responsible investing and social justice, AI cannot just be about automating for efficiency or revenue growth. We must think carefully about the impact on people and society and be careful about creating new problems. This is best achieved by ensuring that AI is developed by people that represent the whole of society and any given enterprise.",Forbes
https://www.forbes.com/sites/forbestechcouncil/2021/03/08/synthetic-data-could-be-the-key-to-unlocking-ai---what-is-it/,2021-03-08,Council Post: Synthetic Data Could Be The Key To Unlocking AI — What Is It?,"Corey Jaskolski is the founder and CEO of Synthetaic, the leading synthetic data company for impossible AI.
It’s a common misconception that most businesses are drowning in data and that AI is spoiled for choice when it comes to training data. The truth is that despite the big data boom, most businesses still lack the quantity of high-quality data they need, and it's holding back the development of the highest-value AI applications.
Current AI research is yielding phenomenal results, but the AI beating the world’s best players at Go or outperforming human lip readers are the exception, not the rule. AI keeps getting better by training on increasingly massive models, some of which have a billion tunable parameters. This requires massive datasets, which few businesses can bear the cost of collecting, especially when the data needs to be annotated or categorized by human subject-matter experts. Moreover, not all data is created equal. Some data is exorbitantly expensive to collect. Other data — like medical data — is flat-out inaccessible due to industry privacy regulation.
In an age of big data, what are ""data poor"" businesses and industries to do?
Enter synthetic data.
Synthetic data — data generated by a computer to help train AI models — is starting to solve AI’s data-scarcity issues. Businesses looking for their next competitive advantage, or those who have struggled to realize the promise of AI due to insufficient data, need to understand what synthetic data is, how it is generated and how it can create near-term business value.
Types Of Synthetic Data And How They Are Created
For virtually any kind of data, it's possible to generate a synthetic equivalent that can be used to train highly accurate AI models. Generally speaking, there are three types of synthetic data:
Text Data
When you ask Alexa to turn on the lights or Siri to make an appointment, the audio is turned into text. An AI’s ability to intelligently respond depends on the quality and quantity of text data it trains on.
Synthetic data can serve as a shortcut to collecting millions of customer dialogues. It’s also a field of synthetic data that is advancing rapidly, as followers of OpenAI’s project, GPT-3, know. In 2020, a synthetic text generator authored an op-ed in the Guardian, proving just how mainstream synthetic text data is becoming.
Time-Series Data
Time-series data — or time-stamped data — are sequences of data points indexed in chronological order. Most players in synthetic data focus on producing time-series data for finance use cases. You might use these synthetic datasets to build more accurate AI models for credit card fraud detection or refining algorithms that quants leverage in high-frequency trading.
Image Data
Synthetic image data, such as satellite imagery or CT scans, is the most difficult data to generate but has the potential to be the most valuable. There are huge opportunities for synthetic image data in healthcare, security, conservation and a host of other industries.
Different approaches to creating synthetic image data offer different advantages depending on the business use case. 3D modeling is a good approach when the data is rules-based. Autonomous vehicle camera inputs are similar, for example, to those used in ""building"" driving video games like Grand Theft Auto.
Data that is more complex and less rules-based (think medical microscopy imagery or multispectral satellite imagery) is likely a better candidate for generative AI, a technique that typically relies on a class of machine learning frameworks called Generative Adversarial Networks (GANs).
Using generative techniques, it’s possible to ""grow"" chest X-ray images for Covid-19 detection, synthesize aerial imagery for conservation projects or create data for unsolved security and intelligence needs. In each case, good synthetic data is indistinguishable from the real thing and can be used to train AI models that outperform the current state-of-the-art models.
How Businesses Can Leverage Synthetic Data
Without the requisite quality data, we haven’t been able to build accurate, predictive AI models where they are most needed. That is about to change. With synthetic data, relevant business data that has otherwise taken months or years to gather, or is just flat-out inaccessible, can be ""grown"" in days or, in some cases, mere hours.
In evaluating synthetic-data vendors, you should start by asking whether they can provide the right kind of data for your application. Remember that acquiring a trove of high-quality data is just the first step. The real value lies in being able to use this data to train highly accurate AI models. If that’s not a capability you already have in-house, then you should ask whether vendors have this capability or if they can refer you to a partner.
Like any other solution that fits within an AI stack, businesses also need to think of how synthetic data can best be integrated into a larger AI strategy. Nearly half of the AI projects companies invest in never move beyond the proof-of-concept phase. Synthetic data techniques can unlock and dramatically accelerate AI, but that’s meaningless if you can’t get beyond the proof of concept and into production. While it may make sense to first apply synthetic data to one high-need use case within your business, you should have a holistic AI plan in place before investing in any data acquisition strategy.
The Future of AI
Because of synthetic data, data access won't be the constraint it has been in the past. Across industries, more organizations can now build and leverage AI models for both cost-cutting measures and business upside.
AI will continue to disrupt more and more industries, and synthetic data will dramatically expand applications for AI.
You no longer need a data moat to stay ahead of the competition. You need a synthetic data strategy.
Forbes Technology Council is an invitation-only community for world-class CIOs, CTOs and technology executives. Do I qualify?
Corey Jaskolski is the founder and CEO of Synthetaic, the leading synthetic data company for impossible AI. Read Corey Jaskolski's full executive profile here.
…Corey Jaskolski is the founder and CEO of Synthetaic, the leading synthetic data company for impossible AI. Read Corey Jaskolski's full executive profile here.",Forbes
https://www.forbes.com/sites/qai/2021/03/08/costco-and-johnson--johnson-among-trending-stocks-this-week/,2021-03-08,Costco And Johnson & Johnson Among Trending Stocks This Week,"Ever since the second half of February, we’ve seen a significant rotation in the market. It’s not so much that bond yields have risen — they’re still at historically low levels. It’s the speed at which they’ve increased that’s alarmed investors. Tech stocks especially have been slammed, with the Nasdaq
Sign up for the free Forbes AI Investor newsletter here to join an exclusive AI investing community and get premium investing ideas before markets open.
Top Buy
Costco Wholesale Corp (COST)
Membership-only warehouse retailer Costco is our first Top Buy this week. Costco as of 2015, was the second largest retailer in the world after Walmart
Johnson & Johnson (JNJ)
Johnson & Johnson
Attractive
Morgan Stanley (MS)
Morgan Stanley
Netflix (NFLX)
Netflix
Neutral
Mastercard Inc (MA)
Mastercard is our first Neutral stock this week. Mastercard has evolved into more than just a credit card company, and has become a FinTech innovator with global technological solutions. Mastercard’s latest earnings report impressed, and signaled a potential economic recovery to come. With Bitcoin and blockchain technology continuing to evolve, grow, and innovate, Mastercard has made waves with its foray into facilitating cryptocurrency transactions. Our AI systems rated Mastercard D in Technicals, C in Growth, C in Low Volatility Momentum, and B in Quality Value. The stock closed up 3.26% to $360.88 on volume of 4,641,775 vs its 10-day price average of $356.32 and its 22-day price average of $346.1, and is up 2.67% for the year. Revenue was $15301.0M in the last fiscal year compared to $14950.0M three years ago, Operating Income was $8162.0M in the last fiscal year compared to $8418.0M three years ago, EPS was $6.37 in the last fiscal year compared to $5.6 three years ago, and ROE was 102.51% in the last year compared to 105.98% three years ago. The stock is also trading with a Forward 12M P/E of 44.99.
Intl Business Machines Corp (IBM)
Intl Business Machines Corp, more commonly known as IBM
Gap Inc (GPS)
Gap Inc is our next Neutral trending stock this week. Gap is a retailer of casual apparel, accessories, and personal care products for men, women, and children. Outside of its Gap brand, the company is also well known for Old Navy, Banana Republic, and other brands. Like most retailers, the company has been a strong reopening play thus far in 2021. Our AI systems rated the company B in Technicals, C in Growth, F in Low Volatility Momentum, and C in Quality Value. The stock closed up 7.6% to $27.31 on volume of 18,838,687 vs its 10-day price average of $25.52 and its 22-day price average of $24.0, and is up 42.09% for the year. Revenue was $13800.0M in the last fiscal year compared to $16580.0M three years ago, Operating Income was $(862.0).0M in the last fiscal year compared to $1374.0M three years ago, EPS was $(1.78) in the last fiscal year compared to $2.59 three years ago, and ROE was (22.43%) three years ago compared to 29.95% three years ago. The stock is also trading with a Forward 12M P/E of 21.08.
Exxon Mobil Corp (XOM)
Exxon Mobil Corp
Unattractive
Boeing Co (BA)
Boeing is our first Unattractive stock. Boeing is a worldwide leading aircraft manufacturer. However, with continuous controversies over the safety of its planes, along with fresh COVID strains continuing to batter the travel industry, it does not appear that Boeing will return to normal levels of production and revenue until the pandemic is eradicated. Our AI systems rated Boeing C in Technicals, B in Growth, F in Low Volatility Momentum, and F in Quality Value. The stock closed down 0.66% to $223.22 on volume of 19,981,110 vs its 10-day price average of $220.68 and its 22-day price average of $216.0, and is up 10.11% for the year. Revenue was $58158.0M in the last fiscal year compared to $101127.0M three years ago, Operating Income was $(8659.0)M in the last fiscal year compared to $11843.0M three years ago, EPS was $(20.88) in the last fiscal year compared to $17.85 three years ago, and ROE was 985.4% three years ago.
Liked what you read? Sign up for our free Forbes AI Investor Newsletter here to get AI driven investing ideas weekly. For a limited time, subscribers can join an exclusive slack group to get these ideas before markets open.
Source: S&P Global Market Intelligence
Q.ai, a Forbes Company, formerly known as Quantalytics and Quantamize, uses advanced forms of quantitative techniques and artificial intelligence to generate investment
…Q.ai, a Forbes Company, formerly known as Quantalytics and Quantamize, uses advanced forms of quantitative techniques and artificial intelligence to generate investment recommendations across all asset classes. When it comes to money, no one should have to settle. We make investing less intimidating, more accessible and a lot of fun for everyone. That’s investing, reimagined.",Forbes
https://www.forbes.com/sites/qai/2021/03/08/top-stocks-to-buy-today-amid-stimulus-optimism/,2021-03-08,Top Stocks To Buy Today Amid Stimulus Optimism,"Stocks saw mild gains due to optimism after the $1.9 trillion stimulus bill passed the Senate over the weekend and from hedge fund manager David Tepper's bullish comments on stocks and bond yields. While reopening plays continued to outperform tech stocks, Tepper's comments on bond yields and stock valuations eased many anxious investors after futures traded heavily in the red overnight. The Dow Jones rose 130 points, the S&P 500 rose 0.1%, and the Nasdaq
Sign up for the free Forbes AI Investor newsletter here to join an exclusive AI investing community and get premium investing ideas before markets open.
Best Buy Co Inc (BBY)
Consumer electronics retailing giant Best Buy
Lennar Corp (LEN)
Lennar
Grand Canyon Education Inc (LOPE)
Grand Canyon Education Inc is our next Top Buy. Grand Canyon Education is a shared services partner dedicated to serving colleges and universities across the country. Our AI systems rated the company C in Technicals, C in Growth, A in Low Volatility Momentum, and A in Quality Value. The stock closed up 0.49% to $101.35 on volume of 399,506 vs its 10-day price average of $105.2 and its 22-day price average of $102.5, and is up 12.98% for the year. Revenue was $844.1M in the last fiscal year compared to $845.5M three years ago, Operating Income was $277.44M in the last fiscal year compared to $276.52M three years ago, EPS was $5.45 in the last fiscal year compared to $4.73 three years ago, and ROE was 17.05% in the last year compared to 20.82% three years ago. The stock is also trading with a Forward 12M P/E of 16.39.
Supernus Pharmaceuticals Inc (SUPN)
Supernus Pharmaceuticals is our fourth Top Buy of the day. Supernus Pharmaceuticals is a speciality pharma company focused on developing and commercializing treatments for central nervous system conditions. Our AI systems rated the company B in Technicals, B in Growth, C in Low Volatility Momentum, and B in Quality Value. The stock closed up 4.14% to $25.15 on volume of 998,221 vs its 10-day price average of $27.15 and its 22-day price average of $28.75, and is up 0.04% for the year. Revenue was $520.4M in the last fiscal year compared to $408.9M three years ago, Operating Income was $175.6M in the last fiscal year compared to $158.44M three years ago, EPS was $2.36 in the last fiscal year compared to $2.05 three years ago, ROE was 18.94% in the last year compared to 30.81% three years ago. The stock is also trading with a Forward 12M P/E of 24.65.
Xpo Logistics Inc (XPO)
Our final Top Buy today is Xpo Logistics Inc. Xpo Logistics is a transportation and contract logistics company that manages supply chains for 50,000 customers worldwide, including 69 Fortune 100 companies. It operates in 30 countries, with approximately 100,000 employees. Our AI systems rated the company C in Technicals, A in Growth, C in Low Volatility Momentum, and B in Quality Value. The stock closed up 1.63% to $116.92 on volume of 1,192,682 vs its 10-day price average of $117.4 and its 22-day price average of $118.6, and is up 0.34% for the year. Revenue was $16252.0M in the last fiscal year compared to $17279.0M three years ago, Operating Income was $530.0M in the last fiscal year compared to $825.0M three years ago, EPS was $0.78 in the last fiscal year compared to $2.88 three years ago, and ROE was 4.07% in the last year compared to 11.13% three years ago. The stock is also trading with a Forward 12M P/E of 21.48.
Liked what you read? Sign up for our free Forbes AI Investor Newsletter here to get AI driven investing ideas weekly. For a limited time, subscribers can join an exclusive slack group to get these ideas before markets open.
Source: S&P Global Market Intelligence
Q.ai, a Forbes Company, formerly known as Quantalytics and Quantamize, uses advanced forms of quantitative techniques and artificial intelligence to generate investment
…Q.ai, a Forbes Company, formerly known as Quantalytics and Quantamize, uses advanced forms of quantitative techniques and artificial intelligence to generate investment recommendations across all asset classes. When it comes to money, no one should have to settle. We make investing less intimidating, more accessible and a lot of fun for everyone. That’s investing, reimagined.",Forbes
https://www.businessinsider.com/international-womens-day-spain-science-stem-girls-coronavirus-pandemic-discovery-2021-3,2021-03-08,How 11 women in science are working to combat the spread of COVID-19,"This post has been translated from Spanish.
- Female scientists are changing the game when it comes to the COVID-19 pandemic response.
- From reducing mortality by 50% to studying virus replication, they may be able to end the pandemic.
- For International Women's Day, here are 11 women at the forefront of COVID-19 response.
- Visit the Business section of Insider for more stories.
A number of women are at the forefront of the response to the COVID-19 pandemic, both at a Spanish and global level — from the first female president of the Spanish National Research Council to a researcher whose work in AI could reduce COVID-19 mortality by 50%.
In 2017, women occupied just 24% of STEM jobs.
While that percentage is slowly changing, there remain prominent gender gaps in STEM fields and women face more challenges than men in these sectors.
A study of 194 countries released last year suggested women-led countries handled the pandemic better than those led by men — and they've also played key roles in revolutionizing the pandemic response.
In celebration of International Women's Day, here are 11 Spanish women who could hold the key to tackling COVID-19.
Sánchez-Felipe is researching a single-dose vaccine for long-term protection
Spanish researcher Lorena Sánchez-Felipe is working at the Rega Institute in Leuven, Belgium, to develop a vaccine that could change the course of the pandemic.
Her research group is creating a vaccine based on the yellow fever vaccine which carries a coronavirus antigen to train the immune system to recognize it. Sánchez-Felipe's vaccine would protect people against both yellow fever and COVID-19.
She believes her vaccine could be especially vital in countries where yellow fever is still a problem and will also protect against COVID-19 in the long-term.
""We expect long-term immunity, given previous results we've seen with this type of vaccine,"" Sánchez-Felipe told Business Insider España.
Sola is working on developing a COVID-19 vaccine in Spain
Senior scientist and co-director of the coronavirus laboratory at the National Center for Biotechnology at the Spanish National Research Council, Isabel Sola, has spent years researching the coronavirus family of infections.
Sola is now working to develop a vaccine based on a smallpox virus and is created using a virus that has been genetically modified to retain its reproduction properties. It thus goes from cell to cell with a controlled dose acting as a vector.
""From our experience with similar coronaviruses, this vaccine is 100% effective,"" Sola told Business Insider España.
Del Val is a virologist and coordinates the Global Health platform
Spanish National Research Council virologist Margarita del Val has been one of the most visible faces of the pandemic response in Spain.
The expert coordinates the 150 teams brought together by the council on a large multidisciplinary research platform called ""Global Health.""
Among the tasks carried out by the platform are the improvement of COVID-19 diagnostic systems, and they have pioneered a system for testing wastewater to identify whether the virus is spreading in a community.
Del Val has also been carrying out educational work during the pandemic and has warned of the need to be cautious about future possible waves and other pandemics.
Fernández-Sesma researches immune responses to COVID-19
Ana Fernández-Sesma directs a laboratory at the Icahn School of Medicine at Mount Sinai Hospital in New York which studies how certain types of viruses modulate our immune system, with a special focus on dengue.
The research she conducts on dengue places her among the five best-funded researchers by the National Institute of Health (NIH) in the United States.
Fernández-Sesma told Business Insider España she aims to understand ""what the virus does to evade barriers in a host and how the host protects itself."" Uncovering this could change the pandemic response, as our immune response to the virus has still not been fully understood.
She has also joined a group of researchers evaluating the immune system's response to the virus in an effort to understand how it differs among patients.
Oliver is an AI expert working on predicting the evolution of the pandemic
Nuria Oliver has established herself as one of the world's leading artificial intelligence experts. In her capacity as authority-appointed high commissioner for AI in Valencia.
Oliver works with a research group that tries to communicate the real data of the pandemic to those in charge of making decisions.
The group tries to predict the behavior of the virus using different potential scenarios, answering key questions like how many people will be infected and modeling human mobility.
During the 2009 influenza pandemic in Mexico, Oliver analyzed aggregate data from cell phone networks to investigate the effectiveness of government measures.
She also spearheaded a macro-survey to assess the impact of the measures adopted during lockdown that has warned of the increased socialization in risky environments.
Marco leads a project that focuses on preparing for subsequent waves
Spanish National Research Council professor Pilar Marco is the head of Nanobiotechnology for Diagnostics (Nb4D). The tool could revolutionize the pandemic response.
Marco leads a team researching devices that can simultaneously and rapidly detect several biomarkers of COVID-19 infection.
These quick detection diagnostic systems could prepare the world better for any future outbreaks of COVID-19.
Rodríguez is improving diagnoses and treatments through AI at IBM
Astrophysics and cosmology specialist María Rodriguez uses her knowledge of quantitative technical tools to help doctors provide better diagnoses and suggest individual treatments.
The computational biologist works with IBM applying artificial intelligence to the healthcare sector, focusing on integrating high-throughput molecular datasets to build comprehensive models of disease.
This sector could transform the treatment of cancer and immune and degenerative diseases, Rodriguez told Business Insider España.
García Vidal is working on an AI solution that could cut mortality in COVID-19 patients by 50%
Head of the Covid Digital Control Center at the Hospital Clínic in Barcelona, Dr. Carolina García Vidal, is leading one of the 207 projects named by the European Institute of Innovation as providing a better response to the healthcare crisis.
García Vidal's initiative uses artificial intelligence to monitor the evolution of patient systems, anticipating the worsening of the disease.
Her technique could reduce patient mortality rates by 50% according to findings published in Clinical Infectious Diseases.
Silleras became a developer to fight the pandemic
Rocío Silleras was one of 40 students selected for the final part of Samsung's DesarrollAdoras course, focused on artificial intelligence and big data.
After the program, Silleras joined the multidisciplinary team led by Dr. Joaquín López Herraiz, from the Universidad Computense de Madrid.
The team was tackling the development of a tool to identify infectious diseases.
Their project, which won the UNESCO hackathon #CodeTheCurve, studies X-rays with artificial intelligence to detect COVID-19.
Bertrán de Lis is a data scientist at Johns Hopkins University's Centers for Civic Impact
Data scientist Sara Bertrán de Lis works at the John Hopkins University Civic Impact Center and previously worked as a trainee at the European Space Agency.
Bertrán de Lis works on collecting data as part of a map that acts as an international reference for analyzing the impact of the coronavirus pandemic.
Rosa Menéndez is the first female president of the Spanish National Research Council
In 2017, Rosa Menéndez became the first female president in the 80-year history of the Spanish National Research Council.
An organic chemistry graduate from the University of Oviedo, Menéndez is confident that the council will produce the first Spanish vaccine to fight COVID-19, with reports suggesting it could be ready by the end of 2022.
Get the latest coronavirus business & economic impact analysis from Business Insider Intelligence on how COVID-19 is affecting industries.",Business Insider
https://www.forbes.com/sites/forbesagencycouncil/2021/03/09/using-neural-networks-to-transform-audience-building/,2021-03-09,Council Post: Using Neural Networks To Transform Audience Building,"Jeremy Fain is the CEO and Co-Founder of Cognitiv, the first neural network technology available for marketers.
Most marketers have a general idea about which audiences and characteristics they think they should be targeting to sell their products. Yet very often, they focus on the most obvious similarities — gender, age, etc. — without bothering to consider the more complicated factors that might affect a person’s decision to choose a particular product or brand. By taking this top-level approach, marketers end up ignoring the characteristics of a large portion of their potential customers, which in turn causes brands to miss out on revenue they might have been gained by advertising to others who resemble that forgotten group.
According to Google, marketers who solely rely on demographic information to reach customers end up missing over 70% of mobile shoppers. Deep learning can solve this problem because it can combine demographic information with data on customer behaviors to automatically identify an almost infinite number of audience clusters based on a brand’s first-party data and then optimally target those individuals without additional work from the marketer.
Deep learning is a type of machine learning that uses large artificial neural networks to carry out certain applications, such as computer vision or voice recognition. At my company, we use deep learning to automatically build custom algorithms that can self-optimize based on a marketer’s key performance indicator of choice.
Many advertisers might already be familiar with the lookalike tools offered by Facebook and other online advertisers. While these tools might seem like the holy grail for marketing, any lookalike audiences identified by Facebook can only be used to advertise on Facebook. A custom neural network, on the other hand, is not bound by the constraints of a walled garden.
So how can brands apply neural networks to build better audiences and improve the overall effectiveness of their advertising? The best way is to use the neural network to parse through all of the customer information you have on hand to learn more about the behaviors that current loyal customers exhibit versus those of casual browsers or people who are already loyal to a competitor. From there, similar to other lookalike tools, you can choose to target audiences that share the same characteristics of those customers, knowing that these audiences have a higher likelihood of converting and potentially becoming brand loyal.
Neural networks are ideal for this type of audience building because they can go through unlimited amounts of behavioral data and find discrete patterns that differentiate one audience cluster from another, regardless of how many people fit that particular pattern. Therefore, you can go beyond simplistic lookalike modeling, which focuses only on identifying the characteristics and behaviors of the largest audience blocks, and instead target a much wider spectrum of individuals. More importantly, neural networks allow you to accurately measure and drive incrementality by ensuring that advertising spending is not wasted on existing customers or those least likely to convert.
Deep learning can also be used to segment audiences based on how likely or unlikely they are to convert so that ad buyers — or the algorithms conducting the ad buying — know how much budget and attention to allocate to each cluster. Moreover, neural networks can dynamically score a given population and use that information to build audiences and adjust media-buying strategies in real time. For instance, brands might decide to show promotional offers to individuals with a lower likelihood of conversion or spend more money on ads to high-value potential customers. All of this can be optimized in real time to take into account individual behavior, thus increasing the relevancy to the customer and the chances of success.
The first thing that a company looking to implement deep learning in any form must do is understand — and have access to — its data on a discrete level. To build a functional, accurate neural network, marketers need to have as much raw data as possible because this is the information that the algorithm will be trained on and use to make its predictions. Even if they are not in a position to implement deep learning immediately, having historical data available will make the training process much faster and allow the network to demonstrate its value quicker.
From there, organizations can either decide to bring on a data science team or work with a partner to build and execute these networks. For companies that go the first route, it is important to focus on hiring data scientists who have deep learning expertise because the techniques that underpin deep learning are distinct from the principles present in other forms of data science. More specifically, companies should look for people who have experience with feature engineering (transforming raw data into a form that can be used in machine learning) because they will be better equipped to create accurate, high-performing neural networks.
When it comes to audience building, there are multiple advantages to using neural networks. Not only are they capable of identifying those individuals in the general population who match the characteristics of a brand’s existing customers, but they are also able to act on this information and target individuals in the manner most likely to elicit a positive response. Ultimately, deep learning gives brands the opportunity to transform the way they think about their customers while driving increased sales and growth at a scale that no other marketing technology or human may be able to achieve.
Forbes Agency Council is an invitation-only community for executives in successful public relations, media strategy, creative and advertising agencies. Do I qualify?
Jeremy Fain is the CEO and Co-Founder of Cognitiv, the first neural network technology available for marketers. Read Jeremy Fain's full executive profile here.
…Jeremy Fain is the CEO and Co-Founder of Cognitiv, the first neural network technology available for marketers. Read Jeremy Fain's full executive profile here.",Forbes
https://www.forbes.com/sites/forbestechcouncil/2021/03/09/reimagining-digital-governance-with-artificial-intelligence-and-iot/,2021-03-09,Council Post: Reimagining Digital Governance With Artificial Intelligence And IoT,"Senior Vice President at Henson Group.
While digital transformation has remained a focus for industries all over the world for a long time now, the Covid-19 pandemic has brought it into the limelight again.
In fact, reimagining a tech-enabled future using technologies like artificial intelligence (AI) and Internet of Things ( IoT) devices will be beneficial and equally challenging for all businesses.
Because people are now depending upon tech companies for most aspects of their everyday life — from checking their fitness levels and procuring education to managing huge monetary funds and data — business leaders must realize that just one leakcould cause their companies to lose millions of dollars and see a huge dent in their integrity and reputation.
An increasing number of people are working remotely, and cloud collaboration has almost become the norm, so companies will have to get even more vigilant when it comes to securing crucial data spread across thousands of devices unrestricted by geographic locations.
As of late, IoT and AI have been used together in a new piece of jargon. Termed Artificial Intelligence of Things (AIoT), it promises a transformative impact on processes and people alike.
To put it simply, streaming data across connected devices (IoT) and using it for predictive analytics (AI) is interesting. In all honesty, IoT was always built around AI. The very purpose of streaming data through a network makes sense only if it is used for analysis. That’s exactly why the use of AI products in the IoT ecosystem is growing at a CAGR of 26%.
Take a simple example of a fitness band that captures your pulse. It can send your health data in real time to a physician, who further uses inputs to make predictions and raise alerts. Or, when working from home, the data captured from multiple systems at your home desk is somewhere assuring others that you aren’t misusing the opportunity.
On a grander scale wherein IoT is spreading across industries, AI is undeniably useful in an ocean of unstructured data. The industry that was mostly considered limited to use case analysis is expected to reach a value of $124 billion by the end of 2021.
AI-Enabled IIoT: Digitizing The Most Complicated Processes
In the past year, there has been an increase in Industrial Internet of Things (IIoT) enabled systems driving predictive monitoring and maintenance of the assembly line. Such a setup makes comprehensive use of IoT and AI alike.
Here are a few ideas that can make this whole process secure and more organized. For instance, using remote access control systems, the machinery OEM can be connected with cloud apps that store and send data for real-time analytics. This allows anytime access to data insights on mobile devices.
Since IIoT systems work closely with ERP systems, they can stream machine performance data and map it against KPI standards in an interactive dashboard. Any mismatch, therefore, hints at repair work needed. Subsequently, automatic alerts can be sent to the service teams, whether in-house or outsourced to vendors. Needless to say, these insights are accessible on mobile.
For inventory management, IIoT systems can further enhance the transparency of the procurement workflows. With sensors, the fill-levels of containers can trigger real-time alerts. The fill level and time of the alert can be customized. Accordingly, inventory data can be closely analyzed in tandem with the location of raw materials in transit, thus improving the overall logistics ecosystem.
WFH, Cybersecurity And Public Clouds On The Rise
It would be unfair to discuss the pandemic's impact and not mention the millions of people working from home. By mid-May 2020, half of the workforce in 58% of global corporations was pushed indoors. Such an immediate shift to remote offices wherein an average of 11 devices per user were connected to the web, it is safe to believe that IoT adoption will only grow.
But homes are different. They do not assure uninterrupted bandwidths of the commercial spaces, nor do they provide complete protection against cyberattacks.
Ever since the lockdown, there’s been a 260% rise in cyberattacks all over the world. These include hacking and phishing attacks at the personal and mass levels. Citing concerns about the future of corporations in times when permanent WFH could be a reality for many, cybersecurity in the cloud has become an important layer in the digital transformation stack.
Amid all the chaos, cloud services emerged as the ultimate savior for global enterprises. The opportunity to drive business processes remotely from data centers has flocked millions of small- and medium-scale companies to host their data in the cloud. In fact, 2021 will see the public cloud market reach $4.1 billion in worth, which is the greatest ever growth for the business.
Subsequently, services such as Azure IoT Hub, which connect your devices in an IoT network to the cloud, will gain mass acceptance. This will enable business partners to develop fully customized and hybrid IoT apps in the cloud.
Getting Started With AIoT
Going forward, all IoT ecosystems should be incorporating AI in some form through predictive analytics, communication bots and more. Finding readily available workers skilled in AI and IoT domains is difficult. This applies especially to IoT. Its required stack of engineers (hardware, software and firmware), design interoperability experts (PCBs, software UIs), prototyping intelligence professionals, procurement experts and manufacturing and assembly line consultants makes it a convoluted space. Therefore, it is safe to outsource product development or engage in a partnership with a vendor skilled in these disciplines if necessary.
When choosing workers, look for those who possess the ability to perform critical cross-platform developments and manage multiple release cycles. At the same time, it is imperative to ensure security compliance across the line. I suggest hiring a cybersecurity expert to ensure protocol implementation across networks (device-cloud and cloud-cloud), data encryption, UI-to-wireless connectivity and more. Remember, this is important because AIoT systems are always at risk of an attack.
Forbes Technology Council is an invitation-only community for world-class CIOs, CTOs and technology executives. Do I qualify?
Senior Vice President at Henson Group. Read Abheek Dutta's full executive profile here.
…Senior Vice President at Henson Group. Read Abheek Dutta's full executive profile here.",Forbes
https://www.forbes.com/sites/googlecloud/2021/03/09/how-capital-markets-can-prepare-for-the-future-with-ai/,2021-03-09,Google Cloud BrandVoice: How Capital Markets Can Prepare For The Future With AI,"AI and ML strategies require foresight and planning—they shouldn’t be an afterthought for your organization. Here are four best practices to help capital markets adopt and benefit from modern AI/ML technologies.
In capital markets, the stakes have been raised for participants to establish value, win loyalty, and expand their share of wallet. An organization’s data analytics capabilities, combined with artificial intelligence and machine learning, can open new opportunities in these areas. But many organizations are still using data strategies from the past, which limits their ability to harness data to its full potential and make the right business decisions. Without the ability to accurately predict business outcomes with the help of AI, market makers are left to rely on hunches and educated decision-making when predicting the unknown.
Firms are increasingly recognizing the benefits of technology, and partnering with modern tech providers is key to realizing those benefits. But challenges still exist for firms looking to deploy ML at scale. Below, we’ll look at some of those challenges, along with tools and best practices that can help capital markets firms adopt and benefit from AI and ML strategies.
Related: Dr. James Tromans, a Technical Director within the Office of the CTO at Google Cloud, explains three ways AI will help shape the future of capital markets.
Challenges in the data-to-ML journey
At a high level, the challenges faced in capital markets when performing AI are similar to other industries. The first set of challenges comes with the data itself. Unstructured data accounts for 90% of enterprise data, and many enterprises face the limitations of on-premises and legacy applications that don’t work well with newer cloud-based tools. Also, a high number of data silos spread across capital markets are common due to growth through acquisitions—a time-consuming distraction that limits efficiency and decision-making. Data science is not hamstrung by the velocity of messages, nor the volume, but by the huge variety of disparate data sources.
“Financial institutions...still struggle to extract meaningful information and use it for good business decisions. By some estimates, businesses use only 0.5% of available data. To turn data into insights, firms must overcome data stuck in silos, incompatible formats, and more.” - PWC
Other challenges include the views and varying levels of resistance regarding the value of data by various stakeholders within the enterprise; the restrictions of regulatory environments; and the limited cloud skills of an enterprise’s IT teams. ML operations can also be challenging as firms enter this emerging technology area.
Related: Get faster, smarter insights from market data in the cloud. Download our whitepaper
Adopting and and benefiting from AI and ML strategies: Tools and best practices
1. Before you perfect AI, get good at analytics
Effective AI and ML depend upon a strong and flexible data analytics platform, which first may need some rearchitecting of its infrastructure. Without a strong core data infrastructure, it’s hard to perform data science in production. With enterprises that have adopted traditional data analytics platforms that live on local servers, challenges abound—and the blue dollar costs (those charged back within the company) go far beyond software licensing. These enterprises have to expend costs and resources on monitoring, performance tuning, upgrading, resource provisioning, and scalability. Business-critical data sources may not be easily accessible by data scientists, blocking business-critical decision-making. All of these obstacles leave less time and room for gleaning analysis and insights from the data.
“If your company isn’t good at analytics, it’s not ready for AI.” - Harvard Business Review
With a serverless, cloud-based data analytics model, the vast majority of infrastructure maintenance and patching is handled by the cloud provider. This enables your data team to devote more time and resources to analysis and insights. Highly performant and integrated cloud technologies can help enterprises overcome data silos, establish a single code base, and contribute to a more collaborative workplace culture. They can also be designed to provide more real-time insights—an invaluable building block of ML and AI. In short, effective core data infrastructure is a competitive advantage over other organizations that remain stuck in silos and servers.
2. Get started by prioritizing a business goal
In the past several years alone, a number of common use cases for AI have arisen in the capital markets sector. Here are some specific examples, and how AI can help:
- Dynamically learn how best to place orders across venues with algorithmic execution
- Recognize potential triggers for unscheduled events with predictive data analytics to forecast events
- Generate multi-dimensional risk and exposure data analytics with real-time risk analysis
- Use ML to help gain insight into selection process via algorithms for asset selection
- Determine client needs/opportunities using social media sentiment analysis
- Build systems that can respond to client inquiries via speech-to-text natural language processing
- Extract key data from unstructured or semistructured documents with natural language document analysis services
- Generate performance and financial data commentary reporting with natural language generation for document writing
- Identify complex trading patterns in large datasets with market abuse and financial crime surveillance
Though it’s tempting to focus exclusively on the benefits that tech can bring to data analytics, the immediate opportunity for how enterprises can fully benefit from AI rests in how humans and AI can work together. ML-based data analytics is more powerful when paired with human judgment and intuition. Recent advancements in tech have made computers faster, data storage cheaper, and access to algorithms more democratized.
But human experience and judgment can contribute to and expand upon accurate, insightful data analysis, whether that be in medicine or in financial markets. Model explainability and fairness are concrete examples of where human experience is critical to successful AI (more on that below). When designing an AI system for use cases like the ones listed above, don’t divorce it from the benefits of human wisdom.
3. Structure your team for better data decisions
Finding, retrieving, and preprocessing data can be the most time-consuming part of building ML models. Over 80% of model building effort goes here. This challenge is not unique to financial services, but addressing this challenge is a necessary prerequisite for ML, and affords a competitive advantage. Structuring your organization and internal teams to tackle this challenge will increase your odds for success, but will require some planning and careful thought.
Simply put, the purpose of a data science team is to facilitate better decision-making using data. Keep this in mind when deciding how to best structure your data science and AI/ML teams, as well as who they’ll be reporting to. It's also important to consider where your organization currently sits in its data and AI journeys. Consider culture, size, and the ways the company has grown. Is your enterprise centralized or decentralized? Is it federated? Do you employ consultants?
When defining team roles, consider how your flow of data is structured, and where those roles would be of most efficient use. Also, don’t limit yourself—different roles don't necessarily require different employees. People can perform different roles, as long as the roles are clearly defined.
Related: Get a map for assessing where you are in your AI journey and where you want to be. Download Google Cloud’s AI Adoption Framework.
4. Understand the concepts of explainability and fairness
There are two important considerations to keep in mind when structuring your organization for data analysis and AI. The first is explainability. We want AI systems to produce results as expected, with transparent explanations and reasons for the decisions they make. This is known as explainability, a high priority here at Google, as well as a growing area of concern for enterprises when it comes to designing their AI systems. Explainability increases trust in the decisions of AI systems, and a number of best practices have evolved to ensure that trust. These include closely auditing your work and data science processes; monitoring what’s called “model drift” (also referred to as “concept drift”); including accuracy metrics; and ensuring reproducibility of features.
Fairness is another important topic in AI. An algorithm is said to show fairness if its results are independent of certain variables, especially those that may be considered sensitive. These include individual traits that shouldn’t correlate with the outcome, like ethnicity, gender, sexual orientation, or disability. An accurate model may learn or even amplify problematic pre-existing biases in the data based on those traits. Identifying appropriate fairness criteria for a system requires accounting for UX, cultural, social, historical, political, legal, and ethical considerations, several of which may have tradeoffs.
Best practices for fairness include:
- Designing your model using concrete goals
- Monitoring goals through time for your system to work fairly across anticipated use cases—in a number of different languages, for example, or in a range of different age groups
- Using representative datasets to train and test your model
- Using a diverse set of testers
- Thinking about the model’s performance across different sub groups
Building your roadmap for the future with AI/ML
Capital markets’ rich history of using cutting-edge technology now includes AI to open new opportunities in the sector. Foresight and planning will ensure the best results from ML and AI—they shouldn’t be an afterthought for your organization. That means building a strong core infrastructure for data analysis first, planning the structure of internal teams that will use data and AI, and using flexible, cloud-based tools to optimize results.
When introducing new AI/ML strategies, IT leaders must ensure that they integrate and fit with existing modernization efforts, as opposed to being a bolt-on afterthought. This will lead to a true integration of AI/ML and business.
Read this next: Help your engineers, quants, and data scientists get to what matters easily. Discover 6 tools for buy side in this free whitepaper.
Dr. James Tromans, Technical Director, Office of the CTO
James is a Technical Director within the Office of the CTO at Google Cloud. James specializes in data
…Dr. James Tromans, Technical Director, Office of the CTO
James is a Technical Director within the Office of the CTO at Google Cloud. James specializes in data engineering and machine learning technical disciplines. Prior to joining Google, James worked in capital markets at Citi in various front-office currency trading and technology leadership roles, most recently as Head of Data Science. Before Citi, James was a Fintech co-founder and started the first regulated (UKGC) business on a public cloud. James previously worked as an engineer across different industries and holds a DPhil in the Computational Neuroscience of Vision from the University of Oxford.",Forbes
https://www.forbes.com/sites/qai/2021/03/09/top-stocks-to-buy-today-as-bond-yields-retreat-and-growth-stocks-rebound/,2021-03-09,Top Stocks To Buy Today As Bond Yields Retreat And Growth Stocks Rebound,"As bond yields retreated to 1.52% after trading as high as 1.62% yesterday, the indices popped, with the Nasdaq
Sign up for the free Forbes AI Investor newsletter here to join an exclusive AI investing community and get premium investing ideas before markets open.
Bunge Ltd (BG)
Bunge Ltd
National Vision Hldgs Inc (EYE)
National Vision Holdings is our second Top Buy. National Vision Holdings National Vision Holdings operates as an optical retailer, and provides eye exams, eyeglasses, and contact lenses. Our AI systems rated the company C in Technicals, B in Growth, C in Low Volatility Momentum, and B in Quality Value. The stock closed down 0.04% to $45.64 on volume of 721,312 vs its 10-day price average of $47.51 and its 22-day price average of $49.13, and is down 2.87% for the year. Revenue was $1711.76M in the last fiscal year compared to $1536.85M three years ago, Operating Income was $112.39M in the last fiscal year compared to $61.28M three years ago, EPS was $0.44 in the last fiscal year compared to $0.3 three years ago, and ROE was 4.31% in the last year compared to 3.38% three years ago. The stock is also trading with a Forward 12M P/E of 50.03.
Ryder System Inc (R)
Ryder System Inc is our next Top Buy today. Ryder is a leading transportation and logistics company, and provides supply chain, dedicated transportation, and commercial fleet management solutions. Ryder also is a provider for full service leasing, rental, and maintenance, used vehicle sales, professional drivers, transportation services, freight brokerage, warehousing and distribution, e-commerce fulfillment, and last mile delivery services, to some of the world’s most-recognized brands. Our AI systems rated the company D in Technicals, B in Growth, B in Low Volatility Momentum, and A in Quality Value. The stock closed up 2.3% to $74.61 on volume of 472,453 vs its 10-day price average of $70.26 and its 22-day price average of $67.98, and is up 22.53% for the year. Revenue was $8420.09M in the last fiscal year compared to $8413.95M three years ago, Operating Income was $486.56M in the last fiscal year compared to $678.37M three years ago, EPS was $(2.35) in the last fiscal year compared to $5.39 three years ago, and ROE was (4.73%) in the last year compared to 10.67% three years ago. The stock is also trading with a Forward 12M P/E of 16.62.
Supernus Pharmaceuticals Inc (SUPN)
Supernus Pharmaceuticals is our fourth Top Buy for the second consecutive day. Supernus Pharmaceuticals is a specialty pharma company focused on developing and commercializing treatments for central nervous system conditions. Our AI systems rated the company B in Technicals, B in Growth, C in Low Volatility Momentum, and B in Quality Value. The stock closed up 1.43% to $25.51 on volume of 626,232 vs its 10-day price average of $26.77 and its 22-day price average of $28.57, and is up 1.47% for the year. Revenue was $520.4M in the last fiscal year compared to $408.9M three years ago, Operating Income was $175.6M in the last fiscal year compared to $158.44M three years ago, EPS was $2.36 in the last fiscal year compared to $2.05 three years ago, ROE was 18.94% in the last year compared to 30.81% three years ago. The stock is also trading with a Forward 12M P/E of 25.01.
Trinseo Sa (TSE)
Our final Top Buy of the day is Trinseo Sa. Trinseo is a global materials company, and manufactures plastics, latex, and synthetic rubber. The company is best known for making plastic for Legos. Our AI systems rated Trinseo D in Technicals, A in Growth, B in Low Volatility Momentum, and C in Quality Value. The stock closed up 2.8% to $68.95 on volume of 470,619 vs its 10-day price average of $66.4 and its 22-day price average of $62.33, and is up 38.76% for the year. Revenue was $3035.5M in the last fiscal year compared to $4622.8M three years ago, Operating Income was $77.2M in the last fiscal year compared to $274.4M three years ago, EPS was $0.2 in the last fiscal year compared to $6.7 three years ago, and ROE was 1.25% in the last year compared to 40.53% three years ago. The stock is also trading with a Forward 12M P/E of 13.25.
Liked what you read? Sign up for our free Forbes AI Investor Newsletter here to get AI driven investing ideas weekly. For a limited time, subscribers can join an exclusive slack group to get these ideas before markets open.
Source: S&P Global Market Intelligence
Q.ai, a Forbes Company, formerly known as Quantalytics and Quantamize, uses advanced forms of quantitative techniques and artificial intelligence to generate investment
…Q.ai, a Forbes Company, formerly known as Quantalytics and Quantamize, uses advanced forms of quantitative techniques and artificial intelligence to generate investment recommendations across all asset classes. When it comes to money, no one should have to settle. We make investing less intimidating, more accessible and a lot of fun for everyone. That’s investing, reimagined.",Forbes
https://www.forbes.com/sites/qai/2021/03/09/top-stocks-to-short-today-amid-reverse-rotation/,2021-03-09,Top Stocks To Short Today Amid Reverse Rotation,"As the rotation into recovery and reopening plays out, frothy tech names had sharply reversed on Tuesday (Mar. 9). While the market was still broadly green, and the Dow built in its record close, the Nasdaq
Sign up for the free Forbes AI Investor newsletter here to join an exclusive AI investing community and get premium investing ideas before markets open.
Laureate Education Inc (LAUR)
Laureate Education Inc is our first Top Short of the day. Laureate Education is a Baltimore-based education company, and owns and operates universities with campuses in Mexico and Peru. Our AI systems rated the company D in Technicals, D in Growth, C in Low Volatility Momentum, and F in Quality Value. The stock closed down 0.79% to $13.82 on volume of 632,323 vs its 10-day price average of $13.84 and its 22-day price average of $14.16, and is down 3.42% for the year. Revenue was $1024.92M in the last fiscal year compared to $1144.57M three years ago, Operating Income was $112.32M in the last fiscal year compared to $48.42M three years ago, EPS was $(2.93) in the last fiscal year compared to $1.74 three years ago, and ROE was (12.62%) in the last year compared to (9.41%) three years ago.
Plug Power Inc (PLUG)
Our second Top Short today is the much hyped Plug Power Inc
Redfin Corp (RDFN)
Our third Top Short for the second day in a row is Redfin Corp
Sabre Corp (SABR)
Our fourth Top Short of the day is Sabre Corp. Sabre, which was initially founded by American Airlines
Zovio Inc (ZVO)
Zovio Inc is today’s final Top Short. Zovio Inc is an education technology services company, and provides data management and software to curriculum and financial aid, including enrollment, retention, academic, and tuition for higher educational institutions, upskilling courses, degree programs, and certifications for employers. Our AI systems rated the company C in Technicals, D in Growth, F in Low Volatility Momentum, and C in Quality Value. The stock closed up 4.03% to $4.91 on volume of 239,861 vs its 10-day price average of $5.21 and its 22-day price average of $5.58, and is up 6.51% for the year. Revenue was $397.12M in the last fiscal year compared to $443.37M three years ago, Operating Income was $(2.26)M in the last fiscal year compared to $3.94M three years ago, EPS was $(1.53) in the last fiscal year compared to $0.17 three years ago, and ROE was (61.9%) in the last year compared to 3.7% three years ago. The stock is also trading with a Forward 12M P/E of 16.37.
Liked what you read? Sign up for our free Forbes AI Investor Newsletter here to get AI driven investing ideas weekly. For a limited time, subscribers can join an exclusive slack group to get these ideas before markets open.
Source: S&P Global Market Intelligence
Q.ai, a Forbes Company, formerly known as Quantalytics and Quantamize, uses advanced forms of quantitative techniques and artificial intelligence to generate investment
…Q.ai, a Forbes Company, formerly known as Quantalytics and Quantamize, uses advanced forms of quantitative techniques and artificial intelligence to generate investment recommendations across all asset classes. When it comes to money, no one should have to settle. We make investing less intimidating, more accessible and a lot of fun for everyone. That’s investing, reimagined.",Forbes
https://www.forbes.com/sites/vmware/2021/03/09/is-your-data-strategy-ready-for-digital-first-business/,2021-03-09,VMware BrandVoice: Is Your Data Strategy Ready For Digital-First Business?,"How Financial Services Speeds Blockchain and AI/ML Technologies from Pilot to Production
I’ve always worked with leaders eager to harness the power of data to transform businesses. Everything from client data to unlock new revenue opportunities to business data to drive automation and efficiency. Technologies like blockchain, artificial intelligence (AI) and machine learning (ML) promise to revolutionize the use of data for wide-ranging applications from personalization to risk mitigation. And nearly every executive has incorporated them into their digital strategies.
While some financial services organizations have successfully transitioned from pilots to production, others struggle to graduate new technologies from experimental, limited-scope phases to permanent, line-of-business programs. Skill sets, legacy technologies and budget are top challenges. Only 30% of blockchain projects will make it into production, predicts Forrester.[1] Similarly, many AI/ML projects also remain stuck in pilots that never reach production.
How can financial services organizations go from the art of the possible to the realization of value and truly transform their businesses?
Data Is the Common Thread
Global financial institutions generate terabytes of data each day from ordinary operations. This data is often accumulated over many years, fragmented across many repositories and stored on outdated or inflexible technology—all of which hinder the progress of even the best data strategies.
There’s an easier way to stay relevant. It requires IT and business process modernization that eliminates data silos and supports new technology integration. That’s how financial services IT projects move seamlessly from pilot to production to achieve business outcomes:
- Unlock the potential of data to drive automated, smart and real-time experiences customers expect.
- Support fintech integrations for robust marketplaces.
- Drive automation and efficiency in the back office.
- Protect against fraud and information security threats.
No other industry invests in digital transformation as aggressively as financial services. And COVID-19 has further accelerated plans, according to financial leaders surveyed. Yet new investment in innovative technologies will be wasted without an easy way to integrate it with existing platforms—the legacy IT and data infrastructures running inside banks and other financial services firms today. A flexible, robust digital foundation does both.
The financial institutions that I’ve seen entering new markets fastest are those with a flexible digital foundation. One with cloud-capable infrastructure, modern distributed data architectures and new cloud-native applications—integrated with new technologies from blockchain to AI/ML.
Blockchain Generates New Revenue and Drives Cost Savings
Blockchain breaks down data silos, keeps data safe and streamlines complicated transactions and operations. It creates a single source of truth—through distributed trust infrastructure—that harnesses end-to-end, cross-industry workflows to deliver value to customers and partners. No wonder it’s a high priority for financial services CIOs.
The financial services sector is ripe for blockchain because all transactions are multi-party workflows—consumers, banks, stores, payment processors and the like. Firms intend to operationalize Distributed Ledger Technology (DLT) to streamline and simplify these workflows, strengthen security, as well as automate the reporting and auditing that goes with them.
When financial services organizations find an enterprise-grade solution like VMware Blockchain, they benefit from a proven digital foundation and can easily deploy and manage permanent, high-performing, line-of-business blockchain programs at scale. A big part of what it means to be enterprise-grade is to offer comprehensive 24 x 7 x 365 support. Surprisingly, many vendors fail at this. And without enterprise-grade blockchain solutions, financial services organizations find they lack the ease of deployment and management needed to convert pilot projects to permanent programs.
Forrester predicts in 2021: “The majority of networks that transition from pilot to production will run on enterprise blockchain platforms.”[2]
Broadridge Financial Solutions, a well-known global financial solutions provider that processes a staggering $10 trillion dollars in transactions per day, recognized the need for an enterprise-grade blockchain platform to underpin its Distributed Ledger Repo (DLR) platform. Repos, also known as repurchase agreements, are overnight and term loans. With VMware Blockchain, Broadridge can transform capital markets infrastructure and help clients generate many millions of dollars in new revenue and save many millions of dollars in operational costs.
Horacio Barakat, Head of Distributed Ledger Repo for Broadridge Financial Solutions, says, “VMware Blockchain provides a platform for us to model and enforce multi-party agreements on a Scalable Byzantine Fault Tolerant platform. This creates a single, shared, and trusted source of truth enabling the automation and digitization of repo processes and reducing reconciliation efforts.”
The Australian Securities Exchange (ASX), a top 10 listed securities exchange group that executes many millions of trades daily, is achieving its goal of supporting increasing transaction volumes and enabling secure data sharing that protects customers’ privacy with enterprise-grade blockchain. ASX uses the combination of VMware Blockchain and Digital Asset’s expertise in smart contracts and distributed ledger technology.
“DLT can help financial services firms transform data, preserve privacy and confidentiality, and remove manual processes that exist in the industry,” explains Dan Chesterman, CIO of ASX.
A seamless path to production comes only from deploying a robust digital foundation that can help accelerate production timelines and ensure ease of ongoing operations required in production.
AI/ML Fights Fraud at Banks
Financial services firms also have invested heavily in AI—and ML, a subset of AI—to make smarter decisions, automate operations and predict activities among other benefits. The most frequent use of AI/ML in banks is to combat fraud.
AI/ML includes deep learning with large data sets and hardware accelerators, as well as many techniques that perform well on standard microprocessors, to make smart decisions faster and more accurately than humans. These approaches empower financial services firms that continuously collect and process data, if care is taken to ensure it is used responsibly and ethically. With ML, predictive models for fraud detection can be built using data gathered in corporate data centers or by exploiting cutting-edge technologies like federated learning in edge locations.
Although the potential for AI in financial services is evident, deployment lags. The primary reason: legacy core financial services applications and infrastructure are unable to support it. Modern infrastructure does.
ML applications are container-based, extremely resource intensive and most often run close to where data is stored—at the edge, in the data center or public cloud. A digital foundation that embraces a vision in support of any cloud, any app, any device with a multi-cloud Kubernetes runtime and modern software tool chain supports consistent, repeatable processes. It is the ideal solution to build, run and manage modern apps, enabling AI/ML projects to move from pilot to production, realizing business value faster.
New Technologies Fuel Competitive Success
Financial services organizations can stay competitive with fintechs and deliver the digital experiences customers expect by harnessing the power of new technologies to fuel progress. They can unlock all of their data and leverage it for deeper analytics, personalization, improved risk management and large-scale automation. They can gain insights that translate into new features and experiences and put them in market quickly while maintaining trust and security.
Those with a digital foundation—flexible, consistent infrastructure and operations coupled with modern data architectures and applications—at their core will have a faster delivery, lower cost advantage compared to organizations with only legacy architectures. Future-ready digital foundations like VMware’s any cloud, any app, any device architecture simplify the path to production for banks looking to adopt new technologies and open APIs for banking.
The question now is which financial services institutions will close the pilot to production gap fastest to thrive in our digital-first economy?
To learn more, visit vmware.com, listen to the “Don’t Break the Bank” podcast or check out the Future Ready Bank.
[1] Forrester Blogs, “Predictions 2021: Blockchain Is A Tale Of Two Speeds,” Martha Bennett, October 2020.
[2] Forrester Blogs, “Predictions 2021: Blockchain Is A Tale Of Two Speeds,” Martha Bennett, October 2020.
Jennifer Manry is the Vice President of the Global Financial Services Industries Group at VMware, responsible for VMware’s financial services strategy, market development
…Jennifer Manry is the Vice President of the Global Financial Services Industries Group at VMware, responsible for VMware’s financial services strategy, market development and financial services solutions. Prior to VMware, Jennifer was the CIO and Managing Director of Employee Technology & Employee Experience at Bank of America where she was responsible for the technology strategy, architecture, engineering, operations, and support services for over 200K+ employees, globally. In addition to those responsibilities, Jennifer lead both the Global Human Resources and Chief Administrative Office technology teams. Before Bank of America, Jennifer served as Managing Vice President - End User Computing, Digital Workplace, and Identity & Access Management at Capital One and drove the transformation of the employee experience, creating a contemporary, digital workplace based on consumer-grade technology at enterprise scale. Jennifer has also held technology leadership positions at GE and Genworth Financial. She earned a degree in Mechanical Engineering from Georgia Institute of Technology and serves on the advisory board for Women Who Code.",Forbes
https://www.forbes.com/sites/lanceeliot/2021/03/09/using-the-cloud-to-bootstrap-your-autonomous-vehicles-startup/,2021-03-09T17:45:35Z,Using The Cloud To Bootstrap Your Autonomous Vehicles Startup,"Startups in the Autonomous Vehicles (AVs) realm are still hot.
Sure, there is an ebb-and-flow at times, including that self-driving cars have witnessed a recent slowing of new AV firms (see my industry analysis at this link here), but you’ve got to think more widely and include the full gamut of autonomous vehicle types such as self-driving trucks, self-driving delivery carts, self-driving motorcycles, self-driving drones, self-driving submersibles, self-driving surface ships, self-driving planes, and any other manner of transportation that is amenable to autonomous capabilities.
The big picture is looking mighty fine.
Let’s go over some of the crucial success factors that underpin an AV startup that wants to make its mark. Those AV startups aim to get a viable product avidly underway and showcase that they are more than just some flash-in-the-pan semblance of vacuous ideas and words on a page.
The odds are that a savvy approach to an AV startup is going to outlast the AV startups that are based solely on whim and guts. I mention the guts aspect because there is truth to the notion that embarking upon a startup, and especially in the tough and unforgiving world of AVs, takes a sturdy and hefty amount of guts.
That being said, guts alone are insufficient, sorry to say.
Sadly, way too many AV startups never see the light of day. I see them all the time, before their collapse or fade-out, and can readily discern which will make it and which will be no more than a dream that was never realized.
To help any AV startups that are open to helpful advice, I’ll include herein some handy insights that I’ve gleaned via my time as a top exec at a major Venture Capital (VC) firm, along with ongoing efforts as an incubator mentor to AV startups and a frequent pitch judge at local and global Shark Tank-style competitions.
One overarching theme that will become apparent is that the use of cloud computing is an important bootstrapping mechanism and ought to be on the top of your list for matters to be undertaken from the get-go of your startup (for more on the cloud and AVs, see the link here) .
Strap yourself into your seat and get ready for a startup boosting ride.
We’ll begin by clarifying what the AV market space consists of.
Classifying By AV Scope
When thinking about AVs, I’ve found it useful to classify startups into one of two buckets, the AV-totality bucket, and the AV-element bucket.
The AV-totality category entails startups that attempt to do the whole ball of wax, the A to Z, the end-to-end facets of creating an autonomous vehicle. This encompasses the essence of the hardware involved, along with the entirety of the software stack. These are the so-called big-chew visionaries that say they want to reimagine what the underlying vehicular facility is, trying to begin with a fresh look at how that form of transport ought to be devised.
Those of these veritable all-you-can-eat buffet AV startups are glaringly ambitious, outlandish in their aspirations, and are tackling oftentimes more than they can adequately get their hands around. I’m not saying they shouldn’t embark upon those outsized goals, only that it will be a lot harder to pursue than they might otherwise assume or outright claim. Good luck to them and one has to earnestly root for an underdog that fights way above its weight class.
More realistic are the AV startups that go the AV-elements route.
They carve out a segment or portion of the autonomous vehicle market and aim to become the go-to choice in that niche. This might be in the sensors arena, offering a new kind of sensor, or a sensor that is less costly than the prevailing products, or a sensor that is several times as efficient or effective, and so on. It might be that the niche is chosen has to do with software, such as providing a newly crafted AI capability, perhaps leveraging Machine Learning (ML) and Deep Learning (DL) innovatively and as applied to autonomous vehicles (for my discussion about ML/DL for AVs, see the link here). Etc.
I realize that the AV-element strategy might seem timid or narrow to some that insist on the grandiose AV plays, but any startup that is truly just a startup and not already backed by heavy hitters will have a much greater chance of survival and existence by taking the elements-oriented avenue. You can be an AV-element provider and still knock things out of the ballpark.
When pitching an AV startup, make sure to clarify whether you are the AV-totality or the AV-element gambit. Believe it or not, many startups make a pitch that is so jampacked that it is not readily feasible to figure out what their aim is. A startup might emphasize the AV-totality and turnout to be the AV-element type, and meanwhile, a startup that appears to be an AV-element goer is actually an outstretched attempt to be an AV-totality.
Handy tip: When you confound or confuse potential investors and mentors, you are doing quite a disservice to your own ambitions and are usurping the limited time-attention those funding and advice-giving sources have (it will backfire on you, tarnishing your reputational goodwill).
Of course, if a startup is embarking upon a step-at-a-time approach toward an AV-totality, doing so by gradually pursuing a series of AV-elements that will plug-and-play together, this is certainly worth mentioning and can provide some satisfaction for those investors that are seeking a grand scheme.
You also don’t have to pretend to have a veiled desire to be an AV-totality and can at least explain how your AV-element fits into the AV-totality efforts taking place elsewhere.
Let’s dovetail the cloud computing aspects.
You will want to indicate how the AV-totality or the AV-element will be designed, developed, tested, and fielded. Those activities are going to require the collecting of, access to, and use of data. Those activities are also certainly going to require the running of or crafting of software.
Where will those computing resources come from?
The days of buying a server and keeping it in your backyard garage as you gather together your fellow intrepid founders and crank out your MVP (Minimally Viable Product) are no longer in vogue. Indeed, such a proclamation of how you are intending to proceed is pretty much like waving a large-sized red flag.
An investor wants to know that the funds going into the startup are going to have legs, meaning that if the whole thing falls apart, there will be something salvageable. For whatever you’ve pieced together so far, there ought to be a secure and safe place for it to be found. That’s where cloud computing comes to the fore.
By placing your data into the cloud, it means that even if that endearing garage has a tree that falls onto it, the data and software will still be available, residing securely in the cloud. It also means that you and your fellow startup creators can access the data and software from wherever they might be, at any time, and not be constrained by having to be in the particular township that your garage resides in.
In the past, some startups did not begin their founding trek by using the cloud because it was perceived as overly costly or overly arduous to get underway. They believed that the faster and easier path was to establish their own servers and try and find any software that they could get their hands on, either legally or at times under-the-table. Scrambling and street hustle was the right buzz for any tech startup such as those in the AV realm.
That’s not the way things are done nowadays.
Investors will sleep better at night (that’s important if you want to attract them and keep them engaged), by knowing that the intellectual property assets of the startup are safely in the cloud and are legitimately licensed and properly-being utilized. Nobody but nobody wants to get into some protracted legal battles over licensed software, and you can be sure that whatever vendor’s tools you choose to use will come after those that aren’t in compliance (it is their bread-and-butter to do so).
Those are primarily protective measures and highlight how the cloud helps in that perspective. There are also the go-forward aspects that the cloud also provides enabling capacity for. We can touch upon those go-forward synergies in a moment.
It will be useful to first clarify the nature of AV functionality that is likely integral to your AV startup.
AV Functionality
An important means to establish what your AV pursuit consists of can be illuminated via the use of a typical AV-functionality indication (for an extensive depiction, see the link here).
In brief, nearly all AVs are going to have these five key functional aspects:
· Sensing of the world around the AV
· Interpretation of the detected surroundings
· Virtual world modeling
· Planning for vehicular movement
· Carrying out AV motion
If you are an AV-element startup, make sure to clearly identify which of the AV functionality domains you are inhabiting. It is okay to be in just one. It is also okay to be in more than one. Furthermore, you might be devising your AV-element to initially be in just one but are doing so with the larger eye of incrementally expanding the AV-element into the other domains.
For an AV-totality, presumably, the startup is going to attain all of those AV functionalities. It could be that the startup is going to handcraft them all from scratch, which is the proverbial reaching for the star's ambition. More likely, the startup is going to leverage other companies or other resources that entail some of those domains. In that case, make sure to explain how those will end-up dovetailing into your efforts and what if any chokepoints this might imbue.
Let’s now consider how the cloud is essential for the go-forward activities when pursuing the chosen AV functionality.
You and your buddies want to make a new kind of sensor and seek to showcase what it can do for AVs (this will be an example that can be equally applicable to the other AV functionality stages).
The sensor will be used to collect data. The data will have to be examined to ascertain that the sensor is aptly detecting the outside world. If the sensor is glitching, this needs to be figured out and corrected. Furthermore, the data is only useful if it can be turned into something useable by the rest of the AV stack.
Okay, so you need to decide where to put the data, housing it someplace that it can be kept secured, where it can be accessed globally by your scrappy startup team and will accommodate a likely large growth in the volume of data that will be stored (increasing in some proportional way to the growth of your startup).
The cloud provides a means to store the data, doing so in a flexible manner of both how to store the data (structures and formats), and at a cost that is commensurate with the amount of volume at-hand. You can start with smaller data volumes, paying less, and then ratchet to larger volumes when the timing is right, and the cost gradually ratcheting in concordance.
You’ll likely need software for examining the data being generated via your new sensor.
Most full-bodied cloud services have available a slew of data-related online tools. This includes the predominant AI packages for Machine Learning and Deep Learning. Rather than wasting time trying to figure out where to find the right AI packages, such precious and valuable time is usually better spent by adeptly using tools that are known to work, already at your fingertips, and then getting those packages underway expeditiously for your AV efforts.
All told, the notion is that the cloud provides a ready-made platform to readily proceed with your AV startup.
Going other routes will typically entail lots of added overhead, for which the savvy investor is going to want to know why your energies and attention are being diverted to such activities when the cloud is today such an instant-on, available, and cost-reasonable option.
Conclusion
There is an AV insiders sage line that some like to use, admittedly perhaps a bit over-the-top, but nonetheless catchy, consisting of the assertion that you can start with the cloud, grow with the cloud, and eventually exit with the cloud for an AV startup.
The assertion seems readily apparent about the starting and growing stages of an AV startup, but might cause you to scratch your head about the allusion to the exit stage.
Here’s what that refers to.
Assume that eventually, you will have some form of exit from your startup. This might involve an IPO or maybe using a SPAC to go public (Special Purpose Acquisition Companies are the darling of the market right now). Or you might agree to be acquired by another company that is directly in AV and wants to swallow-up and embody your AV capabilities. Perhaps you’ll merge with another peer AV firm rather than being acquired outright. And so on.
Those myriads of exits are typically contingent upon the startup being considered viable for an exit. If the startup has a demonstrative weakness or difficulty, the odds are this will be discovered during the due diligence process leading to the exit. The exit itself could be soured and fall apart. Another possibility is that the exit continues unabated, but the value of the startup is demonstrably downgraded.
Consider where the cloud comes into this picture.
Using the example of a startup with a new sensor, they are courted by a larger company that makes a full suite of sensors. The interest in the startup involves being able to quickly include the new sensor into the existing suite of this larger company.
This acquiring company is already using the cloud for its AV efforts. If the AV startup is also using the cloud, the odds are that the integration of this new sensor into the suite of the acquiring company will be relatively streamlined. And this makes the startup especially attractive. Time is money, as they say. Other similar AV startups that were not using the cloud would be considered riskier choices, and costlier to bring into the fold.
The same kind of business logic applies to the IPO or SPAC routes too.
A startup in the AV arena that has all their ducks lined-up, using the cloud, and able to readily assure that the data is there, the software is there, and the whole shebang is available without any missing components is going to get a green light to proceed. Auditors that have to dig into arcane corners and off-the-beaten-path computing resources will put up huge warnings that the entire core of the startup is potentially scattered, unreproducible, and not able to hang together.
The overall mantra for an AV startup ought to be that establishing the proper infrastructure is crucial.
This includes the initial phases of a startup, such as at the pre-seed and seed stages. Trying to after-the-fact get the right infrastructure is doable, though there is an added cost and delay that can frustrate and disrupt the growth path of the AV startup.
As Mark Twain was known for having stated, do the right thing since it will gratify some people and astonish the rest. Be assured that investors in the AV realm are eager to be astonished and are continually on the search for that next gobsmacking AV startup coming down the pike.
I hope that’s your AV startup.
Dr. Lance B. Eliot is a world-renowned expert on Artificial Intelligence (AI) with over 3.8+ million amassed views of his AI columns. As a seasoned executive and
…Dr. Lance B. Eliot is a world-renowned expert on Artificial Intelligence (AI) with over 3.8+ million amassed views of his AI columns. As a seasoned executive and high-tech entrepreneur, he combines practical industry experience with deep academic research and serves as a Stanford Fellow at Stanford University. Formerly a professor at USC and UCLA, and head of a pioneering AI Lab, he frequently speaks at major AI industry events. Author of over 50 books, 500 articles, and 250 podcasts, he has made appearances on media outlets such as CNN and co-hosted the popular radio show Technotrends. He's been an adviser to Congress and other legislative bodies and has received numerous awards/honors. He serves on several boards, has worked as a Venture Capitalist, an angel investor, and a mentor to founder entrepreneurs and startups.",Forbes
https://www.forbes.com/sites/markminevich/2021/03/09/roblox-going-public-but-is-it-good-for-the-public/,2021-03-09,"Roblox Going Public, But Is It Good For The Public?","Transformative Gaming experience with addiction, bullying and costs to our children.
The online platform Roblox is capturing the imagination. The platform that is meant for playing and creating video games is going public on March 10th. Their unique model of outsourcing game development to their players has helped the company reach a $29.5 billion valuation in a recent funding round. Roblox boasts 32.6 million daily active users and a jump in revenue of 82% in 2020 to $924 million. Roblox' young audience now have more free time since many schools are online or hybrid during the Covid-19 era. But, we have to ask, is Roblox good for the public?
Disruption in the industry
Roblox isn’t just a game you can play. It’s a place where you can design your own game and build your own world of success and fame. The design is simple enough that children can design games for other children. Users can learn how to build games and how to monetize them. Users can also purchase in-game features from other users for their own world. This is worlds within worlds within worlds. Users can log in and literally get lost for endless hours. There is no beginning and no end, no linear journey. Users can get caught in a never ending loop of creation, socializing and adventure, and, most importantly to Roblox, spending money within the platform. It essentially has 2 business use cases that it promotes, operating as both a game development platform and as a game of discovery for playing.
This paves a road for exponential growth of the company, its users and the worlds they create. The users can grow and age with the platform continually evolving and pumping revenue into Roblox, but at what cost to its most vulnerable users, our future generation? What are our kids exposed to?
A few popular games that attract Roblox young users include: Adopt Me! And Welcome to Bloxburg, among others.
Adopt Me!
Roblox's #1 game simulates raising a baby. Players choose to be a parent or a baby, and acquire items to purchase for one's avatar or speed up progress of parenting.
Welcome to Bloxburg
“Bloxburg lets users enjoy a life experience where they build their own homes, go to work, spend time with friends and enjoy recreational activities.""
We must ask, is Roblox a game at all or more of a transformational disruptive change for our children? It attempts to convey the perception of a world in which one of the things you can do is play games constantly with characteristics such as persistent friends and currency from any device anywhere in the physical world. In a perfect world this is great for children, but we know this world is not perfect.
Usage, addiction and abuse of children
Through all this positivity and growth a dark side and bad actors have emerged. Roblox experiences 3 billion total engagement hours each month from their aforementioned 32.6 million daily users. That averages out to just a touch over 92 hours per month per user. That’s 11.5 working days each month! Pair that with the 2017 study by Christian Montag, a professor of molecular physiology at Ulm University, that suggests heavy use of certain video games may cause brain changes linked to addictive behaviors and you can see the potential danger of such use to the children of America.
On top of the effects of screen addiction is the negative effect of cyber-bullying within the platform between users. When reaching out to parents in my network I asked them specifically about their children using Roblox.
“There is bullying everywhere. It seems to me that the kids who would be struggling with bullying otherwise will have a similar experience virtually... We parents need to take the time to educate ourselves on this new cyber life and be prepared to deal with their kids addictions online.”
I received this similar sentiment from several parents. For their part Roblox has stated that they are working “relentlessly to create a safe and civil community.” Doing so in part by introducing stringent text-filtering, audio scanning and image detection technologies. Despite their best efforts parents in the UK have had their children exposed to images such as “two naked male cartoon characters, aroused...One stood beside a female character, also naked, and was thrusting back and forth, simulating sex” and children as young as seven have been asked if they wanted to have sex. Parents fearing that this has “‘opened up a realm of fear about grooming and paedophilia.’”
We are also seeing frustrations from ineffective customer service support that seem to be unable to cater to requests from parents on a variety of important concerns. Perhaps they deploy technology to sense the context of the conversation but it does not understand full intent to provide helpful solutions or escalate questions to human customer support agents. It is now almost impossible to reach a real human customer support agent.
Though Roblox has a team of 1,700 people and some level of technology automation deployed to monitor content, they have obviously outgrown their ability to manage the bullying, harassment and abuse of children on the platform. The public is still not discussing how Roblox is planning to add voice chat technology that potentially could expose children to pedophiles. So what can be done? How do we tell our kids not to chat with people they don't know and not accept private messages from anyone they don't know. How do we teach them to protect personal information and create a level of trust?
There are also concerns on deal making and expansion plans that the company has made in China through a partnership with Songhua River Investment Limited, a Tencent subsidiary. What role will China have with our families and lives in the US?
It’s up to the public
Jordan Foster, a leading Cyber Expert at Family Zone says of Roblox, ""With limited safety measures embedded within the game, children are open prey for predators to communicate with...Consider it similar to sending a child out into a real room filled with strangers, with no barriers in place to stop people being able to talk to whomever they like.”
From that point of view you can see the dilemma that parents are faced with. You’d never send your child to a party filled with strangers. Especially not one with no rules, chaperones, or people you trust. Yet, everyday our children are venturing into these very situations without protection online. So, what can be done?
The train has left the station as far as Roblox goes. Their IPO is expected to do tremendously well and they will continue to do the minimum they deem necessary to protect users, especially vulnerable children, from the predators they know are present on the platform.
First, not only must parents educate themselves on every aspect of their child’s journey within the games they play and the online worlds they traverse, they also need to get engaged in the overall process. We must explain to our kids that this isn’t a make believe imaginary world, it is part of the real world. It may appear on a screen, but the people controlling the text and figures on that screen are real and some are potentially dangerous. You wouldn’t send them into a real wilderness filled with monsters, why would you send them into a virtual one?
If your child is truly addicted to a game, remove and block it from their phone. You can do this through Google’s Family Link in the Play Store and Apple allows parents the ability to limit apps on all of their devices as well.
There are many resources out there for parents and guardians to use. StopBullying.Gov, PTA.org, Parents.com and Smartsocial.com/roblox/ are great places to start.
For now it looks like Roblox is an entirely new type of a disruptive startup platform that is seeking to transform in ways that were previously impossible, creating a new microverse environment for our kids without adequate parenting, trust standards and regulations. Perhaps this is a new iphone or Tesla like a moment with implications that will change everything.
The question for parents is how does Roblox expect to successfully scale and moderate its massive growth when they can't moderate a chat or ban people for abusing children? There is a clear case for robust and trusted AI driven moderation software and support that actually is intelligent and works.
Finally, there is a clear case for Responsible technology where all parties adhere to trust and fairness. We now urgently need responsible gaming principes and need for Roblox to become a responsible member of our digital community. They can either lead the way to a safer future for the children of the world, or simply placate and strive solely for profits.
Mr. Minevich is a highly regarded and trusted Digital Cognitive Strategist, Artificial Intelligence expert, Venture Capitalist, and the principal founder of Going Global
…Mr. Minevich is a highly regarded and trusted Digital Cognitive Strategist, Artificial Intelligence expert, Venture Capitalist, and the principal founder of Going Global Ventures. Mark collaborates and advises large global enterprises both in the US and Japan (Hitachi), and is the official AI and Future of Work Advisor to the Boston Consulting Group. Currently, he serves as the strategic advisor and Global ambassador to the CEO and Chairman of New York based IPsoft Inc.
Mark holds the role of senior fellow as part of the U.S. Council on Competitiveness in Washington, D.C., and maintains a position as senior adviser on Global Innovation and Technology to the United Nations Office of Project Services (UNOPS). He is an appointed member of the G20/B20’s Digital Task Force, supplementing the group with expert knowledge on digitization, advanced autonomous systems, and the future of AI.
Mark is also the founder and Co-Chair of the World Artificial Intelligence Organization and AI Pioneers based in New York, and was appointed as the Global Digital Ambassador to the World Assessment Council in early 2020. He is the Strategic Advisor to SwissCognitive - ""independent"" Global AI think-tank in Switzerland, which aims to share, connect, and unlock the fullest potential of Artificial Intelligence.
Mark also advises several venture capital groups. He acts as a Fund Adviser to Bootstrap Labs based in San Francisco: a pioneer in the realm of VC funds focused on applied AI, carrying with it a mature fund and portfolio of 24 applied AI companies. Mark is also an Advisor to the AI Capital Venture Fund based in Colorado, which is a dedicated venture and private equity fund geared towards AI companies in the late-seed to growth-stage maturity level.
Mark is also a trusted Adviser and Entrepreneur in Residence for Hanaco Ventures, a global venture fund that focuses on late-stage, pre-IPO Israeli and US companies powered by bold, visionary, and passionate minds. Prior to this position, Mark was the Vice Chair of Ventures and External Affairs, as well as CTO at the Comtrade Group, an international technology conglomerate. He also served as the CTO and Strategy Executive at IBM, and held other management, technology, and strategy roles that entailed formulating investment tactics for Venture Capital Incubation programs.
Mark is also involved in media and journalism, and contributes to a number of publications, such as Forbes.com. His knowledge has been cited and his name has been featured in articles on an international scale.
Forbes named Mark one of the Leaders to Watch in 2017. He has received the Albert Einstein Award for Outstanding Achievement and the World Trade Leadership Award from the World Trade Centers and World Trade Center’s Association. Mark has served as a venture partner with GVA Capital in Silicon Valley, advising the fund on AI startups. He has also served as venture advisor to Global Emerging Markets, an alternative investment group that manages a diverse set of investment vehicles. Mark was also involved with Research Board, a Gartner company and international think-tank advising CIOs at some of the world’s largest corporations, such as: Deutsche Bank, BTM Corporation, Geotek Communications, Qwest Communications, Comcast, and USWEB/CKS.",Forbes
https://www.seattletimes.com/business/facial-recognition-company-sued-by-california-activists/?utm_source=RSS&utm_medium=Referral&utm_campaign=RSS_business,2021-03-09,Facial recognition company sued by California activists,"ALAMEDA, Calif. (AP) — Civil liberties activists are suing a company that provides facial recognition services to law enforcement agencies and private companies around the world, contending that Clearview AI illegally stockpiled data on 3 billion people without their knowledge or permission.
The lawsuit, filed Tuesday in Alameda County Superior Court in the San Francisco Bay Area, contends that the New York-based firm violates California’s constitution and seeks an injunction to bar it from collecting biometric information in California and requiring it to delete data on Californians.
The lawsuit says the company has built “the most dangerous” facial recognition database in the nation, has fielded requests from more than 2,000 law enforcement agencies and private companies, and has amassed a database nearly seven times larger than the FBI’s.
The lawsuit was filed by four activists and the groups Mijente and Norcal Resist, who have supported causes such as Black Lives Matter and have been critical of the policies of U.S. Immigration and Customs Enforcement, which has a contract with Clearview AI.
“Clearview has provided thousands of governments, government agencies, and private entities access to its database, which they can use to identify people with dissident views, monitor their associations, and track their speech,” the lawsuit contends.
The lawsuit said Clearview AI scrapes dozens of internet sites, such as Facebook, Twitter, Google and Venmo, to gather facial photos. Scraping involves the use of computer programs to automatically scan and copy data, which the lawsuit says is analyzed by Clearview AI to identify individual biometrics such as eye shape and size that are then put into a “faceprint” database that clients can use to ID people.
The images scraped include those posted not only by individuals and their family and friends but also those of people who are inadvertently captured in the background of strangers’ photos, according to the lawsuit.
The company also offers its services to law enforcement even in cities that ban the use of facial recognition, the lawsuit alleges.
Several cities around the country, including the Bay Area cities of Alameda, San Francisco, Oakland and Berkeley, have limited or banned the use of facial recognition technology by local law enforcement.
“Clearview AI complies with all applicable law and its conduct is fully protected by the First Amendment,” said a statement from attorney Floyd Abrams, representing the company.
The company has said it saw law enforcement use of its technology jump 26% following January’s deadly riot at the U.S. Capitol.
Facial recognition systems have faced criticism because of their mass surveillance capabilities, which raise privacy concerns, and because some studies have shown that the technology is far more likely to misidentify Blacks and other people of color than whites, which has resulted in mistaken arrests.
However, Clearview AI’s CEO, Hoan Ton-That, said in a statement that “an independent study has indicated the Clearview AI has no racial bias.”
“As a person of mixed race, having non-biased technology is important to me,” he said.
He also argued that the use of accurate facial recognition technology can reduce the chance of wrongful arrests.
The lawsuit said Facebook, Twitter, Google and other social media firms have asked Clearview AI to stop scraping images because it violated their terms of service with users.
Clearview AI also is facing other challenges. A lawsuit filed in Illinois alleges the company violates that state’s biometric privacy act, while privacy watchdogs in both Canada and the European Union have issued statements of concern.
Clearview stopped operations in Canada last year. But privacy commissioners this year asked the firm to remove data on Canadian citizens, with one commissioner arguing that the system puts all Canadians “continually in a police lineup.”",The Seattle Times
https://www.detroitnews.com/story/business/2021/03/09/facial-recognition-company-sued-california-activists/115544376/,2021-03-09,Facial recognition company sued by California activists,"Facial recognition company sued by California activists
Alameda, Calif. – Civil liberties activists are suing a company that provides facial recognition services to law enforcement agencies and private companies around the world, contending that Clearview AI illegally stockpiled data on 3 billion people without their knowledge or permission.
The lawsuit, filed Tuesday in Alameda County Superior Court in the San Francisco Bay Area, contends that the New York-based firm violates California’s constitution and seeks an injunction to bar it from collecting biometric information in California and requiring it to delete data on Californians.
The lawsuit says the company has built “the most dangerous” facial recognition database in the nation, has fielded requests from more than 2,000 law enforcement agencies and private companies, and has amassed a database nearly seven times larger than the FBI’s.
The lawsuit was filed by four activists and the groups Mijente and Norcal Resist, who have supported causes such as Black Lives Matter and have been critical of the policies of U.S. Immigration and Customs Enforcement, which has a contract with Clearview AI.
“Clearview has provided thousands of governments, government agencies, and private entities access to its database, which they can use to identify people with dissident views, monitor their associations, and track their speech,” the lawsuit contends.
The lawsuit said Clearview AI scrapes dozens of internet sites, such as Facebook, Twitter, Google and Venmo, to gather facial photos. Scraping involves the use of computer programs to automatically scan and copy data, which the lawsuit says is analyzed by Clearview AI to identify individual biometrics such as eye shape and size that are then put into a “faceprint” database that clients can use to ID people.
The images scraped include those posted not only by individuals and their family and friends but also those of people who are inadvertently captured in the background of strangers’ photos, according to the lawsuit.
The company also offers its services to law enforcement even in cities that ban the use of facial recognition, the lawsuit alleges.
Several cities around the country, including the Bay Area cities of Alameda, San Francisco, Oakland and Berkeley, have limited or banned the use of facial recognition technology by local law enforcement.
“Clearview AI complies with all applicable law and its conduct is fully protected by the First Amendment,” said a statement from attorney Floyd Abrams, representing the company.
The company has said it saw law enforcement use of its technology jump 26% following January’s deadly riot at the U.S. Capitol.
Facial recognition systems have faced criticism because of their mass surveillance capabilities, which raise privacy concerns, and because some studies have shown that the technology is far more likely to misidentify Blacks and other people of color than whites, which has resulted in mistaken arrests.
However, Clearview AI’s CEO, Hoan Ton-That, said in a statement that “an independent study has indicated the Clearview AI has no racial bias.”
“As a person of mixed race, having non-biased technology is important to me,” he said.
He also argued that the use of accurate facial recognition technology can reduce the chance of wrongful arrests.
The lawsuit said Facebook, Twitter, Google and other social media firms have asked Clearview AI to stop scraping images because it violated their terms of service with users.
Clearview AI also is facing other challenges. A lawsuit filed in Illinois alleges the company violates that state’s biometric privacy act, while privacy watchdogs in both Canada and the European Union have issued statements of concern.
Clearview stopped operations in Canada last year. But privacy commissioners this year asked the firm to remove data on Canadian citizens, with one commissioner arguing that the system puts all Canadians “continually in a police lineup.”",Associated Press
https://www.forbes.com/sites/forbesbusinesscouncil/2021/03/10/how-the-ai-sector-can-use-nonprofits-as-an-ethical-example/,2021-03-10,Council Post: How The AI Sector Can Use Nonprofits As An Ethical Example,"Philanthropy Futurist, co-owner of Charidy, and currently CEO of a ""Stealth Startup"" building AI for good.
I have a dream. I say a dream, and not a goal or a mission, not because of its loftiness but because most don't see it. And, if it ever becomes reality, it will be nothing less than a dream come true. My dream? A future in which the nonprofit sector is the driving force of our society, where our incentives to succeed aren't guided mainly by greed and self-sustenance but rather by our ability to do good. It's a future where we are measured and rewarded by our mastery of several key balances: profit and ethics; self and other; shareholders and customers; privacy and prominence; Heaven and earth.
Doing good does not have to be unprofitable, and therefore, a nonincentivized endeavor. I've got the perfect place to start: the rise of artificial intelligence (AI), an innovation that has taken the 21st century by storm. The nonprofit world can be the North Star of how we monetize and maximize the benefits of machine learning and data science. I'm not suggesting we start a business in AI — we'll leave that to the professionals — but we can be the moral compass of where AI is heading and how we choose to let it ""rule the future.""
Let's start with some basic broad strokes. The private sector doesn't have an ethical constitution. It's every man and woman for themselves. Many in America abide by a Judaic-Christian set of morals, and our Founding Fathers were not bashful about that. Many others follow the moralities taught by their own respective religions. Some follow their instincts, others follow their upbringing and many more just ... follow. However, the third sector does have an ethical constitution: the Code of Ethics and Donor Bill of Rights. It's been widely adopted for more than 50 years now. Most respectable fundraisers live and act by these standards, either directly from the source or from the ripple effects and evolutions it's had across the industry. The opening line says it all: ""aspire to practice their profession with integrity, honesty, truthfulness and adherence to the absolute obligation to safeguard the public trust.""
I'm tired of hearing people say that nonprofits should be run more like a business. Nope, it's the other way around. Nonprofits should get their act together and lead by example. In my opinion, it's businesses that should behave more like nonprofits and, if you look at the facts, they already have been following our lead.
In a recent Harvard Business Review article, Reid Blackman states, ""Just a few years ago, discussions of 'data ethics' and 'AI ethics' were reserved for nonprofit organizations and academics."" He goes on to say that ""these companies (big tech) are investing in answers to once esoteric ethical questions because they've realized one simple truth: failing to operationalize data and AI ethics is a threat to the bottom line."" Did you hear that? Without even knowing it, nonprofits have been leading the way for the ""FAANGs"" of the world, having the conversations that businesses only started to have years later. We just need to continue in a stronger, more assertive way.
There is inherent gratitude, almost a reverence, that nonprofit leaders (the ones that I've met, at least) have for their constituents. It's a respect born from the realization that they would not exist without the support of their donors and volunteers, a truism that their people are the pillars of their institution and that every thought, speech and action is born from that revered space. So when a donor asks to be anonymous, it goes without saying that we need to respect their wishes, choices and dignity. Coming from that line of thinking, this should be the foundation of AI's evolution, especially since it's not going anywhere and shouldn't. The positive ramifications that AI can have on society are awe-inspiring, but we must implement it in a way that puts the user first, with full transparency, easy-to-understand language, without discrimination and so on and so forth. The machines are learning, but we must do the teaching.
Unethical AI will only tell you what is. It can't tell you all that's possible. It doesn't have a heart, and it doesn't aspire to a better world, one with an ethical future. But we do, and we can teach it to do the same. Ask Siri the exact distance to the bottom of the Pacific Ocean, and her 1s and 0s will calculate and spit out the answer without hesitation. But ask her the meaning of life, and it just doesn’t compute.
It can also help you save time and money. A subsidiary of Google called Sidewalk Labs received a lot of backlash from citizens and local government officials after planning to build an IoT-fueled ""smart city"" in Toronto. Ethical standards were unclear, and the company had to scrap the project, losing two years of work and $50 million.
If you're in the business of building AI, a good place to start is by reading the Code of Ethics and about Blackman's seven steps to ethical AI. And for the rest of us? When in doubt, treat the people you serve like a respectable, admirable nonprofit would treat his or her mega-donors: with transparency, honesty, ethics and friendship.
Forbes Business Council is the foremost growth and networking organization for business owners and leaders. Do I qualify?
Philanthropy Futurist, co-owner of Charidy, and currently CEO of a ""Stealth Startup"" building AI for good. Read Moshe Hecht's full executive profile here.
…Philanthropy Futurist, co-owner of Charidy, and currently CEO of a ""Stealth Startup"" building AI for good. Read Moshe Hecht's full executive profile here.",Forbes
https://www.forbes.com/sites/forbescommunicationscouncil/2021/03/10/five-ai-myths-and-misconceptions-and-the-role-of-communications/,2021-03-10,Council Post: Five AI Myths And Misconceptions And The Role Of Communications,"Director of Marketing at Appen, driving responsible, unbiased AI and training data conversations with global companies
The AI gold rush is in full swing as more industries look to adopt transformative strategies that impact how we live and work. However, it's clear that between the hype, fear, uncertainty and doubt around AI, many people are confused about what widespread AI adoption means for our future. This could create a lose-lose-lose situation for the AI industry, the businesses implementing it and everyone who could benefit from it.
Fears around AI can have a negative impact on adoption and legislation, while unrealistic expectations can lead to disappointment and backlash. AI myths and misconceptions can also lead businesses to develop AI strategies that don't take into account the realities of their potential markets. For example, a financial services company relying on decades of raw historical data to train its models might end up baking in gender, race, culture and location bias in its credit risk algorithm if the company assumes that AI just learns from data without any direction.
It's imperative that those of us in the AI industry are honest and forthright about AI's capabilities, limitations, benefits and dangers, as well as the current state of the industry and the efforts organizations and regulators are making to ensure AI works as expected (and fairly) for everyone.
Recently, significant effort has been put in to identify and raise awareness around the most common AI myths and misconceptions. For example, Gartner has dedicated time and effort to dispelling some of the most common ones — all of which can generally be combatted with clearer, more straightforward communication from AI leaders and the teams that support them.
Myth No. 1: The term AI has a clear meaning.
AIMyths.org says that the term AI is so vague that ""we have people using the term AI to talk about everything from a robot that assembles pretty mediocre-looking pizzas to sci-fi fantasies about superintelligent AI overlords colonizing the universe in an epic battle against entropy."" As communicators, we need to avoid over-generalizing and be as specific as possible when it comes to the application we're talking about, which includes using the correct technical terms.
Myth No. 2: AI can be free of bias or 100% objective.
This is untrue for both cultural reasons that define objectiveness and for reasons about how AI models are built. AI that works needs to make decisions, and those decisions are influenced by training data and by the people designing the algorithm. Whether it's a simple Boolean decision machine or a more complex recommender system, I believe AI will always have some form of bias baked in and that we shouldn't claim otherwise.
Myth No. 3: AI algorithms can figure out any and all of your 'messy' data.
With AI, it's ""garbage in, garbage out,"" so teams working with messy data can't just rely on a black-box AI algorithm to figure things out. This is a recipe for customer experience nightmares. As communicators, we should try to understand what data went into creating AI-powered features or products that are now serving our customers, and whether it was well organized, intentionally labeled and thoroughly tested before being released in the world.
Myth No. 4: AI is all-powerful and can learn on its own.
People who understand very little about AI can often be led into this trap of exaggeration. AI, so far, has been mostly a statistics exercise — a very advanced and sophisticated one. When people talk about AI learning, they usually mean that there's someone auditing its output and then using the result as training data. Some algorithms can self-optimize, but only within the limits of their objective function or their designated goal. Our role as communicators is to make sure we don't overstate an AI solution's capability and that we accurately describe technical features.
Myth No. 5: AI will take your job.
Numerous variations of this myth keep appearing in the public domain. Yes, there will be a transition phase for some tasks as they become more automated. I believe it's the role of companies, governments and industry associations to make sure that they collaborate on change management plans, retraining and reassignment of workers as the reality evolves. When we communicate our AI progress, we must make sure that we include not only the automation component, but also how our teams or customers are able to better leverage their time to do more creative and productive value-added tasks when they're removed from the mundane, repetitive ones that AI now takes care of.
The only way to fight these evolving myths is to be prepared. Here are a few ways communicators can help:
• Get involved with the product teams, engineers and executives — and voice the need for responsible AI from the very beginning by outlining the costs and consequences of cutting corners.
• Evaluate AI outcomes when it comes to corporate values and the mission of the organization as a whole. Look for dissonance to flag for the product leaders.
• Get trained on the details of the product to be able to ask the right questions. Get demos, try it yourself, and partner with product marketing and solution engineers — until you're able to tell the story to your customers and stakeholders in simple terms.
• Identify fears and concerns and prepare responses for the most common challenges your customers and stakeholders might raise. Explain why you are making AI-related improvements and how they impact everyone's data, safety and privacy. Be transparent.
Fortunately, there are already initiatives underway to help lead the AI conversation in the right direction. The World Economic Forum, for example, has a dedicated platform for key stakeholders to design and test policy frameworks. Major tech companies like Google, Microsoft and others have extensive responsible AI resources.
As communicators, we absolutely must thoroughly understand AI. In the next few years, I expect that the majority of products and services will incorporate some form of artificial intelligence. Get acquainted with AI, because we owe it to the world as current and future members of the AI economy to communicate our reality in an accurate light.
Forbes Communications Council is an invitation-only community for executives in successful public relations, media strategy, creative and advertising agencies. Do I qualify?
Director of Marketing at Appen, driving responsible, unbiased AI and training data conversations with global companies. Read Titus Capilnean's full executive profile
…Director of Marketing at Appen, driving responsible, unbiased AI and training data conversations with global companies. Read Titus Capilnean's full executive profile here.",Forbes
https://www.forbes.com/sites/forbestechcouncil/2021/03/10/2021-emerging-trends-how-artificial-intelligence-will-affect-creative-decisions/,2021-03-10,Council Post: 2021 Emerging Trends: How Artificial Intelligence Will Affect Creative Decisions,"Alex is the CEO of Skylum — the team behind Luminar AI, the next-generation image editor for communicators and creative professionals.
For as long as we can remember, creative decision-making has been largely subjective.
• When a brand hires an advertising agency to come up with a ""creative"" campaign, ideas have been subjective recommendations from the agency's talent.
• When artists come up with their next creative project, ideas have been subjective based on their own personal preferences.
• When entrepreneurs come up with their next creative venture, ideas have been subjective based on what they believe the world needs next.
In the past decade, however, the subjectivity of creativity has begun to change.
More than ever, decisions within major companies and even the arts have been straying out of the realm of subjectivity and into the realm of objectivity and data. When a record label signs a new artist, it wants to see Spotify data signaling this artist's fanbase is trending up and to the right. When a car manufacturer hires an advertising agency and asks for creative campaign ideas, it wants those ideas to be backed up by data that signals emerging demand. You could even go so far as to say that before a company chooses to make new hires or change internal processes, it now wants to see data that reveals whether it's solving the right problem.
Data is quickly turning the entire creative decision-making process into a cold, hard science.
As artificial intelligence (AI) continues to transform more and more industries, this is an especially interesting area of innovation. Here are four ways data objectivity will continue to shift the way we think, make decisions and ultimately decide where to invest time, energy and resources.
Companies with a data-driven approach will become the new standard.
In the 1990s and 2000s, and even the past 10 years, only a subset of companies takes the stance of being ""data-driven."" These have historically been forward-thinking companies with products and services that allow them to capture and analyze data.
However, in a world where technology is quickly becoming a commodity, data is more abundant than ever, and ""objective creativity"" is preferable. Being known as a ""data-driven company"" is no longer a unique selling point. In fact, it's the new standard. It's expected.
A Harvard Business Review article noted that ""to fully leverage the value contained in data, companies need to bring AI into their workflows and, sometimes, get us humans out of the way. We need to evolve from data-driven to AI-driven workflows."" Another way of saying this is that we need to accept that our subjective decision-making process is just a slower, more manual version of what AI can much more effectively do on its own using more data points.
Content creation is quickly becoming commoditized.
One of the biggest areas of subjective decision-making is in the world of content creation.
When most creatives set out to capture people's attention on the internet, what they're really doing is manually and subjectively deciding what it is they think people want. What do audience members want to read? Watch? Listen to? Learn about?""
As Adobe noted in an article on the future of AI in the realm of content creation, ""An IDC survey cites that 85% of marketing professionals feel under pressure to create assets and deliver more campaigns, more quickly. In fact, over two-thirds of respondents are creating over 10 times more assets to support additional channels. This increased level of complexity is driving volume and associated costs.""
The result of this, of course, is that simply ""creating content"" is no longer a sufficient skill. AI is already creating journalism content, for example, which means the jobs of journalists and next-generation writers will be beyond the task of just writing words on a page.
Creative thinkers will move more and more into roles of data interpretation and decision-making.
Lower barriers to entry mean more creators in more industries.
As the CEO of Skylum, an AI photo-editing software suite, we are seeing — now more than ever — creatives leverage AI to achieve better results more quickly and seek out tools that lower the barrier to entry for category creation.
The way technology is impacting photography is quickly making higher-end skills such as professional editing suddenly become commonplace. With smartphones and social platforms today, you no longer need to spend eight years in photography classes to become a compelling photographer. You also don't need to spend four years in photo editing courses to masterfully edit photos.
AI is leveling the playing field. It's reducing the time investment required to start creating, which means more people in more industries will be able to unlock their creative freedom.
The result? What is considered ""professional"" today will be seen as table stakes tomorrow.
Commoditization of skill sets means more unique creations.
AI will not replace human creativity or human subjectivity; it will amplify it.
As soon as you start incorporating data analysis, automation and next-gen tools into your creative processes, you intuitively start replacing older, less effective skills with new ones. If a tool can replace a manual task, you will adopt the tool. If a dataset can more intelligently inform your next decision, you'll listen. These technological components are not here to replace human beings but rather augment our roles and responsibilities.
Creative decision-making of the future will be more of a science than an art. In many ways, it already is. We now have so many ways to measure the effects of our actions that we would be naive to think we, subjectively, can do better on our own.
The truth is that we can't, and the more we can trust technology to perform the tasks we are less equipped to handle, the more effective and valuable we will be in other areas of our lives.
Forbes Technology Council is an invitation-only community for world-class CIOs, CTOs and technology executives. Do I qualify?
Alex is the CEO of Skylum — the team behind Luminar AI, the next-generation image editor for communicators and creative professionals. Read Alex Tsepko's full executive
…Alex is the CEO of Skylum — the team behind Luminar AI, the next-generation image editor for communicators and creative professionals. Read Alex Tsepko's full executive profile here.",Forbes
https://www.forbes.com/sites/ashleystahl/2021/03/10/how-ai-will-impact-the-future-of-work-and-life/,2021-03-10,How AI Will Impact The Future Of Work And Life,"AI, or artificial intelligence, seems to be on the tip of everyone’s tongue these days. While I’ve been aware of this major trend in tech development for a while, I’ve noticed AI appearing more and more as one of the most in-demand areas of expertise for job seekers.
I’m sure that for many of us, the term “AI” conjures up sci-fi fantasies or fear about robots taking over the world. The depictions of AI in the media have run the gamut, and while no one can predict exactly how it will evolve in the future, the current trends and developments paint a much different picture of how AI will become part of our lives.
In reality, AI is already at work all around us, impacting everything from our search results, to our online dating prospects, to the way we shop. Data shows that the use of AI in many sectors of business has grown by 270% over the last four years.
But what will AI mean for the future of work? As computers and technology have evolved, this has been one of the most pressing questions. As with many technological developments throughout history, the advancement of artificial intelligence has created fears that human workers will become obsolete.
The reality is probably a lot less dire, but maybe even more complicated.
What is AI?
Before we do a deep dive on the ways in which AI will impact the future of work, it’s important to start simple: what is AI? A straightforward definition from Britannica states that artificial intelligence is “the ability of a digital computer or computer-controlled robot to perform tasks commonly associated with intelligent beings.”
“AI” has become a catchall term to describe any advancements in computing, systems and technology in which computer programs can perform tasks or solve problems that require the kind of reason we associate with human intelligence, even learning from past processes.
This ability to learn is a key component of AI. Algorithms, like the dreaded Facebook algorithm that replaced all our friends with sponsored content, are often associated with AI. But there is a key distinction.
As software journalist Kaya Ismail writes, an algorithm is simply a “set of instructions,” a formula for processing data. AI takes this to another level, and can be made up of a set of algorithms that have the capacity to change and rewrite themselves in response to the data inputted, hence displaying “intelligence.”
AI will probably not make human workers obsolete, at least not for a long time
To put some of your fears to bed: the robots are probably not coming for your jobs, at least not yet.
Given how artificial intelligence has been portrayed in the media, in particular in some of our favorite sci-fi movies, it’s clear that the advent of this technology has created fear that AI will one day make human beings obsolete in the workforce. After all, as technology has advanced, many tasks that were once executed by human hands have become automated. It’s only natural to fear that the leap toward creating intelligent computers could herald the beginning of the end of work as we know it.
But, I don’t think there is any reason to be so fatalistic. A recent paper published by the MIT Task Force on the Work of the Future entitled “Artificial Intelligence And The Future of Work,” looked closely at developments in AI and their relation to the world of work. The paper paints a more optimistic picture.
Rather than promoting the obsolescence of human labor, the paper predicts that AI will continue to drive massive innovation that will fuel many existing industries and could have the potential to create many new sectors for growth, ultimately leading to the creation of more jobs.
While AI has made major strides toward replicating the efficacy of human intelligence in executing certain tasks, there are still major limitations. In particular, AI programs are typically only capable of “specialized” intelligence, meaning they can solve only one problem, and execute only one task at a time. Often, they can be rigid, and unable to respond to any changes in input, or perform any “thinking” outside of their prescribed programming.
Humans, however, possess “generalized intelligence,” with the kind of problem solving, abstract thinking and critical judgement that will continue to be important in business. Human judgement will be relevant, if not in every task, then certainly throughout every level across all sectors.
There are many other factors that could limit runaway advancement in AI. AI often requires “learning” which can involve massive amounts of data, calling into question the availability of the right kind of data, and highlighting the need for categorization and issues of privacy and security around such data. There is also the limitation of computation and processing power. The cost of electricity alone to power one supercharged language model AI was estimated at $4.6 million.
Another important limitation of note is that data can itself carry bias, and be reflective of societal inequities or the implicit biases of the designers who create and input the data. If there is bias in the data that is inputted into an AI, this bias is likely to carry over to the results generated by the AI.
There has even been a bill introduced into Congress entitled the Algorithmic Accountability Act with the goal of forcing the Federal Trade Commission to investigate the use of any new AI technology for the potential to perpetuate bias.
Based on these factors and many others, the MIT CCI paper argues that we are a long way from reaching a point in which AI is comparable to human intelligence, and could theoretically replace human workers entirely.
Provided there is investment at all levels, from education to the private sector and governmental organizations—anywhere that focuses on training and upskilling workers—AI has the potential to ultimately create more jobs, not less. The question should then become not “humans or computers” but “humans and computers” involved in complex systems that advance industry and prosperity.
This paper is a fascinating read for anyone hoping to dive deeper into AI and the many potential directions in which it may lead.
AI Is becoming standard in all businesses, not just in the world of tech
A couple times recently, AI has come up in conversation with a client or an associate, and I’m noticing a fallacy in how people are thinking about it. There seems to be a sense for many that it is a phenomenon that is only likely to have big impacts in the tech world.
In case you hadn’t noticed, the tech world is the world these days. Don’t ever forget when economist Paul Krugman said in 1998 that “By 2005 or so, it will become clear that the Internet’s impact on the economy has been no greater than the fax machine’s.” You definitely don’t want to be behind the curve when it comes to AI.
In fact, 90% of leading businesses already have ongoing investment in AI technologies. More than half of businesses that have implemented some manner of AI-driven technology report experiencing greater productivity.
AI is likely to have a strong impact on certain sectors in particular:
Medical:
The potential benefits of utilizing AI in the field of medicine are already being explored. The medical industry has a robust amount of data, which can be utilized to create predictive models related to healthcare. Additionally, AI has shown to be more effective than physicians in certain diagnostic contexts.
Automotive:
We’re already seeing how AI is impacting the world of transportation and automobiles with the advent of autonomous vehicles and autonomous navigation. AI will also have a major impact on manufacturing, including within the automotive sector.
Cybersecurity:
Cybersecurity is front of mind for many business leaders, especially considering the spike in cybersecurity breaches throughout 2020. Attacks rose 600% during the pandemic as hackers capitalized on people working from home, on less secure technological systems and Wi-Fi networks. AI and machine learning will be critical tools in identifying and predicting threats in cybersecurity. AI will also be a crucial asset for security in the world of finance, given that it can process large amounts of data to predict and catch instances of fraud.
E-Commerce:
AI will play a pivotal role in e-commerce in the future, in every sector of the industry from user experience to marketing to fulfillment and distribution. We can expect that moving forward, AI will continue to drive e-commerce, including through the use of chat-bots, shopper personalization, image-based targeting advertising, and warehouse and inventory automation.
AI can have a big impact on the job search
If you are moving forward with the hope that a hiring manager may give you the benefit of the doubt on a small misstep within the application, you might be in for a rude awakening. AI already plays a major role in the hiring process, so much so that up to 75% of resumes are rejected by an automated applicant tracking system, or ATS, before they even reach a human being.
In the past, recruiters have had to devote considerable time to poring over resumes to look for relevant candidates. Data from LinkedIn shows that recruiters can spend up to 23 hours looking over resumes for one successful hire.
Increasingly, however, resume scanning is being done by AI-powered programs. In 2018, 67% of hiring managers stated that AI was making their jobs easier.
Despite the increasing prevalence of automation and algorithms in the hiring process, many have been critical of the use of certain types of AI by hiring managers, based on the charge that it can perpetuate and ever create more bias in hiring.
One particular example is illustrated by HireVue, a startup whose technology purports to use facial recognition software and psychology to determine the potential effectiveness of a candidate in a certain role. The Electronic Privacy Information Center filed a lawsuit with the Federal Trade Commission alleging that this software had the potential to perpetuate bias and prejudice.
It’s clear that the use of certain types of AI in the hiring process will likely be controversial as new technology develops. However, if potential employers are using AI to process your application, there is no reason that you cannot be utilizing similar technology to your advantage.
- Jobscan is an excellent resource that provides similar resume scanning to what would be used by a hiring manager. By comparing your resume to a job description, Jobscan will give you information on how to tweak your resume so that it is a good match for a certain position, with the goal of “beating” an application tracking system (ATS).
- Jobseer is a browser add-on, and another great AI-based tool for those on the job market. Based on a scan of your resume, as well as keywords and skills related to your desired jobs, Jobseer will help match you with the job listings that best fit your experience. For each listing, you get a rating based on how well you are aligned with the particular posting, as well as recommendations of skills to add to better position your resume and experience.
- Rezi: Now, as a disclaimer, I would never encourage you to turn your resume writing over to a bot. But Rezi is an awesome AI-based resume builder that includes templates to help you design a resume that is sure to check the boxes when it comes to applicant tracking systems. This is a great jumping off point to kickstart a new resume. Another great way to use this type of tool is to generate a new resume, and compare it to your current resume to see how it stacks up, and identify some areas for improvement.
AI is also a great place to focus your energy if you are looking to upskill in your career, or make your professional profile more competitive in the job market, especially when you consider that AI will have such far-reaching impacts across many industries.
AI and machine learning are at the top of many lists of the most important skills in today's job market. Jobs requesting AI or machine-learning skills are expected to increase by 71% in the next five years. If you’d like to expand your knowledge base in this arena, consider some of the great free online course offerings that focus on AI skills.
If you are tech savvy, it would be wise to dive deep and learn as much as you can about interacting in the AI space. If your skills lie elsewhere, it is important to recognize that AI will have a big impact, and to the extent of your abilities, you should try to understand the fundamentals of how it functions in different sectors.
AI is definitely here to stay, whether we like it or not. Personally, I don’t think we have anything to be afraid of. The best way to move forward is to be aware of and adapt to the new technology around us, AI included.
I'm a career coach, keynote speaker, podcast host (You Turn Podcast) and author, here to help you step into a career you're excited about and aligned with. This may look
…I'm a career coach, keynote speaker, podcast host (You Turn Podcast) and author, here to help you step into a career you're excited about and aligned with. This may look like coaching you 1:1, hosting you in one of my courses, or meeting you at one of workshops or keynote speaking engagements! I also own CAKE Publishing, a house of ghostwriters, copywriters, publicists and SEO whizzes that help companies and influencers expand their voice online. Before being an entrepreneur, I was an award-winning counterterrorism professional who helped the Pentagon in Washington, DC with preparing civilians to prepare for the frontlines of the war on terror.",Forbes
https://nypost.com/2021/03/10/facial-recognition-company-sued-by-california-activists/,2021-03-10,Facial recognition company sued by California activists,"ALAMEDA, Calif. — Civil liberties activists are suing a company that provides facial recognition services to law enforcement agencies and private companies around the world, contending that Clearview AI illegally stockpiled data on 3 billion people without their knowledge or permission.
The lawsuit, filed Tuesday in Alameda County Superior Court in the San Francisco Bay Area, contends that the New York-based firm violates California’s constitution and seeks an injunction to bar it from collecting biometric information in California and requiring it to delete data on Californians.
The lawsuit says the company has built “the most dangerous” facial recognition database in the nation, has fielded requests from more than 2,000 law enforcement agencies and private companies and has amassed a database nearly seven times larger than the FBI’s.
The lawsuit was filed by four activists and the groups Mijente and Norcal Resist, who have supported causes such as Black Lives Matter and have been critical of the policies of US Immigration and Customs Enforcement, which has a contract with Clearview AI.
“Clearview has provided thousands of governments, government agencies and private entities access to its database, which they can use to identify people with dissident views, monitor their associations and track their speech,” the lawsuit contends.
The lawsuit said Clearview AI scrapes dozens of internet sites, such as Facebook, Twitter, Google and Venmo, to gather facial photos. Scraping involves the use of computer programs to automatically scan and copy data, which the lawsuit says is analyzed by Clearview AI to identify individual biometrics such as eye shape and size that are then put into a “faceprint” database that clients can use to ID people.
The images scraped include those posted not only by individuals and their family and friends but also those of people who are inadvertently captured in the background of strangers’ photos, according to the lawsuit.
The company also offers its services to law enforcement even in cities that ban the use of facial recognition, the lawsuit alleges.
Several cities around the country, including the Bay Area cities of Alameda, San Francisco, Oakland and Berkeley, have limited or banned the use of facial recognition technology by local law enforcement.
“Clearview AI complies with all applicable law and its conduct is fully protected by the First Amendment,” said a statement from attorney Floyd Abrams, representing the company.
The company has said it saw law enforcement use of its technology jump 26% following January’s deadly riot at the US Capitol.
Facial recognition systems have faced criticism because of their mass surveillance capabilities, which raise privacy concerns and because some studies have shown that the technology is far more likely to misidentify Blacks and other people of color than whites, which has resulted in mistaken arrests.
However, Clearview AI’s CEO, Hoan Ton-That, said in a statement that “an independent study has indicated the Clearview AI has no racial bias.”
“As a person of mixed race, having non-biased technology is important to me,” he said.
He also argued that the use of accurate facial recognition technology can reduce the chance of wrongful arrests.
The lawsuit said Facebook, Twitter, Google and other social media firms have asked Clearview AI to stop scraping images because it violated their terms of service with users.
Clearview AI also is facing other challenges. A lawsuit filed in Illinois alleges the company violates that state’s biometric privacy act, while privacy watchdogs in both Canada and the European Union have issued statements of concern.
Clearview stopped operations in Canada last year. But privacy commissioners this year asked the firm to remove data on Canadian citizens, with one commissioner arguing that the system puts all Canadians “continually in a police lineup.”",New York Post
https://www.forbes.com/sites/qai/2021/03/10/top-stocks-to-buy-today-as-the-dow-surges-and-tech-gains-more/,2021-03-10,Top Stocks To Buy Today As The Dow Surges And Tech Gains More,"The 10-year yield remained steady again at 1.54%, and a report showed tame inflation, easing worries. As a result, the Nasdaq’s
Sign up for the free Forbes AI Investor newsletter here to join an exclusive AI investing community and get premium investing ideas before markets open.
Hms Holdings Corp (HMSY)
Hms Holdings Corp
Hemisphere Media Group Inc (HMTV)
Hemisphere Media Group is our next Top Buy. Hemisphere Media Group is a Spanish language media company that owns and operates a myriad of Spanish-language movie, news, and entertainment channels. Our AI systems rated the company B in Growth, B in Low Volatility Momentum, and A in Quality Value. The stock closed up 4.32% to $13.53 on volume of 110,823 vs its 10-day price average of $11.92 and its 22-day price average of $11.52, and is up 29.85% for the year. Revenue was $151.18 in the last fiscal year compared to $147.08M three years ago, Operating Income was $43.53M in the last fiscal year compared to $44.22M three years ago, EPS was $(0.03) in the last fiscal year compared to $(0.28) three years ago, and ROE was (0.95%) in the last year compared to (4.57%) three years ago. The stock is also trading with a Forward 12M P/E of 37.58.
Mettler-Toledo Intl Inc (MTD)
Mettler-Toledo is our third Top Buy for the day. The manufacturer operates in a very unique and distinct niche, and is the largest provider of the scales and weighing instruments for use in laboratory, industrial, and food retailing applications. Our AI systems rated the company F in Technicals, B in Growth, A in Low Volatility Momentum, and A in Quality Value. The stock closed up 1.11% to $1050.0 on volume of 180,571 vs its 10-day price average of $1091.23 and its 22-day price average of $1139.3, and is down 9.55% for the year. Revenue was $3085.18M in the last fiscal year compared to $2935.59M three years ago, Operating Income was $796.24M in the last fiscal year compared to $689.18M three years ago, EPS was $24.91 in the last fiscal year compared to $19.88 three years ago, ROE was 171.37% in the last year compared to 90.14% three years ago. The stock is also trading with a Forward 12M P/E of 35.34.
Monster Beverage Corp (MNST)
Monster Beverage Corp is our fourth Top Buy today. Monster Beverage Corp is a holding company focused on developing, marketing, and selling and distributing its energy drink beverages and concentrates. Our AI systems rated the company F in Technicals, C in Growth, A in Low Volatility Momentum, and A in Quality Value. The stock closed up 3.88% to $88.44 on volume of 2,493,052 vs its 10-day price average of $86.5 and its 22-day price average of $88.81, and is down 2.38% for the year. Revenue was $4598.64M in the last fiscal year compared to $3807.18M three years ago, Operating Income was $1633.35M in the last fiscal year compared to $1310.22M three years ago, EPS was $2.64 in the last fiscal year compared to $1.76 three years ago, and ROE was 30.21% in the last year compared to 26.46% three years ago. The stock is also trading with a Forward 12M P/E of 32.9.
Silvercrest Asset Mgt (SAMG)
Silvercrest Asset Mgt is our final Top Buy of the day. Silvercrest is a registered investment advisor that provides asset management and family office services to families and select institutional investors. Our AI systems rated the company C in Growth, B in Low Volatility Momentum, and A in Quality Value. The stock closed flat at $15.25 on volume of 46,378 vs its 10-day price average of $14.68 and its 22-day price average of $14.55, and is up 14.06% for the year. Revenue was $107.98M in the last fiscal year compared to $98.67M three years ago, Operating Income was $24.03M in the last fiscal year compared to $21.26M three years ago, EPS was $1.05 in the last fiscal year compared to $1.16 three years ago, and ROE was 17.37% in the last year compared to 22.48% three years ago. The stock is also trading with a Forward 12M P/E of 9.51.
Liked what you read? Sign up for our free Forbes AI Investor Newsletter here to get AI driven investing ideas weekly. For a limited time, subscribers can join an exclusive slack group to get these ideas before markets open.
Source: S&P Global Market Intelligence
Q.ai, a Forbes Company, formerly known as Quantalytics and Quantamize, uses advanced forms of quantitative techniques and artificial intelligence to generate investment
…Q.ai, a Forbes Company, formerly known as Quantalytics and Quantamize, uses advanced forms of quantitative techniques and artificial intelligence to generate investment recommendations across all asset classes. When it comes to money, no one should have to settle. We make investing less intimidating, more accessible and a lot of fun for everyone. That’s investing, reimagined.",Forbes
https://www.forbes.com/sites/qai/2021/03/10/top-stocks-to-short-today-as-the-comeback-continues/,2021-03-10,Top Stocks To Short Today As The Comeback Continues,"Tech’s sharp comeback continued for the second day in a row. After rising bond yields and inflation fears spooked investors for weeks, causing a rotation into recovery and reopening plays and out of frothy tech names, we’ve seen massive gains for the Nasdaq
Sign up for the free Forbes AI Investor newsletter here to join an exclusive AI investing community and get premium investing ideas before markets open.
Cinemark Holdings Inc (CNK)
Cinemark Holdings is our first Top Short of the day. The Texas based Cinemark owns and operates a chain of movie theatres. As the future of movie theatres is in question right now, our AI systems rated Cinemark C in Technicals, D in Growth, D in Low Volatility Momentum, and F in Quality Value. The stock closed down 2.04% to $23.98 on volume of 2,877,032 vs its 10-day price average of $23.79 and its 22-day price average of $22.3, and is up 48.39% for the year. Revenue was $686.31M in the last fiscal year compared to $3221.74 three years ago, Operating Income was $(590.82)M in the last fiscal year compared to $459.42M three years ago, EPS was $(5.25) in the last fiscal year compared to $1.83 three years ago, and ROE was (54.99%) in the last year compared to 15.3% three years ago.
Carvana Co (CVNA)
Carvana is our next Top Short. The company is a major innovator and disruptor in the car industry, and is a robust online used car dealer. Our AI systems rated Carvana F in Technicals, F in Growth, D in Low Volatility Momentum, and F in Quality Value. The stock closed up 7.97% to $260.42 on volume of 1,523,478 vs its 10-day price average of $278.01 and its 22-day price average of $286.18, and is up 10.22% for the year. Revenue was $5586.56M in the last fiscal year compared to $1955.47M three years ago, Operating Income was $(332.4)M in the last fiscal year compared to $(220.73)M three years ago, EPS was $(2.63) in the last fiscal year compared to $(2.03) three years ago, and ROE was (93.05%) in the last year compared to (100.5%) three years ago.
Liberty Media Formula One (FWONK)
Liberty Media Formula One is our third Top Short today. The company, which also has interests with Sirius XM Radio and the MLB’s Atlanta Braves, owns iconic global motorsports franchise Formula One. Our AI systems rated the media conglomerate B in Technicals, D in Low Volatility Momentum, and D in Quality Value. The stock closed up 0.5% to $45.83 on volume of 791,829 vs its 10-day price average of $45.0 and its 22-day price average of $45.19, and is up 12.14% for the year. Revenue was $1145.0M in the last fiscal year compared to $1827.0M three years ago, Operating Income was $(444.0)M in the last fiscal year compared to $(110.0)M three years ago, EPS was $(2.57) in the last fiscal year compared to $(0.65) three years ago, and ROE was (10.07%) in the last year compared to (2.67%) three years ago.
Tripadvisor Inc (TRIP)
Tripadvisor
Liked what you read? Sign up for our free Forbes AI Investor Newsletter here to get AI driven investing ideas weekly. For a limited time, subscribers can join an exclusive slack group to get these ideas before markets open.
Source: S&P Global Market Intelligence
Q.ai, a Forbes Company, formerly known as Quantalytics and Quantamize, uses advanced forms of quantitative techniques and artificial intelligence to generate investment
…Q.ai, a Forbes Company, formerly known as Quantalytics and Quantamize, uses advanced forms of quantitative techniques and artificial intelligence to generate investment recommendations across all asset classes. When it comes to money, no one should have to settle. We make investing less intimidating, more accessible and a lot of fun for everyone. That’s investing, reimagined.",Forbes
https://www.reuters.com/article/legal-us-otc-bipa/7th-circuit-wont-stay-remand-in-bipa-class-action-offering-road-map-to-state-court-idUSKBN2B22N6,2021-03-10,"7th Circuit won't stay remand in BIPA class action, offering road map to state court","If you want to know why defendants would rather litigate class actions in federal court than state court, look no further than the Senate Judiciary Committee’s 2005 report on the Class Action Fairness Act.
CAFA, as you know, allows defendants to remove class actions filed in state court to federal court, as long as the cases involve at least 100 plaintiffs, one of whom must be from outside of the defendant’s home state, and potential liability of at least $5 million.
Why not just allow those class actions to be litigated in state court? Because – at least according to the Senate Judiciary Committee at the time – state courts can’t be trusted to apply class action rules consistently. State judges all too often exercise “inadequate supervision” over class action litigation and proposed settlements, effectively ceding control to plaintiffs lawyers.
I have a less jaundiced view of class action lawyers and state court judges than the Judiciary Committee did in 2005. But I also don’t doubt that for some causes of action, plaintiffs lawyers will fight to keep class actions in state court. Surely, for instance, it’s not a coincidence that more than 80% of the class actions asserting claims under the Illinois Biometric Information Privacy Act are originally filed in state court, according to a 2019 Seyfarth Shaw study.
Cook County Circuit Court, in particular, is a magnet for BIPA class actions, said study co-author Gerald Maatman, thanks to judges who allow wide-ranging discovery, a plaintiffs-friendly jury pool, and relaxed standards of class certification. “The preference for state court is a reflection of (those) dynamics,” Maatman said in an email.
I’m offering this background as context for a decision on Tuesday by the 7th U.S. Circuit Court of Appeals that promises to make it easier for plaintiffs in BIPA class actions to litigate in state court, which is where the vast majority of them want to be.
The appeals court denied a request by the facial recognition software company Clearview AI to stay the issuance of its mandate in Thornley v. Clearview AI (984 F.3d 1241), a BIPA class action. In the Jan. 14 decision Clearview AI sought to stay, the 7th Circuit affirmed the remand of the class action to Cook County state court, ruling that plaintiffs lawyers at Silver Golub & Teitell had carefully crafted the complaint to allege only a generalized regulatory violation of the state privacy statute – not a concrete injury that would establish constitutional standing to sue in federal court. Tuesday’s one-word denial of Clearview AI’s motion means the case will move ahead in state court.
I emailed a Clearview AI spokeswoman and Clearview AI counsel Lee Wolosky of Jenner & Block about the stay denial but didn’t hear back.
As I’ve previously reported, the company told the 7th Circuit that it intended to seek U.S. Supreme Court review of the remand decision. Clearview AI argued that its case provided an opportunity for the Supreme Court to clarify constitutional standing requirements after 2016’s Spokeo Inc v. Robins (2016 WL 2842447). Plaintiffs lawyer David Golub told the 7th Circuit in his brief opposing the stay that Clearview AI’s motion appeared to be simply a delay tactic, since it would be “bizarre” for a class action defendant actually to ask the Supreme Court to expand its rules on standing to sue for mere statutory violations.
Golub told me there’s a particular reason why he and his clients wanted to keep the Clearview AI class action in state court. The company is facing a plethora of federal lawsuits that were consolidated in a multidistrict litigation last December. The MDL includes cases asserted under the privacy laws of many different states, Golub said. So if Clearview had succeeded in keeping his clients’ class action in federal court it would have been swallowed up in a complex MDL. In state court, Golub said, the case can move much more quickly.
Golub said BIPA plaintiffs can plead their way out of federal court because of the idiosyncrasy of Illinois standing law and state-law precedent on BIPA claims. As the 7th Circuit has acknowledged in other BIPA rulings, Illinois has more lenient standing requirements than federal courts when it comes to alleging an injury. And in 2019’s Rosenbach v. Six Flags (129 N.E.3d 1197), the Illinois Supreme Court specifically held that plaintiffs can bring BIPA cases based only on bare statutory violations, without alleging an actual injury.
That’s how Golub very deliberately pled the Thornley class action, which claims only that Clearview AI violated BIPA’s statutory prohibition on profiting from the unauthorized sale of biometric data. As the 7th Circuit said in its January decision affirming the remand to state court, “allegations matter.”
By refusing to delay the remand, the appeals court underlined that conclusion. Not every class action plaintiff who would prefer state court will be able to tailor pleadings to get around CAFA. But BIPA plaintiff who heed the 7th Circuit’s ruling in Thornley can.
Opinions expressed here are those of the author. Reuters News, under the Trust Principles, is committed to integrity, independence and freedom from bias
Our Standards: The Thomson Reuters Trust Principles.",Reuters
https://www.forbes.com/sites/forbestechcouncil/2021/03/11/risk-management-the-tip-of-the-ai-ceberg/,2021-03-11T14:12:10Z,Council Post: Risk Management: The Tip Of The AI-Ceberg,"Co-Founder and Chief Enterprise AI Architect, ModelOp.
Many of the companies that I work with are large, diversified, non-digital-native enterprises. I call them ""SuperPowers,"" though I'd welcome a better name. They're generally Fortune 1000 or even Fortune 100 organizations — a significant percentage of which are in regulated industries like financial services.
Most of these companies were directly impacted by the financial crisis of 2008 and made significant changes to their risk management functions in the wake of the crisis. In many cases, their enterprise compliance and risk management groups — which had always been important but were rarely the center of attention — moved to the core of corporate governance and became directly accountable to the board.
In support of this development, many SuperPowers — financial services companies in particular — centralized and fortified their governance functions and implemented systems and processes that gave them visibility and control for risk management on an enterprise-wide basis. Yet, even those companies that have mature governance practices in place are facing new challenges wrought by the rapid and broad adoption of AI. Further, many of the SuperPowers in less-regulated industries may be especially vulnerable to new risks that stem from wide use of AI technology.
It's fairly easy to see how AI can create risks for companies in regulated industries like financial services. For example, banks need to demonstrate to internal and external auditors that their financial models are sound. Traditional model risk management (MRM) systems accomplish this for those traditional models that require scrutiny for compliance with explicit regulations. However, the overwhelming diversity, volume, complexity and dynamism of AI models — for example, machine learning, knowledge graph, rules-based, optimization, linguistic and agent-based models — are quickly overwhelming traditional MRM systems. Additionally, as AI is used to automate decisions that touch the bank's customers directly, such as approving or denying loan applications, they also need to be able to prove that AI-driven decisions are fair and free of bias. But, as AI is used to automate decisions across a broad range of operations and industries, new and perhaps less obvious vulnerabilities are opening up. Consider these scenarios:
• A manufacturer that uses AI to drive product design decisions finds that a machine-learning model made errors, leading to a serious customer safety issue. To defend against liability, the company is challenged to prove that their AI model was properly developed and maintained.
• The HR department in a large retailer uses a third-party software tool to assess employees and make compensation and career advancement decisions. The tool incorporates capabilities that allow a ""citizen data scientist"" — in this case an HR manager with no data science or risk management background — to create and deploy AI models to assess employees and determine salaries, bonuses and promotions. The model is deployed and operated without any involvement from the risk management or compliance teams. An employee passed over for a promotion claims that the AI model suffers from bias, sues for unfair labor practices and challenges the company to prove that the model is fair.
These are just a few of the real-world challenges that enterprises of all types may soon face as AI becomes more widely and routinely employed. Indeed, Gartner predicts that 50% of AI use cases will be assessed for risk by 2024, and 15% of application leaders will face board-level investigations into AI failures by 2022. Clearly, it's well past time to pay attention to AI compliance.
The governance challenges posed by broad adoption of AI technology by SuperPower companies are exacerbated by several factors. A key challenge is that AI technology is evolving rapidly, and there is no evidence of convergence toward a single platform for developing, deploying and managing AI models in production. Each business unit has unique needs, and data scientists demand the ability to use the most appropriate tool for each use case. This is confirmed by industry reports showing that organizations with active AI programs already have, on average, more than four AI development tools in use by their data science teams at any given time. As such, it isn't possible to base their risk management, compliance, monitoring and control solutions on any single AI model development or deployment platform.
Therefore, companies in general, and SuperPowers in particular, need to strike the proper balance between empowering their organizations to use AI while managing the risks to the enterprise. With its comprehensive focus on the entire business, technology and analytic operations life cycles of all AI models, ModelOps is, among other things, the capability that allows the enterprise risk functions to gracefully accept and integrate the very real impact of AI Initiatives on enterprise risk.
When getting started with ModelOps, consider the following steps, although implementing an effective ModelOps program is a project with significant depth and scope, it is neither necessary nor desirable to address it as a monolithic project:
• Designate the appropriate member(s) of the CIO and Chief Risk organization to lead the enterprise ModelOps effort.
• Identify candidate model(s) for initial implementation and identify all of the key stakeholders from all parts of the organization.
• Identify the key business and technical KPIs, operational requirements, the regulatory and compliance requirements and the reporting requirements.
• Design end-to-end life cycle(s) for the model(s), inclusive of the required controls and ongoing monitoring.
• Select an Enterprise ModelOps software solution to provide the framework for the ModelOps program.
• Integrate the ModelOps solution with the data science tools, the DataOps, DevOps and ITOps systems, the business applications and analytics tools, risk management systems and the enterprise IT shared services stack.
• Create the reporting dashboards and implement the alerting systems and triggers.
• Run the model through the life cycle, monitor and measure and track key parameters against targets.
• Identify learnings, adjust the processes as necessary and bring on more models.
ModelOps is also the foundational capability of the AI Orchestration Platform, an emerging and key business technology component within the SuperPowers and other diversified organizations that are riding the rapid AI transformation.
Forbes Technology Council is an invitation-only community for world-class CIOs, CTOs and technology executives. Do I qualify?
Co-Founder and Chief Enterprise AI Architect, ModelOp. Read Stu Bailey's full executive profile here.
…Co-Founder and Chief Enterprise AI Architect, ModelOp. Read Stu Bailey's full executive profile here.",Forbes
https://www.forbes.com/sites/forbestechcouncil/2021/03/11/five-reasons-why-aiml-should-be-top-of-mind-in-2021/,2021-03-11,Council Post: Five Reasons Why AI/ML Should Be Top Of Mind In 2021,"Chief Technology Officer at Integrity Management Services, Inc., where she is leading cutting-edge technology solutions (AI) for clients.
By now, most organizations have experimented with implementing a machine learning (ML) solution or playing with prototypes of artificial intelligence (AI) algorithms. While the use cases of AI/ML have been exponentially increasing, many organizations — including commercial, nonprofit and government agencies — have not factored AI/ML into their business strategy.
AI/ML applications bring about the convergence of analytics, data science and automation that accelerate successful digital transformations and fuel business outcomes. This has also led to indirect benefits like improving customer or citizen services and boosting top-line growth. According to McKinsey, ""AI could potentially deliver an additional economic output of around $13 trillion by 2030, boosting global GDP by about 1.2% a year.""
Every organization is challenged to remain competitive in the market, increasing revenue and reducing operating costs. AI is the single most powerful tool that organizations are using to make informed decisions, drive new lines of revenue, attract new customers and optimize costs of business operations.
As you look forward to your organization's goals for 2021, implementing AI/ML systems might be something to consider. They provide the following benefits not just for this year but in the future as well:
1. Increase organizational performance.
In the context of AI increasing organizational performance, a question to consider is, ""How is AI automating a manual process or improving interdepartmental processes?"" There are several use cases of AI-related technologies — such as ML, deep learning and natural language processing (NLP) — that could be used to produce reliable, relevant, dynamic and intelligent information that can help with decision making. One example is the use of NLP-based chatbots in customer service that can be used to answer most questions by a customer and, in case of a complex query, can seamlessly pass it on to a human representative. They also offer backend integrations with APIs with their case management or ERP systems.
2. Reduce operational costs.
As companies work toward regaining their foothold in a post-pandemic world, one of the key focus areas would be to reduce operating costs. In general, the increased adoption of AI can be attributed to automating manual or statistics-driven tasks that save time on repetitive tasks and increases focus on high-value jobs. Use cases of machine learning that most commonly led to cost decreases are optimization of inventory or pricing, contact-center automation and claims processing.
3. Launch innovative products.
Being competitive in the marketplace is imperative for every commercial organization in the post-pandemic world. One way enterprises are using AI is to launch new product lines to capture market share or establish new lines of revenue. Under Armour, the fitness brand, uses machine learning to automatically identify precise user segments to create highly customized fitness recommendations. This gives Under Armour a competitive edge in the marketplace in terms of new and innovative product offerings.
4. Meet customer expectations.
As customers drive environmental conservation efforts and a switch to the electric car, most automobile manufacturers have taken note. Autonomous car features often accompany electric car expectations. Most traditional car manufacturing companies have started invested heavily in research and development of autonomous vehicle technology. This involves multiple artificial intelligence technologies like vision recognition, machine learning, expert autonomous systems, etc. Cruise, by General Motors, is one such example of foray into the self-driving car space.
5. Introduce new lines of revenue.
While most enterprises benefit from the cost savings that machine learning applications provide, there are some examples of ML systems that can bring in new revenue lines. One such example is Australia's leading energy company, AGL. For the past three years, AGL has been using machine learning in various innovative ways to manage and analyze its 3.7 million customers' energy usage. They used this to enable a new product called ""virtual power plant"" to allow customers to give back energy to the grid. This product has helped AGL generate additional revenue.
AI and ML applications provide incredible opportunities — both in cost savings and revenue growth, depending on the use case. Organizations that have implemented machine learning algorithms in the last three to five years see a return on investment today. If your enterprise has not included AI/ML in your business strategy, it is time to consider focusing on it in 2021 to remain competitive in the marketplace as well as generate new lines of revenue while meeting customer expectations.
Forbes Technology Council is an invitation-only community for world-class CIOs, CTOs and technology executives. Do I qualify?
Chief Technology Officer at Integrity Management Services, Inc., where she is leading cutting-edge technology solutions (AI) for clients. Read Swathi Young's full
…Chief Technology Officer at Integrity Management Services, Inc., where she is leading cutting-edge technology solutions (AI) for clients. Read Swathi Young's full executive profile here.",Forbes
https://www.forbes.com/sites/michaelspellacy/2021/03/11/go-big-or-go-home-asset--wealth-managers-need-to-seize-the-day-on-ai/,2021-03-11,Go Big Or Go Home: Asset & Wealth Managers Need To Seize The Day On AI,"The world’s stewards of capital have realized that they can’t do without artificial intelligence (AI), the technology that generates insights from mountains of data to drive enterprise value.
But not everyone is moving at the same speed. A gulf is opening up between the leaders, who have taken the plunge and industrialized and scaled AI across their organization, and those who are merely dipping their toes in the water. Some asset managers are now reaping up to 300 basis points (bps) of alpha through the use of a full, comprehensive range of AI solutions, according to Accenture
It is tempting to apply Leo Tolstoy’s theory about happy and unhappy families when explaining what AI leaders get right, and what the stragglers get wrong. The leaders all seem to avoid the major pitfalls, but a single flaw in an AI strategy – whether that is technical, cultural or governance-related – is often enough to doom a firm to failure. But one thing is certain: If asset and wealth managers want to establish themselves as AI leaders, they should call time on their science experiments with the technology. And there are plenty of firms marooned at the experimenting stage: More than seven in ten (72%) wealth managers Accenture surveyed in the fall say they are running siloed proof of concept projects or deploying AI in targeted business groups.
It’s not by accident that AI has found a niche in the data-rich domain of capital markets. Firms are using the technology to anticipate equity performance, predict FX rates, and gauge the risk appetite of new clients. They’re also increasingly certain that AI is making a real, positive difference. Nearly five in ten (45%) asset managers we surveyed say it’s now possible to attribute their alpha boost to AI.
This is why firms cannot afford to ‘wait and see’ any longer. It takes time to develop AI: Even the most rudimentary machine learning (ML) model needs a mountain of training data, and if firms need systems to do anything more complicated, then it will take even longer. Neither can firms assume that they will thrive by being fast followers, because then they are more likely to opt for generic AI systems that generally add less business value. Meanwhile, as capital markets are seeing declining alpha from ‘normal’ businesses, this means that many firms might be running faster just to stay still.
But capital markets firms taking the plunge can study the governance and culture of AI leaders. The successful firms avoid AI strategies that are a patchwork of small-scale pilots, prototypes and trials because they know this piecemeal approach will seldom bear fruit. Instead, they set out a bold vision for adopting AI at scale across their organizations.
This does not mean iron-hand central governance structures and micromanagement, but the opposite: Governing and stepping away. Companies should decide on the overall direction of the travel on AI and then delegate to business and portfolio managers. This allows domain experts to work side-by-side with data scientists on data mining, signal generation, intelligent optimization, and predictive techniques. If firms still count on a small team of scientists who are responsible for an entire company’s AI strategy, they’re headed in the wrong direction.
As they delegate, boards and top executives should underline the importance of data and data management to the business, as there’s a clear correlation between AI success and the volume and breadth of data. Nearly half of asset managers in our research have caught on, and are now using unstructured or alternative data, whether it’s satellite imagery, weather patterns or transaction data, Over time, firms may not even draw the distinction, because there’s nothing ‘alternative’ about highly predictive data that can help an ML model generate better insights. But these data mountains also require deft management, and only one in two asset managers surveyed are taking the time to normalize and standardize data ingestion.
There’s no doubt that AI can transform the middle and back office, but as they draw up their bold plans for the technology, firms should not neglect the place where real enterprise value lives: The customer experience. Many (65%) wealth managers believe AI can create the most long-term value in the middle or back office, while only 35% think it’s in improving the client experience and engagement.
But these issues pale in comparison to the inability of some firms to exit the AI experimentation phase and enter the era of large-scale production. If asset and wealth managers don’t move fast to achieve scale with good data, governance and culture, they will pay a hefty price.
I am a seasoned Capital Markets leader with nearly 30 years of experience across the industry. My broad experience from previous senior executive roles across wealth and
…I am a seasoned Capital Markets leader with nearly 30 years of experience across the industry. My broad experience from previous senior executive roles across wealth and asset management, consulting and hedge funds allows me to bring a unique perspective on the industry and our markets. Currently, I am a senior managing director and head of the global capital markets industry group at Accenture, responsible for our wealth and asset management, investment banking and exchanges practices. I have—amongst others—a passion and a track record in developing and implementing innovative technologies in the financial services industry, especially in the data, analytics and artificial intelligence space, and I have been responsible for running multiple large scale transformation programs in the capital markets industry.",Forbes
https://www.cnbc.com/2021/03/11/google-deepmind-selects-new-york-for-new-ai-research-hub.html,2021-03-11,DeepMind is building a team of A.I. researchers in New York,"LONDON — DeepMind, the U.K. artificial intelligence lab acquired by Google in 2014, has quietly hired a team of researchers in New York.
The company — widely regarded as one of the leading AI firms in the world — hired Facebook AI Research (FAIR) co-founder Rob Fergus to lead its New York team last June. Several people have joined Fergus's team in the last few months and DeepMind is actively recruiting in the city.
""Last year we were delighted to have computer vision and deep learning pioneer Rob Fergus join our team,"" a DeepMind spokesperson told CNBC. ""Rob is based in New York and this exciting role will be a key part of his growing team there.""
DeepMind declined to say how many people it has in New York but LinkedIn analysis suggests the number is between 10 and 15. ""There is a small core group right now, which we'll carefully grow over time,"" a spokesperson said. The team is currently working from home but DeepMind said they'll work out of a Google building once lockdown restrictions are lifted.
While FAIR has less than 400 people, DeepMind employs around 1,000 people worldwide, with the bulk of those based at its London headquarters. The remainder are spread across satellite outposts in Mountain View (where Google is headquartered), Alberta, Montreal, and Paris.
New York is home to several prestigious AI labs at universities including New York University and Cornell Tech. But beyond FAIR and Google AI, there aren't many large industry AI labs in the city — Google Brain doesn't have a significant presence there, for example.
Fergus is splitting his time across DeepMind and NYU, where he is a professor of computer science at the Courant Institute of Mathematical Sciences. He previously spent time at Oxford, MIT, and Caltech and has won a number of awards for his work.
Perhaps unsurprisingly, DeepMind has already hired several intellectual heavyweights in New York. NASA AI advisor Alexander Lavin joined the company in November 2020, former Googler Christine Kaeser-Chen joined as a staff research engineer in February, and Harvard graduate Ishita Dasgupta joined in December.
Joining the rival
DeepMind and FAIR have been battling it out to hire the best AI talent in the world for almost a decade. They're hoping that these top AI researchers, who are sometimes paid around $1 million a year, will be able to create AI technology that can be harnessed by Google and Facebook, respectively.
Fergus co-founded FAIR, which is a direct rival to DeepMind, with AI pioneer Yann LeCun in 2013.
In Sept. 2018, when Fergus was at FAIR's New York office, he said in an interview that he was spending most of his time recruiting research scientists. At the time, he said that virtually everyone FAIR makes a job offer to also has an offer from the likes of Google, Amazon or Intel.
He added that FAIR tries to attract people by talking about its close relationships with academia and Facebook's product teams, as well as the fact that they open source the code on the vast majority of their research papers, which DeepMind hasn't always done.",CNBC
https://www.forbes.com/sites/qai/2021/03/11/top-stocks-to-buy-today-as-dow-hits-another-record-and-tech-recovers/,2021-03-11,Top Stocks To Buy Today As Dow Hits Another Record And Tech Recovers,"As the 10-year yield remained little changed at 1.51%, inflation fears continued easing, and jobless claims once again beat expectations. As a result, tech’s comeback continued with a vengeance. Tesla
Sign up for the free Forbes AI Investor newsletter here to join an exclusive AI investing community and get premium investing ideas before markets open.
Cisco Systems Inc (CSCO)
A big, old-school tech name is our first Top Buy today — Cisco Systems Inc
Kla Corp (KLAC)
Kla Corp
Lam Research Corp (LRCX)
Lam Research Corp is our final Top Buy. The company is a giant in manufacturing and producing semiconductor equipment. With what seems to be a shortage in semiconductor supply that cannot keep up with demand, pay close attention to this company in the next few months. Our AI systems rated Lam Research F in Technicals, A in Growth, B in Low Volatility Momentum, and B in Quality Value. The stock closed down 4.56% to $518.7 on volume of 1,972,493 vs its 10-day price average of $547.96 and its 22-day price average of $559.66, and is up 8.51% for the year. Revenue grew by 18.76% in the last fiscal year and grew by 7.69% over the last three fiscal years, while Operating Income grew by 27.93% in the last fiscal year and grew by 6.45% over the last three fiscal years, and EPS grew by 33.35% in the last fiscal year, and grew by 52.89% over the last three fiscal years. Revenue was $10044.74M in the last fiscal year compared to $11077.0M three years ago, Operating Income was $2673.8M in the last fiscal year compared to $3213.3M three years ago, EPS was $15.1 in the last fiscal year compared to $13.17 three years ago, and ROE was 45.74% in the last year compared to 35.75% three years ago. Forward 12M Revenue is expected to grow by 3.74% over the next 12 months, and the stock is trading with a Forward 12M P/E of 20.1.
Monster Beverage Corp (MNST)
Monster Beverage Corp is our fourth Top Buy today. Monster Beverage Corp is a holding company focused on developing, marketing, and selling and distributing its energy drink beverages and concentrates. Our AI systems rated the company F in Technicals, C in Growth, A in Low Volatility Momentum, and A in Quality Value. The stock closed up 1.09% to $89.4 on volume of 2,104,512 vs its 10-day price average of $86.62 and its 22-day price average of $88.73, and is down 1.32% for the year. Revenue was $4598.64M in the last fiscal year compared to $3807.18M three years ago, Operating Income was $1633.35M in the last fiscal year compared to $1310.22M three years ago, EPS was $2.64 in the last fiscal year compared to $1.76 three years ago, and ROE was 30.21% in the last year compared to 26.46% three years ago. The stock is also trading with a Forward 12M P/E of 33.26.
Xpo Logistics Inc (XPO)
Our final Top Buy today is Xpo Logistics Inc
Liked what you read? Sign up for our free Forbes AI Investor Newsletter here to get AI driven investing ideas weekly. For a limited time, subscribers can join an exclusive slack group to get these ideas before markets open.
Source: S&P Global Market Intelligence
Q.ai, a Forbes Company, formerly known as Quantalytics and Quantamize, uses advanced forms of quantitative techniques and artificial intelligence to generate investment
…Q.ai, a Forbes Company, formerly known as Quantalytics and Quantamize, uses advanced forms of quantitative techniques and artificial intelligence to generate investment recommendations across all asset classes. When it comes to money, no one should have to settle. We make investing less intimidating, more accessible and a lot of fun for everyone. That’s investing, reimagined.",Forbes
https://www.forbes.com/sites/qai/2021/03/11/top-stocks-to-short-today-as-nasdaq-pops-again/,2021-03-11,Top Stocks To Short Today As Nasdaq Pops Again,"Just as quickly as Nasdaq
Sign up for the free Forbes AI Investor newsletter here to join an exclusive AI investing community and get premium investing ideas before markets open.
Cardlytics Inc (CDLX)
Our first Top Short of the day is Cardlytics Inc. Cardlytics is an advertising platform for the digital channels of banks, and works with over 163M bank customers. The company also recently acquired Dosh to help its digital advertising. Our AI systems rated the company B in Technicals, F in Growth, F in Low Volatility Momentum, and D in Quality Value. The stock closed down 1.25% to $127.37 on volume of 390,733 vs its 10-day price average of $129.69 and its 22-day price average of $140.68, and is down 6.13% for the year. Revenue was $186.89M in the last fiscal year compared to $150.68M three years ago, Operating Income was $(50.94)M in the last fiscal year compared to $(40.92)M three years ago, EPS was $(2.04) in the last fiscal year compared to $(2.79) three years ago, and ROE was (36.89%) in the last year compared to (253.26%) three years ago.
Laureate Education Inc (LAUR)
Laureate Education Inc is our second Top Short of the day. Laureate Education is a Baltimore-based education company, and owns and operates universities with campuses in Mexico and Peru. Our AI systems rated the company D in Technicals, D in Growth, C in Low Volatility Momentum, and F in Quality Value. The stock closed up 0.94% to $13.92 on volume of 615,249 vs its 10-day price average of $13.7 and its 22-day price average of $14.15, and is down 2.73% for the year. Revenue was $1024.92M in the last fiscal year compared to $1144.57M three years ago, Operating Income was $112.32M in the last fiscal year compared to $48.42M three years ago, EPS was $(2.93) in the last fiscal year compared to $1.74 three years ago, and ROE was (12.62%) in the last year compared to (9.41%) three years ago.
Nanostring Technologies Inc (NSTG)
NanoString Technologies is our next Top Short. The company is a biotech company specializing in the development of cancer diagnostics tools. Our AI systems NanoString Technologies rated C in Technicals, F in Growth, D in Low Volatility Momentum, and D in Quality Value. The stock closed up 0.55% to $60.66 on volume of 836,760 vs its 10-day price average of $66.06 and its 22-day price average of $72.51, and is down 6.2% for the year. Revenue was $117.32M in the last fiscal year compared to $106.73M three years ago, Operating Income was $(88.05)M in the last fiscal year compared to $(69.39)M three years ago, EPS was $(2.82) in the last fiscal year compared to $(2.78) three years ago, and ROE was (53.55%) in the last year compared to (201.1%) three years ago.
Tripadvisor Inc (TRIP)
Tripadvisor
United States Steel Corp (X)
Pittsburgh based steel producer United States Steel, or US Steel, is our final Top Short of the day. As of 2018, US Steel was the world's 27th-largest steel producer and second-largest domestic producer behind Nucor
Liked what you read? Sign up for our free Forbes AI Investor Newsletter here to get AI driven investing ideas weekly. For a limited time, subscribers can join an exclusive slack group to get these ideas before markets open.
Source: S&P Global Market Intelligence
Q.ai, a Forbes Company, formerly known as Quantalytics and Quantamize, uses advanced forms of quantitative techniques and artificial intelligence to generate investment
…Q.ai, a Forbes Company, formerly known as Quantalytics and Quantamize, uses advanced forms of quantitative techniques and artificial intelligence to generate investment recommendations across all asset classes. When it comes to money, no one should have to settle. We make investing less intimidating, more accessible and a lot of fun for everyone. That’s investing, reimagined.",Forbes
https://www.forbes.com/sites/stevenbertoni/2021/03/11/exclusive-imax-ceo-and-ai-founder-launch-company-to-make-your-tv-obsolete/,2021-03-11T20:18:32Z,Exclusive: IMAX CEO And AI Founder Launch Company To Make Your TV Obsolete,"It was supposed to have been a vacation.
In February 2020, a few weeks before the Covid pandemic would wreak havoc on his global theatre empire, IMAX CEO Richard Gelfond flew to St. Barths to visit his friend Daniel Nadler. Nadler had founded the AI-powered fintech start-up Kensho in 2013 and sold it to S&P Global for $550 million in 2018. After a few years in S&P's executive ranks, Nadler stepped away from the business world and was living the island life.
But island life for Nadler—who, while getting his Ph.D. in econometrics at Harvard, launched Kensho and published a book of poetry—has little to do with hammocks and coconut cocktails. Nadler's new hobby was creating AI-powered art under the pseudonym Daniel Wallace. His works used machine learning to develop ultra-high-definition images of people who never existed, and life-like 3D printed statues. The technology needed for his new hobby didn't yet exist. Inspired by George Lucas’s Industrial Light and Magic, Nadler started a visual effects firm called Maximus to develop tech tools.
At St. Barths, Nadler shared with Gelfond his ultra-high-resolution art. ""Rich asked, 'that thing you just showed me—do you think the tech could display the Superbowl in ultra-HD in real time?"" says Nadler. The beach trip quickly turned all business.
""It was obvious that the combination of IMAX technology and where the world was going would we had so much in common with Daniel and what his team was doing with artificial intelligence,"" says Gelfond. ""We figured out we needed to be in business together.""
The business is IMAX AI—a joint venture between IMAX and Nadler's Maximus studio. The company, which launched in March 2020, will combine IMAX's technology, data, and image library with Maximus's machine learning to build TVs that can display live programs, streaming shows, and movies (both new and old) in ultra-HD. Although Gelfond and Nadler revealed the new company today, they remain tight-lipped about details on product and launch dates.
Gelfond and Nadler do say that IMAX AI will soon develop two core products. The first will be a brand of ultra-high-end TVs for wealthy home theatre customers. The second will be software they can license to brands like Samsung and LG to deliver true HD to the masses. ""It's the Nvidia model,"" says Nadler, referencing the computer giant. ""They make the highest-end supercomputers you can buy, and also the chips that power machines for everyday users.""
While you might have a high-def, 4K TV—most series, sports and films you watch on it are shot and broadcasted at a lower quality. Filming and editing in 4K is expensive and time-consuming—the same goes for remastering older films.
IMAX AI aims to use its computing power to instantly enhance the picture quality of any content—just as your smartphone software can automatically improve a photo. How? By training algorithms on millions of and images, the IMAX AI software can identify objects and smooth and sharpen video by filling in the blanks. To oversimplify it—it's a high-tech version of filling in missing puzzle pieces in real-time.
For IMAX's Gelfond, the joint venture is crucial to diversify his product and expand his brand from the theatre to the home. It's a plan that's been in the works for a while—and made ever-urgent as Covid-19 creates massive rifts in the entertainment landscape. (Shares of IMAX plunged more than 60% in March 2020 but have recovered to pre-pandemic levels with a market cap topping $1.3 billion.)
Nadler says that AI software is only as good as the data you feed it. One of the reasons he sold his fintech start-up Kensho to S&P Global was because the financial rating and research firm had the best economic datasets in the market. He sees the same opportunity with IMAX. ""This eerily rhymes with what we did at Kensho,"" says Nadler. ""IMAX has spent decades building the world's primary brand for ultra-high-definition images and image data.""
When the image data and AI software turn into a marketable product remains unknown. ""It’s not sometime in the distant future. We're two hungry people that see an opportunity right now,"" says Nadler. ""The moment has been created by COVID, by streaming, and by people changing how and where they spend their time. We're going after it all with deliberate speed.""
I lead the Forbes CEO Network and cover leadership, technology, startups, entrepreneurs, investing, and finance. Write the Forbes CEO Newsletter. Former Editor of the
…I lead the Forbes CEO Network and cover leadership, technology, startups, entrepreneurs, investing, and finance. Write the Forbes CEO Newsletter. Former Editor of the Forbes Under 30 and Podcast Host of the Forbes Interview. Founder of the Forbes Opportunity Zones Summit.",Forbes
https://www.forbes.com/sites/anniebrown/2021/03/11/for-product-entrepreneurs-go-to-market-has-never-been-faster-or-smarter-thanks-to-the-strategic-use-of-artificial-intelligence/,2021-03-11,"For Product Entrepreneurs, Go-To-Market Has Never Been Faster Or Smarter Thanks To The Strategic Use Of Artificial Intelligence","The majority of new products fail, despite the good intentions and aspirations of the entrepreneurs behind them. There are multiple reasons as to why, but without the right product research upfront, entrepreneurs risk investing thousands of dollars without any reliable data as to whether their idea is viable, manufacturable or in demand - all to achieve the necessary margins to run a profitable business.
Many try it and never do it again because they lost money, had unreasonable expectations or got stuck somewhere in the process. Predictive analytics, better data around product engineers, and supply chain AI is helping entrepreneurs be more efficient, choose the right ideas and partner with the best resources.
If entrepreneurs want to compete by bringing the right product to market at the right time and cost to be profitable, they need to become more efficient and have good data. This is especially important for entrepreneurs hoping to bring a physical product to market.
“For SaaS entrepreneurs or any entrepreneur in the digital realm, they aren't having to source parts from around the world or find a manufacturer in China,” says Henrik Johansson, co-founder and CEO of Gembah. “They may source engineering talent, but they are not producing a physical product that requires a variety of resources.”
Product entrepreneurs minimize upfront risks when they have better data and answers around the viability of a product, where waste exists, and how to produce products efficiently. New innovation around how to use AI to simplify the complex product development process removes the manual work required to find these resources so that product entrepreneurs can bring products to market faster, better and more affordably.
Predictive Analytics For Market-Fit
The use of predictive analytics can now enable users to model scenarios and virtually test the market before they continue to invest in development. This due diligence can save them incredible amounts of money and time, helping them avoid common mistakes.
“Predictive analytics helps entrepreneurs assess a product idea or concept before investing the money to actually make it,” says Johansson. “It can identify consumer trends, market readiness, product viability and more.”
For instance, predictive analytics technologies can show search frequency ratings (SFR) from popular eCommerce sites to demonstrate how often a search term or keyword is searched for on a daily basis over time. Product innovators can also use predictive analytics to see how pricing is moving on a product over time so they can assess competitive trends and pricing pressure, and to determine whether the COGS and margins are there.
“By looking at the competitive landscape through the lens of an AI, an entrepreneur
can determine how hard it is to get to the top of page one on Amazon or other online platforms,” says Johansson. “This qualitative and quantitative research is essential to determine whether a creator or entrepreneur should continue to develop a product idea or if certain modifications would make the product viable.”
In other words, predictive analytics helps entrepreneurs determine the ""should"" before they hit “go” and invest money.
Machine Informed Engineer Selection
When it comes to money, the manufacturability of a product is as big a part of the decision to develop a product as anything else - and often the most expensive. It costs money to design and manufacture prototypes, so the fewer iterations, the better.
Sophisticated entrepreneurs are now using AI to not only find the most appropriate designers/engineers for the product, but they can leverage it to identify issues with design files that could lead to roadblocks and unnecessary costs.
“AI optimizes design specifications and minimizes disruptions and costs associated with difficult designs that are more expensive to manufacture,” says Johansson. “This cuts waste and ensures the finished product will have the necessary margins for profitability.”
Perhaps one of the biggest challenges physical product entrepreneurs face is finding the ideal designers and engineers for a product. The better the fit, the faster they can develop products. Products are more likely to be successful with a comprehensive research phase and excellent, specialized designer/engineer talent.
“It’s common for entrepreneurs to find designers and engineers based on referrals or from firms who assign designers based on availability,” Johansson continues. “But these people don't always have specialized experience with their product or product type. The result is time-consuming back-and-forth editing and poor design choices that could have been avoided had they worked with a designer and/or engineer with specific product experience.”
Utilizing AI can help entrepreneurs avoid common pitfalls, as well as guide them to the best possible design team based on experience-related data.
Smarter Supply Chains
COVID-19 and the recent winter storms in Texas revealed the vulnerability of supply chains. Entrepreneurs recognize they need to diversify their supply chains if they want to maintain adequate stock without incurring additional costs. AI helps identify supply chain vulnerabilities and waste before they become problems and then suggests alternative options as to the next best action.
Advanced analytics can also help entrepreneurs be more efficient with shipping and logistics. For instance, it considers weather and climate issues, as well as global market volatility and demand.
“A resilient and sustainable supply chain is able to adapt, eliminate waste and leverage opportunities for continual improvement,” adds Johansson. “That could be in efficiency, cost reductions, disaster recovery and/or responsiveness.
“AI is evolving, and the opportunities to leverage AI to improve processes are endless. We are just now capitalizing on some of its capabilities. As we find new ways of integrating AI into the Gembah platform, we expect it will reinvent product development.”
Legal Matters
With respect to the legal industry, AI is making legal service providers' jobs easier in multiple ways, including through document preparation and population, research, analytics and communications.
“Some up and coming legal tech companies are showing AI as helping with client retention and responsiveness, and voice enabled AI platforms are making it easier to cut out a live attorney interaction and improve with backlog,” says Rose Bowlus of Rose Bowlus Law, specializing in commodities, securities and financial services.
Bowlus also believes that AI can help low-income and minority product entrepreneurs overcome historic barriers to entry. “AI can help identify and measure biases,” says Bowlus.
“Obtaining data on how low-income and minority entrepreneur created products have performed in certain industries can be key to identifying disadvantages and to help create strategies to even out opportunities.”
Bowlus adds, “AI can be most useful in enhancing a product or service, especially when data about such product or service is abundant.”
With so many entrepreneurs taking years and tens or even hundreds of thousands of investment dollars to bring a product to market, the failure rate is that much more surprising. By utilizing AI and predictive analytics, they should see greater product success.
“It’s an exciting time to be a product entrepreneur,” Johansson concludes. “AI will no doubt remove barriers, minimize risk, identify unseen opportunities and speed up time-to-market.”",Forbes
https://www.forbes.com/sites/bethkindig/2021/03/11/why-the-nvidia-arm-acquisition-should-be-approved/,2021-03-11,Why The Nvidia-Arm Acquisition Should Be Approved,"All eyes are on big tech mergers and acquisitions as political leaders from both parties have expressed concern about the concentration of power.
Most Americans agree that companies like Amazon and Facebook should be broken up, including a majority of Democrats and Republicans, according to a Jan. poll by Vox and Data for Progress.
In this uncertain business environment, Nvidia announced last September that it reached a deal with Softbank to acquire U.K. based semiconductor and software design company Arm Ltd. for $40 billion, making it one of the biggest acquisitions in tech.
Behemoths like Google and Microsoft are opposed to the deal, which requires approval from authorities in at least four governments, including the U.S., U.K., E.U., and China. Qualcomm is fighting the acquisition, as the company relies heavily on Arm for microprocessor intellectual property (IP).
Apple is also concerned as Arm’s IP powers 90% of the world’s mobile processors/smartphones, with both Qualcomm and Apple as major customers. Should the acquisition be approved, it is easy to imagine Nvidia creeping into their territory.
Most of the naysayers, who have themselves been accused of anti-trust and controlling the market as monopolies for decades, are concerned about whether they’ll have equal access to Arm technology after the acquisition closes.
These companies want Arm to be Switzerland—but this may be unrealistic as remaining neutral has resulted in thin profit from designs and licensing. Who will own Arm unless it strategically benefits the company’s core business?
Arm Acquisition Is Not Dead
SoftBank owning Arm is not viewed as a threat right now because Arm does not add meaningfully to its business (more on this below). Therefore, SoftBank is looking for a buyer. As with most M&A in the free markets, the only reason to pursue Arm is if it adds strategically to the business.
In terms of market share of licensing and designs, Arm is incredibly successful. Yet, despite near omnipotence in mobile, televisions, and ADAS automotive systems, the top line is only $2 billion annually and the bottom line is $50 million in profit.
Therefore, Arm will need to be a strategic target that furthers the acquirer’s market share—there is no other outcome as accretive does not work with these numbers. Nvidia’s bottom line in the current fiscal year is about $4.3 billion.
Any potential bidder will be seen as a threat because Arm must be a strategic acquisition. The problem lies with the fact Arm, a tech company, is attempting to be neutral. Being neutral does not work in a competitive industry.
The governments reviewing the acquisition will likely consider Nvidia an excellent candidate to push forward their agendas for AI and edge computing. Nvidia has proven itself as a GPU-leader in the data center with 98% of cloud infrastructure-as-a-service using Nvidia’s graphics processing units (GPU). There needs to a similar, ubiquitous approach for trillions of edge devices, where more AI-decisions will be made.
Therefore, I predict there is a stronger chance that the Nvidia-Arm deal goes through than what the critics believe.
This is because the governments reviewing the acquisition will need AI to power their economies. Competition is healthy for the tech market, yet moving forward as an ecosystem owner is also paramount. You cannot block innovation at its most crucial point and I believe Nvidia is best equipped to deliver AI to devices for future development.
Please note, I’ve covered Nvidia at length here and here. This analysis will primarily focus on Arm.
History of Arm
The name Arm stands for “Acorn RISC Machine” and comes from founders Sophie Wilson and Steve Furber discovering that a CPU can run faster on a small set of instructions. The discovery these two made in the early 1980s was to let the operating system break down tasks rather than add more instructions to the processor. While most CPU designs were adding more instructions to chips, Arm patented the technique of using fewer instructions that run more quickly and efficiently. Due to power constraints of the mobile device, which was introduced much later, Arm found a massive market where it dominates at 90%.
Around 2012, mobile phones began using the 64-bit architecture that PCs had been using for some time. Arm introduced the ARMv8 64-bit architecture for mobile in 2011. This architecture has two execution states to run 32-bit code and 64-bit code. To run on both Arm and Intel architectures, a developer might compile native code for both or run code emulation, although it is more common to choose one and stick with that choice. This is why we see near ubiquity with Arm on mobile whereas Intel and AMD have done quite well in the data center.
Generally speaking, Arm’s architecture is the best choice for mobile and Intel’s is the best choice for the data center and PCs like Windows. Another important difference is Intel maintains its IP in-house and sells chips while Arm licenses its IP.
For mobile, Arm’s design known as “heterogenous compute” has helped facilitate lower power requirements as the architecture allows different CPU parts to work together for improved efficiency. This enables workloads to work across both high-performance and low-performance CPU cores to lower energy by balancing performance.
Arm: Product Overview
Arm is an intellectual property company (IP) that works quietly in the background with 22 billion chips shipped globally in 2019 and a cumulative total of 166 billion chips in 2019. The company hit 180 billion chips as of the press release on the acquisition.
Revenue is generated from licenses for Arm’s technology and royalties that come from the subsequent sale of the licensees’ chips that contain Arm’s technology. To compare, Nvidia announced it had shipped 1 billion processors in 2011 and there has not been an update for the 2 billion mark yet, with estimates of Nvidia’s shipments hitting around 100 million chips per year.
Arm is most dominant in mobile with 90% market share in mobile processors, and dominates in-vehicle infotainment and advanced-driver assistance system (ADAS) processor market at 75%. The overall share of Arm’s related markets is 34%.
Arm-based technology is found in electronic devices and PCs, including Microsoft’s Arm-based Surface and Apple’s custom CPUs for Macs. The majority of tablets and digital TVs also use Arm’s architecture.
In fact, Arm offers the most popular CPU architecture in the world. The company’s dominant market share is achieved through its developer ecosystem, which fits neatly into one of our primary theses for Nvidia, its GPU-powered cloud and developer ecosystem.
Arm will bring an estimated 15 million software programmers to Nvidia. In Nvidia’s recent earnings report, the company announced it had doubled from 1 million to 2 million developers – so Arm increases Nvidia’s reach by 7X.
CPUs require instruction sets that tell the processor to move data between registers and memory or to perform calculations with a specific execution unit. Architecture is defined by providing the link between instructions and processor hardware designs.
Here’s what Arm’s instruction set looks like.
When comparing processor architectures, Arm’s architecture is a competitor to Intel’s x86. The major fundamental difference between Arm’s approach and Intel’s approach is that Arm favors energy efficiency and Intel favors peak performance.
Arm is based on lower power instruction sets and hardware. When reading about Arm’s architecture, you may come across the acronym RISC-V (pronounced risk-5). This stands for Reduced Instruction Set Computing, which describes Arm’s approach to energy efficiency by reducing the number of instruction sets required. Intel’s CISC, or Complex Instruction Set Computing, offers more complex instructions that execute multiple operations. This may lead to better performance but more power consumption due to the need to decode the complex instructions.
Arm’s Financials:
As stated above, despite dominating mobile, televisions, and ADAS automotive systems, Arm generates less than $2 billion in annual revenue and $50 million in profit.
For the fiscal year ending March 31, 2020, the Arm segment reported 202,966 million Yen, according to Softbank’s filing. This translates into $1.9 billion of SoftBank’s total $55.3 billion total sales in 2020. For the full year 2020:
· Arm reported 2.6 million Yen in cash or $24 million.
· Revenue from technology royalties fell 1.5% year-over-year to $1.1 billion.
· Technology licensing revenue increased 6.4% to $582 million
In 2018, Arm sold a 51% equity interest in its Chinese subsidiary, “Arm China,” for $845 million to form a joint venture for Arm’s semiconductor technology IP business in China. In the investor presentation, Nvidia stated they believe the acquisition will double Nvidia’s addressable market to $250 billion.
The acquisition of Arm will be paid from a mix of cash from balance sheet and equity. Nvidia will not raise debt to finance the transaction. Per the press release, Nvidia will pay SoftBank $21.5 billion in common stock and $12 billion in cash.
The number of shares to be issued is 44.3 million, which increases the number of shares outstanding by about 7%. Arm employees will get $1.5 billion in Nvidia stock at time of closing. There is an additional $5 billion in cash or common stock being offered subject to specific financial performance targets by Arm.
Nvidia’s Move Into Edge Devices
If Nvidia does not acquire Arm for a proposed $40 billion, there are rumors Arm may be spun off as a public company through the initial public offering (IPO) process in the $40 billion range.
As seen in Arm’s financials, owning the majority of a market and maxing out your TAM has a drawback. The upside for Arm is limited. To increase the top line, Arm must move into new markets. Even then, it may resemble the same relationship the company has in the mobile market where the Switzerland makes very little while competitive tech giants see large gains.
Despite Arm powering 90% of the mobile market, its $2 billion a year does not compare to Qualcomm’s $25 billion or Apple’s roughly $260 billion in revenue a year. Given this, stock investors are likely to choose the manufacturers over Arm in any market where Arm supplies IP.
The letter to Arm employees was fairly clear as to Nvidia’s goal: “We are joining arms with Arm to create the leading computing company for the age of AI.” The letter discusses how AI supercomputers can write software that no human can and how AI will facilitate trillions of computers running AI to create a new internet-of-things.
To really unpack the synergies between Nvidia and Arm, we have to look at future AI technologies. The number of smartphones is not increasing meaningfully, yet there could be a time when smartphones utilize machine learning and leverage AI-assistants. Demands on 5G base stations, switches and routers are limited yet will need to deliver large workloads. Data centers see pressure from lower cost and improving power efficiency. The bigger picture down the line is the internet of things, which will require an exponential amount of data to be downloaded.
As stated on the call, Nvidia-Arm has three areas for potential growth: the cloud data center where data is analyzed and stored, edge computing where data is filtered and downloaded/streamed, and trillions of devices, where more AI-decisions will be made.
Arm’s presence is expected to see the most growth in the networking equipment market grow from 32% to 65% over the next ten years, and data center/cloud market, growing from 5% to 25% over the next ten years.
The most dominant markets for Arm are mobile application processors, IoT application processor and in-vehicle infotainment and ADA, where Arm owns 90% of these markets.
According to these numbers provided by SoftBank, it is unlikely Nvidia is acquiring Arm for the estimated 25% data center penetration in 2028 but rather for Arm’s true strengths and areas of dominance, which is edge devices. Edge devices go beyond mobile and vehicles to include street lights, parking meters, etcetera, plus industrial automation. Arm set a goal of shipping 1 trillion connected Arm-based devices by 2035 in what the company calls “Project Trillium.”
There are also edge servers to consider, which will be a new market that brings computation and data storage closer to the location where it is needed. Arm’s architecture may be a good candidate as this part of the infrastructure stack requires fast processing speeds.
Huang, whose company gets over 40% of its revenue from data center products following the recent Mellanox Technologies acquisition, stressed that Nvidia will build on ARM’s already-sizable investments in its Neoverse platform for server CPUs and other “infrastructure” processors.
As stated, he also signaled Nvidia plans to use its server GPUs, Mellanox’s data processing units (DPUs) and ARM’s server CPU IP to develop end-to-end silicon and software platforms for servers.
Nvidia has (quietly) Become the Global Leader in AI
Most investors are aware of what mobile and cloud did for tech stocks. These gains will seem minor in comparison to the gains artificial intelligence will produce.
Between the years 2025-2030, AI is expected to add $13T to $15T to global economic activity, or 1.2% to GDP every year. We are in the early days of returns from AI. But as adoption accelerates, the penalty for laggards will be steep. We should see AI acceleration around 2022-2023 and I predict the last window for substantial gains in AI will be 2025.
In order to truly excel, a programming language has to be universal. GPUs have become integral for AI and machine learning. Nvidia has a special language called CUDA that is universally known due to the company’s first mover advantage in GPU.
Nvidia is already the universal platform for development, but this won’t become obvious until innovation in artificial intelligence matures.
Developers are programming the future of artificial intelligence applications on Nvidia because of the CUDA platform and its GPUs are easier and more flexible than customized ASICs or TPU chips from Google and FPGA chips used by Microsoft and AMD-Xilinx.
Despite a selloff in the name, Nvidia smashed records for quarterly revenue, full year revenue, and earnings when it announced Q4 results Feb. 24. The chip manufacturer posted revenue of more than $5B for the first time, up approximately 61% YoY, beating expectations by $180M.
Adjusted EPS of $3.10 beat by $0.29.
Gaming and Data Center also hit new records. Gaming saw $2.5B in sales, up 67% YoY, and data center sales hit $1.9B, up 97% YoY.
For the full year, revenue was $16.68B, up 53% YoY. GAAP earnings was $6.90, up 53%YOY. Non-GAAP earnings per diluted share was $10, up 73% YoY.
The company also provided strong guidance, with revenue of $5.3B, plus or minus 2%, versus expectations of $4.51B.
Gaming has become an integral part of global culture and will remain robust going forward, said Nvidia Executive Vice President and CFO Colette Kress during the call. She also expressed optimism about growth in virtual experiences, data center, and AI.
“We are on the cusp of a new age in which AI fuels industries ranging from healthcare to scientific research to the environment,” Kress said. “With this transaction, our vision is to boost Arm's potential so it can thrive in this new era and grow into promising new markets.”
The Pros and Cons of Nvidia-Arm AcquisitionPros:
The pros to this deal include combining Arm’s developer following with Nvidia’s developer following to advance artificial intelligence at the edge. Apple would not be a good choice because it competes directly with developers and this would harm the ecosystem. Qualcomm does not have AI experience, per se, as the leader in 5G. Rather, bringing AI acceleration from the data center to the edge is the correct path, which is unique to Nvidia.
It is not possible to dominate the AI market by remaining at the server level. AI will need to be on-device. The ultimate goal for governments reviewing this acquisition is not for you and I to have a smart refrigerator (human-to-machine), or faster Netflix streaming. The ultimate goal for the governments reviewing this decision is to determine what company is capable of delivering machine-to-machine communication without human operators and enabled through AI so they can increase GDP.
Cons:
Arm’s open source competitor RISC-V could see a wave of interest should the acquisition be approved. Nvidia’s acquisition could start a major push to build on the open RISC-V architecture. Called “RISC-V” this is an alternative to Arm started by a group of academics who did not want to pay licensing fees. The first chip coming out of this open source project was in 2014 from UC Berkeley. This group had a goal of doing for hardware what Linux did for software. When Huawei was first determined to be a security risk, RISC-V rose in popularity in China, for instance.
Despite Nvidia promising to keep Arm open, the company has plenty of baggage with both open source systems, like Linux, and also closed ecosystems, such as Apple.
Linux is the most popular OS for Arm chips, yet Nvidia has not been willing to open source its drivers. In 2012, Linus Torvalds was asked why Nvidia support on Linux was so poor, and Torvalds famously responded, “Nvidia has been the single worst company we’ve ever dealt with. Nvidia, [expletive] you!”
The translation here is that Arm’s 17 million developers may not all convert to the Nvidia-Arm combination, especially outside of mobile, as Arm is well tolerated by the open-source community while Nvidia is more commercialized.
The acquisition could also drive competitors to use Intel or AMD in situations where these two are seen as less of a competitor in the data center. Hermann Hauser, co-founder of ARM, has stated he wants a guarantee that Nvidia won’t get any preferential treatment from ARM post-acquisition. This could be hard to enforce once the acquisition is complete.
The linchpin to the complexity of the deal is China. The Global Times China has published a series of articles that do not seem optimistic about China’s views of this proposal, such as stating, “To a certain extent, the purchase of Arm by Nvidia, if settled, could serve as another trump card for the US government in the global semiconductor industry. Given the US-China tensions and US suppression on a range of Chinese technology enterprises, if Arm falls into US hands, Chinese technology companies would certainly be placed at a big disadvantage in the market.”
Another article stated, “Xiang Ligang, director-general of the Beijing-based Information Consumption Alliance, told the Global Times on Monday that the Chinese government is likely to play a role in reviewing the case and the chance of its approval is low.”
My first and only statement on Twitter was to offer a poll on whether this would be blocked or approved following the news. One thing I did not offer on that poll is a third option: whether the United States would go through with the acquisition even if China blocks it.
That may seem absurd (or perhaps impossible) but we are in the midst of a cold war and tech is the battleground. This includes 5G infrastructure suppliers, semiconductor manufacturing and social media with TikTok.
Artificial intelligence could be the breaking point, in my opinion. Product-wise, this acquisition can advance the United States through artificial intelligence, which is an important element to defense and global dominance. To leave that decision up to our competitor seems illogical. China may try to block the deal and weaken the United States. But will the United States and the UK cooperate with an adversary stunting technological progress required for dominance?
Conclusion:
The acquisition deal is being reviewed by governmental authorities and the process is moving forward as expected, according to Nvidia’s Q4 earnings report. During the call, Kress reiterated Nvidia’s commitment to maintaining Arm’s open licensing model.
“We love and intend to maintain Arm's open licensing model, a commitment guaranteed both by long-term legally binding contracts as well as our own interest in ensuring this investment is a profitable one for us,” she said. “We are on the cusp of a new age in which AI fuels industries ranging from healthcare to scientific research to the environment. With this transaction, our vision is to boost Arm's potential so it can thrive in this new era and grow into promising new markets.”
With mobile, Arm has been considered a neutral Switzerland. There is no such thing as remaining neutral with AI, as it is a polarizing technology that will determine the world’s most powerful economy. Eventually some hard decisions will need to be made, as tech produced in the United States but manufactured in China is strengthening China’s lead. Nvidia-Arm brings this to a head.
Long article here, but the take-away is that the Nvidia-Arm acquisition is a move to secure Nvidia’s place for on-device AI, and this will be seen as a threat to China. I foresee the UK being in a tight spot where the country will have to choose if it is with China or the United States, with no neutral ground offered if/when China attempts to block the acquisition. Be prepared for anything to happen, as I believe the United States will view this as a means of defense.
We are optimistic on this acquisition and bullish on Nvidia regardless of the outcome with Arm.
Beth Kindig and the I/O Fund currently owns shares of Nvidia. This is not financial advice. Please consult with your financial advisor in regards to any stocks you buy.
Follow me on Twitter. Check out my website or some of my other work here.
Beth Kindig is a technology analyst who publishes weekly at beth.technology and runs a premium service for serious tech investors.
Beth predicted the biggest stock drop
…Beth Kindig is a technology analyst who publishes weekly at beth.technology and runs a premium service for serious tech investors.
Beth predicted the biggest stock drop in history in Q2 2018 with Facebook's miss and the biggest IPO loss in history with Uber in Q2 2019. She invested in Roku from its IPO for a 1,000% gain and she is known for having a crystal ball on Twitter. Her experience comes from a decade of analyzing tech companies, tech products and startups resulting in over 700 articles and many enterprise-level analyst reports. She speaks frequently at tech conferences covering macro trends and has a tech podcast in the Top 40 for technology on iTunes and Spotify. She works in San Francisco and Silicon Valley as a data technology evangelist with over 7 years of experience in mobile and data. She has been published in many publications including VentureBeat, MediaPost, AdExchanger and the International Association of Privacy Professionals. She has written Quarterly Data Reports on technology since 2014.",Forbes
https://www.theguardian.com/environment/2021/mar/12/ai-reveals-1000-dark-discharges-of-untreated-sewage-in-england,2021-03-12T09:31:06Z,"AI reveals 1,000 'dark discharges' of untreated sewage in England","Nearly 1,000 “dark discharges” of untreated sewage from two water company treatment plants in England have been detected by scientists using artificial intelligence to map spills.
The use of machine learning to shine a light on the scale of pollution from untreated effluent being spilled into rivers could be a crucial tool in efforts to improve the quality of rivers, a paper says.
Prof Peter Hammond, visiting scientist at the UK Centre for Ecology and Hydrology, who co-authored the paper published in the journal Clean Water, used artificial intelligence to analyse data from two unidentified water companies’ waste treatment works from 2009 to 2018.
The AI identified 926 so-called “dark discharges” – or previously unknown spills – from the storm overflows at the two treatment plants.
Discharges of untreated sewage from storm overflows, or CSOs, are permitted only in exceptional circumstances, such as extreme rainfall, the European commission has ruled.
The spills identified by the AI included many during periods of unexceptional rainfall.
Of these spills of untreated sewage, 360 discharged into rivers for a whole day, often spilling for more than 10 full days in a row.
The impact of a full day of untreated sewage flowing into a river is particularly harmful, the authors said, because the spills involve the maximum flow of the most concentrated sewage, which creates the greatest risk of pollution.
Such spills over several days were even more harmful. “Worse still is the pollution potential caused by an unbroken series of 24-hr untreated sewage spills during which a receiving watercourse has no respite nor opportunity to recover,” the paper said.
Recent data from the Water Framework directive shows the poor state of English rivers. Only 14% of English rivers are of good ecological standard, a rating that suggests they are as close to their natural state as possible.
“Depending on the characteristics of the receiving river and the weather, these [spills] might be highly impactful discharges,” the report says. “It remains to be determined whether these ‘dark’ discharges could help to explain why 80% of surface water bodies in England are assigned a bad, poor or moderate status classification within the Water Framework Directive.”
Hammond said machine learning could be helpful for water companies, the Environment Agency and for scientists to help reduce pollution from sewage spills.
“Our objective was to develop techniques for analysing daily flow patterns and EDM data that could detect spills of untreated “storm tank overflow” discharges into watercourses. We have shown that we can retrospectively identify spills or likely spills from the flow of the sewage being treated at the works,” he said.
“This can inform the water companies which of their works are not functioning properly and it could help the Environment Agency identify gaps in compliance with permits to discharge wastewater. It can also help citizen and professional scientists interested in sewage-related pollution of watercourses.”
The AI programme, the authors say, could be crucial to determining the scale of untreated sewage pouring into rivers because there remain many issues with the quality of the reported data.
“Despite considerable environmental regulation and environmental impact, there remain gaps in our knowledge of the frequency, volume, and polluting effects from untreated sewage spills,” the authors said.
One continuous spill of 60 days detected by the machine learning approach resulted in sewage fungus, which was also reported by members of the public.
Water companies self-report on sewage pollution incidents to the Environment Agency but there is acknowledged underreporting.
Many pollution spills are reported by watchful members of the public. In 2018, water companies reported 62% of pollution incidents, while the public reported 38% – nearly 400 incidents.",The Guardian
https://www.forbes.com/sites/forbesrealestatecouncil/2021/03/12/three-ways-real-estate-investors-can-use-technology-to-make-higher-profits/,2021-03-12,Council Post: Three Ways Real Estate Investors Can Use Technology To Make Higher Profits,"Founder & CEO at CM Square, a company delivering PropTech and AI services for Asia's customers.
One question is always at the top of the priority list for professional and institutional real estate investors: How do we make a higher profit and maximize it throughout property transactions and operations? Traditionally, real estate markets are slow-moving, and managing in scale involves a huge amount of tedious works. With the increasing use of technology in our daily lives and with more data available in the public, the real estate sector has quietly transformed into a faster-moving and scalable business where people can buy, sell and operate properties with the help of technology.
Here are three ways to make higher profits in the property market by the smart use of technologies.
Source under-valued deals every minute of every day.
There are various kinds of property listing systems or MLSs in different countries and cities, but they all have one thing in common: the openness and readiness of data are irreversible trends. Computer software can search the internet every second to identify new listings, updates to current listings and understand the details of properties on a large scale. AI and machine learning engines are able to analyze a large number of property listings, compare them with similar listings and their transaction histories and accurately estimate the market price. By using AI technology, real estate investors can search for properties that are under market price 24 hours a day and move faster than other potential bidders. The lower acquisition price certainly results in a higher profit in a transaction.
Optimize property management, maximize operating income.
Software-as-a-service (SaaS) is a lightweight, easy-to-use option for institutional investors to optimize their property management operation for a higher profit. SaaS helps investors to digitize investment and tenant agreements, set auto alerts for expirations, keep track of rental income and operating costs and optimize the use of space. SaaS also helps real estate investors to analyze tenants' payment patterns to minimize late payments and improve cash flow. Real estate investors can now spend more time refining purchases and disposition strategies or optimizing rental prices rather than busying themselves with paperwork.
Sell and rent at a better price.
AI technologies can not only search for properties that are under market price but also keep track of the property performance along with its age and economic and financial changes over time. By learning the relationship between the property market price and the economic as well as financial data from the past, AI is able to predict the property market price and rent both now and for the future. Real estate investors can make a smarter and more informed decision regarding selling their properties ahead of the trends or adjusting rental earlier, and at the end of the day, maximize the profit. On top of that, some advanced AI technology can make renovation recommendations, by predicting the updated market price and rent with different property conditions and layout. The ROI of the renovation becomes crystal clear, before even beginning any kind of construction, so the investor can make an easy decision for the renovation before putting the property for sale or for rent in the market.
Nowadays, the above technologies and software are becoming very handy. But one thing to keep in mind is that this software is very much being built to fit the local market for better results. You should search for local providers and build your own business case for adopting some of these technologies, and be ready to win in the new digital age.
Forbes Real Estate Council is an invitation-only community for executives in the real estate industry. Do I qualify?
Founder & CEO at CM Square, a company delivering PropTech and AI services for Asia's customers. Read Ken Yim's full executive profile here.
…Founder & CEO at CM Square, a company delivering PropTech and AI services for Asia's customers. Read Ken Yim's full executive profile here.",Forbes
https://www.forbes.com/sites/forbesbusinesscouncil/2021/03/12/thinking-beyond-ai-engineering-solving-for-unfair-bias/,2021-03-12,Council Post: Thinking Beyond AI Engineering: Solving For Unfair Bias,"As VP of Operations at BairesDev, Damian oversees the entire customer relations life-cycle, safeguarding the company's operations.
Every day it seems like artificial intelligence (AI) plays a more important role in our lives. From the work we do to the content we consume, we constantly run into algorithms designed to make our lives easier in some way. However, it isn’t difficult for a well-intentioned AI tool to inadvertently do more harm than good. How? By relying on and amplifying unfair biases.
Yes, computer algorithms can be (and often are) biased, and these biases can have a significant impact on people. Case in point: In 2019, researchers discovered how a medical algorithm widely used by U.S. healthcare institutions unintentionally discriminated against Black patients. Long story short, the bias originated in assuming causality.
Assuming Causality Is A Dangerous Game
Building fair bias into AI technology isn’t easy. Engineers know that there’s always a chance their algorithms will work in unexpected ways. Beyond that, assuming causality is simply part of human nature. After all, that’s how we learned to run from predators, prevent illnesses and build shelters. But today, wrongful correlation can be extremely harmful in high-stakes domains like healthcare and justice.
A lack of understanding of underlying social systems can lead to algorithmic designs that oversimplify our imperfect reality and solidify problems we’re trying to solve. That said, causation-correlation mistakes are made all the time — and deep learning computing has to deal with billions of opportunities to make these mistakes as it analyzes massive sets of data.
What We Can And Must Do
Overcoming unfair biases in AI starts by embracing the fact that they exist and doing something about it. And, for that, we must rethink the questions we ask ourselves. While a question like “Will automating this process help us achieve this goal in the next quarter?” is perfectly good for determining if creating an algorithm will be worth it, it isn’t enough to actually drive the technology's development goals.
Once development starts, we need to introduce the human factor into play. As such, data scientists must understand the underlying variables that the algorithm will analyze, how it will process them and how the resulting datasets and models will be constructed. Thinking beyond engineering will mean getting as close as possible with the stakeholders impacted by this algorithm and taking into account the social implications of its implementation. This is a responsibility that everyone developing AI solutions needs to keep in mind (including businesses that outsource Python development from companies like ours to implement their own AI solutions).
In a recent paper, researchers argued that considering these social implications will require AI engineers to embrace societal contexts as they are: complex, nonlinear, dynamic and adaptive systems with hard-to-see feedback mechanisms. While we are all part of these systems, there is not a single person or machine that could be able to fully understand them.
Does that mean that there will always be blind spots in AI development? Most likely, yes. And our best chance to find them and patch them is to collaborate with the people closest to the societal context itself — sociologists, behavioral scientists and humanities specialists. Together, we can form a shared hypothesis of how a certain algorithm could work and how we can best guarantee win-win scenarios.
All of that must happen in the earliest stages of development. There is no point in getting started with product design if our approach is not fully rounded to include the implications of the algorithm itself. Today, AI engineering experts refer to this as community-based system dynamics (CBSD).
The CBSD approach applies systems thinking to incorporate both qualitative and quantitative methods that describe complex problems. In the end, this is all about supporting technological innovations that are fair, safe and beneficial to everyone.
A Shift In Mindset
The future of AI is being designed right now. Inclusivity and equitability are two things in which humans don’t have such a great record, and we can help change that by doing things right with AI. By taking into account the social implications of algorithmic technology, we can stop it from reflecting the unfair and unjust elements of our society and eventually nullify its effect in our technology.
And, as I said before, it’s in everyone’s hands. Every company is a tech company, and the majority of businesses will be using AI in the short term (if that hasn’t already happened by the time you’re reading this). In any case, taking this approach to AI engineering will make our systems more reliable, fueling our algorithms with better data and helping us solve problems more efficiently. This is the shift in mindset that will unlock our capability to build an equitable and fair future.
Forbes Business Council is the foremost growth and networking organization for business owners and leaders. Do I qualify?
As VP of Operations at BairesDev, Damian oversees the entire customer relations life-cycle, safeguarding the company's operations. Read Damian Scalerandi's full executive
…As VP of Operations at BairesDev, Damian oversees the entire customer relations life-cycle, safeguarding the company's operations. Read Damian Scalerandi's full executive profile here.",Forbes
https://www.forbes.com/sites/forbestechcouncil/2021/03/12/three-key-conditions-for-robust-ml-solutions/,2021-03-12,Council Post: Three Key Conditions For Robust ML Solutions,"Founder and Managing Principal of DBP Institute. I consult companies on how to transform technology and data into a valuable business asset.
The McKinsey State of AI in 2020 report finds AI (artificial intelligence), including machine learning (ML), drives revenue in business enterprises. The report says, ""79% of marketing and sales teams are achieving year over year revenue increases this year based on AI adoption.""
Also, ""Enterprises generating 20% or more of earnings before interest and taxes (EBIT) from AI-based strategies are accelerating pilots into production based on the pandemic prioritizing digital, touchless customer experiences.""
But what exactly are AI and ML? AI refers to a broader idea where computers can execute tasks ""smartly,” while ML is based on the idea that computers should be able to learn and adapt by leveraging data. In simple words, AI applies ML and other techniques to solve actual problems.
However, many business enterprises believe that the large amounts of data they have captured over years from business transactions will help them implement ML solutions and derive better business performance. While the large amounts of data are definitely a key prerequisite for ML, what is needed is not more data — it is actually the right data for ML.
So, what exactly is this right data in the ML context? Fundamentally, there are three key data requirements for ML, also known as data-driven predictive analytics (DDPA).
1. Right data dimensions. Fundamentally, ML, or DDPA, is using data to answer the right questions on the future state. The insights derived are dependent on the response (effect) and explanatory (cause) variables, and these variables are known as features or dimensions. Basically, dimensions provide context on the measures such as price, quantity and cycle time associated with the business process.
2. Right data structure. Up to 80% of the data captured in business enterprises is unstructured data. Examples include documents, video, audio, images and so on. Unstructured data is of little value for the ML algorithms as the unstructured data do not have a predefined data model required for analysis and data processing.
3. Less variability in data. Business processes inherently have some degree of variation, and this variation is reflected in the data captured. Quality guru Edward Deming once said, ""Uncontrolled variation is the enemy of quality."" Variation in data makes it difficult for the ML algorithms to make timely and accurate predictions.
So, what is the recommendation? What can businesses do to proactively acquire the right data for ML? Below are some recommended strategies to address the above challenges for business enterprises to build the right data for ML.
1. Often business enterprises do not have the right dimensions and associated data for the ML algorithms to derive the insights. Sometimes they don't have enough, and in some cases, there are more dimensions than needed.
• If there are fewer dimensions, new attributes or dimensions can be generated using feature engineering techniques. However, extracting good features from the existing data using feature engineering techniques requires strong domain knowledge about the problem because the new dimensions could potentially come from data pertaining to text, categories, time stamps, numeric conversions and more.
• On the other hand, if there are more dimensions, the attributes or dimensions can be reduced using dimensionality reduction techniques such as principal component analysis (PCA), linear discriminant analysis (LDA), multicollinearity and more.
2. ML algorithms depend on the right data structure. Some techniques to transform unstructured data into structured data are:
• Geotagging is attaching geographic coordinate information (latitude and longitude) to images, video and other location entities.
• Entity extraction, commonly known as named entity recognition (NER), extracts people’s names, organization names, location names and more.
• Sentence chunking and data extraction by identifying and extracting nouns and verbs, usually based on parts of speech (POS) in the unstructured text data.
• Classification (i.e., the processes of predicting the category or class of a given dataset). A classic classification technique is sentiment analysis, which determines if a tone in a sentence or phrase is positive, negative or neutral.
3. ML algorithms need data that is low in noise or variability. If not, ML models will suffer from variance in their predictions. Below are some proven approaches to reduce variance in ML models.
• Ensure all values in the business process are considered; there should be minimal null or zero values.
• Include all variables in the business process are considered, with no confounding variables in the ML hypothesis space.
• Instead of a single ML model, try multiple ML models because ensemble methods use ML algorithms to obtain better predictive performance.
• If you are working with sample data to train ML models, follow the central limit theorem (CLT), and go with at least 100 data records that are randomly selected and represent the population space accurately.
• Treat outliers separately — do not include them as part of the standard business process.
ML is poised to transform the way organizations conduct business and will undoubtedly continue to advance at a much faster and broader level than ever before. In this backdrop, data is a key enabler for ML success as “garbage in is garbage out.” However, the success of ML solutions is dependent not just on data but the right data. Regardless, data is an asset only if business enterprises know how to manage it. If not, data can become a huge liability for ML adoption in the organization.
Forbes Technology Council is an invitation-only community for world-class CIOs, CTOs and technology executives. Do I qualify?
Founder and Managing Principal of DBP Institute. I consult companies on how to transform technology and data into a valuable business asset. Read Prashanth Southekal's
…Founder and Managing Principal of DBP Institute. I consult companies on how to transform technology and data into a valuable business asset. Read Prashanth Southekal's full executive profile here.",Forbes
https://www.forbes.com/sites/lanceeliot/2021/03/12/self-driving-cars-to-be-especially-welcomed-in-zoom-towns/,2021-03-12,Self-Driving Cars To Be Especially Welcomed In “Zoom Towns”,"There is a lot of movement toward so-called Zoom Towns.
By movement, I mean relocating to.
The Zoom Town reference is the catchy new phrase that cleverly brings together the notion of “Zoom” as in being able to work remotely (promulgated by the now-ubiquitous Zoom-like online capabilities), and combined with the homespun “Town” indication. The “Town” part suggests that as a remote worker, you can opt to live wherever you might wish to do so and not have to be residing in a major city for purposes of performing your job.
Many workers have assumed that they were doomed to always work in a big city environment for the entirety of their career. This assumption makes sense because that’s where the jobs are. In a sense, this is reminiscent of the old joke about why bank robbers rob banks, and the quippy reply is that they do so because that’s where the money is.
For purposes of starting and keeping a career underway, you pretty much had to always be willing to make the trek into a large city.
Consider this typical scenario. Like many such workers, you perhaps daily make that traffic-laden painstaking road-rage spurring drive into the downtown area. You park your vehicle and get charged exorbitant parking rates, which your employer won’t cover or does so as pennies on the dollar. Your car is also susceptible to getting stolen or damaged while you are doing your ten-hour grueling job and sitting stoically in your office.
The odds are that you would work in a tall skyscraper. Up the elevator each morning, and then down you come at the end of the workday. Day after day.
As they say, wash, rinse, and repeat.
Due to the commute, you consume a couple of hours a day in the tiresome act of driving a car. Thus, you sadly miss out on all sorts of fun activities and various special moments in life that might have otherwise leveraged your interests and attention. This is the cost you need to bear. Your need to commute is a necessity since it ties directly to your earning a living. And you need to earn a living to put food on the table and pay your rent or cover a hefty mortgage.
It all adds up.
Meanwhile, maybe you have repeatedly and persistently had quiet dreams of chucking the daily grind of being in an office.
Leaning a bit back in your dull and overworn office chair, you thoughtfully reasoned that there was no valid basis for requiring you to come to the office. Couldn’t you work from home? This seemed entirely plausible. Today’s telecommuting technology is plentiful, inexpensive, and easily utilized, which is a sea change from the way that things used to be (in the past, it was expensive, worked poorly, and unfortunately became a tough barrier to overcome).
Perhaps one of the biggest impediments was the overall perception of remote work and also the downcast view of those that sought to work remotely.
The opportunity to work remotely has nearly always been a slim chance possibility, at least up until the advent of the pandemic. Before the pandemic, very few workers were allowed to do their jobs remotely. Even asking to do so was oftentimes a verboten act and could stall your career. The expectation was that to do your job and also advance your career pursuits, you had to come to the office, and you had to physically interact in-person. That has been the prevailing wisdom.
Of course, times have changed.
Across the board nowadays, there is a realization that working remotely can indeed be productive.
Those that earlier contended that remote workers would be slackers have learned that the opposite oftentimes occurs. Businesses have discovered that remote workers will at times work more than they might have done so while in a normal office environment. They become nonstop workers. No more of those lingering coffee breaks or time spent idly standing around the office cooler. Instead, remote workers do their work, and do their work, and do their work, ad infinitum.
Believe it or not, there are concerns that remote workers are just as likely or more so likely to burnout as are their peers that work in a traditional office setting.
As a result of these qualms, some companies are requiring that their remote workers purposely include some health-inducing time breaks into their online schedules. When in an everyday office you are bound to have various office breaks that happen in a somewhat random fashion, whereby someone stops at your desk to chat, or maybe you go over to grab a pastry, but when at home there is a sense of completely zoning out all interruptions and utterly filling your work schedule with backbreaking meetings one after another.
Another kind of irony is that many remote workers are filling their otherwise normal commute time with doing more of their daily work efforts. In other words, suppose that your drive to work was about an hour in length, thus a daily roundtrip consisted of two hours, during which you were essentially non-functional in any work-related capacity. This meant that you worked an eight or ten-hour day and had that additional two hours of commute time.
Some remote workers are doing the customary eight to ten hours and then tossing the former commute time also into the work rubric routine. In that manner, they are working more like ten to perhaps twelve hours per day. Even though those commutes involved the drudgery of driving, they at least gave some respite from doing work. Now, the commute is gone, but the work time has seemingly expanded (though to clarify, that’s not necessarily what the employer intended and nor especially demands, and instead tends to be a choice made by remote workers that are seeking to get as much work done as humanly possible).
In any case, it sure seems like remote work is now a viable option.
Some believe that it might be a fad and will gradually fade away. Others vehemently argue that the business world has now changed, irrevocably, and there is a strident and everlasting realization that remote work is here to stay. Businesses can cut back on those office expenses. Workers generally seem to like the remote working approach. All in all, with the dam having burst, as it were, there is a belief that there is no turning back.
Okay, if remote work is now a widely available option (well, for those types of jobs that remote work is feasible), this also means that the worker does not need to head into a large city downtown area for purposes of doing their job. You can choose to work from anywhere, pretty much, as long as you can establish an electronic network connection and be able to have reliable and relatively stable online access.
The good news is that in the United States, this means that you can essentially work in nearly any town (some exceptions apply, but those are relatively rare).
The newly mobilized professional worker is heading out of the big cities and into the smaller towns across the country. Rather than being jampacked into a metropolis that is teeming with zillions of people, you can live in a rural area or a suburb that you perhaps previously only dreamed of living in. These are places that offer lowered costs of living. You can get more affordable housing, have better schools nearby, and likely be nearer to vast green spaces.
Also, the odds are that the locales you might select are going to have bike lanes, making the act of getting around a lot easier and reducing your reliance on using a car. Neighborhoods tend to be walkable, offering expansive sidewalks, and safer streets all told.
Naturally, many towns would love to attract those mobility freed remote workers. The odds are that such workers will have a reliable paycheck and become local taxpayers. Those workers are bound to revel in living in their chosen Zoom Town, wanting to give back to the community and build their lives and careers in that particular location.
Whereas a worker would usually expect to change jobs every so many years, oftentimes having to uproot their living situation, the thinking now is that those remote workers can likely stay put the preponderance of their working days. As long as they are able to remotely-swing from one remote job to another, during their career progression, there won’t be a need to physically relocate to a different city for that next favored career-building opportunity.
To recap, remote workers will be finding their way to Zoom Towns. Those workers will establish local roots and become devotees to that particular town or municipality. There won’t be an office that they need to commute to. Instead, they will be working from home.
Working from home, though, doesn’t mean that you are somehow homebound and never going to see the light of day. Rather than a commute, you’ll likely use a car to get over to the grocery store, perhaps a few times per week. You might use the car for dropping the kids off at the school or for taking them to an extracurricular activity. And so on.
If you look closely at the driving needs, it sure seems that a car becomes less essential and more intermittent in terms of usage for those that are living in a Zoom Town.
Will remote workers that have moved to a Zoom Town even need to own a car?
That’s a tough question to answer in today’s world.
If you don’t continue to own a car, it means that you would undoubtedly become dependent upon the vagaries of getting access to a car whenever a car is needed.
One difficultly entails possibly borrowing someone else’s car for those occasions when a car is needed. That can be awkward and there might be a scheduling conflict that means the other car is not readily available. There is also the concern that your driving skills might decay, and you will feel less familiar when at the wheel of the vehicle.
Another approach would be to become dependent upon a ridesharing service.
The problem with that option is that a small town might be constrained in ridesharing availability. In a big city, there are tons of ridesharing options. It seems that at any time of the day or night, you can nearly instantaneously have a ridesharing car fulfill your ride request. In a smaller town, the chances are that there would be long delays in getting a ridesharing car to your home, plus you might personally know the local driver and feel bad about asking them to give you a ride late at night or when it might otherwise seem disruptive to that person.
That’s then the conundrum.
Do you continue to own a car, even though you only intermittently need it, and ostensibly requires you to keep your driving skills sufficiently proficient to confidently and safely drive when you need to do so?
Or do you ditch the ownership of a car and opt to rely entirely on ridesharing, but that can be logistically limiting in a smaller town and have other distasteful challenges?
Perhaps the future provides an answer to this dilemma.
Keep in mind that the cars will gradually and inexorably become less dependent upon human drivers. I’m referring to the advent of AI-based true self-driving cars. These are cars that encompass an AI driving system that does all the driving. Humans aren’t at the wheel.
That brings us to today’s intriguing question: Will the emergence of AI-based true self-driving cars be welcomed in Zoom Towns, and if so, why might that be the case?
Let’s unpack the matter and see.
Understanding The Levels Of Self-Driving Cars
As a clarification, true self-driving cars are ones that the AI drives the car entirely on its own and there isn’t any human assistance during the driving task.
These driverless vehicles are considered Level 4 and Level 5 (see my explanation at this link here), while a car that requires a human driver to co-share the driving effort is usually considered at Level 2 or Level 3. The cars that co-share the driving task are described as being semi-autonomous, and typically contain a variety of automated add-on’s that are referred to as ADAS (Advanced Driver-Assistance Systems).
There is not yet a true self-driving car at Level 5, which we don’t yet even know if this will be possible to achieve, and nor how long it will take to get there.
Meanwhile, the Level 4 efforts are gradually trying to get some traction by undergoing very narrow and selective public roadway trials, though there is controversy over whether this testing should be allowed per se (we are all life-or-death guinea pigs in an experiment taking place on our highways and byways, some contend, see my coverage at this link here).
Since semi-autonomous cars require a human driver, the adoption of those types of cars won’t be markedly different than driving conventional vehicles, so there’s not much new per se to cover about them on this topic (though, as you’ll see in a moment, the points next made are generally applicable).
For semi-autonomous cars, it is important that the public needs to be forewarned about a disturbing aspect that’s been arising lately, namely that despite those human drivers that keep posting videos of themselves falling asleep at the wheel of a Level 2 or Level 3 car, we all need to avoid being misled into believing that the driver can take away their attention from the driving task while driving a semi-autonomous car.
You are the responsible party for the driving actions of the vehicle, regardless of how much automation might be tossed into a Level 2 or Level 3.
Self-Driving Cars And Zoom Towns
For Level 4 and Level 5 true self-driving vehicles, there won’t be a human driver involved in the driving task.
All occupants will be passengers.
The AI is doing the driving.
Most pundits are predicting that self-driving cars will be owned and operated by large companies and done so as part of a ridesharing money-making enterprise. This means that presumably, the major ridesharing firms of today will likely embrace self-driving cars, and there might be automakers and other corporations that newly jump into the ridesharing fray.
I’m known for my somewhat contrarian viewpoint that there will still be individual ownership of cars, including self-driving cars, and those self-driving cars will not solely be the province of large firms (see my analysis at this link here). Furthermore, my prediction is that people will join together in small-sized cooperatives, sometimes referred to as pods, and will collectively buy, own, and operate a self-driving car for the benefit of the group (see my discussion at this link here).
In however manner it comes to be, let’s assume that self-driving cars will be principally used on a ridesharing basis.
Part of the rationale for using a self-driving car in a ridesharing format is that a self-driving car can generally be used 24x7, meaning that it is available for use at any time. Most people only use their conventional human-driven cars about 5% of the time. In essence, a conventional car sits around 95% of the time, altogether idle and unused. This is to a great extent due to the driver, or more correctly, due to the constraint of requiring that a human driver is available to be at the wheel of the vehicle.
The nice thing about an AI driving system is that it will drive whenever requested to do so. There aren’t any rest breaks needed. No need to get some food to continue the driving chore. No sleep is needed. Around the clock, a self-driving car is available to be in-motion and underway (the exception being the act of refueling, and of course for any needed maintenance).
How does this relate to Zoom Towns?
The odds are that Zoom Towns are going to welcome self-driving cars with great eagerness and support.
Here’s why.
As mentioned earlier, the remote workers that are moving into Zoom Towns do not need a car per se. They do need to use a car, but not necessarily own a car. Their requirement for a car is that it be available when they need one. In addition, they are either tired of having to drive or their driving skills are gradually decaying.
Into the picture comes the vaunted self-driving car.
You can have a self-driving car come to your home and give you a lift to the grocery store. A self-driving car can provide a ride to the school for you and your kids. Indeed, you can have your children ride in a self-driving car without you being present, assuming you are comfortable with there being no adult-supervision directly in the self-driving car during their driving journey (for more about this topic, see the link here).
Overall, a self-driving car provides the solution to those intermittent needs for having access to a car, plus it relieves the remote professional from having to undertake the driving task. This also means that the remote worker doesn’t have to bother the local ridesharing human drivers about giving them a lift at odds hours or for personal chores that one doesn’t want the whole town to know about. There is a certain kind of added privacy that can potentially arise due to the use of self-driving cars (well, yes and no, and there are various privacy qualms to keep in mind, see my column coverage).
All in all, self-driving cars are going to be a handy addition to Zoom Towns.
You can anticipate that Zoom Towns will encourage that self-driving cars be available and operated throughout their township. This might include tax breaks or other incentives to get self-driving car operators to put their vehicles in that particular town. Expect too that Zoom Towns will likely advertise that they are embracing the adoption of self-driving cars and therefore showcasing mindfulness about the needs of the locals in their town and illustrate an awareness of meritorious technological innovations.
Conclusion
I’d like to end this discussion with that aforementioned upbeat note, but there is, unfortunately, a bit of a rub about the notion of self-driving cars being readily available in Zoom Towns.
Are you ready?
The problem is that the owners and operators might not place their self-driving cars in Zoom Towns.
If you owned and operated a self-driving car, you want it to be used nonstop. For every mile that the self-driving car is transporting someone, dollars are being earned. Given the potential cost of a self-driving (we don’t know what it will be, some are asserting it might be high, see my discussions on the pricing aspects), the self-driving car ought to be utilized in a maximum usage manner.
The thing is, a Zoom Town might not entail that kind of use.
Furthermore, a big city is likely to provide a richer opportunity for maximizing the use of a self-driving car. Sadly, the bottom line is that it might not be prudent to put a self-driving car into a Zoom Town and instead place it into a big city environment.
This is especially the case when self-driving cars are first available and relatively scarce.
Over time, assuming that there is a ramping up of the number of self-driving cars, it could be that the big cities become saturated with self-driving cars. At that juncture, which is admittedly quite distant in the future, the ridesharing opportunities might begin to look attractive in the Zoom Towns as an alternative to the no-longer viable and hypercompetitive settings of the big cities.
That does seem to put a damper on the clamoring by Zoom Towns to have self-driving cars in their midst. It could be that self-driving cars are desired, but not made available in the near-term, and those Zoom Towns could end-up being one of the last to see the emergence of self-driving cars.
I don’t want to end this discussion on such a sour note.
And, I don’t have to.
Recall the point I made earlier about my belief that self-driving cars might be owned by small groups or pods or collectives. This might be the means for self-driving cars to be included in Zoom Towns. The collectives that join together to get a self-driving car are not necessarily aiming to solely make a buck (that would be a nice bonus). If they can get at least a break-even, the investment into the self-driving car would be worthwhile. Also, the Zoom Town may aid those investors, offering various local incentives to aid them in their quest to make self-driving cars locally available for use.
Will we have self-driving cars in Zoom Towns?
Where there is a will, there is a way.
I’d bet that Zoom Towns will become a stellar example of the use of self-driving cars. This will come as quite a surprise to many of the pundits that see self-driving cars as only financially sensible in those big city environs. A retort to that attitude is this: Don’t underestimate the earnestness of Zoom Towns and the collective wisdom and grit of the mobility-minded remote workers that will be inhabiting those lovely and to-date undervalued townships.
Go, Zoom Towns, go.
Dr. Lance B. Eliot is a world-renowned expert on Artificial Intelligence (AI) with over 3.8+ million amassed views of his AI columns. As a seasoned executive and
…Dr. Lance B. Eliot is a world-renowned expert on Artificial Intelligence (AI) with over 3.8+ million amassed views of his AI columns. As a seasoned executive and high-tech entrepreneur, he combines practical industry experience with deep academic research and serves as a Stanford Fellow at Stanford University. Formerly a professor at USC and UCLA, and head of a pioneering AI Lab, he frequently speaks at major AI industry events. Author of over 50 books, 500 articles, and 250 podcasts, he has made appearances on media outlets such as CNN and co-hosted the popular radio show Technotrends. He's been an adviser to Congress and other legislative bodies and has received numerous awards/honors. He serves on several boards, has worked as a Venture Capitalist, an angel investor, and a mentor to founder entrepreneurs and startups.",Forbes
https://www.forbes.com/sites/qai/2021/03/12/home-depot-rises-to-top-buy-after-market-shakes-off-earnings/,2021-03-12,Home Depot Rises To Top Buy After Market Shakes Off Earnings,"When you think of big pandemic success stories, home improvement store Home Depot
To some, it does. While home maintenance projects are certainly essential activities (after all, no one likes living with an exploding toilet), Home Depot’s success comes due to people’s increase in boredom and free time, rather than necessity for their products. Various quarantine orders and job losses led to the American people having more time to start those long-awaited home improvement projects. And as a result, Home Depot has had a positively stellar 12 months.
But all good things must come to an end, and Home Depot appears to be wavering on its peak in the last six months or so. And since mid-February, the company’s stock has taken a (somewhat unprecedented) dive, from which it’s just beginning to recover.
Home Depot closed up 1.11% on Wednesday, ending the midweek at $266.24 per share at just under 3.8 million trades. This is hardly a change from the 22-day price average of $266.59, though it’s a welcome increase from the 10-day $257.32 price average. Overall, the stock is up 1.51% since the start of 2021.
Q.ai's deep learning AI (artificial intelligence) is here to help you navigate the market. We provide a number- and intelligence-based look at every company — so you don’t have to do the digging yourself.
Sign up for the free Forbes AI Investor newsletter here to join an exclusive AI investing community and get premium investing ideas before markets open.
Home Depot (HD) Falls Even After Stellar Q4 Report
Home Depot is trending upward again because, since mid-February, it’s been trending…well, downward. Stocks fall in the market for plenty of reasons — as a result of overvaluation, corporate shakeups, loss of investor confidence, and changes in the political arena. But with Home Depot, the reason is simple: it released its Q4/2020 report.
Home Depot’s fourth-quarter report revealed that the company saw higher-than-expected profits of $32.3 billion, a 25% increase from YTD fiscal 2019. At the same time, their net earnings rose to $2.9 billion, compared to $2.5 billion a year ago.
Their revenue was also impressive, skyrocketing to $132 billion against $108 billion three years ago; and their operating income also increased, from $15.8 billion to almost $18.3 billion. Their EPS has seen a welcome increase over the last three years, as well, rising from $9.73 to $11.94 in per-share earnings.
On a similar note, Home Depot’s Q4 report also noted that the board of directors raised its quarterly dividend by 10% for the upcoming quarter. This brings the dividend payout to $1.54 per share, or an annual payment of $6.60 for the coming year.
Because of all this good news, the company’s future looks bright: it’s currently trading with a forward 12-month P/E of 20.97.
So… What was the problem?
Home Depot’s stock dropped on these impressive earnings because the report also indicated something that few investors like to hear. The company said in a statement that it “believes it is limited in its ability to forecast demand for 2021.” As a result, Home Depot withheld all guidance for 2021, which shook investor confidence — and thereby the markets. This resulted in the lowered share prices we’ve experienced over the last two weeks.
Q.ai’s Take on the Matter
Despite a weak fortnight in the market, Home Depot is poised to recover quickly, and even has the potential going forward to top its all-time 2020 gains. But solid share prices don’t always indicate a good buy for the long-term investor. So, we consulted our AI on the matter.
According to Q.ai, Home Depot rates A’s in Low Volatility Momentum and Quality Value, C in Growth, and D in Technicals. This puts them at above average overall, which indicates a bright future for a company that received an unexpected boon in 2020. As a result, Home Depot is a definitive Top Buy for the month of March.
Liked what you read? Sign up for our free Forbes AI Investor Newsletter here to get AI driven investing ideas weekly. For a limited time, subscribers can join an exclusive slack group to get these ideas before markets open.
Source: S&P Global Market Intelligence
Q.ai, a Forbes Company, formerly known as Quantalytics and Quantamize, uses advanced forms of quantitative techniques and artificial intelligence to generate investment
…Q.ai, a Forbes Company, formerly known as Quantalytics and Quantamize, uses advanced forms of quantitative techniques and artificial intelligence to generate investment recommendations across all asset classes. When it comes to money, no one should have to settle. We make investing less intimidating, more accessible and a lot of fun for everyone. That’s investing, reimagined.",Forbes
https://www.forbes.com/sites/qai/2021/03/12/top-stocks-to-buy-today-as-the-major-indices-both-climbed-and-fell/,2021-03-12,Top Stocks To Buy Today As The Major Indices Both Climbed And Fell,"After the 10-year yield surged again to its 1-year high of 1.61%, inflation fears returned, and the indices reacted accordingly. High growth tech names plummeted again, the S&P 500 retreated from its record high, and the Dow managed to stay in the green. The Dow rose 50 points, while the S&P 500 fell 0.4%, and the Nasdaq
Sign up for the free Forbes AI Investor newsletter here to join an exclusive AI investing community and get premium investing ideas before markets open.
Hms Holdings Corp (HMSY)
Hms Holdings Corp
Formfactor Inc (FORM)
Formfactor Inc is our second Top Buy. Formfactor is an important player in the semiconductor and tech space as a leading provider of essential test and measurement technologies. Our AI systems rated the company A in Technicals, A in Growth, A in Low Volatility Momentum, and B in Quality Value. The stock closed down 3.48% to $47.45 on volume of 242,312 vs its 10-day price average of $48.09 and its 22-day price average of $46.38, and is up 11.12% for the year. Revenue was $693.62M in the last fiscal year compared to $529.67M three years ago, Operating Income was $83.79M in the last fiscal year compared to $36.11M three years ago, EPS was $0.99 in the last fiscal year compared to $1.38 three years ago, and ROE was 11.34% in the last year compared to 20.03% three years ago. The stock is also trading with a Forward 12M P/E of 30.43.
Amn Healthcare Services Inc (AMN)
rated C in Technical, C in Growth, A in Momentum Volatility, B in Quality Value closed up 1.42% to $77.0 on volume of 239,823 vs its 10-day price average of $74.18 and its 22-day price average of $75.33. The stock is up 11.72% for the year. Revenue was $2393.71M in the last fiscal year, and compares to $2136.07M three years ago. Operating Income was $165.63M in the last fiscal year, and compares to $200.43M three years ago. EPS was $1.48 in the last fiscal year, and compares to $2.91 three years ago. ROE was 9.08% in the last year, and compares to 23.59% three years ago. Trading with a Forward 12M P/E of 18.49.
Hain Celestial Group Inc (HAIN)
Hain Celestial Group Inc (HAIN)
Lumentum Holdings Inc (LITE)
Lumentum Holdings Inc (LITE) rated B in Technical, B in Growth, C in Momentum Volatility, B in Quality Value closed up 1.99% to $86.66 on volume of 1,147,693 vs its 10-day price average of $86.83 and its 22-day price average of $89.27. The stock is down 10.4% for the year. Revenue grew by 1.4% in the last fiscal year, and grew by 36.42% over the last three fiscal years. Operating Income grew by 23.86% in the last fiscal year, and grew by 115.64% over the last three fiscal years. EPS grew by 39.22% in the last fiscal year. Revenue was $1678.6M in the last fiscal year, and compares to $1247.7M three years ago. Operating Income was $256.1M in the last fiscal year, and compares to $147.1M three years ago. EPS was $1.75 in the last fiscal year, and compares to $3.82 three years ago. ROE was 8.35% in the last year, and compares to 28.84% three years ago. Forward 12M Revenue is expected to grow by 5.74% over the next 12 months. Trading with a Forward 12M P/E of 13.33.
Liked what you read? Sign up for our free Forbes AI Investor Newsletter here to get AI driven investing ideas weekly. For a limited time, subscribers can join an exclusive slack group to get these ideas before markets open.
Source: S&P Global Market Intelligence
Q.ai, a Forbes Company, formerly known as Quantalytics and Quantamize, uses advanced forms of quantitative techniques and artificial intelligence to generate investment
…Q.ai, a Forbes Company, formerly known as Quantalytics and Quantamize, uses advanced forms of quantitative techniques and artificial intelligence to generate investment recommendations across all asset classes. When it comes to money, no one should have to settle. We make investing less intimidating, more accessible and a lot of fun for everyone. That’s investing, reimagined.",Forbes
https://www.forbes.com/sites/qai/2021/03/12/top-stocks-to-short-today-as-nasdaq-plummets-and-fears-of-inflation-increase/,2021-03-12,Top Stocks To Short Today As Nasdaq Plummets And Fears Of Inflation Increase,"The Nasdaq has been red hot this week after bond yields and inflation fears temporarily stabilized. However, after the 10-year popped 8 basis points overnight, those ugly headwinds returned to close out the week. The Dow rose 50 points, while the S&P 500 fell 0.4%, and the Nasdaq dropped 1.4%. Although the Nasdaq is up 3.7% week-to-date, Ned Davis Research put out a report estimating that the index could fall another 20% if the 10-year yield exceeds 2%. On the backdrop of this news, stocks like Tesla
Sign up for the free Forbes AI Investor newsletter here to join an exclusive AI investing community and get premium investing ideas before markets open.
Cal-Maine Foods Inc (CALM)
Cal-Maine Foods
Carvana Co (CVNA)
Carvana is today’s next Top Short. The company is a major innovator and disruptor in the car industry, and is a robust online used car dealer. Our AI systems rated Carvana F in Technicals, F in Growth, D in Low Volatility Momentum, and F in Quality Value. The stock closed up 6.37% to $277.04 on volume of 1,247,717 vs its 10-day price average of $276.9 and its 22-day price average of $284.41, and is up 17.26% for the year. Revenue was $5586.56M in the last fiscal year compared to $1955.47M three years ago, Operating Income was $(332.4)M in the last fiscal year compared to $(220.73)M three years ago, EPS was $(2.63) in the last fiscal year compared to $(2.03) three years ago, and ROE was (93.05%) in the last year compared to (100.5%) three years ago.
Hess Corp (HES)
Hess Corp
Sabre Corp (SABR)
Our fourth Top Short of the day is Sabre Corp
Pinterest Inc (PINS)
Our final Top Short of the day is social media platform Pinterest. Pinterest is an image sharing and social media service, and as of August 2020, had over 400 million monthly active users. Our AI systems rated Pinterest C in Technicals, F in Growth, F in Low Volatility Momentum, and D in Quality Value. The stock closed up 4.22% to $71.88 on volume of 10,074,783 vs its 10-day price average of $72.73 and its 22-day price average of $78.87, and is up 5.6% for the year. Revenue was $1692.66M in the last fiscal year compared to $755.93M three years ago, Operating Income was $(53.0)M in the last fiscal year compared to $(74.72)M three years ago, EPS was $(0.22) in the last fiscal year compared to $(0.5) three years ago, and ROE was (6.02%) in the last year compared to (7.02%) three years ago. The stock is also trading with a Forward 12M P/E of 86.16.
Liked what you read? Sign up for our free Forbes AI Investor Newsletter here to get AI driven investing ideas weekly. For a limited time, subscribers can join an exclusive slack group to get these ideas before markets open.
Source: S&P Global Market Intelligence
Q.ai, a Forbes Company, formerly known as Quantalytics and Quantamize, uses advanced forms of quantitative techniques and artificial intelligence to generate investment
…Q.ai, a Forbes Company, formerly known as Quantalytics and Quantamize, uses advanced forms of quantitative techniques and artificial intelligence to generate investment recommendations across all asset classes. When it comes to money, no one should have to settle. We make investing less intimidating, more accessible and a lot of fun for everyone. That’s investing, reimagined.",Forbes
https://www.forbes.com/sites/aparnadhinakaran/2021/03/12/the-chronicles-of-ai-ethics-the-man-the-machine-and-the-black-box/,2021-03-12,"The Chronicles of AI Ethics: The Man, The Machine, And The Black Box","Today, machine learning and artificial intelligence systems, trained by data, have become so effective that many of the largest and most well-respected companies in the world use them almost exclusively to make mission-critical business decisions. The outcome of a loan, insurance or job application, or the detection of fraudulent activity is now determined using processes that involve no human involvement whatsoever.
In a past life, I worked on machine learning infrastructure at Uber. From estimating ETAs to dynamic pricing and even matching riders with drivers, Uber relies on machine learning and artificial intelligence to enhance customer happiness and increase driver satisfaction. Frankly, without machine learning, I question whether Uber would exist as we know it today.
For data-driven businesses, there is no doubt that machine learning and artificial intelligence are enduring technologies that are now table stakes in business operations, not differentiating factors.
While machine learning models aim to mirror and predict real-life as closely as possible, they are not without their challenges. Household name brands like Amazon, Apple, Facebook, Google have been accused of algorithmic bias, thus affecting society at large.
For instance, Apple famously ran into an AI bias storm when it introduced the Apple Card and users noticed that it was offering smaller lines of credit to women than to men.
In more extreme and troubling cases, judicial systems in the U.S. are using AI systems to inform prison sentencing and parole terms despite the fact that these systems are built on historically biased crime data, amplifying and perpetuating embedded systemic biases and calling into question algorithmic fairness in the criminal justice system.
In the wake of the Apple Card controversy, Apple’s issuing partner, Goldman Sachs, defended its credit limit decisions by noting that its algorithm had been vetted by a third-party and that gender was not used as an input or determining factor.
While applicants were not asked for gender when applying for the Apple Card, women were nonetheless receiving smaller credit limits, underscoring a troubling truth: machine learning systems can often develop biases even when a protected class variable is absent.
Data science and AI/ML teams today don’t match protected class information back to model data for plausible deniability. If I didn’t use the data, machines can’t be making decisions on it, right? In reality, many variables can be correlated with gender, race or other aspects of identity and, in turn, lead to decision-making that does not offer equal opportunity to all people.
The Imbalance of Responsibility
We are living in an era where major technological advances are imperfectly regulated and effectively shielded from social responsibility, while their users face major repercussions.
We come face to face with what M.C. Eilish coined, “The Moral Crumple Zone”. This zone represents the diffusion of responsibility onto the user instead of the system as a whole. Just as a car’s hood takes the brunt of the impact in a head on collision, the user of technology takes the impact for the mistakes of the ML system. For example: as it stands, if a car with self-driving capabilities fails to recognize a stop sign, the driver is responsible for any mistakes and subsequent damages that the car makes, not those who trained the models and produced the car.
To make matters worse, the users of most technology very rarely have a full understanding of how the technology works and its broader impact on society. It is unfair to expect users to make the right risk management decisions with minimal understanding of how these systems even work.
These effects are magnified when talking about users in underrepresented and disadvantaged communities. People from these groups have a much harder time managing unforeseen risk and defending themselves from potentially damaging outcomes. This is especially damaging if an AI system makes decisions with limited data on these populations - which is why topics like facial recognition technology for law enforcement are particularly contentious. Turning a blind eye is no longer an option given the social stakes.
Those who intentionally built these complex models must consider their ethical responsibilities in doing so as our world has lasting structural consequences that do not resolve by themselves.
Rise Up Or Shut Up: Taking Accountability.
We live in a society that manages its own risks through establishing ethical frameworks, creating acceptable codes of conduct, and in the end: codifying these beliefs with legislation. When it comes to ML systems, we are way behind here. We are barely starting to talk about the ethical foundations of ML, and as a result our society is going to have to pay the price for our slow action.
We must work harder to understand how machine learning models are making their decisions and how we can improve this decision making to avoid societal catastrophe.
So, what steps do we need to take now to start tackling the problem?
STEP 1: Admit that proper ethical validation is mission-critical to the success of our rapidly growing technology.
The first step in exposing and improving how AI/ML affects us as a society is to better understand complex models and validate ethical practices. It is no okay to longer avoid the problem and claim ignorance.
STEP 2: Make protected class data available to modelers
Contrary to current practices which excluded protected class data from models to allow for plausible deniability in the case of biased outcomes, protected class data should in fact be available to modelers and included in data sets that inform ML/AI models. The ability to test against this data puts the onus on these modelers to make certain their outputs aren’t biased.
STEP 3: Break down barriers between model builders and the protected class data
Bias problems and analysis are not only the purview of model validation teams. Putting a wall between teams and data only diffuses responsibility. The team's building model needs this responsibility and needs the data to make those decisions.
STEP 4: Employ emerging technologies such as ML observability that enable accountability
You can’t change what you don’t measure. Businesses and organizations need to proactively seek tools and solutions that help them better monitor, troubleshoot, and explain what their technology is doing. And subsequently, uncover ways to improve the systems they’ve built.
Ultimately, the problem of the black box is growing as AI/ML technologies are becoming more advanced, yet we have little idea of how most of these systems truly work. As we give our technology more and more responsibility, the importance of making ethically charged decisions in our model building is amplified exponentially. It all boils down to really understanding our creations. If we don’t know what is happening in the black box, we can’t fix its mistakes to make a better model and a better world.
Aparna Dhinakaran is Chief Product Officer at Arize AI, a startup focused on ML Observability. She was previously an ML engineer at Uber, Apple, and Tubemogul (acquired
…Aparna Dhinakaran is Chief Product Officer at Arize AI, a startup focused on ML Observability. She was previously an ML engineer at Uber, Apple, and Tubemogul (acquired by Adobe). During her time at Uber, she built a number of core ML Infrastructure platforms including Michaelangelo. She has a bachelors from Berkeley's Electrical Engineering and Computer Science program where she published research with Berkeley's AI Research group. She is on a leave of absence from the Computer Vision PhD program at Cornell University.",Forbes
https://www.businessinsider.com/servicenow-dave-wright-new-low-code-tools-artificial-intelligence-investments-2021-3,2021-03-13,The chief innovation officer of $96 billion ServiceNow explains how new low-code and AI tools will help people be more productive,"- ServiceNow announced new AI updates and low-code capabilities on its platform earlier this week.
- It includes new tools to build custom workflows to help customers increase productivity.
- These tools will help make work work better, said chief innovation officer Dave Wright.
- See more stories on Insider's business page.
Workflow automation company ServiceNow is getting closer to its goal of making work work better for its customers.
The firm — which makes automation software — launched new AI updates and low-code capabilities on its platform earlier this week that greatly expand its range of services.
While ServiceNow initially focused on customer, IT, and employee processes with an organization, these launches allow users to create custom workflows on the platform.
""We can look at all the things that are common across every company, and we can build workflows for those, or we can ship those out as products,"" said Dave Wright, ServiceNow's chief innovation officer. ""But every company is going to have its own unique workflows that are very specific to their business.""
Hence the new customization features.
The updates are meant to help customers innovate faster and be more productive, Wright said, which is more crucial than ever because of the pandemic. With the new low code tools companies can essentially automate any workflow, which is especially important when people are working in different locations or time zones.
The new low-code tools — called App Engine Studio and App Engine Templates — help users create a workflow without using any code. App Engine Studio uses a largely drag-and-drop interface to guide someone through building an app, while the templates provide the basics for common use cases that customers can customize.
""This is really about putting innovation in the hands of every employee across the enterprise,"" Wright said.
The use cases for customers are broad, Wright said. For example, the city of Los Angeles, an existing customer, used the low code tools to develop an app in 72 hours to track COVID vaccinations.
ServiceNow, which had a market cap of $96 billion as of Friday afternoon, also released new AI capabilities powered by two companies it acquired in the last two years: Loom.ai in early 2020 and Attivio in late 2019. When ServiceNow acquires companies, it ""replatforms"" the technology to fit into ServiceNow's existing system, with the aim of giving customers a seamless experience.
New features include predictive event management, which helps users anticipate potential problems and automate resolutions, and a personalized search function that suggests most-likely results.
ServiceNow has been on a mission to ramp up its AI offerings: Last year it named its first chief artificial intelligence officer, Vijay Narayanan, a Microsoft and Pinterest veteran who is now leading about 300 technologists, Insider previously reported.
It also acquired Passage AI, a Silicon Valley conversational AI company; Sweagle, a Belgium-based data management firm; and Element AI, an AI company based in Montreal.
Technology from those AI acquisitions will be seen in the platform soon.
""As we do these acquisitions, it takes us a while to replatform,"" Wright said. ""But we never end up with things that are bolted on the side or are not swapping data between systems.""
Got a tip? Contact this reporter via email at pzaveri@insider.com or Signal at 925-364-4258. (PR pitches by email only, please.)",Business Insider
https://www.forbes.com/sites/martinrand/2021/03/13/companies-are-adopting-ai-for-supplier-negotiations-but-which-ones-should-the-machines-handle/,2021-03-13,"Companies Are Adopting AI For Supplier Negotiations, But Which Ones Should The Machines Handle?","Understanding what types of deals machines are better at negotiating is key to unlocking value in commercial contracts.
We’re not far from the day when AI will negotiate commercial deals in most large organizations.
Why? Because every large corporation has thousands of neglected vendor deals that are set up to be automatically renewed when they expire, without anyone ensuring they maximize value. Research by KPMG shows that 17%–40% of value in deals is lost due to inefficient contracting. A value increase of even 400 basis points in supplier deals represents at least tens of millions of dollars for a typical Fortune 500 enterprise—and AI can help unlock that value.
The key is knowing which kinds of deals should be negotiated by humans and which by machines.
The Hidden Advantages of Machine Negotiations
Negotiation is at its core an optimization task between two parties. Many deals are actually perfect negotiation tasks for machines, which aren’t affected by human emotions.
The obvious advantages of machine negotiations include:
- Each negotiation can influence all the others. When thousands of negotiations are all masterminded by a single AI, there’s an increased opportunity for coordination and optimization. For example, an e-commerce platform that wants to renegotiate holiday sales terms with vendors might offer a co-marketing campaign that includes prime-time TV advertising. The value of each ad second will go up as more suppliers agree to jump on board, maximizing the value of every second of the promotion.
- A machine can negotiate thousands of contracts at the same time. There simply aren’t enough hours in the day for human merchandising and procurement teams to negotiate and renegotiate the tens of thousands of vendor contracts enterprises need to stay on top of, as each contract can take weeks to months to complete. AI can handle thousands of these simultaneously in the same amount of time that it usually takes to renegotiate just a single contract. Automation makes the entire process for enterprises not just faster, but exponentially faster.
- An AI system can continuously learn. Every machine negotiation can make every other one better, creating a virtuous cycle. Such knowledge sharing and training would be close to impossible without AI.
- Machines can consider every trade-off, no matter how small. A single contract may have 30 factors that need to be individually negotiated, each with a different value and priority for both parties. For a human, this combinatorial explosion would be overwhelming, leading the parties to focus on just the top three items in most cases. A machine, however, is built to find optimal combinations and, so, will identify and derive more value from each negotiation.
The Best Kinds of Deals to Negotiate Using AI
Given the above advantages, there are certain types of contracts that machines are much better at negotiating than human teams are. These include:
- Low-value, high-volume contracts. Machines can renegotiate tail-spend deals much more efficiently and cost-effectively than humans can. Enterprises have thousands of low-dollar contracts that would take humans months to renegotiate, with the labor cost outweighing any additional benefit the company might gain from the process.
- Deals that depend on complex data. Machines are better equipped to manage negotiations of contracts that depend on factors such as fluctuating commodity prices, consumer demand or competitive price analysis.
- Spot-pricing deals. Human teams don’t have the time or capacity to effectively handle freight terms and other deals that need to be renegotiated daily or weekly.
- Multistakeholder negotiations. Trade union and class-action conflicts tend to be highly charged negotiations involving multiple parties with competing priorities. By removing the emotional component, enterprises can often achieve better outcomes more quickly.
The Best Kinds of Deals for Humans to Negotiate
Biological intelligence has distinct benefits over the artificial sort and some kinds of deals are still best negotiated by humans. These include strategic negotiations, which benefit from human sensitivity. For example, people can anticipate cultural differences, get a gut feeling about the other party and back-channel information to save a deal that is at risk of going south. Machines cannot negotiate things that are not officially on the table—only people can think outside the box.
The key to any successful negotiation is focusing on strategy. Parties have to know what they want and where it will get them. They need to know, for example, who their contact might influence in the organization to improve future deals and what synergies there may be between a product line offered currently and a future one that a supplier is looking to sell. That kind of strategic thinking is something that machines have not yet mastered.
How to Best Prepare an Organization for AI Negotiations
For a corporation to maximize an early-mover advantage in adopting AI for negotiations, it must be willing to think like a startup and foster innovation. Companies that can appoint a big-picture thinker who can also execute well to lead innovation and then assign teams to specific projects—while giving them the freedom to experiment—will be ahead of the game.
Enterprises should also be mindful of the structure and quality of their data. “The world’s most valuable resource is no longer oil, but data,” as The Economist put it a few years ago. Ensuring that data is not siloed in specific systems or parts of an organization and investing in the business intelligence tools needed to compete are critical.
Finally, corporations should find the neglected value in their organizations. That may lie in a long tail of thousands of unmanaged suppliers or contracts that are renegotiated too infrequently, perhaps only once every several years. Business events such as changing commodity prices or fluctuating consumer demand might also hold hidden value that companies can tap through AI.
Understanding what types of deals machines are better at negotiating is key to unlocking additional value from existing contracts. This value is already there, just waiting to be revealed and leveraged once AI systems are deployed.
I’m the CEO and cofounder of Pactum, an AI system that unlocks value for enterprises by automating commercial contract negotiations. Previously, I served as Product
…I’m the CEO and cofounder of Pactum, an AI system that unlocks value for enterprises by automating commercial contract negotiations. Previously, I served as Product Manager at Skype and as the Commercial Lead for Europe for The Climate Corporation (owned by Monsanto), where I conducted complex negotiations with culturally and geographically diverse teams. I also co-founded and served as CEO of VitalFields, an online farm management system that was acquired by Monsanto. I hold an MA in IT Management from the Estonian Business School and have studied advanced negotiations at Harvard University.",Forbes
https://www.forbes.com/sites/lanceeliot/2021/03/14/self-driving-cars-and-those-brazen-dogs-that-love-to-chase-after-passing-cars/,2021-03-14,Self-Driving Cars And Those Brazen Dogs That Love To Chase After Passing Cars,"Dogs relish chasing after all kinds of objects such as weathered tennis balls and worn-out frisbees.
Unfortunately, dogs also delight in chasing after passing cars, which is a really bad idea.
If you’ve ever witnessed first-hand as a brazen dog wildly ran to catch a car coming swiftly down your neighborhood street, it is a quite scary affair and will undoubtedly make your heartbeat uncontrollably. One possibility is that the driver decides to swerve or hit the brakes, any of which might end up with the dog getting hit by the car. More likely, and usually with a more adverse outcome, some other upcoming car will not see the dog that is running in the street and will accidentally ram smackdab into or entirely run over the canine.
We know that these pell-mell pursuits of a moving car are fraught with grave danger.
Dogs might not realize the peril and instead perceive the car as a shiny object that is well-worth chasing. In some ways, it seems like a fun game for the dog to be playing, at least that’s what the dog is possibly thinking. Those brash dogs that undertake this form of a daredevil sporting endeavor are usually trying to catch up with the moving vehicle, and at least are not running face-forward into the path of the car per se.
If the car keeps going on its existing traversal, ostensibly away from the pursuing pooch, the odds are that the dog won’t reach the vehicle and will by happenstance escape the particular danger of getting entangled with the car. Still, there is the frightening aspect that the animal is likely now stranded in the middle of the street and other cars could fail to spy the beloved hound.
Some believe that dogs chase after cars as part of a herding instinct. Maybe in the minds-eye of a dog, the car is akin to a ferocious wolf and the dog is saving all the rest of us from the wickedness of a vicious wolf-pack style attack. Another theory is that the dog is merely utilizing its innate ability to stalk after prey. This seems somewhat questionable since the dog is typically making all sorts of howling noises and not slinking quietly up upon the passing car, but it nonetheless could be a strategy used for capturing quarry that potentially works in the wild and therefore might work on everyday streets.
It is hard to know what the dog is thinking.
Perhaps there is fear involved. The dog might be intrinsically fearful of this large-sized unknown object that is steadily moving along. A reaction to the fear could be to lash out at the massive thing and try to stop it or maybe damage it. Some say this shows how gutsy dogs can sometimes be. This same possibility relates to the dog as a heroic figure, trying to save the pedestrians and other humans walking around from the mysterious contraption that seemingly endangers everyone in the vicinity.
Trying to make somewhat lighter remarks, some jokingly suggest the dog wants to catch and keep the car as a prized possession. Imagine how impressed the other dogs in the community would be if the capturing dog was able to showcase that they had wrangled a car to the ground and dragged it back to their private doghouse. One supposes that the proud winning dog might even dig a large hole and try to bury the car, as though the vehicle was the largest bone that the dog had ever managed to collect.
You might go so far as to suggest that the dog wants to drive the car (see my analysis about dogs being trained to drive, at this link here).
Some say the real reason a dog chases after a car is because it can.
Let’s dig into that remark a bit more so.
Assuming that a human owner is responsible for the dog, that person is allowing the pooch to do something it shouldn’t be doing. In essence, it is the fault of the human and not particularly the fault of the dog. People ought to take care of their dogs and either keep their pets from being freely able to chase after a car or as a minimum train their dogs to decidedly not partake in such a hazardous practice, goes this logic.
Sure, it can be challenging to teach a dog to not chase after cars. The arduous task can involve hours upon hours of careful and conscientious effort with your treasured pet. There isn’t much argument about the difficulties involved. That being said, the time is well spent and necessary for the well-being of all parties.
The other obvious point to be made is that if a dog is routinely kept on a leash, for which most locales have pointed leash laws, there is not much chance that a dog can indeed chase after a car. Unless the human relinquishes the leash or allows their dog out of a fenced area, presumably the opportunity to actively give chase after a car is nearly nonexistent.
Of course, slipups can occur. The most faithful of owners could inadvertently let the leash escape from their grasp while walking their dog, especially if the enthused animal suddenly and surprisingly darts away without any warning. Or perhaps a fenced area has a gate that wasn’t properly locked, and the dog shoved at the potential opening while fiercely intent on watching that car travel down the street. For those myriads of reasons, training a dog to not chase a car has added merits.
Why all this talk about dogs chasing cars?
Consider that the future of cars consists of self-driving cars. In the case of true self-driving cars, there won’t be a human driver at the wheel. An AI driving system will be in charge of the driving controls and determining how the car will be driven (for more details about self-driving cars, see my discussion at this link here).
Tying together these two topics, it will be important for AI driving systems and thus self-driving cars to be able to contend with dogs that opt to chase cars. Yes, it would seem just as likely that a dog might chase a self-driving car as they would a human-driven car.
Today’s intriguing question is this: How will an AI-based true self-driving car contend with dogs that chase cars and can we rest easy knowing that those self-driving cars will do the right thing?
Let’s unpack the matter and see.
Understanding The Levels Of Self-Driving Cars
As a clarification, true self-driving cars are ones that the AI drives the car entirely on its own and there isn’t any human assistance during the driving task.
These driverless vehicles are considered Level 4 and Level 5 (see my explanation at this link here), while a car that requires a human driver to co-share the driving effort is usually considered at Level 2 or Level 3. The cars that co-share the driving task are described as being semi-autonomous, and typically contain a variety of automated add-on’s that are referred to as ADAS (Advanced Driver-Assistance Systems).
There is not yet a true self-driving car at Level 5, which we don’t yet even know if this will be possible to achieve, and nor how long it will take to get there.
Meanwhile, the Level 4 efforts are gradually trying to get some traction by undergoing very narrow and selective public roadway trials, though there is controversy over whether this testing should be allowed per se (we are all life-or-death guinea pigs in an experiment taking place on our highways and byways, some contend, see my coverage at this link here).
Since semi-autonomous cars require a human driver, the adoption of those types of cars won’t be markedly different than driving conventional vehicles, so there’s not much new per se to cover about them on this topic (though, as you’ll see in a moment, the points next made are generally applicable).
For semi-autonomous cars, it is important that the public needs to be forewarned about a disturbing aspect that’s been arising lately, namely that despite those human drivers that keep posting videos of themselves falling asleep at the wheel of a Level 2 or Level 3 car, we all need to avoid being misled into believing that the driver can take away their attention from the driving task while driving a semi-autonomous car.
You are the responsible party for the driving actions of the vehicle, regardless of how much automation might be tossed into a Level 2 or Level 3.
Self-Driving Cars And Those Dogs That Chase Cars
For Level 4 and Level 5 true self-driving vehicles, there won’t be a human driver involved in the driving task.
All occupants will be passengers.
The AI is doing the driving.
One aspect to immediately discuss entails the fact that today’s AI is not sentient. In other words, the AI is altogether a collective of computer-based programming and algorithms, and most assuredly not able to reason in the same manner that humans can. For example, current AI lacks any semblance of common sense and nor has any kind of common-sense reasoning (for further background, see the link here).
This is important to keep in mind when considering the matter of a dog that chases after a self-driving car.
A human driver would realize the significance of a chasing dog. The driver would comprehend that a dog is, well, a dog. It can scamper and run. It can do things that aren’t wise to do. It can veer this way and that way, nearly erratically. The dog might pursue the chasing car and abruptly decide it has had enough and come to a halt. Or the dog might run up onto lawns and across homes to try and reach the car, thus not taking a straight path toward reaching the in-motion vehicle.
None of that is “understood” within an AI driving system, and even if the AI driving system is programmed to cope with the act of dogs that chase cars, keep in mind that the programming is only programming and does not have the robustness of human thinking intertwined.
Consider this weighty facet in a somewhat different light.
Suppose you had a teenage novice driver that was just initially in the throes of learning to drive. The neophyte is barely able to use the pedals and the steering wheel, in the sense that they are unsure of how to perform the driving task.
If that teenager was driving in a local neighborhood and all of a sudden a dog started to give chase, there is no question that the young adult would indubitably comprehend the significance of what a dog is, how a dog acts, and the qualms associated with having a dog chasing their car. Unless the teenager has been living in a cave their whole life, they would inarguably know what dogs are and what they can do.
I’m not suggesting that the novice driver would know what to do in such a driving circumstance and simply emphasizing that the human driver would realize the nature of dogs. This goes into the earlier exhortation about a semblance of common sense. Despite those that might chortle about ascribing common sense to teenagers, you must admit that a teenager is quite likely to have rather extensive knowledge and awareness about dogs.
An AI driving system of today is unlikely to have anything at all that provides background about dogs. There is no overarching reason to go to the trouble to infuse this kind of information into an AI driving system at this time (exceptions do apply). The developers have enough on their hands in terms of getting a self-driving car to be able to safely go from point A to point B, and thus the so-called edge case or corner case involving a chasing dog is very low on the priority list.
In essence, the AI driving system might do something like this.
First, realize that the sensors of the self-driving car usually include video cameras, radar, LIDAR, ultrasonic units, and the like. These are akin to being the eyes and ears of the AI driving system. Via those sensors, the AI driving system interprets the data being collected and attempts to discern the driving scene. Aspects include notable particulars such as where is the roadway, are there are other cars nearby, are there pedestrians nearby, and so on.
Trying to detect a dog is not particularly easy.
Dogs tend to be relatively low to the ground. Their movement can be quite quick. With pedestrians, you can oftentimes examine a visual image to figure out which way a pedestrian is possibly going to turn, or whether they have got their arms out and maybe are going to run into the street. Trying to do a similar analysis about dogs is relatively hard to do.
So, you’ve got a dog, as an object, which is low to the ground, moving fast, and difficult to predict in terms of what the object might do.
On top of those complexities, let’s assume the dog is coming up toward the self-driving car, doing so from behind the vehicle. By-and-large, the focus of the sensors and the AI driving system has to do with what’s ahead of the car, not especially what is behind the car (obviously, another car that is coming up fast from behind and that might ram the self-driving car is a vital consideration, though realize that another vehicle is a relatively larger object, more commonly expected, and generally easier to detect and predict).
All in all, the bad news for the dogs that chase cars are that few if any self-driving cars of today are prepared to cope with the specifics of a dog that is chasing the car. There are (at this time) not many AI driving systems that have a pre-programmed response to deal with a chasing dog. And, as mentioned, even trying to detect the dog is problematic, to begin with.
In the discussion earlier it was pointed out that the car being chased is perhaps less likely to end-up striking a dog and it might be more likely that other nearby cars might do so, assuming that there is other traffic. In that use case, the odds are a little better about the AI-based self-driving cars because they are perhaps diligently scanning the area and trying to continually ferret out what is going on in the driving scene.
Human drivers oftentimes will drive while distracted, ironically watching cat videos just when a dog happens to be in the middle of the street. The hope is that AI driving systems will be as safe or possibly safer than human drivers, partially due to the lack of distractions and also since the AI won’t be drinking and driving.
In short, one can be somewhat hopeful that if a self-driving car comes upon a situation wherein a dog is chasing after a car that is ahead of the self-driving car, there is some semblance of a chance that the AI driving system might detect the dog. Though the AI might not be able to classify what the object is, nonetheless, there is an object that has been detected and is presumably in the roadway, thus, it becomes an object to be given due consideration.
Most AI driving systems would interpret the object as something to be tracked and monitored, waiting to ascertain what the detected object is going to do. From the AI programming viewpoint, the object might just as well be a tumbleweed that has come onto the street and is weaving to and fro. Of course, a car can ram into a tumbleweed if needed, but ramming into a dog or other living creature is a different matter (see my discussion about roadway intervening animals and self-driving cars at this link here).
We can add a variety of twists to this dilemma.
A human driver is driving along, and a dog starts to chase after the moving car. A self-driving car is behind the car that is being chased by the dog. One concern involves the dog. Another concern involves the potential actions of the human driver.
Envision that the human driver in this scenario decides to “freak out” and slams on their brakes. Maybe the person believes that the best course of action is to come to a sudden halt. The dog will then be able to catch-up with the car. The human driver doesn’t have to worry about running over the dog since the car is now at a standstill.
Seems like impeccable logic.
Don’t though forget that there is another car immersed in this driving scenario, namely the self-driving car that is behind the human-driven car. It is conceivable that the abrupt act of the human driver might lead to the self-driving car rear-ending the human-driven car. This could certainly happen too if the car that was behind the stopped car was being driven by a person, and thus you cannot somehow ascribe that this would only happen to an AI-based self-driving car.
The crux of this twist is that the AI driving system has to be programmed to anticipate the reactions of other objects in the driving scene, including what the human-driven cars are going to do or react in response to the bolting dog.
Another object that might get involved in this expanding scenario could be a pedestrian or perhaps a slew of pedestrians, all of whom suddenly decide they will come into the street to try and save the dog. You can easily imagine this kind of reaction. People that see a dog in danger are likely to take dangerous actions themselves, doing so in hopes of saving the dog and without necessarily giving due thought to their own safety, and nor the safety of the passengers in the cars entangled in the entire affair.
The point is that a dog chasing a car can be an entangling web of activities that rapidly unfold or evolve while the driving action is underway. If you only construe the matter as one dog and one car, you have demonstrably understated the nature of the problem and the life-or-death consequences that can arise.
Conclusion
Some believe that dogs won’t chase after a self-driving car.
Here’s why they say this.
Dogs are aware today that a human is at the wheel, presumably being able to see the person, and therefore they are chasing not merely a car, they are also chasing the person. Since an AI-based true self-driving car does not have a human driver at the wheel, dogs will no longer feel any need or incentive to chase after cars.
Sorry, but as they say, that logic won’t hunt.
First, it seems questionable to assume that dogs can connect the notion that a car is being driven by a human with the aspect that this big shiny object is coming down the street. In many cases, the human driver is not readily seen anyway. All in all, the odds are higher than the dog is chasing the car, and not somehow trying to chase the human driver (to clarify, sure, there are rarer instances of the dog spying their owner driving a car and wanting to follow their owner, that kind of situation).
Secondly, there are going to be passengers inside self-driving cars. Not all of the time, since it is abundantly possible for self-driving cars to be roaming around without passengers, or possibly doing a delivery chore and there is no need for any riders inside. In any case, for likely much of the time, there are going to be people riding inside self-driving cars.
Can the dog distinguish between humans that are driving a car versus humans merely residing in a car?
Look, I am the first to say that dogs are darned smart, and we ought to give them immense credit, but it seems rather farfetched to claim that dogs principally choose to chase cars due to there being a human driver at the wheel, and furthermore that these savvy pooches would ergo also mentally calculate that human riders inside a self-driving car are not serving as human drivers.
Since my dog does the balancing of my checkbook each month for me, I’ll bring this up during the time that we have together for doing my accounting and see what the dog says. Probably will cost me some of his favored dog biscuits, but it will be worth it to find out exactly why dogs do indeed chase cars.
I’ll let you know.
Dr. Lance B. Eliot is a world-renowned expert on Artificial Intelligence (AI) with over 3.8+ million amassed views of his AI columns. As a seasoned executive and
…Dr. Lance B. Eliot is a world-renowned expert on Artificial Intelligence (AI) with over 3.8+ million amassed views of his AI columns. As a seasoned executive and high-tech entrepreneur, he combines practical industry experience with deep academic research and serves as a Stanford Fellow at Stanford University. Formerly a professor at USC and UCLA, and head of a pioneering AI Lab, he frequently speaks at major AI industry events. Author of over 50 books, 500 articles, and 250 podcasts, he has made appearances on media outlets such as CNN and co-hosted the popular radio show Technotrends. He's been an adviser to Congress and other legislative bodies and has received numerous awards/honors. He serves on several boards, has worked as a Venture Capitalist, an angel investor, and a mentor to founder entrepreneurs and startups.",Forbes
https://www.forbes.com/sites/bernardmarr/2021/03/15/china-poised-to-dominate-the-artificial-intelligence-ai-market/,2021-03-15T06:17:12Z,China Poised To Dominate The Artificial Intelligence (AI) Market,"If you, or your kids, are obsessed with TikTok, you might be surprised to hear that the company behind your favorite app is a giant artificial intelligence tech conglomerate in China. Many westerners have no idea that China is actually setting a course to become a world leader in AI, and that a number of key Chinese AI companies have already become a major part of everyday life in China, the United States, and the rest of the world.
China's leaders have made AI a strategic priority and are driving the Chinese tech industry to define standards and norms for global artificial intelligence practices.
Why China Is Poised to Lead the Global AI Market
There are three major driving factors behind China’s rise on the global AI scene:
1. Access to a huge domestic market. China's population of 1.4 billion consumers is the biggest domestic market in the world. There are a plethora of potential AI applications for this market, so China is fertile ground for AI companies to thrive.
2. AI is a top priority for leadership, and the Chinese government has articulated a clear, ambitious mission on artificial intelligence. The government and business sector in China understand that AI is revolutionizing virtually all aspects of consumers’ lives, and they are embracing the new technology wholeheartedly and providing strong strategic guidance for innovative AI tech companies.
3. China fiercely protects its internal market, blocking major US-based AI players like Facebook and Google. This virtually eliminates competition from Western companies so domestic tech innovation can flourish in China. More recently, China has also imposed restrictions on the export of some innovative AI technology with the aim of safeguarding national economic security.
Key AI Players in China
Here are a few of the biggest Chinese AI companies taking the lead in the evolving tech world:
Baidu is one of the largest AI and internet companies in the world. One of their biggest products is their highly popular search engine – over 70% of Chinese search inquiries go through their engine. DuerOS, Baidu’s conversational AI platform, can add digital intelligence to a range of household devices like smart speakers or refrigerators.
Alibaba is an enormous e-commerce platform that hit record sales of around $72 billion in 2020. Chinese consumers pay for transactions with their mobile phones more often than consumers in any other country in the world, and Alipay, Alibaba’s mobile payments platform, enables the vast majority of those mobile payments. Alibaba also provides pay-as-you-go cloud computing services and recently partnered with AutoX to roll out a fleet of autonomous taxis in Shanghai.
Tencent’s most popular product is WeChat, which started out as a messaging platform but has now added features that enable users to read the news, buy products and services, order food, and even book travel right in the app.
ByteDance is behind the tech darling TikTok, as well as Douyin, TikTok’s Chinese equivalent. The company is currently valued at $180B, and it is considered one of the most valuable unicorns (startup companies valued at more than a billion dollars) in the tech world.
Artificial Intelligence in Our Daily Lives: Look to China
Companies like Baidu, Alibaba, and ByteDance are clearly at the forefront of AI research, and their products and services are integrating artificial intelligence into daily life in China and beyond.
In the near future, Western tech companies that want to remain relevant will look to China for digital innovation and AI breakthroughs. As China's broad range of startups, scale-ups, and large corporate organizations continue to close the technical gap between their country and Western economies, they are poised to become worldwide leaders in artificial intelligence, big data, and machine learning.
Bernard Marr is an internationally best-selling author, popular keynote speaker, futurist, and a strategic business & technology advisor to governments and companies. He
…Bernard Marr is an internationally best-selling author, popular keynote speaker, futurist, and a strategic business & technology advisor to governments and companies. He helps organisations improve their business performance, use data more intelligently, and understand the implications of new technologies such as artificial intelligence, big data, blockchains, and the Internet of Things. Why don’t you connect with Bernard on Twitter (@bernardmarr), LinkedIn (https://uk.linkedin.com/in/bernardmarr) or instagram (bernard.marr)?",Forbes
https://www.forbes.com/sites/janakirammsv/2021/03/15/azure-arc-becomes-the-foundation-for-microsofts-hybrid-and-multi-cloud-strategy/,2021-03-15,Azure Arc Becomes The Foundation For Microsoft’s Hybrid And Multi-Cloud Strategy,"Microsoft continues to expand Azure Arc’s capabilities to transform it into a hybrid cloud and multi-cloud platform. At the recent Spring Ignite conference, Microsoft announced the general availability of Azure Arc enabled Kubernetes, and the preview of Arc enabled machine learning.
Azure Arc - The Cornerstone of Microsoft Hybrid and Multi-Cloud Strategy
Initially announced in 2019, Azure Arc is a strategic technology for Microsoft to expand its footprint to the enterprise data center and other public cloud platforms. Azure Arc is the only offering available in the market to manage both the legacy infrastructure based on physical servers and modern infrastructure powered by containers and Kubernetes.
With Azure Arc enabled servers, customers can onboard existing Linux and Windows servers running on bare metal servers or virtual machines to Azure Arc to manage them centrally. These servers could be running in on-premises environments or public cloud environments. Once registered with Azure Arc, they can seamlessly extend the Azure-based automation, management, and policy-driven configuration to any server irrespective of their deployment environment. This simplifies the fleet management and governance of infrastructure.
For example, with Azure Arc enabled servers, DevOps teams can roll out a consistent password policy to all the machines running in Azure VMs, on-prem data center, and even to Amazon EC2 or Google Compute Engine instances. They can also audit the compliance and remediate the issues from a centralized control plane.
Azure Arc enabled Kubernetes lets customers register Kubernetes clusters with Azure to take control of the cluster sprawl. Similar to Azure Arc enabled servers, they can apply consistent policies across all the registered clusters. An additional advantage of Azure Arc enabled Kubernetes is the integration of the GitOps-based deployment mechanism. Cluster managers can ensure that every Kubernetes cluster runs the same configuration and workloads across all registered clusters. GitOps provides at-scale deployment of workloads spanning the clusters running in the public cloud, data centers, and the edge.
Azure Stack, the hardware-based hybrid cloud offering from Microsoft, runs both VMs and managed Kubernetes clusters that can be registered with Azure Arc.
Optionally, Azure Arc customers can ingest the logs and metrics from servers and Kubernetes clusters into Azure Monitor - an integrated observability platform.
As of March 2021, Arc enabled servers and Arc enabled Kubernetes offerings are generally available.
Exploiting Kubernetes to Bring Managed Services to Azure Arc
Kubernetes has become the level playing field for running modern workloads. It’s transforming to become the new operating system for running distributed workloads, including databases and machine learning platforms.
Kubernetes plays a crucial role in Azure Arc by becoming the infrastructure foundation for running managed services such as databases and machine learning. Microsoft is leveraging Kubernetes to abstract the low-level infrastructure to run platform services reliably. Azure Arc enabled data services and Azure Arc enabled machine learning are early indicators of how Microsoft plans to unleash its managed services to run on any Kubernetes cluster.
Azure Arc enabled data services extends Microsoft Azure’s managed databases, including PostgreSQL Hyperscale and SQL Managed Instance to Kubernetes clusters running in hybrid and multi-cloud environments. Customers can use Azure Portal or the CLI to manage the lifecycle of database servers deployed through Arc enabled data services. The key advantage of this service is the ability to run databases in disconnected environments such as edge locations. Customers can run the databases in a highly secure environment without opening any outbound connections to the cloud.
Having experimented with databases, Microsoft is all set to bring machine learning to Azure Arc. Customers get the familiar Azure ML experience running in on-prem environments and other public cloud environments. Arc enabled machine learning combines the best of Kubernetes with data science and machine learning workflows. DevOps teams can provision workspaces with pre-configured Conda and Jupyter Notebook IDE. Through Role-Based Access Control (RBAC), data scientists and ML engineers can be given access to select operations needed for their job. With Arc enabled machine learning, customers can mix and match CPU hosts and GPU hosts of a Kubernetes cluster to run distributed training jobs. The models can then be deployed in managed Kubernetes clusters in the cloud or at the edge for inference.
Arc enabled machine learning is a masterstroke from Microsoft. It essentially brings ML Platform as a Service (PaaS) closer to the origin of the data. Customers may have large datasets uploaded to Amazon S3 while the ML training jobs are running in Azure. In that case, they can launch an Amazon EKS cluster in AWS to run Arc enabled machine learning with the same Jupyter Notebook and Azure ML SDK to train a model on AWS. The machine learning model can then be registered and deployed in Azure ML for inference.
Microsoft’s investments in Azure Stack-based hardware and Azure Arc platform become the critical differentiating factor. Azure is the only public cloud platform with hardware and software-based choices for implementing an enterprise hybrid cloud and multi-cloud strategy.
Janakiram MSV is an analyst, advisor and an architect at Janakiram & Associates. He was the founder and CTO of Get Cloud Ready Consulting, a niche cloud migration and
…Janakiram MSV is an analyst, advisor and an architect at Janakiram & Associates. He was the founder and CTO of Get Cloud Ready Consulting, a niche cloud migration and cloud operations firm that got acquired by Aditi Technologies. Through his speaking, writing and analysis, he helps businesses take advantage of the emerging technologies.
Janakiram is one of the first few Microsoft Certified Azure Professionals in India. He is one of the few professionals with Amazon Certified Solution Architect, Amazon Certified Developer and Amazon Certified SysOps Administrator credentials. Janakiram is a Google Certified Professional Cloud Architect. He is recognised by Google as the Google Developer Expert (GDE) for his subject matter expertise in cloud and IoT technologies. He is awarded the title of Most Valuable Professional and Regional Director by Microsoft Corporation. Janakiram is an Intel Software Innovator, an award given by Intel for community contributions in AI and IoT. Janakiram is a guest faculty at the International Institute of Information Technology (IIIT-H) where he teaches Big Data, Cloud Computing, Containers, and DevOps to the students enrolled for the Master's course. He is an Ambassador for The Cloud Native Computing Foundation.
Janakiram was a senior analyst with Gigaom Research analyst network where he analyzed the cloud services landscape. During his 18 years of corporate career, Janakiram worked at world-class product companies including Microsoft Corporation, Amazon Web Services and Alcatel-Lucent. His last role was with AWS as the technology evangelist where he joined them as the first employee in India. Prior to that, Janakiram spent over 10 years at Microsoft Corporation where he was involved in selling, marketing and evangelizing the Microsoft application platform and tools. At the time of leaving Microsoft, he was the cloud architect focused on Azure.",Forbes
https://www.forbes.com/sites/forbestechcouncil/2021/03/15/three-steps-for-rethinking-how-to-operationalize-ai-in-2021/,2021-03-15T12:36:00Z,Council Post: Three Steps For Rethinking How To Operationalize AI In 2021,"Venkat Viswanathan is Founder and Chairman of LatentView Analytics, a marketing analytics and decision science company.
AI has the potential to drive tremendous business results, but far too many organizations have used it as an isolated and shiny new tool without integrating it into their organizations at scale.
A PwC survey shows that 52% of executives are ramping up their AI approaches in the wake of Covid-19. Despite that, the pandemic has forced executives to rethink how they deploy new AI initiatives and optimize AI resources, which means building a framework to operationalize AI is now a top priority.
Operationalizing AI is all about how to take the small AI projects you've been experimenting with and applying them to real business problems by replicating them at speed and scale. It's about going from data to insights. Here are three steps for organizations to rethink how they operationalize AI in 2021:
Automating AI (AutoAI and AutoML)
Though automating AI might sound redundant, the analogy of cooking a pizza can bring a lot of clarity to the concept. Using today's ovens, you can automate much of the pizza-baking process in terms of timing and temperature, but you still have to keep an eye on it. There's a certain art to balancing the ""automated"" baking elements while still manually ensuring that the pizza is baking properly.
When building an ML model, there is a lot of raw data that needs to be orchestrated and systematically processed. Just as with the pizza, the art is in automating much of this process while still maintaining human oversight and quality control.
AutoML uses machine learning algorithms and real-time data to continuously improve the target ML model's performance. Humans can then ensure that bias is not creeping into the model and that it maintains certain performance standards. As humans and machines continue to collaborate to improve the model over time, it creates a feedback loop of success.
Make AI Explainable (XAI)
Responsible AI is a growing field of research within AI. Its framework helps build trust in your AI deployments. Ignoring such a framework can undermine your relationship with customers and employees alike. For example, a recent rift at Google was caused when an employee published a paper highlighting bias in its AI systems (paywall).
One exciting solution that could help identify and root out such bias is called explainable AI (XAI), and it's making AI more easily understandable. XAI is a technique that justifies an algorithm's outputs in a simple and clear way. For example, when it comes to image classification, explainable AI would classify an image and explain its rationale for doing so, helping researchers understand how their algorithm works while increasing trust that the system was bias-free.
As deep learning algorithms ingest increasingly massive amounts of data, it will become even more important to understand how and why they make decisions. For instance, the natural language processing model called GPT-3 has made waves for its sheer scale. It has over 175 billion weighted connections between words known as parameters. The model was trained on much of the English language on the internet, but, as a result, it has recently come under scrutiny for widespread bias. For example, the OpenAI researchers themselves noted that 83% of 388 occupations sampled were more likely to be associated with males than females.
Explainable AI could help researchers understand why the model is behaving in this way, so they can begin to fix the problem.
Adopt An AIOps Framework
Around 20 years ago, DevOps forever changed the way applications were developed, deployed and managed. DevOps standardized workflow procedures and pipelines, leading to dramatically improved efficiency and delivery times.
Today, AIOps and MLOps are doing the same thing for artificial intelligence. When Gartner first coined the term AIOps four years ago, they likely had no idea how much of an impact AIOps and MLOps would have on business operations in such a short time. In fact, Cognalityca predicts that the MLOps market will expand to nearly $4 billion by 2025.
These platforms help make the entire AI/ML lifecycle more structured and optimized. They streamline AI workflows and benchmark the success of new initiatives so that organizations better understand their AI operations and can iterate improvements over time.
For example, organizations are adopting containerization and automating workflows on platforms such as Red Hat on an infrastructure level. This allows them to deploy and automate microservices to bring new products to market much faster.
From Isolated AI Use Cases To Frameworks Of Success
According to PwC's 2021 AI predictions survey, 33% of companies started implementing limited AI use cases, while 25% had fully enabled AI processes with widespread adoption. I expect the latter to increase significantly by 2022, as organizations see the potential of fully integrated AI across their business units and teams.
To get there, they must adopt automated processes that can simplify how they build new AI/ML models, adopt responsible AI techniques such as XAI, and invest in AI and MLOps. Businesses simply cannot afford to move forward with expensive AI initiatives without these frameworks of success in place to enable lasting change.
Forbes Technology Council is an invitation-only community for world-class CIOs, CTOs and technology executives. Do I qualify?
Venkat Viswanathan is Founder and Chairman of LatentView Analytics, a marketing analytics and decision science company. Read Venkat Viswanathan's full executive profile
…Venkat Viswanathan is Founder and Chairman of LatentView Analytics, a marketing analytics and decision science company. Read Venkat Viswanathan's full executive profile here.",Forbes
https://www.forbes.com/sites/karlfreund/2021/03/15/amd-launches-3rd-generation-epyc/,2021-03-15,AMD Launches 3rd Generation EPYC,"While Gigabyte builds EPYC Server with Qualcomm AI Chips!
Honestly, I struggled to decide which of these two announcements deserves headline status. Both are pretty exciting. One extends AMD’s leadership over Intel for server CPUs, and the other combines these fast CPU’s with the Qualcomm Cloud A100 accelerators. Since the Gigabyte server is the first product to feature these 400 TOPS inference engines, this is a major milestone. So skip to the end for that, but I will start with the EPYC launch, which is pretty epic in its own right.
What did AMD Announce and how does it compare?
As expected, AMD has announced the third generation of the company’s EPYC server CPUs, claiming double the performance of Intel’s competitive Xeon chips. The new EPYC 7003 increases per-cycle performance over its predecessor by 19%, and doubles the performance for 8-bit integer operations used in AI inference processing. Interestingly, AMD claims that the new CPU offers the world’s fastest performance per chip and per core. The combination of more and faster cores than Intel Xeon, the new EPYC 7003 can deliver twice the performance compared to Intel’s fastest product in cloud, enterprise, and HPC workloads.
Akin to its predecessor, the 7003 family demonstrates how designers increasingly make use of “chiplets” instead of building a hard-to-produce monolithic massive die. The EPYC 7003 SOC layout is a central hub die connected to four processor dies, each with 16 cores. The hub die supports up to 8 memory channels and the usual I/O. The Zen 3 cores now support 32MB L3 cache which is shared across a 4-core complex, in addition to the L2 cache dedicated to each core.
For the first time, AMD has closed a huge AI performance gap that Intel has enjoyed by implementing native 8-bit integer operations, which doubles AI inference processing throughput. If you are a cloud service provider, you had to use Xeons for AI, and AMD for everything else. Thats really awkward for users and CSPs alike. Good move, AMD.
AMD has grouped the EPYC SKUs into three classes: fastest performance per core for workloads like HPC, larges number of cores for maximum Virtual Machines per server, and “Balance & Optimized” for lower core count and cost.
Let’s get back to the largest CPU customers, the CSPs. AMD claims the new EPYC chips can lower Total Cost of Ownership by 35% compared to the competition. That is huge. This advantage should accelerate AMD market share gains over the next several years, until Intel’s new CEO Pat Gelsinger fixes Intel’s manufacturing problem and single-die centric product roadmap. Previously, AMD had touted lower TCO based on having more cores per server, but suffered a per-core absolute performance disadvantage which put off some potential adopters. That deficit is no longer the case.
And now for the AI surprise!
Concurrent with the EYPC launch, Gigabyte and Qualcomm have announced a new AI server with 2 EPYCs and 16 Cloud AI100’s. Each AI100, as I have often reported, delivers 400 Trillion Operations Per Second (TOPS) sipping only 75 watts of power in a half-height half-length PCIe card. So, 16x400 cards = 6.4 Peta OPS (POPS, or a thousand trillion operations per second) in a single server, and over 100 POPS in a full server rack. This is just crazy performance and power efficiency, some 10 time better than anything out there. In my annual forecast, I predicted that Qualcomm would announce availability and a customer in the 1st half of 2021. One down, 1 to go.
Skeptics have pointed out that QTI (Qualcomm’s technology arm) has been talking up the AI100 for almost two years, but the product has yet to be seen in the wild, and no customers have announced their intentions to use this impressive platform. Well, I believe that Gigabyte, a company that caters to the largest cloud service providers, didn’t just decide to spend the money to build and test a new platform on a whim. Somebody large must have said, “Build this, and I will buy some racks”. But the unknown behemoth must still be evaluating the platform, so Gigabyte decided to get some air time for their efforts while Company X (or “F”?) finished their evaluations. Stay tuned!
Conclusions
The AMD EPYC design team is like a metronome, deliver new products that exceed the competition every two years for three generations. Clearly AMD is on a path to grow their market share significantly, perhaps from some 10% to 20 or 25% over the next two years. Meanwhile hot AI servers are using these high performance and low cost chips to build AI servers, including NVIDIA DGX and now Gigabyte servers.
For those of us who live and breath AI accelerators, it is refreshing to see the impressive Qualcomm Cloud AI100 being offered in a production server, and possibly soon in a cloud or social media platform “soon”. The Cambrian AI Explosion has transitioned from Powerpoint to Silicon to Solutions!",Forbes
https://www.forbes.com/sites/qai/2021/03/15/johnson--johnson-among-trending-stocks-for-second-week-in-a-row/,2021-03-15,Johnson & Johnson Among Trending Stocks For Second Week In A Row,"It was a strong week for stocks. The Nasdaq
Sign up for the free Forbes AI Investor newsletter here to join an exclusive AI investing community and get premium investing ideas before markets open.
Top Buy
Johnson & Johnson (JNJ)
Johnson & Johnson
Facebook (FB)
Facebook is our next Top Buy. Facebook continues to remain under scrutiny due to censorship controversies, as well as transparency and privacy issues. Rising bond yields have also hurt the stock as of late along with the tech sector as a whole. Our AI systems rated Facebook D in Technicals, B in Growth, B in Low Volatility Momentum, and B in Quality Value. The stock closed down 2.0% to $268.4 on volume of 19,946,193 vs its 10-day price average of $262.95 and its 22-day price average of $264.71, and is down 0.2% for the year. Revenue was $85965.0M in the last fiscal year compared to $55838.0M three years ago, Operating Income was $32671.0M in the last fiscal year compared to to $24913.0M three years ago, EPS was $10.09 in the last fiscal year compared to $7.57 three years ago, and ROE was 25.42% in the last year compared to to 27.91% three years ago. The stock is also trading with a Forward 12M P/E of 23.97.
Microsoft Corp (MSFT)
Microsoft
Attractive
Netflix (NFLX)
Netflix
Chipotle Mexican Grill Inc (CMG)
Chipotle Mexican Grill
Advanced Micro Devices (AMD)
Semiconductor upstart Advanced Micro Devices
Nvidia Corp (NVDA)
Nvidia
Neutral
Exxon Mobil Corp (XOM)
Exxon Mobil Corp
Unattractive
Boeing Co (BA)
Boeing is an Unattractive stock for the second week in a row. Boeing is a worldwide leading aircraft manufacturer. However, with continuous controversies over the safety of its planes, along with fresh COVID strains continuing to batter the travel industry, it does not appear that Boeing will return to normal levels of production and revenue until the pandemic is eradicated. However, vaccine administration is ramping up in the U.S., and the stock has performed strongly as of late. Our AI systems rated Boeing C in Technicals, B in Growth, F in Low Volatility Momentum, and F in Quality Value. The stock closed up 6.82% to $269.19 on volume of 34,644,845 vs its 10-day price average of $234.52 and its 22-day price average of $223.65, and is up 32.79% for the year. Revenue was $58158.0M in the last fiscal year compared to $101127.0M three years ago, Operating Income was $(8659.0)M in the last fiscal year compared to $11843.0M three years ago, EPS was $(20.88) in the last fiscal year compared to $17.85 three years ago, and ROE was 985.4% three years ago.
General Electric Co (GE)
General Electric
Liked what you read? Sign up for our free Forbes AI Investor Newsletter here to get AI driven investing ideas weekly. For a limited time, subscribers can join an exclusive slack group to get these ideas before markets open.
Source: S&P Global Market Intelligence
Q.ai, a Forbes Company, formerly known as Quantalytics and Quantamize, uses advanced forms of quantitative techniques and artificial intelligence to generate investment
…Q.ai, a Forbes Company, formerly known as Quantalytics and Quantamize, uses advanced forms of quantitative techniques and artificial intelligence to generate investment recommendations across all asset classes. When it comes to money, no one should have to settle. We make investing less intimidating, more accessible and a lot of fun for everyone. That’s investing, reimagined.",Forbes
https://www.forbes.com/sites/qai/2021/03/15/top-stocks-to-buy-today-as-reopening-plays-lead-flat-market/,2021-03-15,Top Stocks To Buy Today As Reopening Plays Lead Flat Market,"The indices traded roughly flat, as reopening stocks led the way. The Dow and S&P remained near record highs with moves of 10 points higher and flat, respectively. The Nasdaq, meanwhile, gained 0.1%. The 10-year yield also remained stable around its 1-year high of 1.61%. Largely spurred onwards by the $1.9 trillion stimulus package that became law before the weekend, recovery stocks popped. American Airlines and United Airlines gained 9% and 6%, respectively, while Boeing and Gap gained 1.7% and 1.3%, respectively. For investors looking to find the best opportunities, the deep learning algorithms at Q.ai have crunched the data to give you a set of Top Buys. Our Artificial Intelligence (""AI"") systems assessed each firm on parameters of Technicals, Growth, Low Volatility Momentum, and Quality Value to find the best Top Buys.
Sign up for the free Forbes AI Investor newsletter here to join an exclusive AI investing community and get premium investing ideas before markets open.
Cohen & Steers Inc (CNS)
Cohen & Steers is our first Top Buy of the day. Cohen & Steers is a global investment manager that specializes in liquid real assets, such as real estate, listed infrastructure, natural resource equities, and preferred securities and other income solutions. Our AI systems rated the company C in Technicals, C in Growth, A in Low Volatility Momentum, and B in Quality Value. The stock closed up 2.07% to $67.92 on volume of 130,704 vs its 10-day price average of $66.39 and its 22-day price average of $66.19, and is down 4.26% for the year. Revenue was $427.54M in the last fiscal year compared to $381.11M three years ago, Operating Income was $95.56M in the last fiscal year compared to $147.04M three years ago, EPS was $1.57 in the last fiscal year compared to $2.4 three years ago, and ROE was 27.42% in the last year compared to 33.18% three years ago. The stock is also trading with a Forward 12M P/E of 20.9.
Asbury Automotive Group Inc (ABG)
Asbury Automotive Group Inc is our next Top Buy. Asbury Automotive Group is a Fortune 500 auto dealership chain that operates dealerships in various parts of the US. Our AI systems rated the company A in Growth, C in Low Volatility Momentum, and A in Quality Value. The stock closed up 1.65% to $191.05 on volume of 114,320 vs its 10-day price average of $176.86 and its 22-day price average of $169.03, and is up 33.88% for the year. Revenue was $7131.8M in the last fiscal year compared to $6874.4M three years ago, Operating Income was $406.3M in the last fiscal year compared to $314.8M three years ago, EPS was $13.18 in the last fiscal year compared to $8.28 three years ago, and ROE was 32.79% in the last year compared to 38.74% three years ago. The stock is also trading with a Forward 12M P/E of 12.99.
Methode Electronics Inc (MEI)
Methode Electronics is our third Top Buy today. Methode is a global leader in the design and manufacture of configured Industrial wireless Radio Remote Control (RRC) system solutions, and works in sectors such as Industrial Mobile Equipment, Cranes, Drones, Locomotive/Railway, Marine, Mining, Forestry, and Agriculture. Our AI systems rated the company D in Technicals, B in Growth, B in Low Volatility Momentum, and A in Quality Value. The stock closed up 2.35% to $46.17 on volume of 158,334 vs its 10-day price average of $42.94 and its 22-day price average of $40.93, and is up 23.15% for the year. Revenue grew by 9.83% over the last three fiscal years, Operating Income grew by 9.53% over the last three fiscal years, and EPS grew by 109.23% over the last three fiscal years. Revenue was $1023.9M in the last fiscal year compared to $908.3M three years ago, Operating Income was $154.3M in the last fiscal year compared to $133.2M three years ago, EPS was $3.26 in the last fiscal year compared to $1.52 three years ago, and ROE was 16.75% in the last year compared to 9.77% three years ago. Forward 12M Revenue is expected to grow by 9.94% over the next 12 months, and the stock is trading with a Forward 12M P/E of 13.95.
Provident Financial Holdings (PROV)
Our final Top Buy is Provident Financial Holdings. Provident Financial Holdings, Inc. is the holding company for Provident Savings Bank- a financial services company dedicated to serving both consumers and small to mid-sized businesses in Southern California’s Inland Empire. Our AI systems rated the company B in Growth, B in Low Volatility Momentum, and B in Quality Value. The stock closed up 0.7% to $17.22 on volume of 11,505 vs its 10-day price average of $16.75 and its 22-day price average of $16.31, and is up 13.51% for the year. EPS grew by 156.11% over the last three fiscal years. Revenue was $39.8M in the last fiscal year compared to $58.73M three years ago, Operating Income was $10.83M in the last fiscal year compared to $9.68M three years ago, EPS was $1.01 in the last fiscal year compared to $0.28 three years ago, and ROE was 6.29% in the last year compared to 1.71% three years ago. Forward 12M Revenue is expected to grow by 2.22% over the next 12 months, and the stock is trading with a Forward 12M P/E of 17.88.
Liked what you read? Sign up for our free Forbes AI Investor Newsletter here to get AI driven investing ideas weekly. For a limited time, subscribers can join an exclusive slack group to get these ideas before markets open.
Source: S&P Global Market Intelligence
Q.ai, a Forbes Company, formerly known as Quantalytics and Quantamize, uses advanced forms of quantitative techniques and artificial intelligence to generate investment
…Q.ai, a Forbes Company, formerly known as Quantalytics and Quantamize, uses advanced forms of quantitative techniques and artificial intelligence to generate investment recommendations across all asset classes. When it comes to money, no one should have to settle. We make investing less intimidating, more accessible and a lot of fun for everyone. That’s investing, reimagined.",Forbes
