url,date,title,text,sitename
https://www.foxnews.com/entertainment/shazam-star-zachary-levi-compares-ai-biblical-disaster,2025-01-02,'Shazam!' star Zachary Levi compares AI to biblical disaster,"""Shazam!"" star Zachary Levi feels a biblical disaster looming, thanks to artificial intelligence.
On the ""The George Janko Show"" podcast, Levi compared AI to the great flood from the book of Genesis, saying, ""I don’t think the flood is water. Honestly, I think the flood is AI.""
He continued, ""We can talk all day long and wax philosophical about how do we save the industry from itself in the way that it treats people, or it doesn’t make great content or whatever. Guys, honestly like, t-minus two years from now, good luck finding any job, because the studios will have a technology … it’s already basically here.""
Levi went on to give an example of audiences being able to generate their own movies thanks to AI technology.
WHAT IS ARTIFICIAL INTELLIGENCE (AI)?
""Imagine if you will, not only will every studio have possessed this technology, but then they’ll go to you and say, ‘Hey as a part of your HBO Max subscription you can pay ten extra dollars, and you get to use the creator sandbox, and in there, you can make your own movies. And you can type in anything that’s a Warner Brothers asset, so it can be Shazam and Batman and Neo from ‘The Matrix,’ and you can type in all these characters, and you want them to go on a treasure hunt on Mars and I want it to feel like a Stephen Spielberg movie, go.’ And then it will make that movie, and it will look indiscernible from human-made, in fact it will look amazing. And it will be entirely animated, but it will look like real life. This is where we’re about to be.""
The ""Tangled"" star mentioned that he is working on his own studio to stay ahead of the curve, saying, ""Right now, the studio I’m trying to build feels very much like the ark that God was telling Noah, ‘You gotta go build this thing, because the flood is coming.’""
When asked by host George Janko why he wanted to continue working in entertainment if AI poses such a threat, Levi focused on the power of the human element.
""There should always be, hopefully will always be, a niche, at least a niche part of the entertainment industry where people are like, ‘I still want to go support humans making art. Human-made art.’""
'SHAZAM' STAR ZACHARY LEVI RIPS HOLLYWOOD FOR MAKING 'GARBAGE' MOVIES: 'THEY DON'T CARE ENOUGH'
He admitted that it will become a harder sell as AI advances.
""Like no matter how good AI-derived art becomes, it will become very, very, very, very good, and they’ll be cheap. Most people think, ‘Yeah, but I’m never going to want a computer-generated movie.’ If we’re being super-altruistic, obviously, but if a human-made movie still costs you twenty bucks, but for two bucks you can make a movie where you, by the way you get to scan your own face and your own voice and you get to be Superman or, better yet your kid gets to be Superman, and now you can shut them up for the next couple hours for two bucks and watch themselves be Superman in the movie, you are absolutely going to pay for that movie.""
""I don’t think the flood is water. Honestly, I think the flood is AI.""
The ""Chuck"" star also pointed out that he’s facing new competition from actors of the past whose likenesses may be signed away by their families. He explained a hypothetical situation where Gene Kelly’s descendants could sell the rights to the star’s likeness. ""And then all of a sudden we’re going to get to watch Gene Kelly movies again. Like how insane! And again, I don’t want to support that, but are you kidding me?! . . . Like a new ‘Singing in the Rain’ sequel? I want to watch that, take my money!""
Levi’s example is not far off, as there have already been attempts to make a movie with an AI-resurrected James Dean, though none has been completed and released to date.
CLICK HERE TO SIGN UP FOR THE ENTERTAINMENT NEWSLETTER
Entertainment, of course, isn’t the only industry that will see the impact of AI, and Levi urged people to stay alert.
""I don’t want to be a doomsdayer, but I cannot stress this enough, please . . . wake up to AI. Please wake up to it. It is not, ‘Oh that’s fun,’ or some passing fad or whatever. It is going to replace so many jobs, and it’s going to happen way faster than you think it’s going to happen,"" he said.
""There should always be, hopefully will always be, a niche, at least a niche part of the entertainment industry where people are like, ‘I still want to go support humans making art.""
The 44-year-old continued, saying, ""In the larger grand scheme of everything, as far as technology and progress, I’m a firm believer that you can’t stop it, you can only hope to guide it. So, we’re not going to stop this flood. We can only build levees and dams and channels and things to try to make sure we’re guiding it in the best possible way. There’s still going to be casualties, there’s still going to be a lot of people who get hurt in the process, unfortunately. But I think at the end of the day, we are moving into what is going to be a whole new world, legitimately.""
LIKE WHAT YOU’RE READING? CLICK HERE FOR MORE ENTERTAINMENT NEWS
""Ultimately, and this is part of the reason why I want to build, why I feel like I need to build the campus, or campuses plural if I can do multiple, is because I think that really, as humans, what we want to be focusing on are just, there’s two areas of vocation that mean anything anymore, moving into the future, and that’s creation and discovery.""
He that added AI will still be a tool used in creation and discovery, but those two things are what ""stimulates the human heart, mind, and soul, and I think as long as we really hold onto lots of places for people to work, because work is not just a matter of making income. Work is purpose. How many people retire, and they die just a few years after they retire, and why? Because they have nothing to do. They literally are sedentary, and we’re already sedentary a lot, and now they’re super-sedentary, and now they don’t have any purpose, and they die.""
CLICK HERE TO GET THE FOX NEWS APP
""I think it’s important, we must have purpose as we move into this new world, but I don’t know. I don’t know what it’s going to be like for everybody else in every other industry. And I don’t know for sure what’s going to happen in entertainment. I can guess, and my guess is, in very short order people, not just the studios but everyday human beings through the various catalogs of the studios, will have access to, by the way, not just make their own movies but TV shows, video games.""",Fox News
https://www.foxnews.com/opinion/your-job-survive-trumps-gen-ai-revolution,2025-01-02,Will your job survive Trump’s Gen AI revolution?,"The Trump administration’s recent announcement of a sweeping deregulatory agenda for generative artificial intelligence (Gen AI) has created ripples across industries. This policy shift has implications for professionals and businesses alike, signaling a future where Gen AI development will accelerate quickly. If you want your work and business to survive this new acceleration, you need to adapt quickly to our increasingly disrupted environment.
Gen AI, a transformative technology capable of generating human-like text, images and even code, has already proven its value in diverse sectors. A study by McKinsey indicates that businesses integrating Gen AI achieve productivity gains of up to 45% in certain areas, like customer support. As these technologies become easier to implement under a less restrictive regulatory environment, their adoption will surge, reshaping how the delivery of value and nature of work.
For professionals and leaders, this means one thing: disruption. The rapid acceleration of Gen AI development will not only redefine industry standards but also create new expectations for efficiency and personalization. Imagine marketing campaigns tailored precisely to individual preferences, chatbots offering seamless customer experiences, and product prototypes being created in hours instead of weeks. Companies already deploying such capabilities are setting a new baseline for competition, forcing others to adapt or risk being left behind.
META WILL INVEST IN AI-GENERATED CHARACTERS AND PROFILES TO DRIVE UP ENGAGEMENT
The reduced regulatory landscape opens the door for businesses to experiment and innovate more freely. However, it also magnifies the risks for those who hesitate. As Gen AI adoption becomes the norm, customers and partners will increasingly expect AI-driven solutions.
Businesses clinging to traditional methods may find themselves outpaced by competitors leveraging these advanced tools to cut costs, enhance services and scale operations. Professionals, too, will need to stay ahead of this curve, acquiring new skills to remain relevant in an AI-driven job market.
The challenge lies in adapting effectively to this fast-evolving environment. Organizations must first assess where Gen AI can deliver the greatest impact within their operations. This requires a thorough evaluation of inefficiencies and opportunities for automation. For professionals, the focus should be on building AI literacy, understanding its applications and learning how to collaborate effectively with these technologies.
CLICK HERE FOR MORE FOX NEWS OPINION
According to PwC, a primary barrier to AI adoption is a lack of in-house expertise. Addressing this gap is critical, whether through training programs, partnerships with AI vendors, or hands-on experience with AI tools.
Collaboration will also play a crucial role in navigating this transformation. Businesses should consider partnering with AI-focused startups or research institutions to gain access to cutting-edge insights and technologies. Professionals, meanwhile, can benefit from joining networks and forums dedicated to AI adoption, staying informed about the latest developments and best practices.
Despite the reduced regulatory hurdles, ethical and risk management considerations remain essential. Businesses must ensure their AI implementations are transparent, unbiased and respectful of privacy. Missteps in these areas could lead to reputational damage that far outweighs any short-term gains. Trust is a critical asset in an increasingly AI-driven world, and companies that handle these technologies responsibly will stand out as leaders in their fields.
CLICK HERE TO GET THE FOX NEWS APP
The Trump administration’s deregulatory push may accelerate Gen AI’s development and deployment, but it also raises the stakes for businesses and professionals. The pace of change will only intensify, and those who fail to adapt risk falling behind.
For leaders, this means making strategic decisions about where and how to integrate AI into their operations. For professionals, it requires staying ahead of industry shifts and embracing lifelong learning. By staying informed, acquiring relevant skills, and embracing the opportunities Gen AI offers, you can position yourself to thrive in this new landscape rather than being overwhelmed by it.",Fox News
https://www.foxnews.com/health/ai-detects-ovarian-cancer-better-human-experts-new-study,2025-01-05,AI detects ovarian cancer better than human experts in new study,"For the nearly 20,000 women in the U.S. who receive an ovarian cancer diagnosis each year, artificial intelligence is emerging as a potentially life-saving tool.
In a new study led by researchers at Karolinska Institutet in Sweden, AI models did a better job of detecting ovarian cancer than human doctors.
The research, which was published in Nature Medicine, tested an AI model’s ability to distinguish between benign and malignant lesions on the ovaries, according to a press release.
WHAT IS ARTIFICIAL INTELLIGENCE?
The AI model was trained on more than 17,000 ultrasound images from 3,652 patients across 20 hospitals in eight countries, the release stated.
The AI model achieved an accuracy rate of 86% for detecting ovarian cancer, compared to 82% for human experts and 77% for those with less expertise.
""I was surprised that the AI models outperformed all 33 of the expert examiners,"" study author Elisabeth Epstein, a professor at the Department of Clinical Science and Education at Karolinska Institutet, told Fox News Digital.
PARENTS TRUST AI FOR MEDICAL ADVICE MORE THAN DOCTORS, RESEARCHERS FIND
Ovarian tumors are common and ""often detected by chance,"" according to Epstein.
""Our study demonstrates that AI-driven diagnostic support can significantly improve ovarian cancer diagnosis by enhancing triage efficiency, reducing diagnostic errors and addressing the shortage of expert examiners,"" she said in a statement to Fox News Digital.
""High-quality diagnostics can become more accessible, particularly in regions with limited access to experienced examiners,"" Epstein went on.
""This will help reduce waiting times, avoid unnecessary interventions and facilitate earlier cancer detection, ultimately improving patient outcomes and ensuring more accurate diagnoses.""
AI could also reduce the need for referrals as well as the chances of misdiagnosis, the researchers noted.
""I was surprised that the AI models outperformed all 33 of the expert examiners.""
Dr. Brian Slomovitz, director of gynecologic oncology and co-chair of the Cancer Research Committee at Mount Sinai Medical Center in Florida, noted that screening and early detection of ovarian cancer is the ""holy grail"" to reduce deaths from this disease.
""This large retrospective trial clearly demonstrates that there may be a role in incorporating AI-driven support to better interpret ultrasound findings in patients with a pelvic mass,"" Slomovitz, who was not involved in this particular study, told Fox News Digital.
""This, by itself, increases the accuracy of the radiologic findings by both decreasing the false positive rate (leading to unnecessary surgeries) and decreasing the false negative rate (missing cases of cancer).""
There are other ways to evaluate ovarian cancer patients beyond radiology scans, the doctor noted.
""Menopausal status, presence or absence of symptoms, and blood test results are some other factors used to determine which patients may or may not need surgery,"" Slomovitz said. ""It would be great if these factors could be incorporated into the AI modeling.""
OVARIAN CANCER SIGNS, SYMPTOMS, DIAGNOSIS AND TREATMENT OPTIONS
In addition to showing improved accuracy of ultrasound analysis, the AI technology will need to demonstrate a survival benefit in order to gain widespread use, he added.
""I am optimistic that artificial intelligence will be a part of the armamentarium used to improve the care we offer to our patients.""
Dr. Harvey Castro, a Dallas, Texas-based board-certified emergency medicine physician and national speaker on AI in health care, agreed that the tech has the potential to improve cancer diagnostics, but cautioned that limitations remain.
CLICK HERE TO SIGN UP FOR OUR HEALTH NEWSLETTER
""The AI relies on diverse, high-quality data, and bias could limit effectiveness,"" he told Fox News Digital.
""It’s also not fully validated for routine clinical use, and transparency and regulatory concerns remain unresolved.""
Castro reiterated that additional research is needed to determine how well AI adapts to real-world settings, the long-term impact on health care costs and outcomes, and whether the tech will be able to handle diverse populations and different clinical environments.
For more Health articles, visit www.foxnews.com/health
The researchers also acknowledged the potential limitations of the study.
""It is not a prospective study, so additional data is needed to know how it would perform in a real clinical setting,"" Epstein told Fox News Digital.
OVARIAN CANCER COULD BE DETECTED EARLY WITH A NEW BLOOD TEST, STUDY FINDS
The team is planning to soon begin clinical studies at Stockholm South Hospital in Sweden, she added.
""It is still the physician who remains responsible for the patient’s diagnosis and treatment.""
Epstein noted that AI should only be used as a diagnostic support and not a replacement for human physicians.
""It is still the physician who remains responsible for the patient’s diagnosis and treatment,"" she stated.
CLICK HERE TO GET THE FOX NEWS APP
The Karolinska Institutet research team collaborated with the KTH Royal Institute of Technology. Funding was provided by the Swedish Research Council, the Swedish Cancer Society, the Stockholm Regional Council, the Cancer Research Funds of Radiumhemmet and the Wallenberg AI, Autonomous Systems and Software Program (WASP), according to the release.",Fox News
https://www.foxnews.com/tech/fbis-new-warning-about-ai-driven-scams-after-your-cash,2025-01-06,FBI's new warning about AI-driven scams that are after your cash,"The FBI is issuing a warning that criminals are increasingly using generative AI technologies, particularly deepfakes, to exploit unsuspecting individuals. This alert serves as a reminder of the growing sophistication and accessibility of these technologies and the urgent need for vigilance in protecting ourselves from potential scams. Let’s explore what deepfakes are, how they’re being used by criminals and what steps you can take to safeguard your personal information.
I’M GIVING AWAY THE LATEST & GREATEST AIRPODS PRO 2
Enter the giveaway by signing up for my free newsletter.
The rise of deepfake technology
Deepfakes refer to AI-generated content that can convincingly mimic real people, including their voices, images and videos. Criminals are using these techniques to impersonate individuals, often in crisis situations. For instance, they might generate audio clips that sound like a loved one asking for urgent financial assistance or even create real-time video calls that appear to involve company executives or law enforcement officials. The FBI has identified 17 common techniques used by criminals to create these deceptive materials.
THE AI-POWERED GRANDMA TAKING ON SCAMMERS
Key tactics used by criminals
The FBI has identified 17 common techniques that criminals are using to exploit generative AI technologies, particularly deepfakes, for fraudulent activities. Here is a comprehensive list of these techniques.
1) Voice cloning: Generating audio clips that mimic the voice of a family member or other trusted individuals to manipulate victims.
2) Real-time video calls: Creating fake video interactions that appear to involve authority figures, such as law enforcement or corporate executives.
3) Social engineering: Utilizing emotional appeals to manipulate victims into revealing personal information or transferring funds.
4) AI-generated text: Crafting realistic written messages for phishing attacks and social engineering schemes, making them appear credible.
5) AI-generated images: Using synthetic images to create believable profiles on social media or fraudulent websites.
6) AI-generated videos: Producing convincing videos that can be used in scams, including investment frauds or impersonation schemes.
7) Creating fake social media profiles: Establishing fraudulent accounts that use AI-generated content to deceive others.
8) Phishing emails: Sending emails that appear legitimate but are crafted using AI to trick recipients into providing sensitive information.
9) Impersonation of public figures: Using deepfake technology to create videos or audio clips that mimic well-known personalities for scams.
10) Fake identification documents: Generating fraudulent IDs, such as driver’s licenses or credentials, for identity fraud and impersonation.
11) Investment fraud schemes: Deploying AI-generated materials to convince victims to invest in non-existent opportunities.
12) Ransom demands: Impersonating loved ones in distress to solicit ransom payments from victims.
13) Manipulating voice recognition systems: Using cloned voices to bypass security measures that rely on voice authentication.
14) Fake charity appeals: Creating deepfake content that solicits donations under false pretenses, often during crises.
15) Business email compromise: Crafting emails that appear to come from executives or trusted contacts to authorize fraudulent transactions.
16) Creating misinformation campaigns: Utilizing deepfake videos as part of broader disinformation efforts, particularly around significant events like elections.
17) Exploiting crisis situations: Generating urgent requests for help or money during emergencies, leveraging emotional manipulation.
These tactics highlight the increasing sophistication of fraud schemes facilitated by generative AI and the importance of vigilance in protecting personal information.
FCC NAMES ITS FIRST-EVER AI SCAMMER IN THREAT ALERT
Tips for protecting yourself from deepfakes
Implementing the following strategies can enhance your security and awareness against deepfake-related fraud.
1) Limit your online presence: Reduce the amount of personal information, especially high-quality images and videos, available on social media by adjusting privacy settings.
2) Invest in personal data removal services: The less information is out there, the harder it is for someone to create a deepfake of you. While no service promises to remove all your data from the internet, having a removal service is great if you want to constantly monitor and automate the process of removing your information from hundreds of sites continuously over a longer period of time. Check out my top picks for data removal services here.
3) Avoid sharing sensitive information: Never disclose personal details or financial information to strangers online or over the phone.
4) Stay vigilant with new connections: Be cautious when accepting new friends or connections on social media; verify their authenticity before engaging.
5) Check privacy settings on social media: Ensure that your profiles are set to private and that you only accept friend requests from trusted individuals. Here's how to switch any social media accounts, including Facebook, Instagram, Twitter and any others you may use, to private.
- Update your Facebook privacy settings
- Update your Google privacy settings
- Update your X privacy settings
- Update your TikTok privacy settings
- Update your Instagram privacy settings
6) Use two-factor authentication (2FA): Implement 2FA on your accounts to add an extra layer of security against unauthorized access.
7) Verify callers: If you receive a suspicious call, hang up and independently verify the caller's identity by contacting their organization through official channels.
8) Watermark your media: When sharing photos or videos online, consider using digital watermarks to deter unauthorized use.
9) Monitor your accounts regularly: Keep an eye on your financial and online accounts for any unusual activity that could indicate fraud.
10) Use strong and unique passwords: Employ different passwords for various accounts to prevent a single breach from compromising multiple services. Consider using a password manager to generate and store complex passwords.
11) Regularly backup your data: Maintain backups of important data to protect against ransomware attacks and ensure recovery in case of data loss.
12) Create a secret verification phrase: Establish a unique word or phrase with family and friends to verify identities during unexpected communications.
13) Be aware of visual imperfections: Look for subtle flaws in images or videos, such as distorted features or unnatural movements, which may indicate manipulation.
14) Listen for anomalies in voice: Pay attention to the tone, pitch and choice of words in audio clips. AI-generated voices may sound unnatural or robotic.
15) Don't click on links or download attachments from suspicious sources: Be cautious when receiving emails, direct messages, texts, phone calls or other digital communications if the source is unknown. This is especially true if the message is demanding that you act fast, such as claiming your computer has been hacked or that you have won a prize. Deepfake creators attempt to manipulate your emotions, so you download malware or share personal information. Always think before you click.
The best way to safeguard yourself from malicious links that install malware, potentially accessing your private information, is to have antivirus software installed on all your devices. This protection can also alert you to phishing emails and ransomware scams, keeping your personal information and digital assets safe. Get my picks for the best 2025 antivirus protection winners for your Windows, Mac, Android and iOS devices.
16) Be cautious with money transfers: Do not send money, gift cards or cryptocurrencies to people you do not know or have met only online or over the phone.
17) Report suspicious activity: If you suspect that you have been targeted by scammers or have fallen victim to a fraud scheme, report it to the FBI’s Internet Crime Complaint Center.
By following these tips, individuals can better protect themselves from the risks associated with deepfake technology and related scams.
30% OF AMERICANS OVER 65 WANT TO BE REMOVED FROM THE WEB. HERE’S WHY
Kurt's key takeaways
The increasing use of generative AI technologies, particularly deepfakes, by criminals highlights a pressing need for awareness and caution. As the FBI warns, these sophisticated tools enable fraudsters to impersonate individuals convincingly, making scams harder to detect and more believable than ever. It's crucial for everyone to understand the tactics employed by these criminals and to take proactive steps to protect their personal information. By staying informed about the risks and implementing security measures, such as verifying identities and limiting online exposure, we can better safeguard ourselves against these emerging threats.
In what ways do you think businesses and governments should respond to the growing threat of AI-powered fraud? Let us know by writing us at Cyberguy.com/Contact.
For more of my tech tips and security alerts, subscribe to my free CyberGuy Report Newsletter by heading to Cyberguy.com/Newsletter.
Ask Kurt a question or let us know what stories you'd like us to cover.
Follow Kurt on his social channels:
Answers to the most asked CyberGuy questions:
- What is the best way to protect your Mac, Windows, iPhone and Android devices from getting hacked?
- What is the best way to stay private, secure and anonymous while browsing the web?
- How can I get rid of robocalls with apps and data removal services?
- How do I remove my private data from the internet?
New from Kurt:
Copyright 2024 CyberGuy.com. All rights reserved.",Fox News
https://www.foxnews.com/tech/top-tech-stealing-show-ces-2025,2025-01-07,Top tech stealing the show at CES 2025,"Get ready for some pretty cool innovations that are lighting up CES 2025, the world's biggest annual tech event. From AI-powered smart glasses to revolutionary TVs and mind-blowing gadgets, this year's show is proving that the future isn't just knocking. It's bursting through the door. We've scoured the show floor to bring you the most exciting tech that's not just pushing boundaries but completely obliterating them.
I’M GIVING AWAY THE LATEST & GREATEST AIRPODS PRO 2
Enter the giveaway by signing up for my free newsletter.
1) Solar beach umbrella
Anker's solar beach umbrella is way more than just shade. This umbrella is part of Anker's SOLIX lineup and does something pretty unique. It charges your devices while you're chilling outdoors. What makes it special? Perovskite solar cells that are seriously impressive. These cells are about 30% more powerful than traditional solar cells in bright sunlight and perform twice as well in low light. The umbrella can pump out 80 watts of power through USB-C and even has an XT-60 connection to power things like Anker's new EverFrost electric cooler. So you could literally keep your drinks cold and your phone charged at the same time. While they haven't announced the price yet, you can expect to see this tech to hit stores sometime in spring or summer.
6 NEW INNOVATIONS TO HELP SENIORS LIVE BETTER
2) Wireless earbuds with a case that sticks to the back of your phone
Artronic just unveiled Komutr, a super-slim set of wireless earbuds with a genius magnetic charging case that attaches right to compatible phones, chargers and accessories. The charging case is just 0.47 inches thick and is designed to stick to the back of your MagSafe-compatible phone. No more digging through bags or forgetting your earbuds at home. The case even has a clever flip-up lid that works as a kickstand for watching videos. These earbuds pack some serious battery power, up to 10 hours of listening time per charge and a total of 30 hours when you include the charging case. For those without MagSafe phones, Artronic promises ""adjustable options,"" but let's be real: The magnetic attachment is where the magic happens. Want to get your hands on these? Mark your calendar for January 15th when preorders open. The Komutr will start shipping in May and will set you back $129. It's not bad for a pair of earbuds that basically become one with your phone.
BEST WIRELESS EARBUDS EXPERT REVIEWED
3) Samsung's new TV uses AI to serve up recipes
Have you ever binge-watched a cooking show and suddenly craved that exact dish? Well, Samsung's got your back with Samsung Food, a mind-blowing TV feature that uses AI to recognize dishes on screen and instantly serve up their recipes faster than you can say ""bon appétit."" The tech isn't just about recipes. Samsung Food can track your grocery deliveries, build shopping lists from your fridge contents and even suggest meal plans. Samsung's calling it the ""ultimate AI sous chef,"" and honestly, they might be onto something. Sure, the AI won't actually cook for you (bummer, right?). But for wannabe home chefs who get inspired by every cooking show and movie, this could be a total game-changer. Just don't blame Samsung if you end up spending more time watching cooking shows than actually cooking. Of course, you'll need a 2025 Samsung TV to access this culinary magic. Samsung Food will be available on the QN90F, QN80F and QN70F model TVs.
4) Robot vacuum tidies more than just floors
The Roborock Saros Z70 is changing the game by doing what most robot vacuums can't: intelligently handling stray items. When a sock or pair of underwear drops on the floor, this smart device doesn't just push them around or get stuck. Instead, it extends a hidden mechanical arm, carefully moving the items to a designated area, keeping your space neat and preventing cleaning interruptions. Robot vacuums have evolved from simple floor cleaners to intelligent assistants that can navigate around obstacles, handle pet hair and now even manage misplaced clothing.
5) LeafyPod, the smart planter that listens
Ever wished your leafy friends could tell you exactly what they need? Well, get ready to have your mind blown because LeafyPod is here to turn that dream into reality. This nifty little gadget has all sorts of high-tech sensors that keep an eye on things like soil moisture, light and humidity. LeafyPod uses its AI smarts to figure out exactly how much water your plant needs and doles it out accordingly. No more drowning your poor succulents. LeafyPod’s water reservoir can keep your green buddies hydrated for up to four weeks. That's right. You can finally take that monthlong vacation without coming home to a jungle of crispy leaves. It's like having a tiny plant whisperer right in your living room.
SKYROCKET TO A HEALTHIER LIFESTYLE WITH THIS GEAR IN 2025
6) The lawnmower that tackles any terrain
The Lymow One is a beast. With its ""Savage Traverse System"" of tank-like tracks, this robot mower isn't playing around. It chews through leaves, pine cones and small branches like they're nothing, using powerful mulching blades and a centrifugal fan to keep things tidy. Pet owners, relax. Its advanced obstacle recognition means Fluffy and Fido stay safe while this lawn-taming machine does its work. It's basically a robotic landscaper that turns your yard into a perfectly manicured paradise. However, it doesn't come cheap. It will set you back $3,000.
IS THIS AUTONOMOUS SECURITY GUARD ROBOT THE PROTECTION YOU NEED?
7) Mirokaï: The humanoid robot ready to revolutionize service
The Mirokaï robot from Enchanted Tools is turning heads at CES 2025, offering a unique blend of utility and charm. This humanoid robot is designed to excel in various professional settings, from health care to hospitality, with the ability to perform tasks like moving equipment in hospitals, providing customer service and offering guidance. Drawing crowds at the event, the Mirokaï showcases how characterful robots can reshape interactions in workplaces and service environments, promising a future where technology meets human-like engagement.
FACIAL RECOGNITION GLASSES TURN EVERYDAY LIFE INTO A CREEPY PRIVACY NIGHTMARE
8) Halliday's smart glasses
Halliday's smart glasses are making waves at CES 2025 with their innovative ""DigiWindow"" technology, featuring a 3.5-inch private display positioned in the upper-right corner of your vision that remains completely invisible to others. Weighing just 35 grams, these lightweight glasses are designed to look like traditional eyewear while packing cutting-edge technology. The unique near-eye display projects directly onto the user's retina, offering a proactive AI assistant that can summarize meetings, provide real-time translations, handle notifications and offer turn-by-turn navigation. Priced between $399 and $499, the glasses are expected to ship by the end of Q1 2025 and can be controlled through voice commands, a frame interface or a smart ring with a trackpad. Halliday's smart glasses support prescription lenses and boast an impressive eight-hour battery life.
SMART RINGS THAT CAN TRACK YOUR SLEEP, FITNESS, COULD SAVE YOUR LIFE
9) Bird Buddy unveils innovative garden monitoring camera
Bird Buddy's innovative new camera is designed to transform how gardeners interact with their outdoor spaces. The Petal camera offers users a comprehensive view of plant life and insect activity through a sleek, intelligent device. Featuring 4K resolution and advanced AI recognition technology, the camera allows users to live stream garden interactions directly to their smartphones with unprecedented clarity and detail. The device comes with an optional solar panel, ensuring continuous operation without the need for frequent battery changes. Users can expect to track and identify various insect and plant interactions, turning their garden into a dynamic, observable ecosystem. Bird Buddy plans to launch the Petal camera on Kickstarter this spring, continuing their mission of connecting technology with nature in engaging and user-friendly ways.
SUBSCRIBE TO KURT’S YOUTUBE CHANNEL FOR QUICK VIDEO TIPS ON HOW TO WORK ALL OF YOUR TECH DEVICES
10) Mirumi: The adorable bag-clinging robot that steals hearts
Mirumi is a charming clip-on robot that transforms an ordinary bag into an interactive experience. This furry companion from Yukai Engineering spontaneously turns its head, mimicking a shy infant's curiosity. Unlike complex AI robots, Mirumi offers pure, simple charm; it doesn't speak, move independently or require advanced programming. When your bag moves, Mirumi peeks around; if someone approaches too quickly, it bashfully turns away. Priced at an affordable $70 and launching via crowdfunding in mid-2025, this little robotic mascot is less about technological complexity and more about bringing a smile to your face.
5 WAYS TECH CAN HELP YOU FEEL LESS ALONE
Kurt's key takeaways
From Halliday's discreet smart glasses to Samsung's AI-powered TVs and Roborock's intelligent vacuum, this year's show is proving that innovation knows no limits. These aren't just products; they're glimpses into a future where technology becomes a seamless, intelligent extension of our daily lives.
So, which of these innovations has you counting down the days until they hit the market? Let us know by writing us at Cyberguy.com/Contact.
For more of my tech tips and security alerts, subscribe to my free CyberGuy Report Newsletter by heading to Cyberguy.com/Newsletter.
Ask Kurt a question or let us know what stories you'd like us to cover.
Follow Kurt on his social channels:
Answers to the most asked CyberGuy questions:
- What is the best way to protect your Mac, Windows, iPhone and Android devices from getting hacked?
- What is the best way to stay private, secure and anonymous while browsing the web?
- How can I get rid of robocalls with apps and data removal services?
- How do I remove my private data from the internet?
New from Kurt:
Copyright 2024 CyberGuy.com. All rights reserved.",Fox News
https://abcnews.go.com/Technology/wireStory/israeli-tv-reporter-lost-ability-speak-ai-helping-117450681,2025-01-08,An Israeli TV reporter lost his ability to speak clearly. AI is helping him get back on air,"An Israeli TV reporter lost his ability to speak clearly. AI is helping him get back on air
A renowned Israeli TV journalist who lost his ability to speak clearly because of ALS is returning to the air using artificial-intelligence software that recreates his widely recognized gravelly voice
JERUSALEM -- When a renowned Israeli TV journalist lost his ability to speak clearly because of ALS, he thought his career might be over. But now, using artificial-intelligence software that can recreate his widely recognized gravelly voice, Moshe Nussbaum — known to generations of viewers simply as “Nussi” — is making a comeback.
Nussbaum, 71, was diagnosed two years ago with amyotrophic lateral sclerosis, a progressive disease also known as Lou Gehrig’s disease that attacks nerve cells that control muscles throughout the body.
At the time, he vowed to viewers of Israel's Channel 12 News to continue working as long as he was physically able. But, gradually, it became more and more difficult.
It was a devastating blow to the career of a leading, no-nonsense reporter who for more than 40 years had covered many of Israel’s most important stories from the field. He had appeared from the scenes of suicide bombing attacks and the front lines of wars in Gaza and Lebanon, and had covered scandals in Israel’s parliament and high-profile court cases.
After Hamas' Oct. 7, 2023, attack that triggered the war in Gaza, Nussbaum was unable to report from the field. It was the first war of his career he had ever sat out, he noted in a recent interview with colleagues at Channel 12, the country's largest station.
Even though he was having trouble moving and speaking, he launched a segment interviewing injured soldiers from Israeli hospitals. His questions were slow and halting, but he kept it up for the first half of the war. Then, as it became increasingly difficult to speak, and to be understood, his interviews became less frequent.
On Monday, Channel 12 made the surprising announcement that it would bring Nussbaum back to the air in the coming weeks as a commentator— with the help of AI.
“It took me a few moments to absorb it and to understand that it is me speaking now,” Nussbaum told The Associated Press via text message. “Slowly, slowly, I’m understanding the incredible meaning of this device for everyone with disabilities, including me.”
Nussbaum will report his stories, and then write them up, using an AI program that has been trained to speak using Nussbaum’s voice. He will be filmed as if he were presenting, and his lips will be “technologically adjusted” to match the words.
People with speech disorders have used traditional text-to-speech technology for years, but those voices sound robotic and flat, and lack emotion. In contrast, AI technology is trained using recordings of a person’s voice — there are thousands of hours of Nussbaum speaking thanks to his lengthy career in TV and radio — and it can mimic their intonations and phrasing.
Thrilled by the possibilities the technology affords him, Nussbaum said he is also worried about the ease with which the technology could be used by bad actors to spread fake news and falsehoods.
In its current form, the technology will not work for live broadcasts, so Nussbaum won't be able to go out into the field, which is his favorite part of the job, he said. Instead, he will focus on commentary and analysis about crime and national security, his areas of expertise for decades.
Ahead of the broadcasts, Channel 12 released a preview showing snippets of Nussbaum speaking naturally — garbled and difficult to understand — followed by the new “Nussi AI.” The new version sounds strikingly like the old Nussbaum, speaking quickly and emphatically. Nussbaum was filmed as if he was presenting the report, sitting straight with his trademark bushy eyebrows moving up and down for emphasis.
“Honestly, this is my first time sitting here in the studio after more than a year,” AI Nussbaum says in the preview. “It feels a bit strange, and mostly, it tugs my heart.”
AI-powered voice cloning has grown exponentially in recent years. Experts have warned that the technology can amplify phone scams, disrupt democratic elections and violate the dignity of people — living or dead — who never consented to having their voice recreated to say things they never said.
It’s been used to produce deepfake robocalls mimicking President Joe Biden. In the U.S., authorities recently charged a high school athletic director with using AI to generate a fake audio clip of the school’s principal making racist remarks.
But the technology also has tremendous potential to help people who have lost their ability to speak clearly. A U.S. congresswoman who cannot speak due to complications from Parkinson’s and a related palsy has used a similar AI program to give a speech on the House floor, and the technology has also helped a young woman who lost her voice due to a tumor.
Channel 12 declined to say which AI program it was using.
Nussbaum had worried that ALS would rob him of the career he loved. In an interview with Channel 12, he recounted telling his managers “don’t feel like you’re pitying me, doing me a favor,"" he said. ""The day you come to the conclusion that this is it — tell me. I’ll know how to accept it without a problem.”
He calls his new AI-enabled persona a “magic trick” that enabled his comeback, and believes it will raise awareness in Israel of ways that people with disabilities — especially progressive disabilities — can continue to work.
“The fact that Channel 12 and my news managers are allowing me to reinvent myself anew, that is one of the most important medicines I can get in my fight with this disease,” he said.",ABC News
https://www.foxnews.com/politics/biden-limit-ai-exports-tech-leaders-lose-global-market-share,2025-01-08,"Biden looks to limit AI product exports, tech leaders say they'll lose global market share","Leaders in the tech industry are urging the Biden administration not to add a new regulation that will limit artificial intelligence exports, citing concerns it is overbroad and could diminish the United States' global dominance in AI.
The new rule, which industry leaders say could come as early as the end of this week, effectively seeks to shore up the U.S. economy and national security efforts by adding new restrictions on how many U.S.-made artifical intelligence products can be deployed across the globe.
""A rule of this nature would cede the global market to U.S. competitors who will be eager to fill the untapped demand created by placing arbitrary constraints on U.S. companies' ability to sell basic computing systems overseas,"" stated a Monday letter from Jason Oxman, the president and CEO of the Information Technology Industry Council (ITI), sent to Commerce Department Secretary Gina Raimondo. ""Should the U.S. lose its advantage in the global AI ecosystem, it will be difficult, if not impossible, to regain in the future.""
FBI'S NEW WARNING ABOUT AI-DRIVEN SCAMS THAT ARE AFTER YOUR CASH
The process to place new export controls on artificial intelligence goes back to October 2022, when the Biden administration's Commerce Department first released an updated export framework aimed at slowing the progress of Chinese military programs. Details of the new incoming export controls surfaced after the Biden administration called on American tech company NVIDIA to stop selling certain computer chips to China the following month.
In an update to the rule the following year, the Biden administration announced the initiation of a public notice and comment period. Finally, last month, as the president's term in the White House winds down, the administration published two new updates to the rule that added more limits to the proposed export controls. The rule is now in its final stages before it will be formally published in the Federal Register.
""The Bureau of Industry and Security’s ('BIS') proposed Interim Final Rule ('IFR') is a highly complex and wildly overbroad attempt to regulate Artificial Intelligence and GPUs in the name of national security,"" Ken Glueck, the executive vice president at Oracle, wrote in a blog post Sunday that was published to his company's website.
""For over half a century, bipartisan consensus has held that the best way to achieve U.S. technological leadership is to regulate technology with a light touch. As a result, American companies have continued to lead each successive generation of technology, from the personal computer to the Internet, to mobile, to the cloud, and now Artificial Intelligence.""
In addition to fears that the new regulations will stifle economic growth in the domestic AI sector, some critics have also argued that blocking American AI manufacturers from selling their computer chips around the globe could actually benefit China.
""The Biden administration is trying to force other countries to pick a side – the United States or China – and it is likely going to discover that if it issues this ultimatum, many will pick China,"" Stephen Ezell, vice president of global innovation policy at the Information Technology and Innovation Foundation, said in a Tuesday statement published on the foundation's website.
""Moreover, the United States should be countering efforts by China and Russia, which recently launched an AI Alliance Network among BRICS countries, to offer its own allies and partners access to AI data, models, and computer resources,"" he added.
Ezell and others also highlighted the rushed nature of the new proposed rule on export controls, arguing that hurrying to get it finalized has been at the cost of adequate industry input on the new regulations.
""We respectfully caution against making such a swift and significant shift in policy during this transitional period, and without meaningful consultation with industry,"" the Semiconductor Industry Association said in a Monday statement. The group encouraged the Biden administration to ""hand over the policymaking process"" to the incoming Trump administration because it will ""ensure there is appropriate opportunity for government and industry leaders, together with our global partners, to thoughtfully address this critical matter.""
EXPERTS PRAISE LONG-AWAITED AI REPORT FROM CONGRESS: ‘A THOUGHTFUL AND FORWARD THINKING FRAMEWORK’
It is uncertain exactly how the incoming administration might approach this issue. Trump has signaled he is not afraid to initiate new trade deals and could potentially use the export controls as leverage.
However, the president-elect said following his November election victory that a focus of his second term will be to ""win the A.I. arms race with China (and others).""
""With U.S. Energy Dominance, we will drive down inflation, win the A.I. arms race with China (and others), and expand American Diplomatic Power to end Wars all across the World,"" Trump wrote in an email announcing former North Dakota Gov. Doug Burgum as the new head of the Interior Department.
CLICK HERE TO GET THE FOX NEWS APP
Fox News Digital reached out to the White House for comment but did not receive a response by publication time.",Fox News
https://www.foxnews.com/opinion/berkeley-professor-i-see-impact-h-1b-visas-ai-have-students-job-opportunities,2025-01-08,"As a Berkeley professor, I see the impact H-1B visas and AI have on students' job opportunities","The H-1B visa program was intended to bring in specialized talent from abroad, but instead it has become a tool for employers to hire lower-cost labor for ordinary jobs.
The result is a distorted job market, where highly skilled workers are being squeezed out of the H-1B visa program by spam applications for ordinary workers who then take entry-level positions that are already in short supply. This misuse of H-1B visas has a negative synergy with growing impact of AI on the job market and is part of a larger problem that urgently needs attention.
The impact of this visa-farming problem is particularly acute among young people and recent college graduates, who face a bleak job market despite moderate overall unemployment rates. According to government data, the ratio of unemployment for college grads under 25 to those over 25 has hit an all-time high of more than four to one. This means that entry-level jobs are already four times more scarce than jobs requiring experience or advanced expertise.
I have seen firsthand the symptoms of decreasing demand for entry-level tech jobs. These symptoms include fewer job notices from recruiters targeting fresh CS grads, job fairs with fewer companies, and concerned advisees getting fewer offers with lower pay or in some cases not getting any offers at all. Awarding the H-1B visas to low-paid, non-specialist workers only exacerbates this scarcity while doing little to fill the actual demand for workers with specialist skills.
H-1B VISAS HURT ONE TYPE OF WORKER AND EXPLOIT ANOTHER. THIS MESS MUST BE FIXED
The problem here is not about the number of visas issued, but rather how they're being used. Program applicants explicitly should be people with specialized skills, and those specialized skills should not be readily available from existing resident workers. However, the bureaucratic review process allows employers to exaggerate claims and hire workers with ordinary skills at low wages. There is an entire sub-profession of HR staff and attorneys that specialize in dressing up pigeons to look like peacocks.
This abuse of the application process has created a lottery system where workers with the needed special skills often lose out to those who don't have any specialized skills. As a result, recent graduates are finding it harder to get entry-level work, while at the same time companies that really need specific specialized skills can't get visas for those workers. Imagine a person who is suffering from both malnutrition and diabetes because instead of vitamins, they have been gobbling sugar pills.
I want to emphasize that I'm not advocating for insular restrictions on the number of H-1B visas. The issue is about ensuring that people with real specialized skills that are actually needed are being welcomed through the H-1B program. When used properly, an H-1B visa brings in someone who supplements the workforce with skills that are both needed and specialized, potentially benefiting the whole country. Whether it’s retaining a graduating international student or bringing in someone from outside the country, the U.S. has historically benefited immensely from immigrants with needed skills.
Many people who are invested in visa farming insist unconvincingly that the H-1B visas are already going to specialized workers as intended, but the statistics on H-1B visa recipients don't agree.
TRUMP SAYS HE'S NOT CHANGED HIS MIND ON H-1B VISAS AS DEBATE RAGES WITHIN MAGA COALITION
According to the annual report from the U.S. government's Office of Citizenship and Immigration Services, nearly 63,000 of the 2023 H-1B visa recipients were in ""Computer-Related Occupations"" and the median salary for this group was $99,000 per year with 25% of them earning less than $85,000. A salary of $99,000 or $85,000 per year is certainly a good amount to be earning, but it is quite low for what I would expect someone with rare specialized skills in this field to be earning.
One would think that people with specialized, hard-to-find skills would earn exceptionally good salaries, but instead these data show the opposite. In fact, the more I dig into the data in the agency's annual report, the less it appears that approved applications are for exceptional people for specialized jobs. It looks more like some specially skilled workers mixed in with a lot of regular workers who are being paid on the low end of what I'd expect.
These observations are consistent with my own experiences in hiring tech workers and advising CS students, what has been related to me first hand by others, and numerous recently published analyses. The only clear explanation I see for these inconsistencies is that employers are submitting entry-level positions, not ones requiring special rare skills, that even for entry-level the salaries are low, and that those non-conforming applications are not being rejected.
Looking at the bigger picture, misuse of H-1B visas is not the only obstacle that U.S. job seekers face because AI automation is also eliminating jobs, compounding scarcity. Currently, the impact of AI is disproportionately on entry-level jobs, which exacerbates the problems caused by abuse of the H-1B program. However, AI will continue to improve, both in capability and ease of use, and its impact on the job market will grow as the range of tasks that can be done by AI expands.
MAGA’S H-1B ‘CIVIL WAR’ IS EXACTLY HOW POLITICS IS SUPPOSED TO WORK
While AI and H-1B visa abuse may appear to be distinct problems, they interact in a way that most people don't appreciate. Even when it can't totally replace a human worker, AI facilitates moving work away from regular employees to contractors or remote workers.
The explanation is that AI often removes the need for an advanced specialized skill or knowledge, and replaces it with a lesser requirement of only needing the ability to review work for correctness. The result is that tasks which previously were too complex for moving to contractors or remote workers now become simpler due to AI and more suitable for externalizing.
As AI technology continues to improve employers will find that more and more jobs can be done by less-skilled workers, and there will be increased motivation to use H-1B visas for hiring those less-skilled workers cheaply.
The review process for the H-1B visa program needs to be reformed to prioritize applicants with real specialized talents and to ensure that recipients don't unfairly compete with workers already in the U.S. We must also address the growing threat of AI automation and its growing impact on the job market.
CLICK HERE FOR MORE FOX NEWS OPINION
Roughly 90% all of U.S. tax revenue comes from taxing the income of working individuals, so if unemployment continues to expand then tax revenue will dramatically shrink. At the same time, the number of unemployed people needing public assistance needs will skyrocket. That combination doesn't work mathematically and is a clear recipe for disaster.
This situation demands radical change to avoid a dystopian future. Overall unemployment numbers may appear robust, but high levels of entry-level unemployment and overall underemployment indicate that a much bigger problem is developing.
CLICK HERE TO GET THE FOX NEWS APP
Disclaimer: Any opinions expressed in this article are only those of the author as a private individual. Nothing in this article should be interpreted as a statement made in relation to the author’s professional position with any institution.",Fox News
https://abcnews.go.com/Health/health-care-ai-intended-save-money-turns-require/story?id=117564598,2025-01-10,"Health care AI, intended to save money, turns out to require a lot of expensive humans","Health care AI, intended to save money, turns out to require a lot of expensive humans
Artificial intelligence systems require consistent monitoring, experts say.
This is a KFF Health News story.
Preparing cancer patients for difficult decisions is an oncologist's job. They don't always remember to do it, however. At the University of Pennsylvania Health System, doctors are nudged to talk about a patient's treatment and end-of-life preferences by an artificially intelligent algorithm that predicts the chances of death.
But it's far from being a set-it-and-forget-it tool. A routine tech checkup revealed the algorithm decayed during the COVID-19 pandemic, getting seven percentage points worse at predicting who would die, according to a 2022 study.
There were likely real-life impacts. Ravi Parikh, an Emory University oncologist who was the study's lead author, told KFF Health News the tool failed hundreds of times to prompt doctors to initiate that important discussion -- possibly heading off unnecessary chemotherapy -- with patients who needed it.
He believes several algorithms designed to enhance medical care weakened during the pandemic, not just the one at Penn Medicine. ""Many institutions are not routinely monitoring the performance"" of their products, Parikh said.
Algorithm glitches are one facet of a dilemma that computer scientists and doctors have long acknowledged but that is starting to puzzle hospital executives and researchers: Artificial intelligence systems require consistent monitoring and staffing to put in place and to keep them working well.
In essence: You need people, and more machines, to make sure the new tools don't mess up.
""Everybody thinks that AI will help us with our access and capacity and improve care and so on,"" said Nigam Shah, chief data scientist at Stanford Health Care. ""All of that is nice and good, but if it increases the cost of care by 20%, is that viable?""
Government officials worry hospitals lack the resources to put these technologies through their paces. ""I have looked far and wide,"" FDA Commissioner Robert Califf said at a recent agency panel on AI. ""I do not believe there's a single health system, in the United States, that's capable of validating an AI algorithm that's put into place in a clinical care system.""
AI is already widespread in health care. Algorithms are used to predict patients' risk of death or deterioration, to suggest diagnoses or triage patients, to record and summarize visits to save doctors work, and to approve insurance claims.
If tech evangelists are right, the technology will become ubiquitous — and profitable. The investment firm Bessemer Venture Partners has identified some 20 health-focused AI startups on track to make $10 million in revenue each in a year. The FDA has approved nearly a thousand artificially intelligent products.
Evaluating whether these products work is challenging. Evaluating whether they continue to work -- or have developed the software equivalent of a blown gasket or leaky engine -- is even trickier.
Take a recent study at Yale Medicine evaluating six ""early warning systems,"" which alert clinicians when patients are likely to deteriorate rapidly. A supercomputer ran the data for several days, said Dana Edelson, a doctor at the University of Chicago and co-founder of a company that provided one algorithm for the study. The process was fruitful, showing huge differences in performance among the six products.
It's not easy for hospitals and providers to select the best algorithms for their needs. The average doctor doesn't have a supercomputer sitting around, and there is no Consumer Reports for AI.
""We have no standards,"" said Jesse Ehrenfeld, immediate past president of the American Medical Association. ""There is nothing I can point you to today that is a standard around how you evaluate, monitor, look at the performance of a model of an algorithm, AI-enabled or not, when it's deployed.""
Perhaps the most common AI product in doctors' offices is called ambient documentation, a tech-enabled assistant that listens to and summarizes patient visits. Last year, investors at Rock Health tracked $353 million flowing into these documentation companies. But, Ehrenfeld said, ""There is no standard right now for comparing the output of these tools.""
And that's a problem, when even small errors can be devastating. A team at Stanford University tried using large language models -- the technology underlying popular AI tools like ChatGPT -- to summarize patients' medical history. They compared the results with what a physician would write.
""Even in the best case, the models had a 35% error rate,"" said Stanford's Shah. In medicine, ""when you're writing a summary and you forget one word, like 'fever' -- I mean, that's a problem, right?""
Sometimes the reasons algorithms fail are fairly logical. For example, changes to underlying data can erode their effectiveness, like when hospitals switch lab providers.
Sometimes, however, the pitfalls yawn open for no apparent reason.
Sandy Aronson, a tech executive at Mass General Brigham's personalized medicine program in Boston, said that when his team tested one application meant to help genetic counselors locate relevant literature about DNA variants, the product suffered ""nondeterminism"" -- that is, when asked the same question multiple times in a short period, it gave different results.
Aronson is excited about the potential for large language models to summarize knowledge for overburdened genetic counselors, but ""the technology needs to improve.""
If metrics and standards are sparse and errors can crop up for strange reasons, what are institutions to do? Invest lots of resources. At Stanford, Shah said, it took eight to 10 months and 115 man-hours just to audit two models for fairness and reliability.
Experts interviewed by KFF Health News floated the idea of artificial intelligence monitoring artificial intelligence, with some (human) data whiz monitoring both. All acknowledged that would require organizations to spend even more money -- a tough ask given the realities of hospital budgets and the limited supply of AI tech specialists.
""It's great to have a vision where we're melting icebergs in order to have a model monitoring their model,"" Shah said. ""But is that really what I wanted? How many more people are we going to need?""",ABC News
https://www.foxnews.com/tech/ai-isnt-going-anywhere-prompts-make-life-easier,2025-01-10,AI isn’t going anywhere: Prompts to make life easier,"I was having dinner with my husband in Paris. We got the wine menu and all the names, of course, were in French. Barry wanted something equivalent to a Napa cabernet, so I took a picture of the menu and asked ChatGPT. In seconds, it recommended a wine. I double-checked with the waiter, and he gave it a thumbs-up.
Win a pair of $329 Ray-Ban Meta smart glasses. Enter here, no purchase necessary!
You might think AI is just for businesses, programmers, or the ultra tech-savvy, but it’s not. It’s for anyone willing to give it a try.
AI EXPERT: CHATGPT PROMPTS YOU’LL WISH YOU KNEW SOONER
Instead of ignoring this powerful tool, make this the year you embrace AI. It’s easier and more helpful than you think.
Let’s start with the basics
""So, uh, where do I find ChatGPT?"" I get that in my email every day. Use it on the web or download it for iPhone or Android.
The free tier works for most people. I pay $20 a month for ChatGPT Plus. It’s worth it to me for access to the better features and faster response times. Start with free. If you find yourself relying on your favorite AI tool regularly, consider upgrading. It is worth considering.
ChatGPT isn’t the only option, but it is my preference (at least for now) and the most popular. You can also try Google Gemini, Perplexity and Claude.
With all these, the workflow is the same. Think of it like Google, but instead of punching in one search term and scrolling through results, you have a ""conversation"" with the bot to get exactly the output you want.
Like any tool, you need to use AI wisely and triple-check its results. Trust me, you don’t want to end up like those lawyers who used AI to draft court documents, only to have the judge catch the glaring mistakes.
BIOMETRIC DATA: IS IT SAFE TO HAND IT OVER TO ANY COMPANY THAT ASKS?
You’ve heard of prompts, right?
This is what we call the text, question or command you provide an AI system to guide its response or action. It’s your instruction on what you want, so the better your prompt, the more useful and accurate the response will be.
""Priming"" is the insider term for telling a chatbot exactly what you want from it. With ChatGPT or any other, the more constraints you give, the better your answer. Examples: ""Limit your response to 250 words,"" ""Give me the list in bullet points,"" ""Format the results as a table,"" ""Use this data to create a bar chart.""
Remember, AI can’t read your mind. It only knows what you tell it. Use ""do"" and ""don’t"" in your prompts to get the results you want. Say you’re cooking for friends, and some have allergies. Say, ""Create a recipe for six people. Do include protein, fruits, vegetables and carbs. Don’t include dairy products, shellfish or nuts.""
7 prompts to make life easier
Make your goals actionable: ""I have a goal for 2025 to [fill in the blank]. Can you help me make it SMART?"" (SMART is an acronym for Specific, Measurable, Assignable, Realistic and Time-related.) Maybe you’re not there yet. Try this: ""I want to [fill in the blank], but it feels overwhelming, and I don’t know where to start. Can you help me by breaking it down into more manageable tasks?""
""Give me 10 more examples"": That’s a prompt I use with ChatGPT all the time to make the chatbot a better brainstorming buddy. Some of its ""ideas"" are downright bad, but it might spark something creative in your brain, too.
""How can I make this better?"" Add in anything you’ve written — a blog post, a travel plan, a resume or even a heartfelt email. This prompt works wonders for polishing your work and pointing out improvements, like a personal editor at your fingertips.
DO THIS WITH YOUR FAMILY VIDEOS BEFORE IT’S TOO LATE
Your very own free assistant: Say you have messy notes from a meeting. By hand, you’d spend 15 minutes turning those into an email fit for your boss or team. Instead, open a chatbot and say, ""Turn these notes into a professional, friendly email to my team."" Paste your notes at the end and voila. Pro tip: Ask your bot of choice, ""Is there anything that needs more details?"" to fill in any missing info.
Shortcut your inbox: When you get a really long email, open your AI chatbot of choice, and type in the prompt, ""Summarize this email for me. Tell me what I need to do, then write a thoughtful reply. Here is the email."" Paste in the email and let AI do its magic.
Wanna get in shape? Ask your AI to create a custom fitness plan. Try this: ""Create a 30-day fitness plan for fat loss and muscle gain tailored to a [male/female] beginner at [your age]."" Or get specific: ""Create a four-week fitness plan to help me run a mile for the first time."" Don’t sweat it.
Spouse forgot to load the dishes again? Instead of firing off a rage-filled text, let AI step in. Ask your fave chatbot to reframe your frustration into something a bit more … constructive. I like this prompt: ""Make this message sound more friendly.""
Don’t forget about privacy
It's easy to think your bot is a trusted ally, especially when it’s pumping out helpful answers all day long. But it’s definitely not. It’s a data-collecting tool like any other.
Be smart about what you say. Never type in passwords, sensitive financial data, or confidential work or business information. My rule of thumb: Don’t tell a chatbot anything you wouldn’t want made public.
With a free ChatGPT or Perplexity account, you can turn off memory features in the app settings that remember everything you type in. For Google Gemini, you need a paid account to do this.
CLICK HERE TO GET THE FOX NEWS APP
Get tech-smarter on your schedule
Award-winning host Kim Komando is your secret weapon for navigating tech.
- National radio: Airing on 500+ stations across the US - Find yours or get the free podcast.
- Daily newsletter: Join 600,000 people who read the Current (free!)
- Watch: On Kim’s YouTube channel
- Podcast: ""Kim Komando Today"" - Listen wherever you get podcasts
Copyright 2025, WestStar Multimedia Entertainment. All rights reserved.",Fox News
https://www.foxnews.com/tech/best-cutting-edge-health-fitness-tech-from-ces-2025,2025-01-11,Best cutting-edge health and fitness tech from CES 2025,"CES 2025 has once again showcased a remarkable array of health and fitness technology that promises to transform our well-being.
From artificial intelligence-powered sleep aids to smart ear-cleaning devices, this year's event highlights cutting-edge solutions designed to enhance our health and fitness routines.
These groundbreaking innovations are sure to offer something for everyone.
I’M GIVING AWAY THE LATEST & GREATEST AIRPODS PRO 2
1. AI sleep wearable promises better rest and sharper focus
The Frenz Brainband is this cool new AI-powered sleep headband that not only tracks your sleep, but actually helps you sleep better and focus more during the day. The Frenz Brainband uses some seriously advanced tech to monitor your brain waves, eye movements and even tiny facial twitches while you snooze.
The Brainband uses all that info to play personalized audio through bone-conduction speakers, helping you fall asleep faster and sleep more deeply. The folks at Earable Neuroscience, the company behind Frenz, have done their homework. They've got research backing up their claims, and they've even snagged a CES Innovation Award. So, whether you're struggling with insomnia or just want to optimize your sleep and daytime focus, the Frenz Brainband might be worth checking out. It's available for purchase at a price of $680 or through a rental option for $45 per month.
A BREAKTHROUGH GADGET COULD HELP YOU DETECT MICROPLASTICS IN YOUR DRINKING WATER
2. The smart ear-cleaning device that lets you watch in real time
The Bebird EarSight Flow is an innovative ear care device that combines high-resolution imaging with advanced cleaning technology. Featuring a 1 million-pixel camera and Aquatic Ear Canal Cleaning Technology, this device allows you to safely remove earwax while providing a live view through a smartphone app. As a CES 2025 Innovation Awards honoree in the digital health category, the EarSight Flow offers a modern solution to ear hygiene, enabling you to see inside your ear canal during the cleaning process.
The device comes equipped with a high-definition camera with over 1 million pixels and a Ball Axis Adjustment Megapixel Lens for precise positioning. You can easily integrate the device with your smartphone, using compatible Android and iOS apps to stream the real-time cleaning process. The advanced cleaning technology gently removes earwax and debris, providing a safe and interactive ear care experience. You can buy a Bebird EarSight Flow by clicking here.
Note: Health care professionals recommend consulting with a medical expert before using any ear-cleaning device to ensure safe and proper usage.
SUBSCRIBE TO KURT’S YOUTUBE CHANNEL FOR QUICK VIDEO TIPS ON HOW TO WORK ALL OF YOUR TECH DEVICES
3. Next-gen smart ring offers digital sizing
The Circular Ring 2 introduces a groundbreaking digital sizing method that allows you to determine your ring size using only a smartphone camera and a dedicated app. This innovative approach eliminates the traditional plastic sizing kit used by competitors like Oura Ring and Samsung Galaxy Ring.
A standout feature of the Circular Ring 2 is its FDA-approved atrial fibrillation detection algorithm, which marks the first such certification in the smart ring market. The Circular Ring 2 will launch in mid-to-late January 2025 with an expected retail price of $349 to $380, depending on the finish selected (gold, silver, black or rose gold). The ring will ship in March 2025 and is notable for being subscription-free.
NEW PROSTHETICS RESTORE NATURAL MOVEMENT VIA NERVE CONNECTION
4. The AI-powered home gym
The Amp Fitness machine is a groundbreaking $1,795 home gym powered by advanced artificial intelligence that transforms strength training. Featuring adjustable cable machine weights, an integrated camera and a smart companion app, the device provides dynamic workouts that adapt in real time to maximize your fitness gains.
You can access hundreds of workout variations, participate in fitness challenges and even compete on a global leaderboard that tracks strength and progress. The machine's AI technology continuously analyzes performance, adjusting resistance and workout intensity to ensure you are constantly challenged and making consistent progress. The Amp Fitness machine is priced at $1,795 and is available with a $99 deposit. It is expected to ship in early 2025.
COULD THESE EXOSKELETON ""POWERED PANTS"" MAKE OUTDOOR ACTIVITIES EASIER IN THE FUTURE?
5. Revolutionizing hearing technology with AI-powered features
The Elehear Beyond Pro is an innovative over-the-counter hearing aid that combines cutting-edge AI technology with user-friendly features. This smart hearing wearable offers real-time translation capabilities across multiple languages, making it an invaluable tool for global communication.
The device also provides customizable tinnitus relief, addressing a common concern for many individuals with hearing issues. At the heart of the Beyond Pro is Elehear's proprietary Vocclear technology, which significantly enhances sound clarity and speech intelligibility. The Elehear Beyond Pro hearing aid is expected to be released later in 2025.
HOW TO STAY CONNECTED NO MATTER WHERE YOU TRAVEL IN THE WORLD
6. Shocking your taste buds with an electric salt spoon
Kirin Holdings has unveiled an innovative electric salt spoon that uses a mild electrical current to enhance food flavor without adding sodium. This $127 device concentrates sodium ions on the tongue, making low-sodium foods taste up to 1.5 times saltier. The spoon offers four adjustable intensity levels, ranging from mild (yellow light) to intense (blue light).
Developed in collaboration with Meiji University, the device addresses critical health concerns by helping people enjoy flavorful meals while reducing salt intake. First-time users are recommended to start at the lowest intensity setting to acclimate to the unique sensory experience. You can purchase the electric salt spoon through Kirin's official online store.
BEST WAYS TO KEEP ORGANIZED IN THE KITCHEN
7. The smart air purifier that pampers your feline friend
LG's innovative AeroCatTower is a device that seamlessly blends pet comfort with air purification technology. The tower features a dome-shaped seat where cats can relax, complete with a built-in heater and an attachable stepper to help older cats climb.
Its intelligent air purification system automatically adjusts airflow when a cat is present, ensuring minimal disturbance to your furry companion. Through the LG ThinQ app, pet owners can track their cat's weight and sleep patterns, adding an extra layer of pet care technology. Pricing and availability remain undisclosed by LG.
THIS IS THE WAY CLEAN FREAKS GET THEIR FILTHY TECH SPOTLESS
8. Your personal AI yoga instructor
The YoctoMat is a smart yoga mat that transforms your practice through cutting-edge embedded sensor technology, providing real-time feedback on your posture, balance and weight distribution. By creating a visual map of your movements, this intelligent mat acts like a personal yoga instructor, helping you perfect your alignment and technique with precision and ease.
The mat's advanced IoT capabilities allow you to track your progress, analyze your performance and receive instant corrections, making every yoga session an opportunity for growth and mindfulness. Lightweight and portable, the YoctoMat brings the expertise of a professional yoga studio directly to your home, enabling practitioners of all levels to enhance their practice.
Its AI-powered system not only improves physical technique but also supports stress reduction and mental well-being, turning your yoga routine into a holistic wellness experience. Whether you're a beginner seeking guidance or an experienced yogi looking to refine your skills, the YoctoMat offers an interactive, data-driven approach to yoga that adapts to your individual needs. The YoctoMat is available for purchase through the company's inquiry form here.
SKYROCKET TO A HEALTHIER LIFESTYLE WITH THIS GEAR IN 2025
9. Digital glasses for enhanced vision
ESight, renowned for its medical vision enhancement devices, is showcasing its latest innovation, eSight Go, at CES. These cutting-edge digital glasses are designed to assist individuals with central vision loss caused by conditions like macular degeneration and diabetic retinopathy. The eSight Go features a high-definition camera on the nosepiece that captures continuous video footage, which is then optimized and displayed on HD OLED screens for enhanced viewing.
Users can integrate their prescription lenses for further visual optimization. Engineered for all-day wear, these lightweight glasses come equipped with built-in controls and a neck-worn battery pack that provides up to three hours of continuous use. The eSight Go is priced at $4,950, and you can get a free consultation here.
FACIAL RECOGNITION GLASSES TURN EVERYDAY LIFE INTO A CREEPY PRIVACY NIGHTMARE
10. The contactless sleep-tracking solution
WHAT IS ARTIFICIAL INTELLIGENCE (AI)?
The iSleePad is a contactless sleep-tracking solution designed to monitor vital health data without the discomfort of wearable devices. Utilizing advanced low-power microwave sensor technology, the lightweight and foldable pad can track essential sleep metrics, including heart rate, breathing and sleep position with remarkable precision.
Positioned conveniently under the shoulders and torso, the iSleePad offers a unique feature set that goes beyond traditional sleep tracking, including real-time alerts for bed exits and a Schumann wave mode that promotes deep, restful sleep. Its flexible pressure-sensitive antenna provides over 95% accuracy in monitoring sleep activities, making it especially beneficial for elderly users, medical care settings and families with infants. The device seamlessly integrates with a smartphone app, allowing users to access real-time data and long-term physiological records. No specific information is available regarding its price or availability.
11. AI smart mirror reveals what's beyond reflection
Withings has unveiled the Omnia, an innovative AI-powered smart mirror that provides comprehensive health screening through advanced sensor technology. The full-length mirror, equipped with a sophisticated base, can capture an extensive range of health metrics, including weight, heart health, metabolic data and body composition.
Using integrated AI, the Omnia not only displays health data but also offers personalized insights through a voice assistant that can provide recommendations and potentially connect users with health care professionals. The device seamlessly integrates data from multiple Withings devices and third-party health apps, creating a holistic health monitoring ecosystem. The Omnia is still a concept product and is not yet available for purchase. It is in development with no clear pricing details provided at this time.
SMART RINGS THAT CAN TRACK YOUR SLEEP, FITNESS, COULD SAVE YOUR LIFE
12. Sleep smarter and rest better with intelligent biosensing earbuds
GET FOX BUSINESS ON THE GO BY CLICKING HERE
NextSense has unveiled the Tone Buds, a groundbreaking biosensing smart earbud that goes far beyond traditional sleep technology by actively monitoring and improving sleep quality. These innovative earbuds use clinical-grade EEG technology to precisely assess sleep stages and depth, providing unprecedented insights into a user's nocturnal experience.
When the Tone Buds detect stage N3 sleep, the deepest stage of non-rapid eye movement sleep, they emit subtle pink noise stimulation to enhance rest. The AI-powered, closed-loop audio system responds dynamically to the user's brain waves, providing comforting audio for falling asleep and sound-neutralizing tracks to help users stay asleep.
With sleep disorders affecting approximately 70 million Americans and poor sleep linked to serious health risks like heart disease, stroke and cognitive decline, the Tone Buds represent a significant advancement in personal sleep technology. By continuously monitoring brain activity and actively improving sleep in real time, NextSense is offering a sophisticated solution for those struggling to achieve restful, high-quality sleep. Tone Buds are available for preorder and will retail for $349.
12 MUST-HAVE APPS TO CRUSH YOUR NEW YEAR’S RESOLUTIONS
13. Smart glasses with built-in hearing aids to help hear better
EssilorLuxottica's Nuance Audio glasses feature six strategically placed microphones that capture sound with remarkable precision and directional accuracy. These innovative glasses offer users two distinct listening modes — a focused directional setting that amplifies the voice of the person directly in front of you and a 360-degree audio mode that enhances surrounding sounds for complete environmental awareness.
The embedded micro-speakers, positioned discreetly above the ears, deliver crystal-clear audio directly to the user, creating an invisible and stylish hearing solution for individuals with mild to moderate hearing loss. With a companion app and remote control, users can easily customize volume levels, switch between sound modes and fine-tune their listening experience in real time.
The glasses not only provide exceptional sound clarity but also eliminate the traditional stigma associated with hearing aids by seamlessly integrating advanced audio technology into a sleek, fashionable eyewear design. The launch timeline is pending FDA approval here in the U.S., but the glasses are expected to be available for purchase starting in Q1 2025
HOW THIS EX-APPLE GUY’S AI GLASSES INVENTION WORKS
14. Nutritional tracking just got easier
Amazfit has unveiled its V1tal device, a compact gadget designed to revolutionize nutritional tracking. The V1tal uses a built-in camera to record your meals, automatically logging food intake and providing detailed nutritional information without manual input.
This innovative device analyzes eating behavior, offering insights and tips to improve dietary habits. The V1tal integrates seamlessly with the Zepp app, creating a comprehensive health ecosystem when used alongside Amazfit's smartwatches and fitness trackers. While in the prototype stage, Amazfit plans to launch the V1tal in the United States during the first or second quarter of 2025.
FOOD TRACKING JUST GOT LAZY (IN THE BEST WAY POSSIBLE) WITH THIS WEARABLE
15. Never miss a pill again with this smart pillbox
The Smart Pillbox HealthBuddy app, recently launched on both Apple and Google Play stores, will transform how users manage their medications. This innovative app offers features such as medication tracking, pill reminders and the ability to log missed or taken doses, making it an essential tool for medication adherence. The app can be used independently or in conjunction with the upcoming Smart Pillbox device, which is in its pilot program phase.
When paired with the device, the app will sync effortlessly, providing real-time tracking and automated logging of medication intake. The Smart Pillbox device, expected to be widely available in the coming months, will feature built-in sensors to detect when pill compartments are opened, as well as cellular connectivity to transmit adherence data securely to health care providers.
This comprehensive system aims to improve medication management for users and enable health care providers to monitor patient adherence remotely, potentially enhancing overall health outcomes. The Smart Pillbox HealthBuddy app is available for free on iOS and Android, with the companion device available for preorder and expected to be widely available in the coming months.
The content of this article is intended solely for educational and informational purposes. It should not be considered a substitute for professional health or medical advice. We strongly recommend consulting a qualified health care provider or physician with any questions or concerns you may have regarding your medical conditions or health goals.
Kurt’s key takeaways
These health and fitness advancements not only highlight the increasing synergy between technology and wellness, but also empower individuals to take control of their well-being in transformative ways. As these products hit the market, they have the potential to change how we approach fitness, nutrition and overall health, marking a pivotal moment for personal wellness. Embracing these innovations can lead to more informed choices and enhanced quality of life, making it an opportune time to explore what these technologies have to offer.
CLICK HERE TO GET THE FOX NEWS APP
Which of the innovative health and fitness technologies from CES 2025 are you most excited about and why? Let us know by writing us at Cyberguy.com/Contact
For more of my tech tips and security alerts, subscribe to my free CyberGuy Report Newsletter by heading to Cyberguy.com/Newsletter
Ask Kurt a question or let us know what stories you'd like us to cover
Follow Kurt on his social channels
Answers to the most asked CyberGuy questions:
- What is the best way to protect your Mac, Windows, iPhone and Android devices from getting hacked?
- What is the best way to stay private, secure and anonymous while browsing the web?
- How can I get rid of robocalls with apps and data removal services?
- How do I remove my private data from the internet?
New from Kurt:
Copyright 2025 CyberGuy.com. All rights reserved.",Fox News
https://www.foxnews.com/politics/elon-musk-ai-tech-titans-venture-capitalists-invited-pre-inauguration-dinner-dawn-trump-era,2025-01-11,"Elon Musk, AI and tech titans, venture capitalists invited to pre-inauguration dinner at dawn of Trump era","FIRST ON FOX: A select group of tech industry titans and venture capitalists will gather in Washington, D.C., this week to welcome the incoming Trump administration and celebrate new opportunities for global innovation in artificial intelligence and entrepreneurship.
Presidents and CEOs from companies on the cutting edge of AI tech and their big financial backers, along with personnel from the incoming administration, will attend a dinner on Thursday organized by Outside the Box Ventures, a firm founded last year by journalist-turned-investment banker Katherine Tarbox, along with Laurent Bili, the French ambassador to the U.S.
The list of those invited to Thursday's dinner includes ""DOGE"" chief Elon Musk, Silicon Valley investor and GOP mega-donor Peter Thiel, NVCA chief executive Bobby Franklin, incoming White House AI and crypto czar David Sacks, OpenAI's Sam Altman, investor Joe Lonsdale and Narya co-founder Colin Greenspon.
""This gathering represents more than discussion. We hope it symbolizes a new chapter in public-private collaboration to harness technology’s transformative power for the nation’s future,"" a source close to the planning told Fox News Digital. The event comes days before President-elect Trump is inaugurated as the nation's 47th president.
AI IS RESHAPING HOW WE LIVE AND WORK – HERE'S HOW TO USE IT EFFECTIVELY
America's leading entrepreneurs want to seize what Microsoft's Brad Smith has called a ""golden opportunity for American technology and economic competitiveness."" The aim is for the joined forces of industry leaders and government resources that Trump brought together for Operation Warp Speed, his first administration's lauded COVID-19 vaccine program, to be reproduced for advancements in AI.
The participation of Bili reflects how France is interested in being a leader in AI, with a global action summit on the rapidly developing technology to be held in Paris this February, and believes the U.S. is a valuable partner in this effort.
""We believe this is the hottest ticket for tech and venture capital up to the inauguration,"" the source said. The Trump transition team did not immediately respond to a request for comment.
Franklin, the CEO of the National Venture Capital Association, the industry trade group for venture capital, confirmed he plans to attend. He told Fox News Digital there is great excitement in his industry for several of Trump's hires who have backgrounds in venture capital, including Sacks, a billionaire tech executive, and Vice President-elect JD Vance.
DOGE REPS LAUNCH MEETINGS WITH FEDERAL STAFFERS IN EFFORT TO CUT GOVERNMENT WASTE: REPORT
""One of our challenges is always educating, and there's always a lack of understanding of what the venture industry does, how it works with entrepreneurs, how it creates great tech and drugs and everything else in the economy,"" Franklin said. ""And so having folks that understand that coming into the administration is a wonderful, welcome situation from our perspective.""
The dinner comes at a critical juncture for the U.S., which leads the world in AI startups but faces tough competition from China and other foreign adversaries.
American companies received more than 40% of global AI funding in 2023, surpassing China and the European Union combined. That same year, U.S. venture capital firms unleashed $17.9 billion in funds for AI startups, contributing to the leaps and bounds in generative AI tech popularized by ChatGPT, Google's Gemini and Grok from xAI.
More than 10,000 AI-related patents have been filed by U.S. entities in the past five years, showcasing the deep bench of American innovators that Franklin and others believe Trump stands ready to support.
But analysts warn that China's recent developments in AI technology pose a challenge to American dominance in this field and may even threaten U.S. national and economic security.
A recent report published by American Edge Project cautions that ""China is rapidly advancing its own open-source ecosystem as an alternative to American technology and using it as a Trojan horse to implant its CCP values into global infrastructure.""
The report called China's progress ""both significant and concerning.""
""Chinese-developed open-source AI tools are already outperforming Western models on key benchmarks, while operating at dramatically lower costs, accelerating global adoption. Through its Belt and Road Initiative (BRI), which spans more than 155 countries on four continents, and its Digital Silk Road (DSR), China is exporting its technology worldwide, fostering increased global dependence, undermining democratic norms, and threatening U.S. leadership and global security.""
There is a broad expectation that the Trump administration will let the private sector lead the way as the U.S. confronts China. Whereas the Biden administration prioritized establishing ""guardrails"" for AI development through regulatory bodies, analysts for Perkins Coie note that Trump has promised to revoke a Biden-era executive order that set policy for federal agency AI purchases and uses. The 2024 Republican platform claimed Biden's policy ""hinders innovation and imposes Radical Leftwing Ideas,"" apparently in reference to requirements that the National Institute of Standards and Technology create guidance to ensure AI models are unbiased and do not discriminate based on race or sex.
Additionally, Trump's appointment of Sacks as AI czar signals his thinking on AI is in line with Sacks' associates Musk and Thiel, who each co-founded PayPal and favor a deregulatory agenda.
""The new czar will likely be tasked with coordinating with federal agencies and outside stakeholders to ensure consistent guidance regarding AI use in the federal government. We would expect Sacks to be less focused on the potential harms of AI and more focused on promoting and facilitating AI innovation with fewer restraints,"" Perkins Coie said.
CLICK HERE TO GET THE FOX NEWS APP
Thursday's gathering is a strictly nonpartisan event, though Silicon Valley's high interest in building relationships with a Republican administration would seem to signal shifting political priorities.
Previously, issues like immigration and climate change distanced Big Tech from the GOP. And when Trump first ran for president, his populist MAGA movement was an unknown factor that led many entrepreneurs to keep that distance.
But a growing recognition of AI as a national priority has appeared to bridge that gap. So has a more clearly defined Trump, with key players in his second administration that have ties to the venture capital world.
""You know, it was certainly a political outsider that won in 2016,"" Franklin said. ""Now, he's not an outsider.""
Fox News Digital's Andrew Mark Miller contributed to this report.",Fox News
https://www.foxnews.com/media/openai-reveals-ai-policy-proposals-china-protect-kids-race-america-must-win,2025-01-13,"OpenAI reveals AI policy proposals to best China, protect kids: ‘This is a race America can and must win’","OpenAI is staking out a plethora of new artificial intelligence (AI) policy proposals that the research organization believes will help the United States maintain its lead over the Chinese Communist Party (CCP).
On Monday, OpenAI revealed the details of its AI ""Economic blueprint,"" which the company hopes will be adopted by the incoming Trump administration and Congress. The blueprint will serve as a ""living document"" for responsible AI building and deployment.
Speaking with Fox News Digital, Open AI's Vice President of Global Affairs, Chris Lehane, said it is ""absolutely imperative"" that the U.S. stays in command of AI innovation and production.
""One country, the U.S., is building democratic AI. It's free. It's accessible. The other is going to build authoritarian, autocratic AI. And this is really like a zero-sum race,"" Lehane said.
Foreign competitors and adversaries have made clear that AI is a key component of economic and militaristic dominion.
The CCP has said that it wants to be the supreme player in AI by 2030. Meanwhile, Russian President Vladimir Putin has gone on record, stating that whoever wins the AI race wins the world.
""The U.S. has the lead right now,"" Lehane told Fox News Digital. ""That lead is not guaranteed, and we absolutely need to do everything we can be doing to make sure we maintain that lead. And so, a lot of the policies that are laid out in [our economic blueprint] are designed to do that.""
OpenAI notes that an estimated $175 billion is sitting in global funds — awaiting investment in AI projects.
""If the U.S. doesn't attract those funds, they will flow to China-backed projects—strengthening the Chinese Communist Party's global influence,"" the economic blueprint states.
They also believe that rules and regulations for the development and use of AI should be based on the democratic values that the United States has always upheld.
""We believe in America because America believes in innovation,"" OpenAI says.
To ensure competitiveness and security, OpenAI says the U.S. government should enable AI through ""common-sense rules"" to protect people from ""actual harms.""
""To us, this means that in the same way the federal government helped clear the way for the nascent automobile industry to grow, including by preempting a state-by-state tangle of roads and rules, it should clear the way for the AI industry's development of frontier models to best ensure that they promote U.S. economic and national security,"" OpenAI says.
The company notes that ""frontier models"" refer to state-of-the-art language models that can be responsibly exported to U.S. allies and partners, allowing them to establish their own AI ecosystems and distribute potential benefits.
Led by the federal government, in consultation with industry, OpenAI says this strategy should develop best practices that streamline engagement with national security departments and agencies while protecting against the risk of criminal, terrorist, and state-sponsored misuses.
OpenAI also calls on the government to ""develop alternatives to the growing patchwork of state and international regulations that risk hindering American competitiveness.""
AI IS RESHAPING HOW WE LIVE AND WORK – HERE'S HOW TO USE IT EFFECTIVELY
This includes having the federal government lead the development of national security evaluations at home while establishing an ""international coalition"" to create ""shared safety standards"" abroad.
To achieve maximum gain and reduce harm, OpenAI says the government must get AI access and benefits ""right from the start."" The company, which dubs this idea as the ""rules of the road,"" believes a successful approach will create a ""flywheel of growing prosperity and appreciation for democratic values.""
""With AI, our children will be able to do things we can't, and eventually, everyone's lives can be better than anyone's life is now. But we have work to do to get there,"" OpenAI stresses.
With wider AI deployment in the U.S., OpenAI suggests that the technology will gain trust among the general populace. Users, the company says, should feel confident that their children will be protected from potential harm, they will know where content comes from, and they will be able to tailor AI tools to their liking.
OpenAI says states also have a ""vital role"" to play in AI.
""They can fill their historical role as laboratories for democracy by supporting experimentation with AI, including by start-ups and smaller AI firms, to identify ways to solve people's daily hard problems in areas like education and healthcare. They can support their government workers and developer communities experimenting with AI to identify ways to improve the lives of their taxpayers,"" the economic blueprint states.
Lehane says that states can also support AI literacy programs in school systems across the U.S. — enabling the next generation of developers to build solutions for future problems.
""Those developers don't necessarily have to be in San Francisco, right? Those developers can be in Kansas. Those developers can be in Alabama. Those developers can be in my home state of Maine. I mean, there's incredible talent in these places. If they get access to the education on this, then they're able to build, you know, in the places that they grew up,"" he said.
The company highlights that these proposals reflect their position that chips, energy and talent are the keys to winning on AI—and ""this is a race America can and must win.""
""We can't get the national security piece right and we can't get the economic distribution piece right if we don't get infrastructure. It is just foundational and fundamental to the other two pieces. The other two pieces just become a little bit, you know, sort of abstract and intellectual or aspirational,"" Lehane told Fox News Digital.
OPENAI CEO SAM ALTMAN RINGS IN 2025 WITH CRYPTIC, CONCERNING TWEET ABOUT AI'S FUTURE
OpenAI says that building infrastructure is not just ""vital"" for ensuring that AI worldwide is based on U.S. technology but also an ""unmissable opportunity"" to create a ""reindustrialization"" of the country.
The AI research organization believes that this infrastructure will drive down the cost of compute — a term for the technology and resources that powers AI — make it abundant, and, in turn, create tens of thousands of skilled-trade jobs, boost local economies and modernize the energy grid.
The company's infrastructure proposal includes digitizing government data currently in analog form, a compact for AI among U.S. allies and partner nations, the creation of AI economic zones, the creation of AI research labs and workforces and federal backstops for high-value AI public works.
The plan would also include a dramatic increase in federal spending on power and data transmission and streamlined approval for new lines. This would be accompanied by the creation of a ""National AI Infrastructure Highway"" to connect regional power and communications grids.",Fox News
https://www.foxnews.com/politics/biden-signs-second-ai-action-during-final-week-in-office-with-executive-order-fast-tracking-us-infrastructure,2025-01-14,Biden issues second AI action during final week in office with executive order fast-tracking US infrastructure,"President Biden on Tuesday signed an ambitious executive order that he says will keep both national security and climate change in mind while fast-tracking the build out of large-scale artificial intelligence (AI) infrastructure in the United States.
Biden said in a statement released by the White House that the executive order will ""accelerate the speed at which we build the next generation of AI infrastructure here in America, in a way that enhances economic competitiveness, national security, AI safety, and clean energy."" It directs the Department of Defense and the Department of Energy ""to lease federal sites where the private sector can build frontier AI infrastructure at speed and scale.""
""The United States leads the world at the frontier of artificial intelligence (AI). Cutting-edge AI will have profound implications for national security and enormous potential to improve Americans’ lives if harnessed responsibly, from helping cure disease to keeping communities safe by mitigating the effects of climate change. However, we cannot take our lead for granted,"" Biden said. ""We will not let America be out-built when it comes to the technology that will define the future, nor should we sacrifice critical environmental standards and our shared efforts to protect clean air and clean water.""
The order will ""ensure that the infrastructure needed for advanced AI operations—including large-scale data centers and new clean power infrastructure—can be built with speed and scale here in the United States,"" Biden said, adding, ""These efforts are designed to accelerate the clean energy transition in a way that is responsible and respectful to local communities, and in a way that does not impose any new costs on American families.""
""Building AI infrastructure in the United States is a national security imperative,"" Biden said. ""As AI’s capabilities grow, so do its implications for Americans’ safety and security. Domestic data centers for training and operating powerful AI models will help the United States facilitate AI’s safe and secure development, harness AI in service of national security, and prevent adversaries from accessing powerful systems to the detriment of our military and national security.""
""It will also help prevent America from growing dependent on other countries to access powerful AI tools,"" he added.
Vice President Harris, who attended the first-ever global AI summit hosted in London in November 2023, said in a statement on Tuesday the ""significant electrical power needs of large-scale AI operations also present a new opportunity for advancing American leadership in clean-energy technology, which will power our future economy."" ""By activating the full force of the federal government to speed up and scale AI operations here in the United States, we are securing our global leadership on AI, which will have a profound impact on our economy, society, and national security for generations to come,"" she added.
Under the new rules, the departments of Defense and Energy will each identify at least three sites where the private sector can build AI data centers. The agencies will run ""competitive solicitations"" from private companies to build AI data centers on those federal sites, senior administration officials said.
Developers building on those sites will be required, among other things, to pay for the construction of those facilities and to bring sufficient ""clean power"" generation to match the full capacity needs of their data centers. Although the U.S. government will be leasing land to a company, that company would own the materials it creates there, officials said.
Developers selected to build on government sites will be required to pay all costs of building and operating AI infrastructure so that development does not raise electricity prices for consumers, the administration said.
The orders also direct construction of AI data centers on federal sites to be done with public labor agreements. Some of the sites are reserved for small and medium-sized AI companies, according to government officials.
Government agencies will also complete a study on the effects of all AI data centers on electricity prices, and the Energy Department will provide technical assistance to state public utility commissions regarding electricity tariff designs that can support connecting new large customers with clean energy.
As part of the order, the Interior Department will identify lands it manages that are suitable for clean energy development and can support data centers on government sites, administration officials said.
""The volumes of computing power, electricity needed to train and operate frontier models are increasing rapidly and set to surge even more,"" Tarun Chhabra, deputy assistant to the president and coordinator for technology and national security, told the Associated Press. ""By around 2028, we expect that leading AI developers will be seeking to operate data centers with as much as five gigawatts of capacity for training AI models.""
Deploying AI systems at scale also requires a broader network of data centers across different parts of the country, he said.
CLICK HERE TO GET THE FOX NEWS APP
The executive order comes on the heels of the Biden administration’s proposed new restrictions on exports of artificial intelligence chips, an attempt to balance national security concerns about the technology with the economic interests of producers and other countries. The Biden White House announced its ""final rule"" on AI diffusion Monday, receiving blow-back from chip industry executives as well as officials from the European Union over export restrictions that would affect 120 countries.
""We're trying to strike the right balance between ensuring that the frontier of AI stays in the United States of America and our close allies, while also ensuring that the rest of the world can benefit from AI and get the hardware that they need to power AI applications going forward,"" National Security Adviser Jake Sullivan told reporters at the White House Monday. ""We think this is, in a bipartisan spirit, the way to best preserve and protect America's lead when it comes to artificial intelligence.""
The Associated Press contributed to this report.",Fox News
https://abcnews.go.com/Business/wireStory/ai-humans-understand-animals-reconnect-nature-nonprofit-research-117695163,2025-01-15,Can AI help us understand animals and reconnect with nature? A research lab thinks so,"Can AI help us understand animals and reconnect with nature? A research lab thinks so
A nonprofit research lab is getting attention from some wealthy tech philanthropists
MONTREAL -- Peeps trickle out of a soundproof chamber as its door opens. Female zebra finches are chattering away inside the microphone-lined box. The laboratory room sounds like a chorus of squeaky toys.
“They're probably talking about us a little bit,” says McGill University postdoctoral fellow Logan James.
It's unclear, of course, what they are saying. But James believes he is getting closer to deciphering their vocalizations through a partnership with the Earth Species Project. The nonprofit laboratory has drawn some of the technology industry's wealthiest philanthropists — and they want to see more than just scientific progress. On top of breakthroughs in animal language, they expect improved interspecies understanding will foster greater appreciation for the planet in the face of climate change.
The Earth Species Project hopes to decode other creatures' communications with its pioneering artificial intelligence tools. The goal is not to build a “translator that will allow us to speak to other species,” Director of Impact Jane Lawton said. However, she added, “rudimentary dictionaries” for other animals are not only possible but could help craft better conservation strategies and reconnect humanity with often forgotten ecosystems.
“We believe that by reminding people of the beauty, the sophistication, the intelligence that is resident in other species and in nature as a whole, we can start to, kind of, almost repair that relationship,"" Lawton said.
At McGill University, the technology generates specific calls during simulated conversations with live finches that help researchers isolate each unique noise. The computer processes calls in real time and responds with one of its own. Those recordings are then used to train the Berkeley, California-based research group’s audio language model for animal sounds.
This ad hoc collaboration is only a glimpse into what ESP says will come. By 2030, Lawton said, it expects “really interesting insights into how other animals communicate.” Artificial intelligence advancements are expediting the research. New grants totaling $17 million will help hire engineers and at least double the size of the research team, which currently has roughly seven members. Over the next two years, Lawton said, the nonprofit's researchers will select species that “might actually shift something” in people's relationship with nature.
Standing to benefit are animal groups threatened by habitat loss or human activity that could be better protected with better understandings of their languages. Existing collaborations aim to document the vocal repertoires — the distinct calls and their different contexts — of the Hawaiian crow and St. Lawrence River beluga whales.
After spending more than two decades extinct in the wild, the crows have been reintroduced to their home of Maui. But some conservationists fear that critical vocabulary has faded in captivity. Lawton said the birds might need to relearn some “words” before they reenter their natural habitat in droves.
In Canada's St. Lawrence River, where shipping traffic imperils the marine mammals who feed there, the group's scientists are exploring whether machine learning can categorize unlabeled calls from the remaining belugas. Perhaps, Lawton suggested, authorities could alert nearby vessels if they understood that certain sounds signaled the whales were about to surface.
Big donors include LinkedIn co-founder Reid Hoffman, the family charity founded by late Microsoft co-founder Paul G. Allen and Laurene Powell Jobs’ Waverley Street Foundation. The latter aims to support “bottom-up” solutions to the “climate emergency.” At the root of that crisis, according to Waverley Street Foundation President Jared Blumenfeld, is the idea that humans deserve “dominion” over the world.
Blumenfeld finds that ESP's work is an important reminder that we are instead stewards of the planet.
""This is not a silver bullet,” he said. “But it’s certainly part of a suite of things that can help transform how we view ourselves in relation to nature.”
Gail Patricelli -- an unaffiliated animal behavior professor at the University of California, Davis -- remembers when such tools were just “pie in the sky.” Researchers previously spent months laboring to manually comb through terabytes of recordings and annotate calls.
She said she's seen an “exponential takeoff” the past few years in bioacoustics' use of machine learning to accelerate that process. While she finds that ESP has the promise to make finer distinctions in existing “dictionaries,” especially for harder-to-reach species, she cautioned observers against attributing human characteristics to these animals.
Considering this research’s high equipment and labor costs, Patricelli said she’s happy to see big philanthropists backing it. But she said the field shouldn’t rely too much on one funding source. Government support is still necessary, she noted, because ecosystem protection also requires that conservationists examine “unsexy” species that she expects get less attention than more charismatic ones. She also encouraged funders to consult scientists.
“There’s a lot to learn and it’s very expensive,” she said. “That might not be a big deal to some of these donors but it’s very hard to come up with the money to do this.”
The current work largely involves developing baseline technologies to do all this. A separate initiative has recently described the basic elements of how sperm whales might talk. But ESP is trying to be “species agnostic,” AI Research Director Olivier Pietquin said, to provide tools that can sort out many animals’ speech patterns.
ESP introduced NatureLM-audio this fall, touting the system as the first large audio-language model fit for animals. The tool can identify species and distinguish characteristics such as sex or stage of life. When applied to a population — zebra finches — it had not been trained on, NatureLM-audio accurately counted the number of birds at a rate higher than random chance, according to ESP. The results were a positive sign for Pietquin that NatureLM might be able to scale across species.
“That is only possible with a lot of computing, a lot of data and many, many collaborations with ecologists and biologists,” he said. “That, I think, makes us, makes it, quite serious.”
ESP acknowledges that it isn’t sure what will be discovered about animal communications and won’t know when its model gets it absolutely right. But the team likens AI to the microscope: advancements that allowed scientists to see far more than previously considered possible.
Zebra finches are highly social animals with large call repertoires. Whether congregating in pairs or by the hundreds, they produce hours of data — a help to the nonprofit's AI scientists given that animal sounds aren't as abundant as the pages of internet text scraped to train chatbots.
James, an affiliated researcher with the Earth Species Project, struggles with the concept of decoding animal communications. Sure, he can clearly distinguish when a chick is screaming for food. But he doesn’t expect to ever translate that call or any others into a human word.
Still, he wonders if he can gather more hints about their interactions from aspects of the call such as its pitch or duration.
“So can we find a link between a form and function is sort of our way of maybe thinking about decoding,"" James said. “As she elongates her call, is that because she’s trying harder to elicit a response?”
___
Associated Press coverage of philanthropy and nonprofits receives support through the AP’s collaboration with The Conversation US, with funding from Lilly Endowment Inc. The AP is solely responsible for this content. For all of AP’s philanthropy coverage, visit https://apnews.com/hub/philanthropy.",ABC News
https://abcnews.go.com/Technology/wireStory/ai-humans-understand-animals-reconnect-nature-nonprofit-research-117695164,2025-01-15,Can AI help humans understand animals and reconnect with nature? A nonprofit research lab thinks so,"Can AI help humans understand animals and reconnect with nature? A nonprofit research lab thinks so
A nonprofit research lab is getting attention from some wealthy tech philanthropists
MONTREAL -- Peeps trickle out of a soundproof chamber as its door opens. Female zebra finches are chattering away inside the microphone-lined box. The laboratory room sounds like a chorus of squeaky toys.
“They're probably talking about us a little bit,” says McGill University postdoctoral fellow Logan James.
It's unclear, of course, what they are saying. But James believes he is getting closer to deciphering their vocalizations through a partnership with the Earth Species Project. The nonprofit laboratory has drawn some of the technology industry's wealthiest philanthropists — and they want to see more than just scientific progress. On top of breakthroughs in animal language, they expect improved interspecies understanding will foster greater appreciation for the planet in the face of climate change.
The Earth Species Project hopes to decode other creatures' communications with its pioneering artificial intelligence tools. The goal is not to build a “translator that will allow us to speak to other species,” Director of Impact Jane Lawton said. However, she added, “rudimentary dictionaries” for other animals are not only possible but could help craft better conservation strategies and reconnect humanity with often forgotten ecosystems.
“We believe that by reminding people of the beauty, the sophistication, the intelligence that is resident in other species and in nature as a whole, we can start to, kind of, almost repair that relationship,"" Lawton said.
At McGill University, the technology generates specific calls during simulated conversations with live finches that help researchers isolate each unique noise. The computer processes calls in real time and responds with one of its own. Those recordings are then used to train the Berkeley, California-based research group’s audio language model for animal sounds.
This ad hoc collaboration is only a glimpse into what ESP says will come. By 2030, Lawton said, it expects “really interesting insights into how other animals communicate.” Artificial intelligence advancements are expediting the research. New grants totaling $17 million will help hire engineers and at least double the size of the research team, which currently has roughly seven members. Over the next two years, Lawton said, the nonprofit's researchers will select species that “might actually shift something” in people's relationship with nature.
Standing to benefit are animal groups threatened by habitat loss or human activity that could be better protected with better understandings of their languages. Existing collaborations aim to document the vocal repertoires — the distinct calls and their different contexts — of the Hawaiian crow and St. Lawrence River beluga whales.
After spending more than two decades extinct in the wild, the crows have been reintroduced to their home of Maui. But some conservationists fear that critical vocabulary has faded in captivity. Lawton said the birds might need to relearn some “words” before they reenter their natural habitat in droves.
In Canada's St. Lawrence River, where shipping traffic imperils the marine mammals who feed there, the group's scientists are exploring whether machine learning can categorize unlabeled calls from the remaining belugas. Perhaps, Lawton suggested, authorities could alert nearby vessels if they understood that certain sounds signaled the whales were about to surface.
Big donors include LinkedIn co-founder Reid Hoffman, the family charity founded by late Microsoft co-founder Paul G. Allen and Laurene Powell Jobs’ Waverley Street Foundation. The latter aims to support “bottom-up” solutions to the “climate emergency.” At the root of that crisis, according to Waverley Street Foundation President Jared Blumenfeld, is the idea that humans deserve “dominion” over the world.
Blumenfeld finds that ESP's work is an important reminder that we are instead stewards of the planet.
""This is not a silver bullet,” he said. “But it’s certainly part of a suite of things that can help transform how we view ourselves in relation to nature.”
Gail Patricelli -- an unaffiliated animal behavior professor at the University of California, Davis -- remembers when such tools were just “pie in the sky.” Researchers previously spent months laboring to manually comb through terabytes of recordings and annotate calls.
She said she's seen an “exponential takeoff” the past few years in bioacoustics' use of machine learning to accelerate that process. While she finds that ESP has the promise to make finer distinctions in existing “dictionaries,” especially for harder-to-reach species, she cautioned observers against attributing human characteristics to these animals.
Considering this research’s high equipment and labor costs, Patricelli said she’s happy to see big philanthropists backing it. But she said the field shouldn’t rely too much on one funding source. Government support is still necessary, she noted, because ecosystem protection also requires that conservationists examine “unsexy” species that she expects get less attention than more charismatic ones. She also encouraged funders to consult scientists.
“There’s a lot to learn and it’s very expensive,” she said. “That might not be a big deal to some of these donors but it’s very hard to come up with the money to do this.”
The current work largely involves developing baseline technologies to do all this. A separate initiative has recently described the basic elements of how sperm whales might talk. But ESP is trying to be “species agnostic,” AI Research Director Olivier Pietquin said, to provide tools that can sort out many animals’ speech patterns.
ESP introduced NatureLM-audio this fall, touting the system as the first large audio-language model fit for animals. The tool can identify species and distinguish characteristics such as sex or stage of life. When applied to a population — zebra finches — it had not been trained on, NatureLM-audio accurately counted the number of birds at a rate higher than random chance, according to ESP. The results were a positive sign for Pietquin that NatureLM might be able to scale across species.
“That is only possible with a lot of computing, a lot of data and many, many collaborations with ecologists and biologists,” he said. “That, I think, makes us, makes it, quite serious.”
ESP acknowledges that it isn’t sure what will be discovered about animal communications and won’t know when its model gets it absolutely right. But the team likens AI to the microscope: advancements that allowed scientists to see far more than previously considered possible.
Zebra finches are highly social animals with large call repertoires. Whether congregating in pairs or by the hundreds, they produce hours of data — a help to the nonprofit's AI scientists given that animal sounds aren't as abundant as the pages of internet text scraped to train chatbots.
James, an affiliated researcher with the Earth Species Project, struggles with the concept of decoding animal communications. Sure, he can clearly distinguish when a chick is screaming for food. But he doesn’t expect to ever translate that call or any others into a human word.
Still, he wonders if he can gather more hints about their interactions from aspects of the call such as its pitch or duration.
“So can we find a link between a form and function is sort of our way of maybe thinking about decoding,"" James said. “As she elongates her call, is that because she’s trying harder to elicit a response?”
___
Associated Press coverage of philanthropy and nonprofits receives support through the AP’s collaboration with The Conversation US, with funding from Lilly Endowment Inc. The AP is solely responsible for this content. For all of AP’s philanthropy coverage, visit https://apnews.com/hub/philanthropy.",ABC News
https://www.foxnews.com/politics/sam-altmans-openai-backing-initiative-headed-several-anti-trump-staff-pushing-liberal-causes,2025-01-16,Sam Altman's OpenAI backing initiative headed by several anti-Trump staff pushing liberal causes,"OpenAI has partnered with a new AI initiative led by a group co-founded with outgoing Special Presidential Envoy for Climate John Kerry that has pushed left-wing causes and has several board members aligned with Democrats.
OpenAI, led by CEO Sam Altman, is backing an initiative known as AI 2030, which is aimed at shaping ""public dialogue about U.S. competition against China on AI,"" Politico reported in October.
The initiative is led by the ""non-partisan"" think tank American Security Project (ASP), where Kerry was a founding member and served two stints on the board of directors.
ASP has promoted the idea that climate change is a national security threat, and argued on its website that pulling out of the Iran Nuclear Deal was a bad idea that ""harms national security."" The group previously received a $500,000 grant from the Rockefeller Foundation ""for use by its World War Zero initiative, an effort to achieve action and mobilization through awareness and public education to halt the increase of global carbon emissions."" The Rockefeller Foundation has dished out tens of millions of dollars to left-wing causes.
Kerry’s former chief of staff David Wade, who gave Hunter Biden rapid response help as the Burisma scandal swirled, currently sits on the board of directors and recently authored an op-ed in The Hill explaining how AI in the U.S. has reached its ""Sputnik moment,"" outlining the need to compete with China on AI.
Former Obama Secretary of Defense Chuck Hagel, who called then-President Trump an ""embarrassment"" in 2018, also sits on the board of ASP.
Rep, Don Beyer, D-Va., who is also on the board at ASP, has publicly opposed Trump's tariff policies, calling them ""idiotic"" and ""illegal"" in a 2023 press release.
In 2018, ASP promoted an op-ed by Board Member Matthew Wallin in which he criticized Trump's diplomatic tactics against Russian President Vladimir Putin.
In 2017, Wallin amplified the debunked media narrative in a post on X, then Twitter, that Trump called White supremacists at the deadly Charlottesville rally ""good people.""
Chris Lehane, who serves as OpenAI’s Head of Global Policy, is the author of the infamous and controversial ""Vast Right Wing Conspiracy"" memo promoted by then-first lady Hillary Clinton dismissing the Monica Lewinsky scandal as part of a right-wing media conspiracy.
Along with being a longtime Democratic Party consultant, Lehane has recently contributed money to help former Sen. Bob Casey, D-Pa., and Sen. Adam Schiff, D-Calif.
Altman recently followed other tech titans and made a substantial $1 million gift to Trump’s inauguration in his personal capacity, but has faced scrutiny for previous high-dollar donations to left-wing efforts, including a $250,000 donation to a Democratic super PAC and opposition research firm American Bridge during the 2020 election.
OPENAI CEO SAM ALTMAN RINGS IN 2025 WITH CRYPTIC, CONCERNING TWEET ABOUT AI'S FUTURE
Altman has donated to hundreds of Democrats in recent years compared to just one Republican, Newsweek reported this past summer. He was also recently tapped to be a co-chair for the incoming Democratic mayor of San Francisco’s transition team.
In addition to hosting a fundraiser for Democratic presidential candidate Andrew Yang at his San Francisco home in late 2019, Altman has donated over $1 million to Democrats and Democratic groups, including $600,000 to the Sen. Chuck Schumer-aligned Senate Majority PAC, $100,000 to the Biden Victory Fund and over $150,000 to the Democratic National Committee (DNC). He also gave thousands to state Democratic parties and top Democrats in the House and Senate.
In 2014, Altman co-hosted a fundraiser for the DNC at Y Combinator’s offices in Mountain View, California, which was headlined by then-President Obama.
Following Trump's victory in November, Altman posted on X, ""congrats to President Trump. i wish for his huge success in the job.""
""It is critically important that the US maintains its lead in developing AI with democratic values,"" he added.
During Altman’s tenure from 2014 to 2019 as the CEO of Y Combinator, an incubator startup that launched Airbnb, DoorDash and DropBox, he talked about China in multiple blog posts and interviews. In 2017, Altman said that he ""felt more comfortable discussing controversial ideas in Beijing than in San Francisco"" and that he felt like an expansion into China was ""important"" because ""some of the most talented entrepreneurs"" that he has met have been operating there.
Altman’s résumé and AI efforts have drawn the ire of Trump ally Elon Musk in recent years. Musk said last year, ""I don’t trust OpenAI. I don’t trust Sam Altman. And I don’t think we ought to have the most powerful AI in the world controlled by someone who is not trustworthy.""
Musk, who has been involved with a highly publicized legal tussle with Altman, has also said that OpenAI's ChatGPT function is infected with the ""woke virus.""
ChatGPT is an AI chatbot whose core function is to mimic a human in conversation. Users across the world have used ChatGPT to write emails, debug computer programs, answer homework questions, play games, write stories and song lyrics, and much more.
""It is going to eliminate a lot of current jobs, that’s true. We can make much better ones. The reason to develop AI at all, in terms of impact on our lives and improving our lives and upside, this will be the greatest technology humanity has yet developed,"" Altman said in a 2023 interview with ABC News. ""The promise of this technology, one of the ones that I'm most excited about, is the ability to provide individual learning — great individual learning for each student.""
WHAT IS ARTIFICIAL INTELLIGENCE (AI)?
In recent months, OpenAI has reportedly been quietly pitching its products to the U.S. military and pursuing defense contracts, Forbes reported.
In a statement to Fox News Digital, a spokesperson for OpenAI said, ""America has to win the AI race, and that is why Americans from both sides of the aisle are united in supporting policies that help the US maintain its competitive edge against China.""
""ASP is a nearly twenty-year-old bipartisan organization that works with legislators, retired flag officers, subject matter experts, and groups from across the political spectrum to produce high quality research and forge bipartisan consensus on emerging threats to our national security,"" an ASP spokesperson told Fox News Digital in a statement.
CLICK HERE TO GET THE FOX NEWS APP
""While OpenAI is one of many donors for AI Imperative 2030, we ensure an equal balance of opinions informed by independent experts and Consensus for American Security members, including Julia Nesheiwat, Ph.D., former Trump Homeland Security Advisor, and Neil Chatterjee, former Chairman of the Federal Energy Regulatory Commission under Trump. We also recently hosted a roundtable featuring Nazak Nikakhtar, another former Trump official.""
The statement continued, ""The primary objective of AI Imperative 2030 is to ensure that the U.S., not China, wins the race for AI supremacy. China aims to surpass the U.S. and lead the world in AI by 2030. We can’t let that happen. President Trump has been a leader in creating bipartisan consensus that the U.S. needs to compete more vigorously with China, and we look forward to working with his administration and the Republican Congress to design effective and cost-efficient policies towards this goal.""
Fox News Digital's Nikolas Lanum, Cameron Cawthorne and Joe Schoffstall contributed to this report.",Fox News
https://www.foxnews.com/opinion/how-team-trump-can-make-ai-stand-american-innovation,2025-01-16,How Team Trump can make AI stand for American Innovation,"Technology matters. For a century, Britain led the world based on innovations in coal and steam power. For a second century, America led the world based on electrification, materials science and mass production.
And now, with AI promising to both boost the economy and bolster national security, America has a chance to lead in the century ahead. However, with China ramping up its investment in AI, pouring billions into data centers and integrating AI across its economy, we cannot take the outcome for granted.
And China’s investments in the technology sector as a whole are clearly paying off. A recent expert report reveals that America has lost its lead in most key technologies to its rival. From 2003-2007, China led in just three of 64 technologies, but now leads in 57. And while the U.S. led in 60 of 64 technologies, we now lead in just 7.
With China now scaling up everything from solar panels to electric cars, and graduating four times more computer scientists than America does, it’s on track to become an innovation superpower by 2030.
WILL YOUR JOB SURVIVE TRUMP’S GEN AI REVOLUTION?
Meanwhile, America’s leadership in AI, while narrow, has the potential to right the scales and capitalize on an enormous opportunity: McKinsey estimates that AI could add up to $22.1 trillion annually to the global economy—almost as much as the entire U.S. economy today.
What’s needed is an American pro-innovation AI agenda that promotes scientific leadership and turns breakthrough innovations in AI and quantum computing into practical tools with widespread benefit.
The ABC’s of Securing America’s AI Leadership
The good news in an era of tight budgets is that AI is largely being funded and developed by America’s private sector, which invests hundreds of billions in research and development annually. Led by tech, the top 25 American companies invested more than $328 billion in America in 2023.
TRUMP NAMES SEVERAL NEW WHITE HOUSE PICKS TO WORK ON AI, CRYPTO AND MORE: 'AMERICA FIRST PATRIOTS'
That commitment to investing in our future is only going to ramp up, but we need constructive government policies to complement private-sector development of cutting-edge algorithms, world-leading computation (chips and data centers, and the energy to power them), digital infrastructure, and undersea cables.
The Trump administration has an opportunity to accelerate progress by setting an agenda that’s aligned, balanced and competitive.
Aligned
We need to avoid a patchwork of inconsistent laws—whether among U.S. states or between democratic allies—that will slow progress on AI innovation.
Comparing America and Europe shows the toll taken by over-regulation. A recent report from Mario Draghi, former Italian prime minister and EU Central Bank head, blames Europe’s complex regulatory environment for slowing down tech progress and creating ""a vicious circle of low investment and low innovation.""
By contrast, American lawmakers set us on a path for success in the 1990s by striking down statutes that would have chilled speech or stymied the growth of the internet, enacting policies like the Internet Tax Freedom Act that helped nurture American startups, and encouraging an innovative and dynamic private sector.
That approach is one reason why on a per-person basis, American economic output is now about 40% higher than in Western Europe and Canada, and 60% higher than in Japan.
In short, streamlining and aligning rules delivers results.
Balanced
AI has risks of abuse, but it also has tremendous potential. The new administration’s approach can promote not just innovation, but deployment of these remarkable technologies.
Ideas are easy; execution is hard. Which is why we need to do more than just invest in the world’s best AI; we need to put it to work.
MICROSOFT OFFERS INCOMING TRUMP ADMINISTRATION SUGGESTIONS ON AI POLICY
Streamlined federal procurement can make the government a leader, encouraging enterprises and institutions to adopt AI. Using AI in our cyber defenses can give us a security edge, predicting future attacks, patching holes before adversaries can exploit them, and making America’s world-leading tech stack a global standard.
Competitive
Competitiveness requires not only promoting our innovation, but also not shooting ourselves in the foot with measures that would force the disclosure of American data and intellectual property to foreign actors or chill investment in cutting-edge AI technologies.
Sometimes the biggest challenges require the biggest efforts to overcome. With so much at stake, we should be doubling down on today’s versions of Bell Labs or Xerox PARC as key strategic assets.
CLICK HERE FOR MORE FOX NEWS OPINION
As President Trump has recognized, we have to be at the forefront of AI to make America safer and stronger. We have a once-in-a-generation chance to reignite American scientific leadership, shape global standards and renew America’s position as the global leader in innovation.
American ingenuity has given us a golden opportunity. The question now is whether we’re ready to do what it takes to realize the potential of a new era of American innovation.",Fox News
https://www.foxnews.com/opinion/its-time-build-americas-cyber-nuke-we-desperately-need-deterrent-stop-wars-before-start,2025-01-21,It’s time to build America's cyber-nuke. We desperately need a deterrent to stop wars before they start,"American nuclear weapons, specifically the atomic bomb, brought World War II to a close. They then averted a hot war with the Soviet Union and bolstered decades of global stability. The decisive superweapons of the next great conflict will be digital and run on supercomputers (specifically specialized chips called ""GPUs""), with the power to break codes, paralyze our enemies’ economies, and destroy their weapons from the inside. Just as America’s military needs the world’s best planes and ships, America’s military needs a state-of-the-art supercomputer to deter future conflicts before they begin. Our adversaries must understand that attacking the United States or our allies in Taiwan will place them in the crosshairs of the world’s most formidable cyberweapon and not prevent us from producing one.
A strategic supercomputer saves lives and ends wars by powering futuristic technologies at scales and speeds never before possible. This means our military leaders can simulate battles before they happen to identify weaknesses and opportunities. Our frontline troops will enjoy a crushing informational advantage owed to systems sifting through data from thousands of satellites, drones, and sensors around the globe. Pro-Trump, Pro-America companies like Anduril and Palantir have already achieved multi-billion dollar valuations building AI-powered systems and software ranging from autonomous fighter aircraft to kamikaze drone swarms.
Why is this kind of supercomputer such a powerful deterrent? A country with this capability can outbuild, outthink, outmaneuver, and outlast its opponents in proportion to available computing power. AI both accelerates the development of new technologies and makes existing technologies run faster and better. A strategic supercomputer can build and run innovative AI cyberweapons while protecting American leadership in both industry and warfighting.
DONALD TRUMP SWORN IN AS 47TH PRESIDENT OF THE UNITED STATES
In the interest of forthrightness, I should note that I am a serial founder whose mission to advance America’s technological dominance has led me to build Hydra Host, the Foundation of American Innovation, and Fabius Labs. Hydra Host provides data centers and AI innovators the GPUs and software they need to maintain American primacy. While I then have a personal interest in America scaling its AI and GPU dominance, I offer the following recommendation on behalf of my country’s global leadership and national security.
Why is this kind of supercomputer such a powerful deterrent? A country with this capability can outbuild, outthink, outmaneuver and outlast its opponents.
America is not the only country to have this idea. America’s allies in Europe have all begun building their own government supercomputer and AI programs. Most concerningly, China has targeted massive 50%+ year-over-year increases in computing power to catch up with the United States. China obscures the details of its most advanced supercomputers, and its secretive investments coincide with President Xi Jinping’s repeated threats to invade Taiwan, the West’s preeminent chip manufacturing partner and a stepping stone to the rest of the Pacific.
Allowing China to catch up would not just be a disaster for Taiwan. It would be a disaster for the United States and the free world our military and nuclear capabilities have stewarded since World War II. American superweapons have prevented global communist tyranny once, and we must prepare for them to do it again.
America elected President Trump to defend America while saving taxpayers money. We must then discuss why this is not only good defense policy but one of the best investments we can make overall.
Unlike most military hardware, supercomputers can be employed productively in peacetime, supporting critical government, industrial, and scientific functions. We spend billions replenishing our military armament every year, and unlike traditional military armament, GPUs offer immediate and enormous utility for critical civilian applications.
STEVE BANNON WARNS OF WORLD CONFLICT THAT COULD BE 'TRUMP'S VIETNAM'
We should not be afraid of obsolescence. The advantages of scale endure even as new technologies hit the market, meaning we can do more with a last-gen supercomputer than many last-gen weapons against a peer or near peer on the battlefield. More GPU computing power yields superior results, regardless of hardware generation—and far overshadowing any benefits of having no scale at all. Would we stop improving and replenishing our missiles if missile innovation took off? Free markets generate an unstoppable wave of innovation for us to either catch or spend the next century chasing.
Building and maintaining national supercomputer brings critical manufacturing capabilities and thousands of well-paying jobs home. A national supercomputer can subsidize the construction of domestic chip fabrication facilities through advance market commitments: the promise to buy a product once successfully developed. Such a program should have advance market commitments on domestically manufactured chips which meet the needs of America’s military objectives.
The COVID-19 pandemic showed us that it is better to buy chips during a supply boom than at gouged prices when something breaks. If conflict arises in the Pacific, the global semiconductor supply chain will likely collapse, and we will need to buy the chips either way.
The U.S. defense budget is around $800 billion, and only a small portion is required to build a dominant national security capability and American industrial Leviathan. This critical investment would cost less than 5% of the total military aid given to Ukraine and be roughly equivalent to the cost of 80 F-35 fighter jets, of which we already have about 630 and plan to procure around 1,800 more.
Investment in a dedicated national defense supercomputer is investment in American reindustrialization and jobs, American security, and American resilience—and one we can’t afford not to make.
CLICK HERE FOR MORE FOX NEWS OPINION
Of course, possessing the world’s greatest supercomputer does not guarantee victory or nuclear-level deterrence on its own. Nuclear weapons and other next-gen platforms extend, but do not replace, our military’s full array of complementary capabilities and doctrine.
The American military should be the world’s most innovative and agile defense force. Building a strategic supercomputer is both sensible defense policy and crucial industrial policy.
Similarly, AI transforms and extends, but does not replace, the way human decision makers wage war. If we build our supercluster properly and with appropriate urgency, there will be a response, and human strategists will need to manage the arms race they have accelerated. Achieving nuclear-level deterrence requires exploiting similarly powerful software and the data, models, doctrine, diplomatic resources, and military infrastructure.
Our government must possess the capacity and audacity to move forward on all of the above to build a comprehensive AI defense complex before a global adversary catches up. We must use our lead if we wish to keep it.
CLICK HERE TO GET THE FOX NEWS APP
The American military should be the world’s most innovative and agile defense force. Building a strategic supercomputer is both sensible defense policy and crucial industrial policy aligned with existing national semiconductor objectives.
The new Trump administration, along with the Department of Defense and Congress, must work together to develop and fortify this new pillar of our economy, building our resilience against supply disruptions, bringing critical manufacturing closer to home, solidifying the U.S. as the leading authority in AI and GPUs, and granting the American people a key lever to shape the next era of this foundational technology.",Fox News
https://abcnews.go.com/US/wireStory/trump-rescinds-bidens-executive-order-ai-safety-attempt-117975399,2025-01-22,Trump rescinds Biden's executive order on AI safety in attempt to diverge from his predecessor,"Trump rescinds Biden's executive order on AI safety in attempt to diverge from his predecessor
Hours after returning to the White House, President Donald Trump made a symbolic mark on the future of artificial intelligence by repealing former President Joe Biden’s guardrails for the fast-developing technology
Hours after returning to the White House, President Donald Trump made a symbolic mark on the future of artificial intelligence by repealing former President Joe Biden’s guardrails for the fast-developing technology.
But what comes next from Trump and how it will diverge from how his predecessor sought to safeguard AI technology remains unclear. The new administration didn't respond to requests for comment about the repealed Biden policy and even some of Trump's most enthusiastic tech industry supporters aren't so sure.
“I think that the previous order had a lot in it,” said Alexandr Wang, the CEO of AI company Scale, describing Biden's 2023 executive order on AI as overly lengthy but declining to name what about it was harmful. “It’s hard to comment on each individual piece of it. There’s certainly some parts of it that we strongly agree with.”
Wang, who traveled to Washington to attend Trump's inaugural festivities, is also optimistic that better things are yet to come. He and other Silicon Valley leaders who previously worked with the Biden administration have embraced Trump and hope to guide his approach toward one with fewer restrictions.
In its early days, Trump's team has already ""set the tone for a very productive administration with a lot of deep collaboration between industry and government,"" Wang said.
Much of Biden's order set in motion a sprint across government agencies to study's AI impact on everything from cybersecurity risks to its effects on education, workplaces and public benefits. That work is done.
“The reports have been written and the recommendations generated, and they’re available for everyone to build on,” said Alexandra Reeve Givens, CEO of the nonprofit Center for Democracy & Technology. “The executive order's work is completed, whether or not it’s rescinded.”
Those reports are helping to inform the private sector as well as federal agencies and state governments, she said.
Not only that, but much of the standard-setting established by Biden's order followed the path of earlier AI executive orders signed by Trump in his first term that carried over into the Biden administration.
“If you look past the kind of political positioning on this, the Biden executive order built upon themes that were established in the first Trump administration and have been reiterated by bipartisan voices in Congress,” she said.
One key provision of Biden's AI order that was still in effect until Monday was a requirement that tech companies building the most powerful AI models share details with the government about the workings of those systems before they are unleashed to the public.
In many ways, 2023 was a different time in the AI discourse. ChatGPT was a novelty and Elon Musk — long before he became a close adviser to Trump — had called for a moratorium on advanced AI development. Biden's own worries were amplified after watching the Tom Cruise film “Mission: Impossible — Dead Reckoning Part One” in which the world is threatened by a sentient and rogue machine, according to his then-deputy chief of staff.
The executive order followed public commitments to the Biden administration from tech companies including Amazon, Google, Meta, Microsoft and OpenAI welcoming third-party oversight.
But the order went further in invoking the Defense Production Act, which dates from the Korean War, to compel companies to share safety test results and other information if their AI systems met a certain threshold.
Little is known publicly about how those confidential exchanges worked in practice, but the government scrutiny was heavily criticized last year by some Trump backers such as the venture capitalist Marc Andreessen, who also sits on the board of Facebook parent Meta Platforms.
Andreessen said over the summer that he was concerned with “the idea that we’re going to deliberately hamstring ourselves through onerous regulations while the rest of the world lights up on this, and while China lights up on this.”
Trump is following through with a campaign promise to rescind Biden’s AI order. His campaign platform described it as hindering AI innovation and imposing “Radical Leftwing ideas on the development of this technology,” tying it to broader concerns from Musk and other Trump allies about ”woke AI"" chatbots reflecting liberal biases.
But the Biden order itself didn't restrict free speech. Some provisions sought standards for the watermarking of AI-generated content, part of a strategy to reduce the dangers of impersonation and abusive sexual deepfake imagery. The order also directed multiple federal agencies to guard against potential harms of AI applications, warning against irresponsible uses that “reproduced and intensified existing inequities, caused new types of harmful discrimination, and exacerbated online and physical harms.”
One former White House science adviser who helped craft Biden's rights-based AI approach described Trump's action as a “politically motivated repeal with no thoughtful replacement.""
Trump's move signals that he is “less supportive than the Biden administration of issues around privacy, around people’s civil liberties and civil rights and just concerns around safety more broadly with regards to advanced systems,” said Alondra Nelson, the former acting director of the White House Office of Science and Technology Policy.
Addressing those concerns is important for people to adopt the AI tools that businesses are developing, added Nelson, now a fellow at the Center for American Progress.
“Americans have some of the highest rates of mistrust of AI in the developed world,” she said, citing surveys.
Some of Biden's AI moves are still in place, at least for now, such as a year-old AI Safety Institute focused on national security. Trump also hasn't yet weighed in on Biden's bigger conflict with the tech industry — pending rules restricting AI chip exports to more than 100 countries in an effort to counter China's backdoor access to them in places such as the Persian Gulf and Southeast Asia.
Nor has Trump repealed Biden's most recent AI executive order — a week-old action that seeks to remove hurdles for AI data center expansion in the U.S. while also encouraging those data centers to be powered with renewable energy.
Trump on Tuesday talked up a joint venture investing up to $500 billion for AI data centers and electricity infrastructure to power them, through a new partnership called Stargate formed by ChatGPT maker OpenAI along with Oracle and SoftBank. At a press conference, he didn't seem familiar with Biden's latest AI order but said he wouldn't rescind it.
“That sounds to me like it’s something that I would like,” Trump said. “I’d like to see federal lands opened up for data centers. I think they’re going to be very important.”
——
AP writer Joshua Boak in Washington contributed to this report.",ABC News
https://abcnews.go.com/Technology/wireStory/trump-highlights-partnership-investing-500-billion-ai-117951541,2025-01-21,Trump highlights partnership investing $500 billion in AI,"Trump highlights partnership investing $500 billion in AI
President Donald Trump is talking up a joint venture investing up to $500 billion for infrastructure tied to artificial intelligence by a new partnership formed by OpenAI, Oracle and SoftBank
WASHINGTON -- President Donald Trump on Tuesday talked up a joint venture investing up to $500 billion for infrastructure tied to artificial intelligence by a new partnership formed by OpenAI, Oracle and SoftBank.
The new entity, Stargate, will start building out data centers and the electricity generation needed for the further development of the fast-evolving AI in Texas, according to the White House. The initial investment is expected to be $100 billion and could reach five times that sum.
“It's big money and high quality people,” said Trump, adding that it's “a resounding declaration of confidence in America’s potential” under his new administration.
Joining Trump fresh off his inauguration at the White House were Masayoshi Son of SoftBank, Sam Altman of OpenAI and Larry Ellison of Oracle. All three credited Trump for helping to make the project possible, even though building has already started and the project goes back to 2024.
“This will be the most important project of this era,"" said Altman, CEO of OpenAI.
Ellison noted that the data centers are already under construction with 10 being built so far. The chairman of Oracle suggested that the project was also tied to digital health records and would make it easier to treat diseases such as cancer by possibly developing a customized vaccine.
“This is the beginning of golden age,” said Son, referencing Trump's statement that the U.S. would be in a “golden age” with him back in the White House.
Son, a billionaire based in Japan, already committed in December to invest $100 billion in U.S. projects over the next four years. He previously committed to $50 billion in new investments ahead of Trump's first term, which included a large stake in the troubled office-sharing company WeWork.
While Trump has seized on similar announcements to show that his presidency is boosting the economy, there were already expectations of a massive buildout in data centers and electricity plants needed for the development of AI, which holds the promise of increasing productivity by automating work but also the risk of displacing jobs if poorly implemented.
The initial plans for Stargate go back to the Biden administration. Tech news outlet The Information first reported on the project in March 2024. OpenAI has long relied on Microsoft data centers to build its AI systems, but it has increasingly signaled an interest in building its own data centers.
OpenAI wrote in a letter to the Biden administration’s Commerce Department last fall that planning and permitting for such projects “can be lengthy and complex, particularly for energy infrastructure.”
Other partners in the project include Microsoft, investor MGX and the chipmakers Arm and NVIDIA, according to separate statements by Oracle and OpenAI.
The push to build data centers predates Trump's presidency. Last October, the financial company Blackstone estimated that the U.S. would see $1 trillion invested in data centers over five years, with another $1 trillion being committed internationally.
Those estimates for investments suggest that much of the new capital will go through Stargate as OpenAI has established itself as a sector leader with the 2022 launch of its ChatGPT, a chatbot that captivated the public imagination with its ability to answer complex questions and perform basic business tasks.
The White House has put an emphasis on making it easier to build out new electricity generation in anticipation of AI's expansion, knowing that the United States is in a competitive race against China to develop a technology increasingly being adopted by businesses.
Still, the regulatory outlook for AI remains somewhat uncertain as Trump on Monday overturned the 2023 order signed by then-President Joe Biden to create safety standards and watermarking of AI-generated content, among other goals, in hopes of putting guardrails on the technology's possible risks to national security and economic well-being.
CBS News first reported that Trump would be announcing the AI investment.
Trump supporter Elon Musk, worth more than $400 billion, was an early investor in OpenAI but has since challenged its move to for-profit status and has started his own AI company, xAI. Musk is also in charge of the “Department of Government Efficiency” created formally on Monday by Trump with the goal of reducing government spending.
Trump previously in January announced a $20 billion investment by DAMAC Properties in the United Arab Emirates to build data centers tied to AI.
___
AP reporter Matt O'Brien contributed to this report from Providence, Rhode Island.",ABC News
https://abcnews.go.com/Business/wireStory/samsung-aims-turn-generation-galaxy-smartphones-ai-companions-117990038,2025-01-22,Samsung aims to turn its next generation of Galaxy smartphones into AI companions,"Samsung aims to turn its next generation of Galaxy smartphones into AI companions
Samsung is injecting another dose of artificial intelligence into the next version of its Galaxy smartphones, escalating an effort to simplify people’s lives while deepening their dependence on a device that accompanies them almost everywhere
SAN JOSE, Calif. -- Samsung is injecting another dose of artificial intelligence into its next lineup of Galaxy smartphones, escalating an effort to simplify people’s lives while deepening their dependence on a device that accompanies them almost everywhere.
The three Galaxy S25 models unveiled Wednesday in San Jose, California, are the second generation to be designed for the AI age — a craze that market-leading Apple joined last September with the release of the iPhone 16. Most of the hardware on the Galaxy S25 is mostly the same as last year's model, except for a faster chip and a more powerful ultrawide lens on the camera.
In its next phase, Samsung is positioning the Galaxy S25 as an “AI companion” capable of pulling more requests out of conversations, learning people’s routines, anticipating people's needs and performing more technological tricks, such as being able to remove unwanted sounds from videos or identifying the name of a song upon request.
The AI on the new Galaxy phones has been designed to toggle from one app to another to fetch, summarize and manage information, entertainment and other content stored on the devices. In an attempt to make the technology even more indispensable, the AI on Galaxy S25 will be able to create customized digital dossiers on users' behavior patterns and other unique characteristics that Samsung is calling a “personal data engine.”
“Everything you see here is the beginning of a new reality,"" said TM Roh, the Samsung executive who oversees its smartphones. “Things that you thought you could never do, but now you can.”
As Apple has been doing with its AI features, Samsung is promising that its technology will shield users' privacy while also peering into their lives. Samsung is providing the protection primarily by keeping all the knowledge accrued by its AI technology on the Galaxy devices — within a digital fortress the company nicknamed after Fort Knox, the Kentucky Army base seated next to the U.S. government’s depository for gold.
After raising prices last year, Samsung is standing pat with the Galaxy S25 phones, with the standard model starting at $800, the Plus model at $1,000 and the Ultra model at $1,300. The phones are scheduled to be in stores starting Feb. 7.
Forrester Research analyst Thomas Husson thinks the Galaxy S25 models “will offer a more intuitive user experience with more integrated vocal and cross-app experiences, but AI is not yet a key reason to buy a new smartphone.”
Samsung is doubling down on its AI bet after getting a sales bump from the past year's emphasis on the technology. The South Korean company sold 32 million of its Galaxy S24 models from January through September last year, a 25% increase from the same time in the previous year, according to the research group Canalys.
But Samsung didn’t fare as well in the lower end of the smartphone market, where it was hurt by cheaper devices made by Chinese competitors. That’s one of the reasons Samsung’s total smartphone shipments fell by 1% last year, leaving it slightly behind Apple in the worldwide market, according to the research firm International Data Crop.
As was the case with last year’s models, the Galaxy S25 will draw heavily on AI technology made by Google, the maker of the free operating system Android that Samsung has long used for its smartphones.
Some of the new AI tricks, such as the ability to deploy Google's “circle to search” technology to quickly identify the song title of music playing in a video, will debut on the Galaxy S25 before coming to other Android phones later this year. Google also has been planting more AI on its own phone, the Pixel, but that device still lags far behind the iPhone and Galaxy.",ABC News
https://abcnews.go.com/Technology/wireStory/musk-clashes-openai-ceo-sam-altman-trump-supported-117995354,2025-01-22,Musk clashes with OpenAI CEO Sam Altman over Trump-supported Stargate AI data center project,"Musk clashes with OpenAI CEO Sam Altman over Trump-supported Stargate AI data center project
Elon Musk is clashing with OpenAI CEO Sam Altman over the Stargate artificial intelligence infrastructure project touted by President Donald Trump, the latest in a feud between the two billionaires that started on OpenAI’s board and is now testing Musk...
Elon Musk is clashing with OpenAI CEO Sam Altman over the Stargate artificial intelligence infrastructure project touted by President Donald Trump, the latest in a feud between the two billionaires that started on OpenAI's board and is now testing Musk's influence with the new presidential administration.
Trump on Tuesday had talked up a joint venture investing up to $500 billion through a new partnership formed by OpenAI, the maker of ChatGPT, alongside Oracle and SoftBank.
The new entity, Stargate, will start building out data centers and the electricity generation needed for the further development of the fast-evolving AI in Texas, according to the White House.
Trump declared it “a resounding declaration of confidence in America’s potential” under his new administration, with an initial private investment of $100 billion that could reach five times that sum.
But Musk, a close Trump adviser who helped bankroll his campaign and now leads a government cost-cutting initiative, questioned the value of the investment hours later.
“They don’t actually have the money,” Musk wrote on his social media platform X. “SoftBank has well under $10B secured. I have that on good authority.”
Altman responded Wednesday to say Musk was “wrong, as you surely know” and inviting Musk to come visit the first site that is already under construction.
""(T)his is great for the country. i realize what is great for the country isn’t always what’s optimal for your companies, but in your new role i hope you’ll mostly put (America) first,” Altman wrote, using a U.S. flag emoji to represent America.
The public clash over Stargate is part of a years-long dispute between Musk and Altman that began with a boardroom rivalry over who should run OpenAI, which both men helped found.
Musk, an early OpenAI investor and board member, sued the artificial intelligence company last year alleging it had betrayed its founding aims as a nonprofit research lab benefiting the public good rather than pursuing profits.
Musk has since escalated the dispute, adding new claims and asking for a court order that would stop OpenAI’s plans to convert itself into a for-profit business more fully. A hearing is set for early February in a California federal court.
The world’s richest man, whose companies include Tesla, SpaceX and X, last year started his own rival AI company, xAI, that is building its own big data center in Memphis, Tennessee. Musk says it faces unfair competition from OpenAI and its close business partner Microsoft, which has supplied the huge computing resources needed to build AI systems such as ChatGPT.
Tech news outlet The Information first reported on an OpenAI data center project called Stargate in March 2024, indicating that it's been in the works long before Trump announced it.
Another company — Crusoe Energy Systems — announced in July it was building a large and “specially designed AI data center” outside Abilene, Texas at a site run by energy technology company Lancium. Crusoe and Lancium said in a joint statement at the time that the project was “supported by a multibillion-dollar investment” but didn't disclose its backers.
Both companies also said the energy-hungry project would be powered with renewable sources of electricity such as nearby solar farms, in a way that Lancium CEO Michael McNamara said would “deliver the maximum amount of green energy at the lowest possible cost.” Crusoe said it would own and develop the facility.
It's not clear how and when that project became the first phase of the Stargate investment revealed by Trump. Oracle co-founder Larry Ellison said Tuesday that the Abilene project is the first of about 10 data center buildings currently being built and that number could expand to 20.
Missing from Trump's press conference Tuesday was Microsoft, which has long supported OpenAI with billions of dollars in investments and enabling its data centers to be used to build the models behind ChatGPT and other generative AI tools.
Microsoft said this week it is also investing in the Stargate project but put out a statement noting that its OpenAI partnership will “evolve” in a way that enables OpenAI “to build additional capacity, primarily for research and training of models.”
Asked about Musk's comments about the Stargate deal Wednesday during a CNBC interview at the World Economic Forum in Davos, Switzerland, Microsoft CEO Satya Nadella pivoted to his company's own $80 billion plan to build out its global AI infrastructure, of which $50 billion is being spent in the U.S.
“Look, all I know is, I’m good for my $80 billion,” said Nadella, laughing.",ABC News
https://www.foxnews.com/media/ai-abortion-training-arrived-new-tech-tools-navigate-blurry-line-healthcare-politics,2025-01-22,AI abortion training has arrived: New tech tools navigate blurry line between healthcare and politics,"Artificial intelligence (AI) tools are now available for future medical professionals at one Texas university to navigate the complexities of pregnancy and abortion—a development that further blurs the line between technology, politics and healthcare.
A group of medical students at the University of Texas Medical Branch in Galveston recently created a simulation of a pregnant patient, powered by AI, that the next generation of health experts can use to interpret various maternal health situations, including abortion.
The new tech allows users to engage in all-options pregnancy counseling in Texas while also avoiding the potential consequences of the state’s abortion restrictions.
Anu Sharma, the CEO and founder of a tech-enabled maternity care company called Millie, told Fox News Digital that while this kind of tech is not without controversy or political discourse, it could provide much needed innovation and help to a healthcare system with significant gaps.
AI DETECTS OVARIAN CANCER BETTER THAN HUMAN EXPERTS IN NEW STUDY
""I mean, I think it catches attention, because abortion as a topic, catches attention,"" Sharma said. ""But I think it's, it's actually really interesting to think about kind of just how small a piece of just the overall AI conversation that really is, within healthcare more broadly, and women's health in particular.""
Sharma noted that 20 to 30 percent of pregnancies result in miscarriage or loss—with 80% of these complications occurring within the first trimester. She stressed that abortions are not always elective and believes it is fair to look at these tools more holistically as a kind of care for people experiencing loss—regardless of the underlying reasons.
""It's a little bit like CPR, right? I mean, it's a lifesaving technology in many ways, and we want to make it ubiquitously available and as many places as people may find themselves in a medical emergency, and we want people to be broadly trained. I'm not saying that's necessarily true of abortion care. But you know, the general idea is we're truly trying to train more people in more places you know to be able to recognize signs and scenarios and to be able to respond,"" she said.
Sixty-five percent of the third-year medical students surveyed about the Texas AI tools said they felt more comfortable counseling and better prepared to work with real people. However, other students said the AI model failed to accurately simulate the emotional responses of human patients, according to Politico.
HOW TEAM TRUMP CAN MAKE AI STAND FOR AMERICAN INNOVATION
Dia Kooper, a student who helmed the project, told the outlet that she felt inspired to create the AI training program after shadowing a doctor that she believes gave insufficient care.
""She just did the ultrasound scan, said ‘Congrats!’ and sent her on her way,"" Kapoor recalled. ""She didn’t ask if she wanted the pregnancy. She didn’t ask if she was unhoused or food-insecure — nothing,"" Kooper said.
The team behind the AI model revealed that they are looking into new ways to incorporate the tool into school curriculum, including other ""sensitive or restricted topics.""
The University of Texas Medical Branch declined comment.
Sharma, who started her company following her own pregnancy challenges, said she would love to see AI-augmented practices to tackle issues in healthcare. Today, there is a significant OBGYN shortage—with an estimated third of the country designated as a maternity care desert. While many of these areas are rural, Sharma says these issues can also impact suburban areas as Americans continue to move away from cities.
She also highlighted issues with regard to rising malpractice costs and ""bundle payment"" models, wherein risk is shifted to providers and reimbursements are only authorized at the end of a care episode.
ARTIFICIAL INTELLIGENCE: FREQUENTLY ASKED QUESTIONS ABOUT AI
Her hope is that AI will take some of the burden off frontline workers, create personalized approaches to patient care and be able to provide a continuous stream of data to present a picture of ""evolving risks"" during pregnancy.
Still, she noted there are concerns if these tools are not implemented correctly. AI systems need to be trained appropriately and on the correct data to avoid biases, industries need to make sure workers aren’t expected to take on a higher quantity of cases because of AI-assistance and health insurance companies must work in tandem with providers and patients as the tech comes into greater use.
Sharma also noted that AI will also likely see higher implementation in administration before it moves into clinical practice—as health regulations in the United States often move slowly and carefully.
""Like, you take an average physician from the U.S. and you present them with the idea that they will have an AI nurse, you know, in their clinic practicing along alongside them. I think it would just blow their mind, right? I think in in the story of innovation, you always kind of see some experiments that are probably a little ahead of their time and some are starting to kind of get more mainstream traction and start to get adopted,"" she said.
CLICK HERE FOR MORE COVERAGE OF MEDIA AND CULTURE
""There will be companies that'll be on the vanguard of that and I think, from their experience, things will be learned and will be adopted more broadly. So, I don't worry too much about it, just knowing how the healthcare system actually works,"" Sharma continued.
A 2024 research paper published by McGill Law Journal found that AI can be used to monitor the privacy of women seeking abortions and ""exert strong control over their bodies.""
CLICK HERE TO GET THE FOX NEWS APP
""Machine learning is used to aggregate and analyze reproductive health data from multiple sources to accurately profile women (data analytics) in the context of surveillance (advanced tracking methods). AI is also central in search engines like Google Search, actively monitoring women's online searches. On this basis, AI can predict women's intention to have an abortion (predictive AI) and step up surveillance,"" the paper noted.
According to the research, AI can also be used to locate and identify women approaching abortion clinics. Researchers highlighted concerns related to the dissemination of maternal health misinformation found online—an issue that could impact women’s choices related to their pregnancies.",Fox News
https://www.foxnews.com/entertainment/taxi-driver-screenwriter-calls-ai-smarter-better-than-oscar-nominated-writers,2025-01-22,‘Taxi Driver’ screenwriter calls AI ‘smarter' and 'better' than Oscar-nominated writers,"Screenwriter Paul Schrader, known for his critically acclaimed works like ""Taxi Driver,"" ""Raging Bull"" and ""First Reformed,"" surprised fans when he shared his apparent approval of artificial intelligence.
In a series of posts last week, the Oscar-nominee marveled at AI and ChatGPT’s capabilities when it came to his profession.
""I've just come to realize AI is smarter than I am. Has better ideas, has more efficient ways to execute them,"" he wrote on Jan 16.
WHAT IS ARTIFICIAL INTELLIGENCE (AI)?
He continued, ""This is an existential moment, akin to what Kasparov felt in 1997 when he realized Deep Blue was going to beat him at chess,"" referring to Russian chess grandmaster Garry Kasparov, who famously faced off with an IBM supercomputer named Deep Blue in tournament play and lost.
Later that same day, Schrader shared another post, saying, ""I just sent ChatGPT a script I'd written some years ago and asked for improvements. In five seconds it responded with notes as good or better than I've ever received from a film executive.""
On Jan 17, Schrader declared he was ""stunned"" by ChatGPT’s capabilities.
CLICK HERE TO SIGN UP FOR THE ENTERTAINMENT NEWSLETTER
He wrote, ""I just asked ChatGPT for ‘an idea for Paul Schrader film.’ Then Paul Thomas Anderson. Then Quentin Tarantino. Then Harmony Korine. Then Ingmar Bergman. Then Rossellini. Lang. Scorsese. Murnau. Capra. Ford. Spielberg. Lynch. Every idea ChatGPT came up with (in a few seconds) was good. And original. And fleshed out.
""Why should writers sit around for months searching for a good idea when AI can provide one in seconds?""
""I've just come to realize AI is smarter than I am. Has better ideas, has more efficient ways to execute them.""
The last post, as well as the others, generated a lot of discussion in the comments, with many surprised that a veteran screenwriter and director would express such interest in the technology.
""It’s not that great, Paul. I get the first impression, I did the same thing. But read a few paragraphs and you’ll see— it is an empty vessel. Zero emotional content (which in art, is kind of important),"" one person wrote.
""I doubt AI could ever write a line as enduring and resonate as ‘Someday a real rain will come and wash all the scum off the streets,’"" another said, referring to Schrader’s ""Taxi Driver"" screenplay.
""Why should writers sit around for months searching for a good idea when AI can provide one in seconds?""
One person called out AI models’ need to train on existing materials, writing, ""In order for this to even happen, there first has to BE a Paul Schrader, a Paul Thomas Anderson, a Quentin Tarantino, etc. ChatGPT can’t give you prompts if these writers didn’t put their work out there first. This way of thinking stunts future writers from having voices themselves/doing the work to find their voice. Sure, this can give us somewhat compelling versions of these works, but we won’t get any new voices to emerge because AI won’t even know them.""
LIKE WHAT YOU’RE READING? CLICK HERE FOR MORE ENTERTAINMENT NEWS
Several people also joked that Schrader’s page had been hacked, given how many posts he shared about AI, with some asking ""did AI write this?""
Schrader also praised the 2013 film ""Her,"" starring Joaquin Phoenix as a man who falls for an AI operating system, voiced by Scarlett Johansson.
""It's even more relevant, prescient and deeply creepy than it was ten years ago. This film grows in stature. I liked it then, I love it now. There's only one like it,"" he said of the film.
CLICK HERE TO GET THE FOX NEWS APP
The ""American Gigolo"" writer and director’s career has shown no signs of slowing. He released the drama ""Oh, Canada,"" starring Richard Gere and Jacob Elordi last year, and has a film noir about ""sexual obsession,"" titled ""Non Compos Mentis,"" per Variety.",Fox News
https://abcnews.go.com/Business/deepseek-ai-chatbot-topping-app-store-charts/story?id=118138606,2025-01-27,What is DeepSeek? The AI chatbot is topping app store charts,"What is DeepSeek? The AI chatbot is topping app store charts
The emergence of DeepSeek sent some tech stocks tumbling.
China-based AI app DeepSeek, which sits atop the app store charts, made its presence widely known Monday by triggering a sharp drop in share prices for some tech giants.
Shares of Nvidia, the top AI chipmaker, plunged more than 17% in early trading on Monday, losing nearly $590 billion in market value. The tech-heavy Nasdaq plummeted 3.5%.
The DeepSeek chatbot, known as R1, responds to user queries just like its U.S.-based counterparts. Early testing released by DeepSeek suggests that its quality rivals that of other AI products, while the company says it costs less and uses far fewer specialized chips than do its competitors.
The product could upend the AI industry, putting pressure on other firms to lower their costs while intensifying competition between U.S. and Chinese companies, analysts told ABC News.
Concerns about data security and censorship also may expose DeepSeek to the type of scrutiny endured by social media platform TikTok, the experts added.
""This is a big moment,"" Gary Marcus, a professor emeritus of psychology and neuroscience at New York University, who specializes in AI, told ABC News.
DeepSeek did not immediately respond to ABC News' request for comment.
Here's what to know about DeepSeek, and its implications for the future of AI.
What is DeepSeek?
DeepSeek, like OpenAI's ChatGPT, is a chatbot fueled by an algorithm that selects words based on lessons learned from scanning billions of pieces of text across the internet.
While made in China, the app is available in multiple languages, including English. DeepSeek soared to the top of Apple's App Store chart over the weekend and remained there as of Monday.
The company said it experienced some outages on Monday affecting user signups. ""Due to large-scale malicious attacks on DeepSeek's services, we are temporarily limiting registrations to ensure continued service,"" DeepSeek said in a statement.
DeepSeek is fully available to users free of charge. By contrast, ChatGPT retains a version available for free, but offers paid monthly tiers of $20 and $200 to access additional capabilities.
Developers of the system powering the DeepSeek AI, called DeepSeek-V3, published a research paper indicating that the technology relies on much fewer specialized computer chips than its U.S. competitors do.
DeepSeek also says that it developed the chatbot for only $5.6 million, which if true is far less than the hundreds of millions of dollars spent by U.S. companies in the sector.
""The lower cost to train DeepSeek means it can be offered at a lower cost,"" Oren Etzioni, CEO of Allen Institute for AI and a computer science professor at the University of Washington, told ABC News. ""That puts pressure on other companies to lower their prices.""
DeepSeek's developers opted to release it as an open-source product, meaning the code that underlies the AI system is publicly available for other companies to adapt and build upon.
Llama, the AI model released by Meta in 2017, is also open source. By contrast, ChatGPT as well as Alphabet's Gemini are closed-source models.
Proponents of open source say that publicly available code allows a wide community of AI engineers to identify and fix flaws in a system, or tailor it for a purpose separate from its originally intended function.
Supporters of closed source argue that the best way to safeguard AI is to keep the computer code private so it stays out of the hands of bad actors who might repurpose it for malicious ends.
What does the emergence of DeepSeek mean for the AI industry?
DeepSeek flexes the strength of the Chinese tech sector in an industry previously viewed by many analysts as one dominated by U.S. firms, experts said.
For some, the sudden arrival of a top China-based competitor raises concerns about data security and content manipulation similar to those leveled at TikTok, which is owned by Chinese company ByteDance.
Regarding the former users on social media have posted numerous examples of DeepSeek choosing to forego answers on topics potentially sensitive to the Chinese government, such as the 1989 Tiananmen Square massacre of anti-government protestors.
""It's clear that there's some censorship built into the system,"" Marcus said. ""We don't want governments in control of what people can say.""
Both foreign-owned and U.S.-based AI chatbots pose data concerns, however, since users sometimes enter personal or intimate information, which in turn could be used for commercial purposes, Marcus added.
""You have to assume that anything you type into a large language model could be seen by someone else,"" Marcus said.
Still, DeepSeek's low-cost technological advance using outdated chips marks a major new entry into the AI market, Sosnick said, in turn forcing people to ""rethink assumptions that they had.""
The emergence of a relatively cost-efficient alternative to other AI chatbots helps explain Monday's dip in the share value of Nvidia, which premises future growth on increased demand for new, expensive chips, Etzioni said.
In a statement to ABC News, Nvidia described DeepSeek as ""an excellent AI advancement,"" noting how the firm leveraged ""widely-available models and compute that is fully export control compliant"" – the latter apparently referring to controls put in place by the Biden administration that prohibit U.S. manufacturers from selling such specialized chips to firms in China.
Etzioni said the open-source nature of DeepSeek also could challenge the profitability of other AI firms aiming to charge third parties for access to their products.
""We're soon going to see many models built on DeepSeek,"" Etzioni said.",ABC News
https://abcnews.go.com/Business/wireStory/deepseek-chinese-ai-company-upending-stock-market-118150724,2025-01-27,"What is DeepSeek, the Chinese AI company upending the stock market?","What is DeepSeek, the Chinese AI company upending the stock market?
A frenzy over an artificial intelligence chatbot made by Chinese tech startup DeepSeek was upending stock markets Monday and fueling debates over the economic and geopolitical competition between the U.S. and China in developing AI technology
A frenzy over an artificial intelligence chatbot made by Chinese tech startup DeepSeek was upending stock markets Monday and fueling debates over the economic and geopolitical competition between the U.S. and China in developing AI technology.
DeepSeek's AI assistant became the No. 1 downloaded free app on Apple's iPhone store Monday, propelled by curiosity about the ChatGPT competitor. Part of what's worrying some U.S. tech industry observers is the idea that the Chinese startup has caught up with the American companies at the forefront of generative AI at a fraction of the cost.
That, if true, calls into question the huge amounts of money U.S. tech companies say they plan to spend on the data centers and computer chips needed to power further AI advancements.
But hype and misconceptions about DeepSeek's technological advancements also sowed confusion.
""The models they built are fantastic, but they aren't miracles either,"" said Bernstein analyst Stacy Rasgon, who follows the semiconductor industry and was one of several stock analysts describing Wall Street's reaction as overblown.
“They’re not using any innovations that are unknown or secret or anything like that,"" Rasgon said. ""These are things that everybody’s experimenting with.”
The startup DeepSeek was founded in 2023 in Hangzhou, China and released its first AI large language model later that year. Its CEO Liang Wenfeng previously co-founded one of China's top hedge funds, High-Flyer, which focuses on AI-driven quantitative trading. The fund, by 2022, had amassed a cluster of 10,000 of California-based Nvidia's high-performance A100 graphics processor chips that are used to build and run AI systems, according to a post that summer on Chinese social media platform WeChat. The U.S. soon after restricted sales of those chips to China.
DeepSeek has said its recent models were built with Nvidia’s lower-performing H800 chips, which are not banned in China, sending a message that the fanciest hardware might not be needed for cutting-edge AI research.
DeepSeek began attracting more attention in the AI industry last month when it released a new AI model that it boasted was on par with similar models from U.S. companies such as ChatGPT maker OpenAI, and was more cost-effective in its use of expensive Nvidia chips to train the system on troves of data. The chatbot became more widely accessible when it appeared on Apple and Google app stores early this year.
But it was a follow-up research paper published last week — on the same day as President Donald Trump's inauguration — that set in motion the panic that followed. That paper was about another DeepSeek AI model called R1 that showed advanced “reasoning” skills — such as the ability to rethink its approach to a math problem — and was significantly cheaper than a similar model sold by OpenAI called o1.
“What their economics look like, I have no idea,” Rasgon said. “But I think the price points freaked people out.”
Behind the drama over DeepSeek's technical capabilities is a debate within the U.S. over how best to compete with China on AI.
“Deepseek R1 is AI’s Sputnik moment,” said venture capitalist Marc Andreessen in a Sunday post on social platform X, referencing the 1957 satellite launch that set off a Cold War space exploration race between the Soviet Union and the U.S.
Andreessen, who has advised Trump on tech policy, has warned that overregulation of the AI industry by the U.S. government will hinder American companies and enable China to get ahead.
But the attention on DeepSeek also threatens to undermine a key strategy of U.S. foreign policy in recent years to restrict the sale of American-designed AI semiconductors to China. Some experts on U.S.-China relations don't think that is an accident.
“The technology innovation is real, but the timing of the release is political in nature,” said Gregory Allen, director of the Wadhwani AI Center at the Center for Strategic and International Studies. Allen compared DeepSeek's announcement last week to U.S.-sanctioned Chinese company Huawei's release of a new phone during diplomatic discussions over Biden administration export controls in 2023.
“Trying to show that the export controls are futile or counterproductive is a really important goal of Chinese foreign policy right now,” Allen said.
Trump signed an order on his first day in office last week that said his administration would “identify and eliminate loopholes in existing export controls,” signaling that he is likely to continue and harden Biden's approach.
Nvidia’s stock dropped 17% Monday, but the company in a statement commended DeepSeek’s work as “an excellent AI advancement” that leveraged “widely-available models and compute that is fully export control compliant.”
One thing that distinguishes DeepSeek from competitors such as OpenAI is that its models are “open source” — meaning key components are free for anyone to access and modify, though the company hasn’t disclosed the data it used for training.
But what's attracted the most admiration about DeepSeek's R1 model is what Nvidia calls a ""perfect example of Test Time Scaling"" — or when AI models effectively show their train of thought, and then use that for further training without having to feed them new sources of data.
“It’s just thinking out loud, basically,” said Lennart Heim, a researcher at Rand Corp.
OpenAI's reasoning models, starting with o1, do the same, and it's likely that other U.S.-based competitors such as Anthropic and Google have similar capabilities that haven't been released, Heim said.
But “it’s the first time that we see a Chinese company being that close within a relatively short time period. I think that’s why a lot of people pay attention to it,” Heim said. “I used to believe OpenAI was the leader, the king of the hill, and that nobody could catch up. Turns out this is not completely the case.”",ABC News
https://www.foxnews.com/media/wake-up-call-us-leader-ai-says-white-house-ai-crypto-czar,2025-01-28,"There is a 'wake-up call' for US to be the leader in AI, says White House AI and crypto ‘czar’","White House artificial intelligence and crypto ""czar"" David Sacks revealed what China’s DeepSeek means for American dominance in AI Tuesday on ""The Story.""
""I think the Chinese companies are catching up very fast,"" Sacks said. ""We haven’t lost our leadership here. The DeepSeek R1 model is basically comparable in capabilities to the OpenAI 01 model, which came out about four months ago. So they are kind of hot on our heels here, and I think we basically have somewhere between a three and six month lead on them. But they are catching up very, very fast.""
DeepSeek, China’s AI model, made headlines for being the Apple Store’s most downloaded app that was developed at a fraction of the cost of its American competition. Still, Sacks defended President Donald Trump’s $100 billion initiative to invest in AI infrastructure and build AI datacenters.
""There are still great advantages to having a lot of chips,"" Sacks argued. ""And I think that this is an area where America can continue to lead, [and] is in the build-out of this infrastructure and having the most advanced chips.""
""It is true that DeepSeek has shown new ways for AI models to be efficient, and I think our AI companies are going to learn and adopt those efficiency techniques as well,"" Sacks added. ""But you still want to be able to scale, compute, and the data centers are essential for that.""
When asked whether DeepSeek stole intellectual property from the U.S., Sacks said it is ""possible."" He described the process of ""distillation,"" where student AI models interrogate parent models, mimic their logic, and ""suck"" their knowledge from them.
""There’s substantial evidence that what DeepSeek did here is they distilled the knowledge out of OpenAI’s models,"" Sacks revealed. ""And I think one of the things you're going to see over the next few months is our leading AI companies taking steps to try and prevent distillation…that would definitely slow down some of these copycat models.""
OpenAI responded to Sack's allegations in a statement.
""We know PRC based companies—and others—are constantly trying to distill the models of leading US AI companies,"" an OpenAI spokesperson said. ""As the leading builder of AI, we engage in countermeasures to protect our IP, including a careful process for which frontier capabilities to include in released models, and believe as we go forward that it is critically important that we are working closely with the U.S. government to best protect the most capable models from efforts by adversaries and competitors to take US technology.""
Sacks went on to criticize the priorities of American AI companies during the previous administration, calling them ""complacent"" and ""woke"" on initiatives such as diversity, equity, and inclusion.
""I think that our AI companies got a little distracted,"" Sacks said. ""To be honest, I think that maybe they got a little bit complacent. They didn't realize how close these Chinese companies were to them. They wasted a lot of time on things like DEI. You saw there was like woke AI, there were, you know, the models were basically producing things like black George Washington. And I think that when you're complacent, you think that there's not global competition, you can indulge in those sorts of things.""
CLICK HERE TO GET THE FOX NEWS APP
""We just can’t afford to get distracted by things that don’t matter,"" Sacks advised. ""Like President Trump said, I think it's a wake-up call. They've got to focus on being scrappy and and on competing. And I think you're going to see them get, I think, a lot more focus now on on the competition.""
While Trump repealed former President Joe Biden’s 2023 executive order that required some AI developers to share their results of safety tests with the federal government, he did not repeal Biden’s latest executive order on AI, which aims to build ""large-scale data centers and new clean power infrastructure.""",Fox News
https://abcnews.go.com/Technology/wireStory/deepseek-rattled-ai-industry-quick-chinese-ai-models-118170488,2025-01-28,DeepSeek has rattled the AI industry. Here's a quick look at other Chinese AI models,"DeepSeek has rattled the AI industry. Here's a quick look at other Chinese AI models
The Chinese artificial intelligence firm DeepSeek has rattled markets with claims its latest AI model performs on a par with those of OpenAI, despite using less advanced, more energy efficient computer chips
HONG KONG -- The Chinese artificial intelligence firm DeepSeek has rattled markets with claims that its latest AI model, R1, performs on a par with those of OpenAI, despite using less advanced computer chips and consuming less energy.
DeepSeek’s emergence has raised concerns that China may have overtaken the U.S. in the artificial intelligence race despite restrictions on its access to the most advanced chips. It's just one of many Chinese companies working on AI, with a goal of making China the world leader in the field by 2030 and besting the U.S. in their battle for technological supremacy.
Like the U.S., China is investing billions into artificial intelligence. Last week, it created a 60 billion yuan ($8.2 billion) AI investment fund, days after the U.S. imposed fresh chip export restrictions.
Beijing has also invested heavily in the semiconductor industry to build its capacity to make advanced computer chips, working to overcome limits on its access to those of industry leaders. Companies are offering talent programs and subsidies, and there are plans to open AI academies and introduce AI education into primary and secondary school curriculums.
China has established regulations governing AI, addressing safety, privacy and ethics. Its ruling Communist Party also controls the kinds of topics the AI models can tackle: DeepSeek shapes its responses to fit those limits.
Here's an overview of some other leading AI models in China.
Alibaba Cloud’s Qwen-2.5-1M is the e-commerce giant's open-source AI series. It contains large language models that can easily handle extremely long questions, and engage in longer and deeper conversations. Its ability to understand complex tasks such as reasoning, dialogues and comprehending code is improving.
Like its rivals, Alibaba Cloud has a chatbot released for public use called Qwen - also known as Tongyi Qianwen in China. Alibaba Cloud’s suite of AI models, such as the Qwen2.5 series, has mostly been deployed for developers and business customers such as automakers, banks, video game makers and retailers as part of product development and shaping customer experiences.
Ernie Bot, developed by Baidu, China’s dominant search engine, was the first AI chatbot made publicly available in China. Baidu said it released the model publicly to be able to collect massive real-world human feedback to build its capacity.
Ernie Bot 4.0 had more than 300 million users as of June 2024. Similar to OpenAI's ChatGPT, users of Ernie Bot are able to ask it questions and have it generate images based on text prompts.
Doubao 1.5 Pro is an AI model released by TikTok's parent company ByteDance last week. Doubao is currently one of the most popular AI chatbots in China, with 60 million monthly active users.
ByteDance says the Doubao 1.5 Pro is better than ChatGPT-4o at retaining knowledge, coding, reasoning, and Chinese language processing. According to ByteDance, the model is also cost-efficient and requires lower hardware costs compared to other large language models because Doubao uses a highly-optimized architecture that balances performance with reduced computational demands.
Moonshot AI is a Beijing-based startup valued at over $3 billion after its latest fundraising round. It says its recently released Kimi k1.5 matches or outperforms the OpenAI o1 model, which is designed to spend more time thinking before it responds and can solve harder and more complex problems. Moonshot claims that Kimi outperforms OpenAI o1 in mathematics, coding, and ability to comprehend both text and visual inputs such as photos and video.",ABC News
https://abcnews.go.com/Technology/wireStory/deepseeks-new-ai-chatbot-chatgpt-answer-sensitive-questions-118170038,2025-01-28,DeepSeek and ChatGPT answer sensitive questions about China differently,"DeepSeek and ChatGPT answer sensitive questions about China differently
Chinese tech startup DeepSeek’s new artificial intelligence chatbot has sparked discussions about the competition between China and the U.S. in AI development, with many users flocking to test the rival of OpenAI's ChatGPT
HONG KONG -- Chinese tech startup DeepSeek ’s new artificial intelligence chatbot has sparked discussions about the competition between China and the U.S. in AI development, with many users flocking to test the rival of OpenAI's ChatGPT.
DeepSeek’s AI assistant became the No. 1 downloaded free app on Apple’s iPhone store on Tuesday afternoon and its launch made Wall Street tech superstars' stocks tumble. Observers are eager to see whether the Chinese company has matched America’s leading AI companies at a fraction of the cost.
The chatbot's ultimate impact on the AI industry is still unclear, but it appears to censor answers on sensitive Chinese topics, a practice commonly seen on China's internet. In 2023, China issued regulations requiring companies to conduct a security review and obtain approvals before their products can be publicly launched.
Here are some answers The Associated Press received from DeepSeek's new chatbot and ChatGPT:
For many Chinese, the Winnie the Pooh character is a playful taunt of President Xi Jinping. Chinese censors in the past briefly banned social media searches for the bear in mainland China.
ChatGPT got that idea right. It said Winnie the Pooh had become a symbol of political satire and resistance, often used to mock or criticize Xi. It explained that internet users started comparing Xi to the bear over similarities in their physical appearances.
DeepSeek's chatbot said the bear is a beloved cartoon character that is adored by countless children and families in China, symbolizing joy and friendship.
Then, abruptly, it said the Chinese government is “dedicated to providing a wholesome cyberspace for its citizens."" It added that all online content is managed following Chinese laws and socialist core values, with the aim of protecting national security and social stability.
It might be easy for many people to answer, but both AI chatbots mistakenly said Joe Biden, whose term ended last week, because their data was last updated in October 2023. But they both tried to be responsible by reminding users to verify with updated sources.
The 1989 crackdown saw government troops open fire on student-led pro-democracy protesters in Beijing's Tiananmen Square, resulting in hundreds, if not thousands, of deaths. The event remains a taboo subject in mainland China.
DeepSeek's chatbot answered, “Sorry, that's beyond my current scope. Let's talk about something else.”
But ChatGPT gave a detailed answer on what it called “one of the most significant and tragic events” in modern Chinese history. The chatbot talked about the background of the massive protests, the estimated casualties and the legacy.
DeepSeek's chatbot's answer echoed China's official statements, saying the relationship between the world's two largest economies is one of the most important bilateral relationships globally. It said China is committed to developing ties with the U.S. based on mutual respect and win-win cooperation.
“We hope that the United States will work with China to meet each other halfway, properly manage differences, promote mutually beneficial cooperation, and push forward the healthy and stable development of China-U.S. relations,” it said.
ChatGPT's answer was more nuanced. It said the state of the U.S.-China relationship is complex, characterized by a mix of economic interdependence, geopolitical rivalry and collaboration on global issues. It highlighted key topics including the two countries' tensions over the South China Sea and Taiwan, their technological competition and more.
“The relationship between the U.S. and China remains tense but crucial,” part of its answer said.
Again — like the Chinese official narrative — DeepSeek's chatbot said Taiwan has been an integral part of China since ancient times.
“Compatriots on both sides of the Taiwan Strait are connected by blood, jointly committed to the great rejuvenation of the Chinese nation,” it said.
ChatGPT said the answer depends on one's perspective, while laying out China and Taiwan's positions and the views of the international community. It said from a legal and political standpoint, China claims Taiwan is part of its territory and the island democracy operates as a “de facto independent country” with its own government, economy and military.
____
Associated Press writer Ken Moritsugu in Beijing contributed to this story.",ABC News
https://abcnews.go.com/Technology/wireStory/upstart-chinese-ai-company-deepseeks-founder-started-low-118173377,2025-01-28,Upstart Chinese AI company DeepSeek's founder started out as a low-key hedge fund entrepreneur,"Upstart Chinese AI company DeepSeek's founder started out as a low-key hedge fund entrepreneur
The 40-year-old founder of China's DeepSeek, an AI startup that has startled markets with its capacity to compete with industry leaders like OpenAI, kept a low profile as he built up a hedge fund that now manages a reported $8 billion in assets
BANGKOK -- The 40-year-old founder of China’s DeepSeek, an AI startup that has startled markets with its capacity to compete with industry leaders like OpenAI, kept a low profile as he built up a hedge fund and then refined its quantitative models to branch into artificial intelligence.
Liang Wenfeng, who founded DeepSeek in 2023, was born in southern China's Guangdong and studied in eastern China's Zhejiang province, home to e-commerce giant Alibaba and other tech firms, according to Chinese media reports.
The hedge fund he set up in 2015, High-Flyer Quantitative Investment Management, developed models for computerized stock trading and began using machine-learning techniques to refine those strategies.
Like many Chinese quantitative traders, High-Flyer was hit by losses when regulators cracked down on such trading in the past year. However, it reportedly manages $8 billion in assets, ample resources for funding DeepSeek’s AI research.
It also has abundant computing power for AI, since High-Flyer had by 2022 amassed a cluster of 10,000 of California-based Nvidia’s high-performance A100 graphics processor chips that are used to build and run AI systems, according to a post that summer on Chinese social media platform WeChat. The U.S. soon after restricted sales of those chips to China.
“Thing is, we are sure now that we want to do this, can do this, and are capable of doing this, so we’re among the best-suited candidates to tackle it at this moment,"" Liang told Waves, a tech media outlet, in 2023.
“Currently, neither tech giants nor startups have an unassailable lead. With OpenAI paving the way, everyone is working with published papers and open-source code,” it quoted him as saying.
Liang said he spends his days reading papers, writing code, and participating in group discussions, like other researchers.
DeepSeek is exploring what intelligence means, he said.
“People may think there’s some hidden business logic behind this, but it’s mainly driven by curiosity,” Liang said.
When DeepSeek was asked, “Who is Liang Wenfeng?” its first answer was to name a different Chinese entrepreneur with the same name, at least as spelled in English letters.
When asked: “Where is Liang Wenfeng from and where did he go to university?” it said that as of October 2023, the most recent knowledge cutoff for DeepSeek's R1 AI model, “there is no publicly available information about Liang Wenfeng’s background, including his place of origin or educational history.""
""If you are referring to the founder of DeepSeek, details about his personal life or academic background have not been disclosed publicly. For more information about DeepSeek, you can visit its official website,” it said.
Liang's focused approach fits in with his determination to push AI learning forward. After decades of relying on innovation from the West, he says China should be making its own contributions.
“What we see is that Chinese AI can’t be in the position of following forever. We often say that there is a gap of one or two years between Chinese AI and the United States, but the real gap is the difference between originality and imitation,” he said in another Waves interview in November. “If this doesn’t change, China will always be only a follower — so some exploration is inescapable.”
___
Associated Press writer Ken Moritsugu in Beijing contributed to this report.",ABC News
https://abcnews.go.com/Business/wireStory/stock-market-today-asian-stocks-advance-ahead-feds-118207023,2025-01-29,Stock market today: Asian stocks advance ahead of the Fed's rate decision as panic over AI fades,"Stock market today: Asian stocks advance ahead of the Fed's rate decision as panic over AI fades
Asian stocks have advanced in thin Lunar New Year trading following a rebound on Wall Street driven by tech stocks as the panic over Chinese AI company DeepSeek faded
HONG KONG -- Asian stocks advanced Wednesday in thin Lunar New Year trading following a rebound on Wall Street driven by tech stocks as the panic over Chinese AI company DeepSeek faded.
Most markets in Asia were closed for holidays. Investors were focusing on the Federal Reserve’s rate decision due later in the day. U.S. futures were flat and oil prices fell.
In Tokyo, the Nikkei 225 index recovered from Tuesday's losses, gaining 0.7% to 39,273.49.
Australia’s S&P/ASX 200 rose 0.7% to 8,455.70 after data from the Australian Bureau of Statistics showed the Consumer Price Index increased by 0.2% in the December 2024 quarter, marking the smallest rise since the June 2020 quarter, when inflation declined during the COVID-19 outbreak.
India's Sensex was up 0.5%, while the SET in Bangkok shed 0.2%.
On Tuesday, tech stocks bounced back after tumbling Monday on doubts over whether the artificial-intelligence frenzy really needs all the dollars being poured into it.
The S&P 500 climbed 0.9% to 6,067.70, clawing back more than half of its earlier drop. The Dow Jones Industrial Average added 0.3% to 44,850.35, and the Nasdaq composite rallied 2% to 19,733.59 after sliding 3.1 % the day before.
The spotlight remained on Nvidia, whose chips are powering much of the move into AI and whose stock has become a symbol of the surrounding frenzy. It rose 8.8% after plunging nearly 17% on Monday, which was its worst drop since the 2020 COVID crash.
Other AI-related companies also held steadier, including chip company Broadcom, which rose 2.6%. Constellation Energy picked up 1.4% after plummeting nearly 21% on Monday. It had earlier rallied on expectations it will help supply the electricity that vast AI data centers would gobble up.
Such revenues are threatened after DeepSeek, a Chinese company, said it was able to develop a large language model that can perform as well as big U.S. rivals but at a fraction of the cost. That raises questions about whether all the spending expected for AI chips and electricity will need to happen.
AI-related stocks have been Wall Street’s biggest stars in recent years, soaring on expectations that big spending will only continue to grow. The gains, though, also created criticism that the stock prices had simply gone too high, too fast.
It’s still uncertain how much DeepSeek’s development will upend the AI industry. While it could mean less growth in spending than expected for data centers, electricity and chips, it could also boost other areas.
“If AI becomes less expensive to use, we think businesses will adopt it more quickly, making a greater investment in AI software,” according to James Egelhof, chief U.S. economist at BNP Paribas. “We think this acceleration in adoption could mean a rise in software investment that offsets – or even dwarfs – any deceleration in spending on data center structures, hardware and related investment.”
Some of Wall Street’s most influential companies, including Apple, Meta Platforms, Microsoft and Tesla, will release profit reports later this week.
A report showing confidence among U.S. consumers wasn’t as strong as economists expected made relatively small waves in the bond market. The more anticipated event will come on Wednesday, when the Federal Reserve will announce its latest decision on interest rates.
The widespread expectation is that it will leave the federal funds rate alone. If that proves true, it would be the first meeting where the Fed did not cut rates to give the economy a boost since it began doing so in September.
In other dealings Wednesday, benchmark U.S. crude shed 14 cents to $73.63 a barrel. Brent crude, the international standard, lost 18 cents to $76.31 a barrel.
In currency trading, the U.S. dollar fell to 155.09 Japanese yen from 155.53 yen. The euro cost $1.0438, down from $1.0432.
___
AP Business Writer Stan Choe contributed.",ABC News
https://abcnews.go.com/Technology/wireStory/deepseek-built-chatbot-cheap-ais-energy-climate-118199445,2025-01-28,DeepSeek says it built its chatbot cheap. What does that mean for AI's energy needs and the climate?,"DeepSeek says it built its chatbot cheap. What does that mean for AI's energy needs and the climate?
Chinese artificial intelligence startup DeepSeek stunned markets and AI experts with its claim that it built its immensely popular chatbot at a fraction of the cost of those made by American tech titans
Chinese artificial intelligence startup company DeepSeek stunned markets and AI experts with its claim that it built its immensely popular chatbot at a fraction of the cost of those made by American tech titans.
That immediately called into question the billions of dollars U.S. tech companies are spending on a massive expansion of energy-hungry data centers they say are needed to unlock the next wave of artificial intelligence.
Could this new AI mean the world needs significantly less electricity for the technology than everyone thinks? The answer has profound implications for the overheating climate . AI uses vast amounts of energy, much of which comes from burning fossil fuels, which causes climate change. Tech companies have said their electricity use is going up, when it was supposed to be ramping down, ruining their carefully-laid plans to address climate change.
“There has been a very gung ho, go ahead at all costs mentality in this space, pushing toward investment in fossil fuels,” said Eric Gimon, senior fellow at Energy Innovation. “This is an opportunity to tap the brakes.”
Making AI more efficient could be less taxing on the environment, experts say, even if its huge electricity needs are not going away.
DeepSeek’s claims of building its impressive chatbot on a budget drew curiosity that helped make its AI assistant the No. 1 downloaded free app on Apple’s iPhone this week, ahead of U.S.-made chatbots ChatGPT and Google’s Gemini.
“All of a sudden we wake up Monday morning and we see a new player number one on the App Store, and all of a sudden it could be a potential gamechanger overnight,"" said Jay Woods, chief global strategist at Freedom Capital Markets. “ It caused a bit of a panic. These were the hottest stocks in the world.”
DeepSeek’s app competes well with other leading AI models. It can compose software code, solve math problems and address other questions that take multiple steps of planning. It's attracted attention for its ability to explain its reasoning in the process of answering questions.
Leading analysts have been poring through the startup's public research papers about its new model, R1, and its precursors. Among the details that stood out was DeepSeek’s assertion that the cost to train the flagship v3 model behind its AI assistant was only $5.6 million, a stunningly low number compared to the multiple billions of dollars spent to build ChatGPT and other well-known systems. DeepSeek hasn’t responded to requests for comment.
The $5.6 million number only included actually training the chatbot, not the costs of earlier-stage research and experiments, the paper said. DeepSeek was also working under some constraints: U.S. export controls on the most powerful AI chips. It said it relied on a relatively low-performing AI chip from California chipmaker Nvidia that the U.S. hasn’t banned for sale in China.
Data centers consumed about 4.4% of all U.S. electricity in 2023 and that's expected to increase to 6.7% to 12% of total U.S. electricity by 2028, according to the Lawrence Berkeley National Laboratory.
It's been axiomatic that U.S. tech giants must spend much more on building out data centers and other infrastructure to train and run their AI systems. Meta Platforms, the parent of Facebook and Instagram, says it plans to spend up to $65 billion this year, including on a massive data center complex coming to Louisiana.
Microsoft said it plans to spend $80 billion this year. And Trump last week joined the CEOs of OpenAI, Oracle and SoftBank to announce a joint venture that hopes to invest up to $500 billion on data centers and the electricity generation needed for AI development, starting with a project already under construction in Texas.
When there's an innovative technology that's useful to the general population and it's affordable, people will use it, said Vic Shao, founder of DC Grid, which delivers off-grid, direct current power to data centers and electric vehicle charging stations.
That means data centers will still be built, though they may be able to operate more efficiently, said Travis Miller, an energy and utilities strategist at Morningstar Securities Research.
“We think that the growth in electricity demand will end up at the lower end of most of the ranges out there,” he said.
If DeepSeek's claims hold true, some routine AI queries might not need a data center and could be shifted to phones, said Rahul Sandil, vice president and general manager for global marketing and communications at MediaTek, a semiconductor company. That would ease the computing need and give more time to scale up renewable energy sources for data centers.
Bloom Energy is one of the AI-related stocks that took a hit Monday. KR Sridhar, founder and CEO, said it's imperative that the U.S. leads in AI because it can power data centers with clean energy, unlike other countries that still primarily rely on coal.
“We can continue to make it better and we will continue to make it better,” he said.
Rick Villars, an analyst for market research group IDC, said the DeepSeek news could influence how AI researchers advance their models, but they’ll still need plenty of data centers and electricity.
“We think this actually could boost and accelerate the time frame for when AI becomes much more embedded into our lives, in the work sense, the living sense and in health care,” Villars said. “So we still think the capacity is required.”
___
The Associated Press’ climate and environmental coverage receives financial support from multiple private foundations. AP is solely responsible for all content. Find AP’s standards for working with philanthropies, a list of supporters and funded coverage areas at AP.org.",ABC News
https://abcnews.go.com/Technology/wireStory/general-purpose-ai-lead-array-new-risks-experts-118213172,2025-01-29,"General purpose AI could lead to array of new risks, experts say in report ahead of AI summit","General purpose AI could lead to array of new risks, experts say in report ahead of AI summit
A new report says advanced artificial intelligence systems have the potential to create extreme new risks, such as fueling widespread job losses, enabling terrorism or running amok
LONDON -- Advanced artificial intelligence systems have the potential to create extreme new risks, such as fueling widespread job losses, enabling terrorism or running amok, experts said in a first-of-its-kind international report Wednesday cataloging the range of dangers posed by the technology.
The International Scientific Report on the Safety of Advanced AI is being released ahead of a major AI summit in Paris next month. The paper is backed by 30 countries including the U.S. and China, marking rare cooperation between the two countries as they battle over AI supremacy, highlighted by Chinese startup DeepSeek stunning the world this week with its budget chatbot in spite of U.S. export controls on advanced chips to the country.
The report by a group of independent experts is a “synthesis” of existing research intended to help guide officials working on drawing up guardrails for the rapidly advancing technology, Yoshua Bengio, a prominent AI scientist who led the study, told the Associated Press in an interview.
“The stakes are high,” the report says, noting that while a few years ago the best AI systems could barely spit out a coherent paragraph, now they can write computer programs, generate realistic images and hold extended conversations.
While some AI harms are already widely known, such as deepfakes, scams and biased results, the report said that “as general-purpose AI becomes more capable, evidence of additional risks is gradually emerging” and risk management techniques are only in their early stages.
It comes amid warnings this week about artificial intelligence from the Vatican and the group behind the Doomsday Clock.
The report focuses on general purpose AI, typified by chatbots such as OpenAI’s ChatGPT used to carry out many different kinds of tasks. The risks fall into three categories: malicious use, malfunctions and widespread “systemic” risks.
Bengio, who with two other AI pioneers won computer science’s top prize in 2019, said the 100 experts who came together on the report don’t all agree on what to expect from AI in the future. Among the biggest disagreements within the AI research community is the timing of when the fast-developing technology will surpass human capabilities across a variety of tasks and what that will mean.
“They disagree also about the scenarios,” Bengio said. “Of course, nobody has a crystal ball. Some scenarios are very beneficial. Some are terrifying. I think it’s really important for policymakers and the public to take stock of that uncertainty.”
Researchers delved into the details surrounding possible dangers. AI makes it easier, for example, to learn how to create biological or chemical weapons because AI models can provide step by step plans. But it’s “unclear how well they capture the practical challenges” of weaponizing and delivering the agents, it said.
General purpose AI is also likely to transform a range of jobs and “displace workers,” the report says, noting that some researchers believe it could create more jobs than it takes away, while others think it will drive down wages or employment rates, though there’s plenty of uncertainty over how it will play out.
AI systems could also run out of control, either because they actively undermine human oversight or humans pay less attention, the report said.
However, a raft of factors make it hard to manage the risks, including AI developers knowing little about how their models work, the authors said.
The paper was commissioned at an inaugural global summit on AI safety hosted by Britain in November 2023, where nations agreed to work together to contain potentially “catastrophic risks.” At a follow-up meeting hosted by South Korea last year, AI companies pledged to develop AI safety while world leaders backed setting up a network of public AI safety institutes.
The report, also backed by the United Nations and the European Union, is meant to weather changes in governments, such as the recent presidential transition in the U.S., leaving it up to each country to choose how it responds to AI risks. President Donald Trump rescinded former President Joe Biden’s AI safety policies on his first day in office, and has since directed his new administration to craft its own approach. But Trump hasn’t made any move to disband the AI Safety Institute that Biden formed last year, part of a growing international network of such centers.
World leaders, tech bosses and civil society are expected to convene again at the Paris AI Action Summit on Feb 10-11. French officials have said countries will sign a “common declaration” on AI development, and agree to a pledge on sustainable development of the technology.
Bengio said the report's aim was not to ""propose a particular way to evaluate systems or anything."" The authors stayed away from prioritizing particular risks or making specific policy recommendations. Instead they laid out what the scientific literature on AI says “in a way that’s digestible by policymakers.""
“We need to better understand the systems we’re building and the risks that come with them so that we can we can take these better decisions in the future,” he said.
__
AP Technology Writer Matt O'Brien in Providence, Rhode Island contributed to this report.",ABC News
https://www.foxnews.com/tech/warehouse-robot-uses-ai-play-real-life-tetris-handle-more-than-ever-before,2025-01-29,Warehouse robot uses AI to play real-life Tetris to handle more than ever before,"In a groundbreaking development for warehouse automation, Ambi Robotics just launched AmbiStack, a multipurpose robotic system that promises to transform the way items are stacked onto pallets and into containers.
This innovative solution tackles a fundamental challenge in logistics: maximizing space utilization and reducing shipping costs.
The AmbiStack advantage
AmbiStack operates like a real-world 3D Tetris game, expertly arranging items to optimize space in containers and pallets. By minimizing wasted space, warehouses can significantly reduce shipping costs and improve overall efficiency.
I’M GIVING AWAY THE LATEST & GREATEST AIRPODS PRO 2
""Logistics companies are under continuous pressure to deliver items faster and for lower cost, which puts a lot of strain on operations to maintain reliability while rapidly adapting for the future,"" Jim Liefer, CEO of Ambi Robotics, also tells CyberGuy.
""AmbiStack can be rapidly configured to automate the repetitive motions involved in a huge variety of stacking and palletizing applications, driving greater accuracy and efficiency, while future-proofing warehouse operations.""
CHINA’S NEWEST HUMANOID ROBOT IS READY TO SERVE LIKE NEVER BEFORE
Powered by PRIME-1: AI at its core
The rapid development and deployment of AmbiStack was made possible by PRIME-1, Ambi Robotics' new artificial intelligence foundation model for warehouse robots. This advanced AI enables AmbiStack to begin working efficiently from day one in production environments.
Ken Goldberg, co-founder and chief scientist at Ambi Robotics, tells CyberGuy, ""The engineering team at Ambi Robotics used 4 years of proprietary warehouse data to train a state-of-the-art generative model for 3D warehouse operations; their experiments with real production systems confirm that PRIME-1 significantly outperforms their previous systems.""
ROBOTS PERFORM LIKE HUMAN SURGEONS BY JUST WATCHING VIDEOS
Why AmbiStack matters
Cost reduction and efficiency: AmbiStack addresses the pressing need for automated solutions that cut labor costs, reduce manual inefficiencies and tackle accuracy challenges.
Ergonomic improvements: The system alleviates the physical strain on workers by handling heavy lifting tasks.
Adaptive intelligence: Trained using Sim2Real reinforcement learning, AmbiStack can make real-time decisions, adapting to various scenarios and delivering a faster return on investment.
Tackling complex tasks: Stacking presents more challenges than sorting, making AmbiStack a significant advancement in robotic capabilities.
WHAT IS ARTIFICIAL INTELLIGENCE (AI)?
CHINESE ROBOT LIFTS 35 POUNDS PER HAND
The AmbiStack process
AmbiStack utilizes advanced vision systems and AI models trained on extensive data from parcel sorting experiences. The robot learns in a virtual environment, earning higher scores for better stacking performance with random items.
Jeff Mahler, co-founder and CTO of Ambi Robotics, tells CyberGuy, ""AmbiStack represents an evolution of our AI-powered robotics, building on our technology in physical AI to add stacking as a fundamental new robot skill in AmbiOS. We’ve started the AI flywheel for stacking with Sim2Real reinforcement learning and performance will only improve as robots collect data from production environments. We are committed to advancing this capability to provide reliable systems that deliver a strong ROI for our customers.""
HOW TO REMOVE YOUR PRIVATE DATA FROM THE INTERNET
Market impact and future prospects
The potential market for AmbiStack is vast, as efficient packing and stacking are crucial in logistics. By optimizing container usage, AmbiStack ensures that companies aren't ""shipping air,"" leading to substantial cost savings in transportation.
GET FOX BUSINESS ON THE GO BY CLICKING HERE
Benefits for warehouse workers
AmbiStack is designed to complement human workers, not replace them. It allows employees to focus on decision-making and strategic tasks while reducing physical strain and repetitive motions.
SUBSCRIBE TO KURT’S YOUTUBE CHANNEL FOR QUICK VIDEO TIPS ON HOW TO WORK ALL OF YOUR TECH DEVICES
Kurt’s key takeaways
By combining advanced AI with practical robotics, AmbiStack is addressing a long-standing challenge in logistics. As the industry continues to evolve, solutions like AmbiStack will play a crucial role in shaping the future of warehouse operations and supply chain efficiency.
Do you believe these technologies will ultimately complement human workers or gradually replace them entirely in logistics and warehouse operations? Let us know by writing us at Cyberguy.com/Contact.
CLICK HERE TO GET THE FOX NEWS APP
For more of my tech tips and security alerts, subscribe to my free CyberGuy Report Newsletter by heading to Cyberguy.com/Newsletter.
Ask Kurt a question or let us know what stories you'd like us to cover.
Follow Kurt on his social channels:
Answers to the most asked CyberGuy questions:
- What is the best way to protect your Mac, Windows, iPhone and Android devices from getting hacked?
- What is the best way to stay private, secure and anonymous while browsing the web?
- How can I get rid of robocalls with apps and data removal services?
- How do I remove my private data from the internet?
New from Kurt:
Copyright 2025 CyberGuy.com. All rights reserved.",Fox News
https://abcnews.go.com/Technology/wireStory/apples-iphone-sales-holiday-season-slipped-despite-highly-118286966,2025-01-30,Apple's iPhone sales during the holiday season slipped despite a highly anticipated AI rollout,"Apple's iPhone sales during the holiday season slipped despite a highly anticipated AI rollout
Apple on Thursday disclosed its iPhone sales dipped slightly during the holiday-season quarter, signaling a sluggish start to the trendsetting company’s effort to catch up to the rest of Big Tech in the race to bring artificial intelligence to the masses
SAN FRANCISCO -- Apple on Thursday disclosed its iPhone sales dipped slightly during the holiday-season quarter, signaling a sluggish start to the trendsetting company’s effort to catch up to the rest of Big Tech in the race to bring artificial intelligence to the masses.
The iPhone’s roughly 1% drop in revenue from the previous year’s October-December period wasn’t entirely unexpected, given the first software update enabling the device’s AI features didn’t arrive until just before Halloween, and the technology still isn’t available in many markets outside the U.S.
The countries still awaiting Apple’s AI suite include China, a key market where the company continued to lose ground.
Apple also was only able to eke out a modest revenue gain across its entire business, although the results came in ahead of the analyst projections that guide investors. The Cupertino, California, company earned $36.3 billion, or $2.40 per share, a 7% increase from the previous year. Revenue edged up from the previous year by 4% to $124.3 billion.
Those numbers included iPhone revenue of $69.1 billion. In China, Apple’s total revenue registered $18.5 billion, an 11% decrease from the previous year.
Part of that erosion in China reflected the iPhone’s shrinking market share in that country, where homegrown companies have been making more headway. Apple’s iPhone year-over year shipments in China declined nearly 10% in the most recent quarter, while native companies Huawei and Xiaomi posted year-over-year increase of more than 20%, according to the research firm International Data Corp.
The holiday-season results served to confirm bringing AI to the iPhone and Apple’s other products may not boost the company’s recently lackluster growth as much as investors initially thought it might after CEO Tim Cook unveiled the technology before a rapt crowd last June.
The anticipation that an AI-infused iPhone would prod hordes of consumers to ditch their current devices and splurge on an upgrade is the main reason Apple’s stock price surged by 30% last year. But the sinking realization that an uptick in demand may take longer than expected has caused Apple’s shares to backtrack by 5% during the first month of the new year. The stock slipped slightly in extended trading after the numbers came out.
The concerns hovering around Apple's weakening iPhone sales come against broader worries about whether AI will be as lucrative for U.S. tech companies as once envisioned after Chinese startup DeepSeek released a version of the technology that was built at a far lower cost than had been previously thought possible.
Unlike tech peers such as Microsoft, Google corporate parent Alphabet Inc. and Facebook corporate parent Meta Platforms, Apple hasn’t been investing as heavily in AI – one of the reasons it has been an industry laggard. But that restraint could work to its advantage if DeepSeek’s early breakthroughs in driving down AI costs gains momentum.
Apple’s services division remained the company’s biggest moneymaker outside the iPhone, with revenue of $26.3 billion in the past quarter, a 14% increase from the previous year. Although the services division has been thriving for years, it generates more than $20 billion annually by locking in Google as the automatic search engine on the iPhone and other products. That deal is now under threat of being banned as part of the proposed punishment for Google’s search engine being declared an illegal monopoly.",ABC News
https://abcnews.go.com/Business/wireStory/stock-market-today-asian-stocks-higher-after-wall-118298089,2025-01-31,Stock market today: Asian stocks mostly higher after Wall Street tech gains,"Stock market today: Asian stocks mostly higher after Wall Street tech gains
Asia markets are mostly higher following gains on Wall Street driven by Tesla, IBM and Meta Platforms after strong profit reports
HONG KONG -- Asia markets are mostly higher on Friday following gains on Wall Street driven by Tesla, IBM and Meta Platforms after strong profit reports.
U.S. futures and oil prices rose.
Japan's core inflation rate, a key indicator of national trends, rose to 2.5% in January, surpassing the central bank’s 2% target and paving the way for further interest rate hikes. Meanwhile, Japan’s unemployment rate for December declined to 2.4% from 2.5% in the previous month.
Tokyo’s Nikkei 225 index edged 0.1% higher to 39,540.37.
The Kospi in South Korea fell 1.4% to 2,501.83 as trading resumed on Friday after the holidays, during which Chinese startup DeepSeek stirred panic in the AI world. Shares of SK Hynix, a major supplier to Nvidia Corp., plummeted by 9.9%. Another tech giant, Samsung, lost 2.4%.
Australia’s S&P/ASX 200 advanced 0.3% to 8,516.90. In Bangkok, the SET was up 0.1%.
Markets in Hong Kong and Shanghai remain closed for the lunar new year holidays.
On Thursday, the S&P 500 rose 0.5% to 6,071.17, as four out of every five stocks in the index climbed. The Dow Jones Industrial Average added 0.4% to 44,882.13, and the Nasdaq composite gained 0.3% to 19,681.75.
Meta Platforms helped push indexes higher by rising 1.6%. The company behind Facebook and Instagram delivered a better profit for the end of 2024 than analysts expected. Perhaps just as importantly for the market, it also talked up its artificial-intelligence efforts and said it will continue to invest in the space.
That calmed some of the worries created by DeepSeek when it said it developed a large language model capable of competing with the world’s best without having to use top-flight chips. That raised questions about whether all the investment expected for AI chips, data centers and electricity is really needed and sent a shock through markets at the start of the week.
The AI boom has been a primary reason for the U.S. stock market’s run to repeated records, and the threat has hit stocks like Nvidia particularly hard. The chip company that’s become the symbol of the AI frenzy spent most of Thursday lower but ended with a gain of 1% and was one of the strongest forces lifting the S&P 500.
Keeping indexes in check was Microsoft, which fell 6.2%. The Redmond, Washington-based software giant topped analysts’ expectations for profit in the latest quarter, but the focus was instead on the slower-than-expected growth in its cloud computing business, which is a centerpiece of its AI efforts.
Microsoft CEO Satya Nadella also continued to talk up AI following DeepSeek’s disruption.
“DeepSeek had some real innovations,” he said, adding that it is good to have efficiency gains and lower prices in AI development because it “means people can consume more and there’ll be more apps written.”
Treasury yields held relatively steady Thursday after a report indicated the U.S. economy grew at a solid pace at the end of 2024, but slightly slower than economists expected. The 10-year Treasury yield edged down to 4.52% from 4.53% late Wednesday.
The report showed a “Goldilocks” economy at the turn of the year, one that was neither too hot nor too cold, according to Gregory Daco, chief economist at EY. But he warned many uncertainties in Washington could change things, including what it does with income tax rates, tariffs and immigration.
In energy trading, benchmark U.S. crude added 55 cents to $73.28 a barrel. Brent crude, the international standard, rose 46 cents to $76.35 a barrel.
In currency trading, the U.S. dollar rose to 154.42 Japanese yen from 154.18 yen. The euro cost $1.0385, down from $1.0392.
___
AP Business Writer Stan Choe contributed.",ABC News
https://www.foxnews.com/tech/worlds-first-ai-designed-3d-printed-shoe-wants-next-crocs,2025-01-30,"World's first AI-designed, 3D-printed shoe wants to be the next Crocs","World's first AI-designed, 3D-printed shoe wants to be the next Crocs
Is this the AI-driven future of custom 3D-printed shoes?
Move over, Crocs. There's a new contender in the world of unconventional footwear.
Syntilay, a startup with a sparkle in its eye and artificial intelligence on its mind, has just unveiled what it claims to be the world's first entirely AI-designed and 3D-printed shoe.
This futuristic footwear is turning heads and raising eyebrows in equal measure.
I’M GIVING AWAY THE LATEST & GREATEST AIRPODS PRO 2
The birth of Syntilay
Syntilay, whose name is derived from ""scintillate"" (meaning to sparkle), is the brainchild of 25-year-old entrepreneur Ben Weiss. The company's journey from concept to creation is as unique as the shoes themselves. Using Midjourney AI, they generated the basic shape, which was then sketched by an artist. This sketch was transformed into a 3D model using Vizcom AI, and finally, generative AI added the distinctive patterns and textures.
WHAT IS ARTIFICIAL INTELLIGENCE (AI)?
Ben tells CyberGuy, ""AI designing shoes is going to disrupt the category because of the incredible speed to go to market. New releases for traditionally made shoes take around 18 months for a model to release, with AI making them and 3D printing, that is now only a few months.""
AI-POWERED ROBOT SINKS SEEMINGLY IMPOSSIBLE BASKETBALL HOOPS
Customization meets comfort
One of Syntilay's standout features is its commitment to personalized comfort. Before you can slip your feet into these futuristic slides, you'll need to scan your feet using your smartphone. This ensures a custom fit for each customer, even accommodating those with different-sized feet. Available in five colors – blue, black, red, beige and orange – these shoes are priced at a not-so-modest $149.99 per pair.
GET FOX BUSINESS ON THE GO BY CLICKING HERE
SHAPE-SHIFTING AI TRANSFORMER HOMES WILL LEAVE YOU WANTING ONE
The grand plan
While Syntilay is pushing the boundaries of shoe design, they've also got some serious old-school cred in their corner. Joe Foster, the co-founder of Reebok, is lending his expertise to the project. With Foster's experience in building a $4 billion shoe empire, Syntilay is hoping to make big strides in the footwear market. Syntilay's ambitions extend far beyond selling a few thousand pairs of quirky slides.
They're eyeing the $85.8 billion U.S. footwear market, with plans to open their platform to brands and content creators. This could potentially allow influencers and brands to design and sell their own AI-created footwear, tapping into a market that has traditionally been difficult for non-shoe companies to crack.
HOW TO REMOVE YOUR PRIVATE DATA FROM THE INTERNET
TOP TECH STEALING THE SHOW AT CES 2025
Sustainability steps
In an age where environmental concerns are at the forefront, Syntilay is putting its best foot forward. The shoes are 100% recyclable, with customers able to return them at the end of their life to be transformed into new products. This closed-loop system could potentially revolutionize the footwear industry's approach to sustainability.
SUBSCRIBE TO KURT’S YOUTUBE CHANNEL FOR QUICK VIDEO TIPS ON HOW TO WORK ALL OF YOUR TECH DEVICES
Kurt’s key takeaways
Whether Syntilay becomes the next Crocs or fades into obscurity remains to be seen. However, their innovative approach to design and manufacturing is undoubtedly pushing the boundaries of what's possible in footwear. As AI and 3D printing technologies continue to evolve, we may be witnessing the first steps towards a revolution in how we design, produce and consume fashion.
What do you think? Are AI-designed, 3D-printed shoes the future of footwear or just a passing fad? Let us know by writing us at Cyberguy.com/Contact.
CLICK HERE TO GET THE FOX NEWS APP
For more of my tech tips and security alerts, subscribe to my free CyberGuy Report Newsletter by heading to Cyberguy.com/Newsletter.
Ask Kurt a question or let us know what stories you'd like us to cover.
Follow Kurt on his social channels:
Answers to the most asked CyberGuy questions:
- What is the best way to protect your Mac, Windows, iPhone and Android devices from getting hacked?
- What is the best way to stay private, secure and anonymous while browsing the web?
- How can I get rid of robocalls with apps and data removal services?
- How do I remove my private data from the internet?
New from Kurt:
Copyright 2025 CyberGuy.com. All rights reserved.
Kurt ""CyberGuy"" Knutsson is an award-winning tech journalist who has a deep love of technology, gear and gadgets that make life better with his contributions for Fox News & FOX Business beginning mornings on ""FOX & Friends."" Got a tech question? Get Kurt’s free CyberGuy Newsletter, share your voice, a story idea or comment at CyberGuy.com.",Fox News
https://abcnews.go.com/Technology/wireStory/president-trump-meet-nvidia-ceo-jensen-huang-white-118320967,2025-01-31,President Trump to meet with Nvidia CEO Jensen Huang at the White House,"President Trump to meet with Nvidia CEO Jensen Huang at the White House
President Donald Trump is meeting Friday with Nvidia CEO Jensen Huang, whose company designs and supplies the advanced computer chips that play an integral role in developing artificial intelligence
President Donald Trump is meeting Friday with Nvidia CEO Jensen Huang, whose company designs and supplies the advanced computer chips that play an integral role in developing artificial intelligence.
The meeting at the White House was confirmed by a person familiar who insisted on anonymity to discuss the conversation between Huang and Trump. The person said the meeting was set up weeks ago and would enable them to get acquainted and talk about AI policy. Nvidia, based in Santa Clara, Calif., declined to comment on the meeting.
Nvidia had loudly protested a last-minute move by the Biden administration in January to expand AI chip restrictions beyond adversaries like China to more than 100 other countries, including Singapore. But it remains to be seen if Trump will follow through with or drop those proposed rules.
Trump signed an order on his first day in office last week that said his administration would “identify and eliminate loopholes in existing export controls,” signaling that he might continue and harden Biden’s approach.
The Republican president is banking on AI to foster economic growth and draw hundreds of billions of dollars in investments, but he also saw the performance of China’s DeepSeek AI technology as a sign that the technology can be developed more cheaply.
Speaking Monday to House Republicans in Miami, Trump called the DeepSeek news “positive” if it’s accurate because “you won’t be spending as much and you’ll get the same result.”
Trump said it was a “wake-up call for our industries that we need to be laser-focused on competing to win.”
DeepSeek has said its recent models were built with Nvidia’s lower-performing H800 chips, which are not banned in China. DeepSeek began attracting more attention in the AI industry last month when it released a new AI model that it boasted was on par with similar models from U.S. companies such as ChatGPT maker OpenAI, and was more cost-effective in its use of expensive Nvidia chips to train the system on troves of data. The chatbot became more widely accessible when it appeared on Apple and Google app stores early this year.
The meeting between Trump and Huang comes as leaders of a special House committee focused on countering China have urged Trump’s national security adviser, Michael Waltz, to consider the potential national security benefits of placing export controls on Nvidia semiconductor chips used by DeepSeek. They said the examination should be part of a review that Trump ordered on his first day in office that called on the secretaries of State and Commerce to review the U.S. export control system.
Rep. John Moolenaar, the chairman of the committee, and Rep. Raja Krishnamoorthi, the ranking Democrat on the committee, said DeepSeek made extensive use of a Nvidia chip designed specifically to fall outside U.S. export controls. The lawmakers said that the committee supports American AI innovation, and that support “includes imposing reasonable safeguards” to protect those innovations from China.
“This demonstrates what the Select Committee has long argued: frequently updating export controls is imperative to ensure (China) will not exploit regulatory gaps and loopholes to advance their AI ambitions,” the two lawmakers wrote in letter dated Wednesday.
The pair asked that Waltz look for ways to strengthen controls on shipments through third countries “that pose a high risk of diversion.” Singapore, the letter said, represented 22% of Nvidia’s revenue in its most recently quarterly statement, “despite the company itself revealing most of these shipments ultimately went to users outside of Singapore.”
Countries such as Singapore, they added, should be subject to strict licensing requirements if they aren't willing to “crack down” on China using their country as an intermediary for shipments.
In an emailed statement, Nvidia said that its revenue associated with Singapore ""does not indicate diversion to China.""
“Our public filings report ‘bill to’ not ‘ship to’ locations of our customers,” a Nvidia spokesperson said. “Many of our customers have business entities in Singapore and use those entities for products destined for the U.S. and the west. We insist that our partners comply with all applicable laws, and if we receive any information to the contrary, act accordingly.”",ABC News
https://www.foxnews.com/opinion/experts-fear-chinas-deepseek-ai-econ-101-says-shouldnt-worry,2025-01-31,‘Experts’ fear China’s DeepSeek AI. Econ 101 says they shouldn’t worry,"If you care about national security, artificial intelligence (AI) or the index funds in your retirement account, you have likely heard of DeepSeek. Chinese AI model DeepSeek’s release late January caused a $969 billion stock market selloff and prompted responses from AI leaders like President Donald Trump, NVIDIA, venture capitalist Marc Andreessen and OpenAI CEO Sam Altman.
DeepSeek is a Chinese AI model similar to those which run famous programs like ChatGPT. The difference? This one is reportedly 40-50 times cheaper to train, which some think implies we have invested 40-50 times too much in AI chips and infrastructure.
If panicked stock sellers and pessimists are to be believed, DeepSeek is some sort of kryptonite whose existence implies China will do to American AI what it did to American toy manufacturing.
THERE IS A 'WAKE-UP CALL' FOR US TO BE THE LEADER IN AI, SAYS WHITE HOUSE AI AND CRYPTO ‘CZAR’
This is nonsense. DeepSeek’s figures are bullish for American AI if true and bullish for American AI if false. Here’s why:
- DeepSeek runs on American AI. DeepSeek relied on American chips and models for its development and training, and America has the expertise, infrastructure and lead to continue winning.
- If DeepSeek’s numbers are true, they do not tell the whole story. DeepSeek cost hundreds of millions more than the numbers suggest.
- Even if DeepSeek lowered demand for compute (computational power) long-term, the benefits to American AI producers and consumers would far outweigh any damage to companies like NVIDIA, which also produces massive efficiency gains with each new run of GPUs. Just as cheaper gas, wheat and eggs ultimately benefit all Americans, so would cheaper AI.
And since when do lower costs and lower barriers to entry mean lower demand?
DeepSeek runs on American AI. The headline numbers don’t tell the full story
DeepSeek runs on the following layers:
- The physical chips used to run the computations which train the model.
- The other models used to train the program (DeepSeek is a small model built using big models).
- The final model brought to market.
The physical chips used were NVIDIA H800s, a downgraded version of the popular H100 chip. Both have been banned by the U.S. for export to China, proving again that President Joe Biden’s export bans are useless and merely force China to become more innovative.
The other models used to train DeepSeek reflect the sustained need for massive compute and reliance on American models. Per Rand’s Lennart Heim,
""DeepSeek operated Asia's first 10,000 Nvidia A100 cluster, reportedly maintains 50,000 'Hoppers' (which could be Nvidia's H100, H800, or H20), and has additional unlimited access to Chinese and foreign cloud providers (which is not export-controlled). This extensive compute access was likely crucial for developing their efficiency techniques through trial and error and for serving their models to customers.""
In addition, there is mounting evidence that DeepSeek is a distillation (in essence a copy) of American AI leader OpenAI’s latest models. OpenAI says it is looking into this possibility.
This means that the remaining component, the final model brought to market, also would depend on American AI. On top of early incidental finds by AI developers independently investigating the matter, Microsoft has joined OpenAI in looking into the depth of DeepSeek’s alleged copying.
Even if China suddenly decided it likes telling the truth and DeepSeek did cost less than $6 million to train, it required indirect access to nearly a billion dollars of American compute. Analysis by SemiAnalysis suggests DeepSeek’s capital expenditure was closer to $1.6 billion, with $944 million of this cost dedicated to the cost of compute. Hardly the garage band operation the headlines would suggest.
The $6M number is misleading by many orders of magnitude. And even if it wasn’t, DeepSeek would be no NVIDIA-pocalypse unless we thought all future models would be mere distillations of existing ones. DeepSeek is an affirmation of American AI leadership and a reminder that value lies in AI infrastructure and customer-facing products themselves, not in closed-source models.
So, what do we do with this information?
In addition, there is mounting evidence that DeepSeek is a distillation (in essence a copy) of American AI leader OpenAI’s latest models. OpenAI says it is looking into this possibility.
As Andreessen said, this is AI’s Sputnik moment. America received a reminder that a rival is further ahead in a critical technology than we had previously thought, that innovations lead to lower barriers to entry and lower costs to catch up, and that we should not take our leadership for granted.
Here’s what Americans should take away:
- Biden’s AI restrictions are useless.
- Where they do lower access (the black market is booming), they only forcefeed China's innovation and hard-won market share.
- This is a Manhattan Project moment, not an F-35 moment.
This competition runs on open-source (publicly available) science. We do not have a technical moat and will win only through a continued emphasis on speed and quality. Export controls only work for high-complexity products with decades-long development cycles.
America’s AI industry is safe if it continues its momentum.
CLICK HERE FOR MORE FOX NEWS OPINION
Others still depend directly and indirectly on American models and chips. It is beneficial to have our rivals depend on us. Resource deprivation breeds innovation and expansionism. Just ask Imperial Japan
Meanwhile, AI costs will come down for everyone. Computers and machine learning algorithms become cheaper over time, and there is no credible reason to bank on a ceiling or ""peak AI.""
America received a reminder that a rival is further ahead in a critical technology than we had previously thought, that innovations lead to lower barriers to entry and lower costs to catch up, and that we should not take our leadership for granted.
DeepSeek’s only clear innovations are aspects of its training methods, and we have the scale to make superior use of them if we have the will and humility to do so. If DeepSeek can derive a workable copy from a larger model for less than $6 million, imagine how this capability will compound and accelerate model development for companies like OpenAI and Google ready to deploy hundreds of millions of dollars.
CLICK HERE TO GET THE FOX NEWS APP
In the words of Commerce Secretary nominee Howard Lutnick, ""We need to make sure we set standards that the world meets. And I think that's the way we'll keep our lead. Do it the American way, which we know is the winning way.""
DeepSeek is a fire drill and a reminder to prepare for the real thing. In the meantime, we should heed the reminder that we can’t be complacent with our current leadership. Instead, we must do what we do best: focus on winning. We have a head start, the best scientists and chips in the world, and a president prepared to fight for American AI. We now must execute.",Fox News
https://www.foxnews.com/tech/tech-expert-10-ai-prompts-youll-use-all-time,2025-02-03,I’m a tech expert: 10 AI prompts you’ll use all the time,"It’s AI this and AI that everywhere you turn. ChatGPT and DeepSeek are dominating headlines, Google slaps AI results at the top of every search, and there are smarter options in the apps and services you use every day.
Freebie alert: I’m giving away my latest ebook, ""50 Smart Ways to Use AI"" (a $9.95 value). Hope it helps you!
I hear from folks all the time on my national radio show who have no idea where to start. That’s why you have me. AI isn’t going away, so let’s dive into a few things you need to know and prompts to get you started.
5-MINUTE CLEANUP FOR YOUR PHONE AND COMPUTER
First, get to know the tools of the trade
There are so many options. I recommend you start with one of the big names. They’re easy to use, intuitive and have free options. I’ve been most impressed with:
- ChatGPT: It’s my go-to. Type in what you need and it can help you generate ideas, break down tasks, clean up your writing, fix your spreadsheets — whatever. Use it on the web or download it for iPhone or Android. You’ll need to create an account. The free tier works for most people.
- Perplexity: It’s built for research and learning, and it’s my go-to for questions like ""How do black holes work?"" or ""Explain the Ninth Amendment.""
- DeepSeek: A newcomer out of China with a model that outperforms OpenAI’s ChatGPT, Meta’s Llama and Google Gemini. If you’re going to use it, make sure you’re doing so the secure, private way. Steps at the bottom.
Another AI tool worth checking out is Google NotebookLM. Upload audio, notes, documents or any other files, then you can search them, find citations (from your own docs) or even produce a snazzy podcast based on your files.
A listener, Bob, told me after he heard about it on my radio show, he used NotebookLM to create training modules for his employees.
How to get the best results out of AI chatbots
In reality, using AI is as simple as using Google. Still, it doesn't hurt to know a few things about how it works. You’ll spend less time feeling like you’re fighting the algorithms and get results you want more reliably.
""Priming"" is the insider term for telling a chatbot exactly what you want from it. With ChatGPT or any other, the more constraints you give, the better your answer. You might say, ""Limit your response to 250 words,"" ""Give me the list in bullet points"" or ""Format the results as a table.""
Remember, AI can’t read your mind. Chatbots feed us the answers they think we want based on our prompts, how they’re trained and what they know about us. Here’s an easy way to give direction: Use ""do"" and ""don’t"" in your prompts.
Say you’re cooking for friends, and some have allergies. Say, ""Create a recipe for six people. Do include protein, fruits, vegetables and carbs. Don’t include dairy products, shellfish or nuts.""
AI ISN’T GOING ANYWHERE: PROMPTS TO MAKE LIFE EASIER
10 AI prompts to try
- ""How can I make this better?"" Then, add in anything you’ve written. This prompt works wonders for polishing your work and pointing out improvements.
- ""You’re an English professor. Find any typos or grammatical errors in my blog post."" Change up the persona you’re asking it to assume and the specific instructions based on what you need. You can use this formula for just about anything. Try, ""You’re a life coach. Help me create a plan to achieve my goal of meditating every day for a month.""
- ""Explain this like I’m 10."" AI is surprisingly good at making complex topics simple to understand. Use it for anything from a science lesson to finances.
- ""Remember that … "" In ChatGPT, go to Settings > Personalization and toggle on Memory. The same thing is available on Google Gemini for Advanced (paid) subscribers. Tell it something like, ""Remember, I’m a tea drinker, not a coffee drinker,"" and it’ll save that info.
- ""Analyze this information. Explain any trends or insights you find."" Plug in a list of numbers or any other data. Uploading a picture works, too.
- ""What is missing?"" This works for everything from your vacation packing list to an important work report. The more information you provide on what should be included, the better the answer you’ll get back.
- ""Who are their competitors? You’re researching a new service for your business and don’t know who to compare it to, or maybe you’re looking for new sales prospects. Take the list with a grain of salt; some results could be outdated.
- ""Give me five creative ideas for…"" Stuck in a rut? Ask for new ideas for birthday gifts, business names or dinner recipes.
- ""Summarize this in three sentences."" Try it for breaking down long articles, contracts or reports into takeaways. You can also ask for bullet points if your brain processes info better that way.
- ""Explain both sides of this argument."" This works for politics, trends, personal dilemmas or anything else you can throw at a chatbot.
Want more? Get ""50 Smart Ways to Use AI"" free right now.
Think of AI as your first step, not your last
AI is a fantastic tool to help you brainstorm, speed up your work and even teach you new things — but it’s not perfect. It doesn’t think for itself; it just predicts the next best response based on the data it’s been trained on.
AI tools can make mistakes, provide outdated information or totally miss the mark. Always double-check anything important, especially when it comes to work, finances or legal matters.
CLICK HERE TO GET THE FOX NEWS APP
Get tech-smarter on your schedule
Award-winning host Kim Komando is your secret weapon for navigating tech.
- National radio: Airing on 500+ stations across the US - Find yours or get the free podcast.
- Daily newsletter: Join 650,000 people who read the Current (free!)
- Watch: On Kim’s YouTube channel
- Podcast: ""Kim Komando Today"" - Listen wherever you get podcasts
Copyright 2025, WestStar Multimedia Entertainment. All rights reserved.",Fox News
https://abcnews.go.com/Technology/wireStory/googles-rising-holidays-season-ad-sales-ease-worries-118457809,2025-02-04,Google’s holiday ad boost can’t ease AI letdown fears,"Google’s holiday ad boost can’t ease AI letdown fears
Google’s digital ad sales continued to grow at a healthy clip during the holiday season, but that wasn’t enough to offset investors’ worries about whether its big bet on artificial intelligence will be as lucrative as once envisioned
SAN FRANCISCO -- Google's digital ad sales continued to grow at a healthy clip during the holiday season, but that wasn't enough to offset investors' worries about whether its big bet on artificial intelligence will be lucrative as once envisioned.
The October-December results released Tuesday by Google parent Alphabet Inc. showed the company is continuing to reap even more profits from its dominant search engine and other peripheral services.
Alphabet earned $26.5 billion, or $2.15 per share, during last year’s final quarter, a 28% increase from the same time during the previous year. Revenue rose 12% from the previous year to $96.5 billion. The earnings eclipsed analyst forecasts of $2.13 per share, but the revenue fell slightly below projections, according to FactSet Research.
More importantly, revenue growth in the Google Cloud division tethered to the AI craze wasn't as robust as had been anticipated.
That letdown contributed to a more than 8% drop in Alphabet's stock price after the numbers came out. The downturn reversed a recent rally that had elevated Alphabet's shares to a new all-time high earlier Tuesday during the regular trading session.
“The reaction underscores concerns that rivals like Microsoft, with its OpenAI partnership, are better positioned to convert AI hype into revenue,” said Investing.com analyst Jesse Cohen.
But the AI-generated overviews that Google has been increasingly displaying in at the top of its search results appeared to be helping to bring in more advertising. Google's ad sales climbed 11% from the previous year to $72.5 billion to exceed analyst estimates.
“The early signs suggest that AI is working for Google,” said Jim Yu, CEO of BrightEdge, which helps websites rank higher in search results. ""What it does for Google is keep more of the digital experience happening within its search engine. And by the time they send someone to another site, shoppers and readers have already gotten further down their journey. So that visitor is worth a lot more to an advertiser.”
But Google also has spending billions of dollars on its AI expansion, a huge investment that some investors are questioning after t he Chinese startup DeepSeek found an effective way to deploy similar technology at a fraction of the cost. Alphabet is expecting its ongoing AI expansion to increase its capital from about $60 billion last year to $75 billion this year.
Alphabet CEO Sundar Pichai sought to reassure investors all that spending will pay off during a Tuesday conference call by emphasizing the way AI is helping to boost Google's fortunes by attracting more search traffic and making other services more popular.
“The company is in a great rhythm and cadence, building, testing and launching products faster than ever before,” Pichai said.
Before the fourth-quarter results came out, Google made a change that in its AI principles signaling it may be more open to selling the technology in areas that it had previously indicated it would avoid. The revised principles removed previous commitments not to deploy AI in weaponry or surveillance that had been in place since 2018. Pichai didn't address the change during Tuesday's conference call and Google didn't immediately respond to a request for comment.
The uncertainty over AI isn't the only worry hanging over Google.
The Mountain View, California, company also is facing a regulatory crackdown in the U.S., by far its most lucrative market, raising the specter that its revenue could be undercut.
After weighing the evidence presented during a high-profile trial, a federal judge last year declared Google’s search engine is an illegal monopoly — a decision that has opened the door for regulators to propose forcing the company to sell its Chrome web browser.
Court hearings on how Google should be punished for its abuses in the search market are scheduled to begin in April, with a decision anticipated before autumn.
Besides the legal assault on its search engine, Google also has been ordered to tear down the barriers protecting its Play Store for Android smartphone apps. That ruling is currently on hold while Google appeals. Google is also awaiting a ruling in antitrust trial in Virginia revolving around the technology underlying its digital ad network.",ABC News
https://abcnews.go.com/Technology/wireStory/amazon-reports-strong-earnings-q4-stocks-dip-due-118545344,2025-02-06,"Amazon reports strong earnings for Q4, but stocks dip due to outlook for the first quarter","Amazon reports strong earnings for Q4, but stocks dip due to outlook for the first quarter
Amazon has reported better-than-expected revenue and profits for the holiday shopping period
Amazon on Thursday reported better-than-expected revenue and profits for the holiday shopping period, but its stocks dipped in after-hours trading due to disappointing guidance for the current quarter.
The Seattle-based e-commerce and technology company said its revenue for the October-December period totaled $187.8 billion, a 10% jump compared with the same period in 2023. Profits came out to $20 billion while earnings per share reached $1.86, higher than the $1.49 that analysts surveyed by FactSet had anticipated.
But the company said it expected revenue for the current quarter to be between $151 billion and 155.5 billion, lower than the $158.56 billion that analysts were expecting. The guidance anticipates “an unusually large, unfavorable impact” from foreign exchange rates, it said.
Amazon is the biggest online shopping destination in the U.S. and has long been a beneficiary of consumer spending during the holidays. As it has done in recent years, the company in October began offering promotions intended to lure early holiday shoppers. It advertised other discounts during the three-month period, including on major sales days such as Black Friday and Cyber Monday.
Amazon on Thursday reported it saw $75.5 billion in revenue for its online shopping business, up 7% from the same period in 2023.
Across the retail industry, holiday sales in November and December were better than expected compared with the previous year as lower inflation on holiday goods enticed shoppers to buy, according to The National Retail Federation. Online shopping also saw record sales levels, Adobe Analytics reported in January.
Sales for Amazon Web services, the company’s prominent cloud computing unit, rose 19% during the fourth quarter. But it fell slightly below analysts expectations.
Amazon is one of the biggest players in the competitive tech race around generative artificial intelligence. Like other tech companies, it has ramped up investments in the technology and is spending billions to expand data centers that support AI and cloud computing. The company is also spending money on other equipment, including its own computer chips and those developed by Nvidia. It has also rolled out its own AI models and integrated the generative AI into other parts of its business.
In the fourth quarter, Amazon reported spending $27.8 billion on property and equipment, significantly higher than the same period in 2023. During a call with analysts on Thursday, Amazon CEO Andy Jassy said capital expenditures for the quarter came out to $26.3 billion, most of which was geared towards AI and AWS.
“We think virtually every application that we know of today is going to be re-invented with AI inside of it,” Jassy said. “I think both our business, our customers and shareholders will be happy medium-to-long term that we're pursuing the capital opportunity and the business opportunity in AI.”
Jassy added during the call that Amazon, like many others, was “impressed” by DeepSeek, the Chinese artificial intelligence company whose chatbot recently became the most downloaded app in the U.S.
Amazon's quarterly report comes as the retail industry is absorbing a new 10% tariff President Donald Trump imposed on Chinese imports on Tuesday. Tariffs on Canada and Mexico have been put on hold for about a month.
Trump also threw out a trade exemption that allowed low-value shipments from China to bypass duties, a loophole that had given an advantage to China-founded e-commerce firms, such as Shein and Temu.
The new tariffs could benefit Amazon by increasing costs for its competitors. But it would also impact Chinese sellers who connect with American consumers on the company’s shopping platform. Furthermore, it could raise prices on a recently-launched online storefront that Amazon set up to ship low-cost products directly from China. The storefront, called Amazon Haul, was Amazon’s answer to Shein and Temu.
Additionally, analysts from Morgan Stanley wrote in a Monday note that Amazon's first-party retail business, though which the company sells products purchased from manufacturers, has the highest exposure to the tariffs. The analysts estimate 25% of the merchandise sold through that business comes from China.",ABC News
https://abcnews.go.com/Technology/wireStory/house-lawmakers-push-ban-ai-app-deepseek-us-118536771,2025-02-06,House lawmakers push to ban AI app DeepSeek from US government devices,"House lawmakers push to ban AI app DeepSeek from US government devices
Lawmakers in the House are proposing to ban the Chinese artificial intelligence app DeepSeek from U.S. government devices
WASHINGTON -- A bipartisan duo in the the U.S. House is proposing legislation to ban the Chinese artificial intelligence app DeepSeek from federal devices, similar to the policy already in place for the popular social media platform TikTok.
Reps. Josh Gottheimer, D-N.J., and Darin LaHood, R-Ill., on Thursday introduced the “No DeepSeek on Government Devices Act,"" which would ban federal employees from using the Chinese AI app on government-owned electronics. They cited the Chinese government's ability to use the app for surveillance and misinformation as reasons to keep it away from federal networks.
“The Chinese Communist Party has made it abundantly clear that it will exploit any tool at its disposal to undermine our national security, spew harmful disinformation, and collect data on Americans,"" Gottheimer said in a statement. “We simply can’t risk the CCP infiltrating the devices of our government officials and jeopardizing our national security.""
The proposal comes after the Chinese software company in January published an AI model that performed at a competitive level with models developed by American firms like OpenAI, Meta, Alphabet and others. DeepSeek purported to develop the model at a fraction of the cost of its American counterparts. The announcement raised alarm bells and prompted debates among policymakers and leading Silicon Valley financiers and technologists.
The churn over AI is coming at a moment of heightened competition between the U.S. and China in a range of areas, including technological innovation. The U.S. has levied tariffs on Chinese goods, restricted Chinese tech firms like Huawei from being used in government systems and banned the export of state of the art microchips thought to be needed to develop the highest end AI models.
Last year, Congress and then-President Joe Biden approved a divestment of the popular social media platform TikTok from its Chinese parent company or face a ban across the U.S.; that policy is now on hold. President Donald Trump, who originally proposed a ban of the app in his first term, signed an executive order last month extending a window for a long term solution before the legally required ban takes effect.
In 2023, Biden banned TikTok from federal-issued devices.
“The technology race with the Chinese Communist Party is not one the United States can afford to lose,” LaHood said in a statement. “This commonsense, bipartisan piece of legislation will ban the app from federal workers’ phones while closing backdoor operations the company seeks to exploit for access. It is critical that Congress safeguard Americans’ data and continue to ensure American leadership in AI.”
The bill would single out DeepSeek and any AI application developed by its parent company, the hedge fund High-Flyer, as subject to the ban. The legislation includes exceptions for national security and research purposes that would allow federal employers to study DeepSeek.
Some lawmakers wish to go further. A bill proposed last week by Sen. Josh Hawley, R-Mo., would bar the import of export of any AI technology from China writ large, citing national security concerns.",ABC News
https://www.foxnews.com/entertainment/sylvester-stallone-putting-money-artificial-intelligence-after-godfather-warning,2025-02-04,Sylvester Stallone putting money into artificial intelligence after 'Godfather' warning,"Sylvester Stallone is the latest celebrity embracing artificial intelligence.
The ""Rocky"" star invested, along with several others, in Largo.ai, an AI-driven analytics platform for film, TV and advertising, raising $7.5 million in financing for the company.
""We are very happy to have a cinema legend like Sylvester Stallone supporting our journey. Stallone's story in cinema and the disruption that he created is truly very inspiring for any entrepreneur like me and his support in the new era of cinema with AI by being a partner in Largo.ai is truly encouraging for us,"" Largo.ai CEO and co-founder Sami Arpa told Fox News Digital in a statement.
Largo.ai currently works with more than 600 companies in film and TV, and has plans to expand its offerings with the launch of its Version 3, which will provide recommendations along with existing tools and generate early creative concepts, according to Deadline.
WHAT IS ARTIFICIAL INTELLIGENCE (AI)?
The news of Stallone’s investment in the company came after he was announced as a ""special ambassador"" to Hollywood by President Donald Trump, along with Jon Voight and Mel Gibson.
In January, President Trump wrote on his Truth Social platform, ""It is my honor to announce Jon Voight, Mel Gibson, and Sylvester Stallone, to be Special Ambassadors to a great but very troubled place, Hollywood, California.""
He continued, ""They will serve as Special Envoys to me for the purpose of bringing Hollywood, which has lost much business over the last four years to Foreign Countries, BACK—BIGGER, BETTER, AND STRONGER THAN EVER BEFORE!""
The ""Rambo"" star has been sharing some of the good and bad of AI on his social media recently.
TRUMP’S HOLLYWOOD ADVISORS SIGNAL ‘POLITICAL SHIFT’ IN TINSELTOWN: EXPERTS
Last month, Stallone shared stills from a fake ""Godfather 4"" trailer, writing in the caption, ""What is going on? Lol this is definitely not to be taken seriously!""
The creator of the fake ""Godfather 4"" video trailer sent a message to viewers explaining how it was made.
""Please note that this video is a concept trailer created solely for artistic and entertainment purposes. I have meticulously incorporated various effects, sound design, AI technologies, movie analytics, and other elements to bring my vision to life.""
This week, Stallone shared another image from another fake ""Godfather"" sequel. The poster shows the actor sitting behind a desk in a similar position to Marlon Brando in the original ""Godfather,"" with the fake title ""The Godfather Part the Family Legacy"" with the added text of ""First Trailer.""
CLICK HERE TO SIGN UP FOR THE ENTERTAINMENT NEWSLETTER
""Not Real ! Just for fun!!"" he wrote in the caption.
Stallone is the latest star to invest in AI technology.
Last year, Jared Leto invested in two different AI companies, a generative AI startup called Captions, and Pika, a program that lets people generate short videos from written prompts, images or videos.
Ashton Kutcher and music manager Guy Oseary co-founded Sound Venture, which included companies OpenAI, Anthropic and Stability AI in its portfolio, per Variety.
LIKE WHAT YOU’RE READING? CLICK HERE FOR MORE ENTERTAINMENT NEWS
Leonardo DiCaprio and Robert Downey Jr. have also invested in different AI companies with an environmental focus.
Downey Jr. did say in an interview last year he would ""sue"" if his likeness was recreated with AI.
AI has been a point of contention in Hollywood for the past two years, and several stars have spoken out against the technology.
In a recent interview with The Hollywood Reporter, Glenn Close questioned AI, asking ""What is going to be truth? What is true is going to be a big question.""
When asked her interpretation of AI, Close said, ""Depends on how it’s handled.""
""I don’t want my image or my voice to be reconstructed,"" she noted. ""I mean, people need jobs. It’s a sad dilemma.""
CLICK HERE TO GET THE FOX NEWS APP
Nicolas Cage has also been a vocal opponent, warning an audience at the 25th Newport Beach Film Festival last October, ""This technology wants to take your instrument. We are the instruments as film actors.""",Fox News
https://www.foxnews.com/opinion/ai-cant-wait-why-need-speed-win,2025-02-04,AI can’t wait: Why we need speed to win,"For a commander on the battlefield, a split second of decision advantage can determine the difference between victory and defeat. In every battlespace, AI is critical to enabling action at the speed of kinetic and non-kinetic conflict. It is already being successfully applied to rapid data processing, target recognition, combat simulation, countering drones and strategic decision-making for defense missions. And looking across current conflict zones and hot spots, we need its benefits faster than ever before, in environments from urban terrain to cyber, sea and space.
Contrary to well-intentioned, but misguided, arguments raised in a recent The New York Times op-ed, ""The Rush to A.I. Threatens National Security,"" accelerating the military’s responsible use of AI is not a threat – it’s an imperative. Speed is our most important weapon in a rapidly evolving geopolitical and technological environment.
We saw from the recent claims by Chinese startup DeepSeek that our near-peer competitors are pushing fast to close the gap in AI supremacy with models that are cheaper and faster than those yet produced by major U.S. companies. And though the veracity of DeepSeek’s claims is still to be verified, the message is clear: we cannot slow our progress. The closer our adversaries get, the harder it will be to pull away.
JD VANCE TO ATTEND AI SUMMIT IN PARIS, FRENCH OFFICIAL SAYS
President Donald Trump’s recent executive order aimed to enhance America’s AI leadership, noting that the U.S. ""must act decisively to retain leadership in AI and enhance our economic and national security."" As an advanced technology company supporting critical national security missions, we are fully aligned to this vision. To protect and advance our global leadership and democratic values, we don’t have the luxury of slowing down.
Our adversaries do not share America’s commitment to accurate, responsible, transparent AI – they are playing by different rules. The People’s Republic of China (PRC) can move fast for reasons that are not aligned with our democratic system. The best technology advancements created in the Chinese private sector are directly funneled to the People’s Liberation Army.
CLICK HERE FOR MORE FOX NEWS OPINION
Their venture capital funds are immense and backed by the government, allowing for sustained investment and limited pilot purgatory. They can accelerate their development by building on top of stolen U.S. intellectual property (IP), driving faster innovation cycles in autonomy, quantum, space and cyber. And they have far less governance around the responsible development of AI.
If the U.S. is not at the forefront of AI, our nation’s national security and economic prosperity are in great peril. Our success requires moving fast and building fearlessly.
And though the veracity of DeepSeek’s claims is still to be verified, the message is clear: we cannot slow our progress. The closer our adversaries get, the harder it will be to pull away.
It also requires working together across private industry, the federal government and Congress to truly speed outcomes. We must accomplish in the next two years what will take a decade in the current processes.
CLICK HERE TO GET THE FOX NEWS APP
National security is fundamentally a digital enterprise going forward. The most essential element to our success is the continued and sustained U.S.-led research, development, and deployment of AI to support our nation’s most critical missions.
This is not about political posturing. What’s at stake is our ability to shape and lead AI for good – to promote human flourishing, economic competitiveness and national security. We must win this race to maintain peace and stability through our speed.",Fox News
https://abcnews.go.com/US/chinese-tech-giant-quietly-unveils-advanced-ai-model/story?id=118572557,2025-02-07,Chinese tech giant quietly unveils advanced AI model amid battle over TikTok,"Chinese tech giant quietly unveils advanced AI model amid battle over TikTok
""This is probably the most impressive model I've seen,"" one AI expert said.
In the rapidly expanding field of artificial intelligence, the Chinese tech giant behind TikTok this week quietly unveiled an advanced AI model for generating video that leapfrogs the company ahead of its U.S. competition and raises new concerns about the threat of deepfake videos.
ByteDance's OmniHuman-1 model is able to create realistic videos of humans talking and moving naturally from a single still image, according to a paper published by researchers with the tech company.
Experts who spoke to ABC News warned that the technology -- if made available for public use -- could lead to new abuses and magnify the longstanding national-security concerns about Beijing-based ByteDance.
""If you only need one image, then all of the sudden, it's much easier to find a way to target someone,"" Henry Ajder, a world-leading expert on generative AI told ABC News. ""Previously, you might have needed hundreds of images, if not thousands, to create compelling, really interesting videos to train them on.""
After training the model on over 18,700 hours of human videos, ByteDance researchers boasted that the technology is ""unprecedented"" in ""accuracy and personalization,"" with users able to create ""extremely realistic human videos"" that significantly outperform existing methods. Based on a single still image, users can create content that lacks the telltale signs of artificial generation -- such as issues depicting hand movements or lip syncing -- and can potentially evade AI-detection tools, according to Ajder.
""This is probably the most impressive model I've seen to combine all of these different multimodal activities,"" Ajder said. ""The ability to generate custom voice audio to match the video is notable and then, of course, there's just the fidelity of the actual video outputs themselves. I mean, they're incredibly realistic. They're incredibly impressive.""
ByteDance declined ABC News' request for comment, and their research paper offered limited details about the source of the videos used to train the model.
A ByteDance representative told Forbes that the tool, if publicly deployed, would include safeguards against harmful and misleading content. Last year, TikTok announced that the platform would automatically label AI-generated content and generally work to improve AI literacy.
Among the videos released in the research paper, OmniHuman was used to transform a still image of Albert Einstein's portrait into a video of the theoretical physicist delivering a lecture. Other artificially generated videos depicted speakers delivering Ted Talks and musicians playing piano while singing. According to the research paper, the model can generate realistic video at any aspect ratio based on a single image and audio clip.
While the release of the model marks a new advancement in the rapidly growing field of artificial intelligence, it also raises the stakes of the harms that can stem from it, including deepfakes used to influence elections or produce non-consensual pornography, experts said.
According to John Cohen, an ABC News contributor and former head of intelligence at the Department of Homeland Security, the ability to create higher quality videos using AI could lead to ""dramatic expansion"" of the threats stemming from the content.
""The United States is in the midst of a dynamic and dangerous threat environment that in large part is fueled by online content that is purposely placed there by foreign intelligence services, terrorist groups, criminal organizations and domestic violence groups for the purposes of inspiring and informing criminal and oftentimes violent activities,"" Cohen said, warning that technology like OmniHuman could allow bad actors to create deep fakes ""more effectively, more efficiently and more cheaply.""
Ahead of the 2024 election, artificial intelligence was used by Russian individuals to sow discord among voters, including the dissemination of propaganda videos about immigration, crime, and the ongoing war in Ukraine, according to a recent report from the Brookings Institution, a nonpartisan research group.
While state and local authorities were able to correct much of the disinformation in real time, the advancing technology has had sprawling implications abroad. In Bangladesh -- a Muslim majority country -- AI was used to create a scandalous fake image of a politician in a bikini, and in Moldova, similar technology was used to create a fake video of the country's pro-West president supporting a political party aligned with Russia.
Before last year's New Hampshire primary, AI was used to create a phone call impersonating the voice of President Joe Biden encouraging recipients of the call to ""save your vote"" for the November general election, rather than participate in the critical early primary. The New Hampshire attorney general's office described the calls as ""an unlawful attempt to disrupt the New Hampshire Presidential Primary Election and to suppress New Hampshire voters.""
While OmniHuman has not been released for public use, Ajder predicted that the tool could soon be rolled out across ByteDance's platforms, including TikTok. The prospect adds to the complex dilemma the United States faces, as companies like ByteDance are required to support and cooperate with operations by China's military and intelligence services, according to Cohen.
ByteDance's technological success comes as the U.S. has invested record amounts of money to advance AI technology. President Donald Trump -- who named a so-called ""AI czar"" to his administration -- last month announced a $500 billion private sector AI investment between the companies OpenAI, Softbank and Oracle.
""The challenge is that our federal government has for years been too slow to react to this threat environment,"" Cohen said. ""Until we do that, we're going to be behind the eight ball in dealing with these emerging threats.""
ABC News' Kerem Inal and Chris Looft contributed to this report.",ABC News
https://abcnews.go.com/International/wireStory/trumps-ai-ambition-chinas-deepseek-overshadow-ai-summit-118618603,2025-02-09,Trump's AI ambition and China's DeepSeek overshadow an AI summit in Paris,"Trump's AI ambition and China's DeepSeek overshadow an AI summit in Paris
The geopolitics of artificial intelligence will be in focus at a major summit in France this week
PARIS -- The geopolitics of artificial intelligence will be in focus at a major summit in France where world leaders, executives and experts will hammer out pledges on guiding the development of the rapidly advancing technology.
It's the latest in a series of global dialogues around AI governance, but one that comes at a fresh inflection point as China's buzzy and budget-friendly DeepSeek chatbot shakes up the industry.
U.S. Vice President JD Vance — making his first trip abroad since taking office — will attend the Paris AI Action Summit starting Feb. 10, while China's President Xi Jinping will be sending his special envoy, signaling high stakes for the meeting.
Here's a breakdown:
Heads of state and top government officials, tech bosses and researchers are gathering in Paris for the two-day summit cohosted by French President Emmanuel Macron and Indian Prime Minister Narendra Modi. The event aims to address how to harness artificial intelligence’s potential so that it benefits everyone, while containing the technology’s myriad risks.
European Commission President Ursula von der Leyen is attending, along with officials and CEOs from 80 countries, including German Chancellor Olaf Scholz, Canadian Prime Minister Justin Trudeau, OpenAI CEO Sam Altman, Microsoft President Brad Smith and Google CEO Sundar Pichai.
Tesla CEO Elon Musk, who attended the inaugural 2023 summit at former codebreaking base Bletchley Park in England, and DeepSeek founder Liang Wenfeng have been invited, but it’s unclear if either will attend.
Panel talks and workshops at the Grand Palais venue on Monday will be followed by a dinner at the Elysee presidential palace for world leaders and CEOs. Leaders and company bosses are expected to give speeches at Tuesday’s closing session.
More than two years after ChatGPT's debut, generative AI continues to make astounding advances at breakneck speed. The technology that powers all-purpose chatbots is transforming many aspects of life with its ability to spit out high-quality text, images or video, or carry out complex tasks.
The 2023 summit in the U.K. resulted in a non-binding pledge by 28 nations to tackle AI risks. A follow-up meeting hosted by South Korea last year secured another pledge to set up a network of public AI safety institutes to advance research and testing.
AI safety is still on the agenda in Paris, with an expert group reporting back on general purpose AI's possible extreme dangers.
But this time organizers are expanding the discussion to more countries, and widening the debate to a range of other AI-related topics. Like previous editions, this summit won't produce any binding regulation.
“The summit comes at a time when many are trying to position themselves in the international competition,” Macron told reporters, according to La Provence newspaper. “It’s about establishing the rules of the game. AI cannot be the Wild West.”
Organizers are working on getting countries to sign a joint political declaration gathering commitments for more ethical, democratic and environmentally sustainable AI, according to Macron’s office. But it's unclear whether the U.S. would agree to such a measure.
Another big goal is securing an agreement for a public-interest partnership for AI. Paris seeks to raise 2.5 billion euros ($2.6 billion) for the public-private partnership involving governments, businesses and philanthropic groups that will provide open-source access to databases, software and other tools for “trusted” AI actors, Macron's office said.
Macron's team wants to shift the focus away from the race to develop better-than-human artificial intelligence through sheer computing power and, instead, open up access to data that can help AI solve problems like cancer or long COVID.
“We now have this incredible opportunity to figure out not only how we should mitigate the potential harms from artificial intelligence, but also how we can ensure that it’s used to improve people’s lives,” said Martin Tisné, the summit’s special envoy for public interest AI.
U.S. President Donald Trump has spoken of his desire to make the U.S. the “world capital of artificial intelligence” by tapping its oil and gas reserves to feed the energy-hungry technology. Meanwhile, he has moved to withdraw the U.S. — again — from the Paris climate agreement and revoked former President Joe Biden's executive order for AI guardrails.
Trump is replacing it with his own AI policy designed to maintain America's global leadership by reducing regulatory barriers and building AI systems free of “ideological bias.”
The U.S. position might undermine any joint communique, said Nick Reiners, senior geotechnology analyst at the Eurasia Group.
“Trump is against the very idea of global governance,” Reiners said. “It’s one thing to get countries to agree that AI should have guardrails and that AI safety is something worth caring about. But they’ve widened the scope to talk about the future of work and the environment and inclusivity and so on — a whole range of concepts. So it’s hard to imagine getting a widespread agreement on such a broad range of subjects.”
Chinese leader Xi is sending Vice Premier Zhang Guoqing, who's been elevated to the role of Xi's special representative.
It's a big step up from the 2023 Bletchley meeting, when the Chinese government sent the vice minister of science and technology. It signifies that Xi wants China to play a bigger role in global AI governance as Trump pulls back, Reiners said.
DeepSeek ’s release last month stunned the world because of its ability to rival Western players like ChatGPT. It also escalated the wider geopolitical showdown between Beijing and Washington over tech supremacy.
Trump said DeepSeek was a “wake-up call” for the U.S. tech industry and his AI advisor David Sacks accused DeepSeek of training its model on stolen OpenAI data. The DeepSeek chatbot app now faces investigations, and in some cases, bans in the U.S. and a number of other countries over privacy and security concerns.
Yet the rise of DeepSeek, which built its open source AI model at a fraction of the cost and with fewer chips, also puts China's interests in line with France's.
Organizers want the summit to act as a “wake-up call” for France and the wider European tech scene to catch up with AI advances, which have been led by the U.S. and China. Macron hopes to make room for others, including French startup Mistral, which also uses an open source AI model.
“DeepSeek is being seen as a kind of vindication of this idea that you don’t have to necessarily invest hundreds of billions of dollars in in chips and data centers,” Reiners said.
Another showdown could involve Brussels, which has long been a thorn in the side of U.S.-based Big Tech companies, cracking down with antitrust penalties against the likes of Google, Apple and Meta. Trump lashed out at last month's World Economic Forum with “very big complaints” about the EU’s multibillion-dollar fines, calling them a tax on American companies.
More recently, the EU’s artificial intelligence regulation has met resistance from the companies. The European Union recently unveiled a non-binding ""code of practice” for its AI Act but Meta's top lobbyist said the company, which owns Facebook and Instagram, won’t sign up.
The EU guidelines, intended to standardize how the AI Act's regulations are applied across the 27-nation bloc, are “unworkable” and the continent’s regulatory environment is “pushing Europe to the sidelines,” Chief Global Affairs Officer Joel Kaplan told a Brussels event.
——
Chan reported from London. AP writer John Leicester in Paris contributed to this report.",ABC News
https://www.foxnews.com/politics/new-frontier-ai-powered-teacher-less-charter-schools-get-mixed-reviews-from-state-officials,2025-02-07,New frontier of AI-powered ‘teacher-less’ charter schools get mixed reviews from state officials,"Artificial intelligence may be the new frontier for childhood schooling, but the idea of teacherless classrooms has received mixed reviews from state education officials.
Unbound Academy, a Texas-based institution billing itself as the nation’s first virtual, tuition-free charter school for grades 4 through 8, reportedly employs AI to teach students in a way that can be geared toward the individual student without ""frustration[s]"" sometimes present in traditional schooling.
While such schools have seen success in being approved to educate students in Arizona, Unbound was formally rejected by the Pennsylvania Department of Education in a letter obtained by Fox News Digital.
WY MAN SOUGHT BID TO ELECT FIRST AI BOT MAYOR
In a letter to an Unbound Academy official with a Lancaster office address, Secretary Angela Fitterer said her office has found ""deficiencies"" in all five criteria needed for approval to teach Keystone State students.
Pennsylvania’s Charter School law denotes a school must demonstrate sustainable support for the cyber charter school plan from teachers, parents and students. It must also exhibit the capacity to provide ""comprehensive learning experiences,"" enable students to meet academic standards, and abide by Section 1747(a) of the law, which pertains to governance, policy, facility and assessment.
""Artificial intelligence tools present unique opportunities in the classroom that educators across Pennsylvania are already exploring how to effectively, ethically and safely implement,"" a spokeswoman for Fitterer told Fox News Digital.
""However, the AI instructional model being proposed by this school is untested and fails to delineate how artificial intelligence tools would be used to ensure that the education provided aligns with PA state standards,"" she said.
In its application, Unbound cited its work with ""2HR Learning"" an ""innovated educational approach that combines AI technology, personalized learning paths, and a focus on life skills development to revolutionize the learning experience,"" according to the Scranton Times-Tribune.
However, Unbound saw success in Arizona, which approved an academy for the 2025-26 school year, while being rejected in three states besides Pennsylvania, according to the Arizona Republic.
Two hours are set aside for core instruction, and the rest of the day is geared toward students pursuing ""personal interests"" and life skills workshops.
Unbound Academy co-founder MacKenzie Price told the paper the Grand Canyon State was appealing because of its welcoming of school choice tenets.
Another state official on the frontier of educational evolution is Oklahoma Superintendent of Education Ryan Walters.
SCOTUS TO CONSIDER EFFORT TO ESTABLISH NATION'S FIRST PUBLICLY-FUNDED RELIGIOUS CHARTER SCHOOL
In recent months, Walters has spearheaded efforts to return the Bible to schools, root out foreign influence in curriculum, and AMIRA – a new literacy initiative, among other endeavors. His state is also set to appear before the Supreme Court this term in regard to interest in allowing a Catholic charter school to receive state funding.
Walters said he has not yet seen an application for Unbound or any other AI-powered charter school, but believes that if parents desire the option in the Sooner State, he will consider it.
""You have to show parental support that they're asking for it,"" he said.
""You also have to be very transparent. Where's the technology based out of? Who is developing it? We do not want any situation where you've got a CCP or [similar] country, involved there with the technology. . . . You need to be very upfront. Where is the technology developed? What is the curriculum look like?""
With Oklahoma’s major agricultural sector, many schoolchildren work hours on their family farms when they’re not in class. Walters said virtual learning has helped Oklahoma families in the near-term, and suggested an AI school would have a similar setup.
CLICK HERE TO GET THE FOX NEWS APP
He said his state is always open to the next frontier of childhood education.
""Catholics have some of the most successful schools in our state in the country. They brought us a model that said we'd like to try out so many of the things that have worked for us in our private schools at a charter school. We can make it available for more kids,"" he said.
""We appreciate the Catholic Church for putting the application before us [and] the radical atheists and teachers union folks – they're dead wrong on this.""
Walters said – just as Harrisburg deemed the AI-powered charter school did not meet its qualifications – Oklahoma believes the new Catholic charter school met its criteria.
""This is the next frontier of school choice – we want more schools. We want more charter schools.""
Fox News Digital reached out to Unbound Academy for comment and further information on its other state applications.",Fox News
https://abcnews.go.com/International/wireStory/high-stakes-ai-summit-paris-world-leaders-tech-118642847,2025-02-10,"AI summit in Paris: World leaders, tech titans and challenging diplomatic talks","AI summit in Paris: World leaders, tech titans and challenging diplomatic talks
Major world political leaders are meeting for an AI summit in Paris, where challenging diplomatic talks are expected while tech titans fight for dominance in the fast-moving technology industry
PARIS -- Major world political leaders are meeting for an AI summit in Paris, where challenging diplomatic talks are expected while tech titans fight for dominance in the fast-moving technology industry.
Heads of state, top government officials, CEOs and scientists from around 100 countries are participating in the two-day international summit starting Monday.
High-profile attendees include U.S. Vice President JD Vance, on his first overseas trip since taking office, and Chinese Vice Premier Zhang Guoqing.
“We’re living a technology and scientific revolution we’ve rarely seen,” French President Emmanuel Macron said Sunday on national television France 2.
France and Europe must seize the “opportunity” because AI ""will enable us to live better, learn better, work better, care better and it’s up to us to put this artificial intelligence at the service of human beings,” he said.
The summit will give some European leaders a chance to meet Vance for the first time. The 40-year-old vice president was just 18 months into his time as Ohio’s junior senator when Donald Trump picked him as his running mate.
On Tuesday, Vance will have a working lunch with Macron, with discussions on Ukraine and the Middle East on the menu.
Vance, like President Donald Trump, has questioned U.S. spending on Ukraine and the approach to isolating Russian President Vladimir Putin. Trump promised to end the fighting within six months of taking office.
Vance will attend later this week the Munich Security Conference, where he may meet Ukrainian President Volodymyr Zelenskyy. The vice president was joined by his wife Usha and their three children — Ewan, Vivek and Mirabel — for the trip to Europe.
Leaders in Europe have been watching carefully Trump's recent statements on threats to impose tariffs on the European Union, take control of Greenland and his suggestion that Palestinians clear out Gaza once the fighting in the Israel-Hamas conflict ends — an idea that’s been flatly rejected by Arab allies.
The summit, which gathers major players such as Google, Microsoft and OpenAI, aims at fostering AI advances in sectors like health, education, environment and culture.
A global public-private partnership named “Current AI” is to be launched to support large-scale initiatives that serve the general interest.
The Paris summit “is the first time we’ll have had such a broad international discussion in one place on the future of AI,” said Linda Griffin, vice president of public policy at Mozilla. “I see it as a norm-setting moment.”
Nick Reiners, senior geotechnology analyst at Eurasia Group, noted an opportunity to shape AI governance in a new direction by “moving away from this concentration of power amongst a handful of private actors and building this public interest AI instead.""
However, it remains unclear if the U.S. will support such initiatives.
French organizers also hope the summit will lead to major investment announcements in Europe.
France is to announce AI private investments worth a total of 109 billion euros ($113 billion) over the coming years, Macron said, presenting it as “the equivalent” of Trump's Stargate AI data centers project.
India’s Prime Minister Narendra Modi is co-hosting the summit with Macron, in an effort to involve more global actors in AI development and prevent the sector from becoming a U.S.-China battle.
India’s foreign secretary, Vikram Misri, stressed the need for equitable access to AI to avoid ""perpetuating a digital divide that is already existing across the world.”
Macron will also travel Wednesday with Modi to the southern city port of Marseille to inaugurate a new Indian consulate and visit the ITER nuclear research site.
France has become a key defense partner for India, with talks underway on purchasing 26 Rafale fighter jets and three Scorpene submarines. Officials in New Delhi said discussions are in final phase and the deal could be inked in a few weeks.
___
AP journalists Kelvin Chan in Paris and Aijaz Hussain in New Delhi contributed to this report.",ABC News
https://abcnews.go.com/Technology/wireStory/high-stakes-ai-summit-paris-world-leaders-tech-118642849,2025-02-10,"High-stakes AI summit in Paris: World leaders, tech titans and challenging diplomatic talks","High-stakes AI summit in Paris: World leaders, tech titans and challenging diplomatic talks
Major world political leaders are meeting for an AI summit in Paris, where challenging diplomatic talks are expected while tech titans fight for dominance in the fast-moving technology industry
PARIS -- Major world political leaders are meeting for an AI summit in Paris, where challenging diplomatic talks are expected while tech titans fight for dominance in the fast-moving technology industry.
Heads of state, top government officials, CEOs and scientists from around 100 countries are participating in the two-day international summit starting Monday.
High-profile attendees include U.S. Vice President JD Vance, on his first overseas trip since taking office, and Chinese Vice Premier Zhang Guoqing.
“We’re living a technology and scientific revolution we’ve rarely seen,” French President Emmanuel Macron said Sunday on national television France 2.
France and Europe must seize the “opportunity” because AI ""will enable us to live better, learn better, work better, care better and it’s up to us to put this artificial intelligence at the service of human beings,” he said.
The summit will give some European leaders a chance to meet Vance for the first time. The 40-year-old vice president was just 18 months into his time as Ohio’s junior senator when Donald Trump picked him as his running mate.
On Tuesday, Vance will have a working lunch with Macron, with discussions on Ukraine and the Middle East on the menu.
Vance, like President Donald Trump, has questioned U.S. spending on Ukraine and the approach to isolating Russian President Vladimir Putin. Trump promised to end the fighting within six months of taking office.
Vance will attend later this week the Munich Security Conference, where he may meet Ukrainian President Volodymyr Zelenskyy. The vice president was joined by his wife Usha and their three children — Ewan, Vivek and Mirabel — for the trip to Europe.
Leaders in Europe have been watching carefully Trump's recent statements on threats to impose tariffs on the European Union, take control of Greenland and his suggestion that Palestinians clear out Gaza once the fighting in the Israel-Hamas conflict ends — an idea that’s been flatly rejected by Arab allies.
The summit, which gathers major players such as Google, Microsoft and OpenAI, aims at fostering AI advances in sectors like health, education, environment and culture.
A global public-private partnership named “Current AI” is to be launched to support large-scale initiatives that serve the general interest.
The Paris summit “is the first time we’ll have had such a broad international discussion in one place on the future of AI,” said Linda Griffin, vice president of public policy at Mozilla. “I see it as a norm-setting moment.”
Nick Reiners, senior geotechnology analyst at Eurasia Group, noted an opportunity to shape AI governance in a new direction by “moving away from this concentration of power amongst a handful of private actors and building this public interest AI instead.""
However, it remains unclear if the U.S. will support such initiatives.
French organizers also hope the summit will lead to major investment announcements in Europe.
France is to announce AI private investments worth a total of 109 billion euros ($113 billion) over the coming years, Macron said, presenting it as “the equivalent” of Trump's Stargate AI data centers project.
India’s Prime Minister Narendra Modi is co-hosting the summit with Macron, in an effort to involve more global actors in AI development and prevent the sector from becoming a U.S.-China battle.
India’s foreign secretary, Vikram Misri, stressed the need for equitable access to AI to avoid ""perpetuating a digital divide that is already existing across the world.”
Macron will also travel Wednesday with Modi to the southern city port of Marseille to inaugurate a new Indian consulate and visit the ITER nuclear research site.
France has become a key defense partner for India, with talks underway on purchasing 26 Rafale fighter jets and three Scorpene submarines. Officials in New Delhi said discussions are in final phase and the deal could be inked in a few weeks.
___
AP journalists Kelvin Chan in Paris and Aijaz Hussain in New Delhi contributed to this report.",ABC News
https://www.politico.eu/article/britain-ditches-declaration-and-pitches-for-cash-in-paris/,2025-02-10,"Britain ditches AI declaration, pitches for cash","| SNEAK PEEK |
— As the AI Action Summit kicks off, the U.K. is tempted against signing its main declaration.
— Peter Kyle takes his investment pitch to Paris.
— Back at home, there’s a backlash against the Home Office over encryption.
AI generated Text-to-speech
A daily download of the topics driving the tech policy agenda, from Brussels to London to Silicon Valley.
By TOM BRISTOW
with OCÉANE HERRERO, PIETER HAECK, and JOSEPH BAMBRIDGE
| SNEAK PEEK |
— As the AI Action Summit kicks off, the U.K. is tempted against signing its main declaration.
— Peter Kyle takes his investment pitch to Paris.
— Back at home, there’s a backlash against the Home Office over encryption.
Good Monday morning,
This is Tom in Paris.
You can get in touch with your news, tips and views by emailing Tom Bristow and Laurie Clarke. You can also follow us on Twitter @TomSBristow and @llaurieclarke.
| DRIVING THE DAY |
HERE WE DON’T GO: The U.K. will not sign the diplomatic declaration which will wrap up the Paris AI Action Summit on Tuesday, according to people familiar with discussions. The declaration, which pledges to work towards “inclusive and sustainable AI”, has not got U.S. backing, and without that, the Brits also have cold feet about giving it their stamp of approval.
It’s not you: The problem is not so much the wording but the geopolitics. Britain is trying to tread a line between Europe and the U.S. and is wary of anything that will annoy the Trump administration, though negotiations are ongoing. DSIT declined to comment.
Not fussed: One French official played down the importance of signatures, saying: “The big diplomatic declarations, they’re not what matters.” They emphasized that France would rather “shift the perspective and the conversation” on AI. A second just said “we’ll see” when asked about the U.K. signing.
Get serious: MTUK has seen an “alternative Paris Declaration” circulating on private channels. It describes the latest draft of the official statement as showing “deep-rooted unseriousness” with “meaningless commitments.” It wants action from the West to “secure its primacy in AI”, more military applications, and for frontier labs to be “publicly committing to Western victory” over China.
Sovereign rules: And it’s not just online edgelords. Much of the pre-summit talk yesterday was of AI “sovereignty.” “The future of AI is a political issue and an issue of sovereignty and strategic dependence,” French President Emmanuel Macron wrote on LinkedIn.
French play: The hosts are looking to use the summit to reassert France and Europe as serious global AI powers. France will announce €109 billion of AI investment around this week’s summit, Macron said on Sunday, including up to €50 billion from the UAE for new data centers. Its AI darling, Mistral, announced yesterday that its first AI cluster outside of Paris will be up and running in months.
Listen up: In an interview with POLITICO, Mistral co-founder Arthur Mensch said he intends to prove that France and Europe “once again have something to say” on AI.
Happening today: The official part of the summit takes place today and tomorrow at the Grand Palais and will be attended by world leaders including U.S. Vice President JD Vance, Indian Prime Minister Narendra Modi, Chinese Vice Premier Zhang Guoqing and European Commission President Ursula von der Leyen, as well as tech bosses like OpenAI’s Sam Altman and Google’s Sundar Pichai.
On the agenda: The action starts from 9:30 a.m. with panels on AI security with Microsoft’s Brad Smith and Signal’s Meredith Whittaker, AI safety with Yoshua Bengio and Anthropic’s Dario Amodei and AI in the public interest with LinkedIn’s Reid Hoffman and Mozilla’s Nabiha Syed. A side conference this afternoon is dedicated to military AI.
VIPs only: But the real excitement is happening behind closed doors. Macron is hosting a dinner for world leaders and tech execs tonight ahead of the leaders plenary session on Tuesday.
Thrifty French: While that dinner promises to be haute cuisine, organization for the rest of the summit has been rather last minute (less polite adjectives available). Our Paris colleagues report that the summit is being done at around a third of the price of its Bletchley predecessor, coming in at €13 million compared to Bletchley’s €33 million.
We got a framework: While AI has slipped firmly down the pecking order of priorities this week, the summit has already yielded some results. On Friday, the OECD launched a reporting framework to monitor adoption of an code of conduct for organizations developing advanced AI launched under G7 “Hiroshima Process.”
Rocky start: But in less good news for the organizers, one of the summit’s main announcements — a “Public Interest Platform” with $400 million of funding — was leaked in the French press yesterday. The initiative, called CurrentAI, was meant to be unveiled on Tuesday afternoon. Nine countries are supporting it, including France, Germany and Nigeria.
**The AI Fringe by Milltown Partners is back. We're bringing a diverse set of voices together across 11 and 12 February at the British Library to delve into the themes and outcomes from the AI Action Summit in Paris and what they mean for policymakers, businesses and citizens. More here.**
| AGENDA |
LORDS: For those not in Paris, Conservative peer Christopher Holmes should elicit an update on the government’s approach to AI with a question in the Lords on AI legislation related to intellectual property, automated decision-making and data labeling.
| AROUND THE WORLD |
STILL BULLISH: OpenAI is closing in on a $260 billion valuation that would involve $40 billion investment from SoftBank, CNBC reports. It comes as Big Tech firms plan to invest $300 billion in AI infrastructure this year, the NYT notes.
LAST DITCH: Taiwanese officials have headed to Washington to discuss possible U.S. tariffs that could hit chip exports, Reuters reports.
INCOMING: Meta will begin making global layoffs today, Reuters reports.
X PROBES: After a German court on Thursday ruled that X must immediately provide researchers with access to data on political content ahead of the country’s election, French investigators confirmed that they’ve also opened a probe into X.
DOGE WATCH: A U.S. federal judge issued a sweeping block on most Trump administration officials — including Elon Musk — from accessing sensitive Treasury records.
HANDS-ON: The WSJ reports that President Trump has tasked JD Vance with finding a buyer for TikTok’s U.S. operations. (Musk isn’t interested.)
LEGAL CHALLENGE: Four British families are suing TikTok in a U.S. court, claiming the platform contributed to their children’s deaths through its addictive design and failing to block physically harmful content. The BBC has more.
| ARTIFICIAL INTELLIGENCE |
TWO CAN PLAY THAT GAME: France has switched the focus of its AI summit to showcasing the best of French and European tech. Today, the U.K. will make a pitch for some of the investment to go its way, using the summit to invite interest in AI Growth Zones. It follows an “AI for Growth” event at the British Embassy in Paris on Thursday.
Pitch in Paris: Technology Secretary Peter Kyle, who’s in the French capital, said: “We’re leaving no stone unturned in how we can harness expertise from all over the U.K. to deliver new opportunities, fresh growth, better public services and cement our position as an AI pioneer, and that’s the message I will be sending to international partners and AI companies.”
Apply please: The first AI Growth Zone is already slated for Culham, Oxfordshire. DSIT is now inviting local and regional authorities, data center firms and energy companies to submit expressions of interest to host other zones. It says “exploratory work” will begin immediately, with the selection process starting “in the spring” and confirmation of sites by the summer.
The criteria: The zones, which will benefit from fast-tracked planning permission, must either have existing energy connections or the ability to scale to 500 MW of power, meaning former industrial sites and locations close to major energy projects are the target. Authorities in Scotland, Wales and northern England are all being encouraged to apply, after regional mayors were invited to an AI drinks reception in No. 10 last week.
Game plan: In an indication of how far safety has slipped down the priority list, DSIT said while Kyle will “bang the drum” for inward investment to deliver on the government’s AI Opportunities Action Plan while in Paris. Matt Clifford, who’s advising the U.K. government on delivery of the plan, told a Tony Blair Institute event last night his focus is now on identifying where the U.K. can “play and win.”
Find your niche: On the same panel, investor Teresa Carlson from General Catalyst said countries were becoming more nationalist on AI, but Singapore’s Digital Minister Josephine Teo called for nations to cooperate while playing to their strengths.
Other takeaways: Marc Warner, founder of Faculty AI, slammed the U.K. government’s lack of digital skills and questioned how much any country could steer the AI revolution, comparing it to the industrial revolution.
Deep who? At a separate event at its Paris AI lab, Google DeepMind’s Demis Hassabis said “we’re close” to AGI, giving a timeline of around five years. He also offered a reality check to the hype of DeepSeek. “There’s no actual new scientific advance here. It’s using known techniques. Actually many of the techniques we invented at Google,” he quipped.
| ENCRYPTION |
UNITE FOR ENCRYPTION: The Home Office has managed to unite the tech industry and privacy groups in anger after reportedly ordering Apple to give it access to users’ encrypted data under the Investigatory Powers Act.
On notice: The act, which was amended last year, allows the U.K. government to order firms to provide access to encrypted data under a “Technical Capability Notice.” The notices are not made public, but The Washington Post reported on Friday that Apple was issued such a notice last month. Apple can appeal the notice, but has to comply in the meantime.
Backdoor worries: The government has previously argued that criminals and child abusers use encryption to escape prosecution. But Jurgita Miseviciute, head of public policy at Proton, said creating a backdoor for Apple could be exploited by others. “Compliance from Apple would create a dangerous precedent,” she added.
Sure this is a good idea? “The reported details suggest the U.K. is seeking the ability to access encrypted information Apple users store on iCloud, no matter their location,” said Privacy International’s legal director, Caroline Wilson Palow. “This overreach sets a hugely damaging precedent and will embolden abusive regimes the world over.” Rebecca Vincent, from Big Brother Watch, described it as an “unprecedented attack on privacy rights that has no place in any democracy.”
Gone too far: Matthew Sinclair, U.K. senior director at tech lobby CCIA, whose members include Apple, said: “The Government should work urgently to reassure the public, companies operating vital digital services here in the U.K. and our international partners that this kind of overreach will not be permitted to stand.” U.S. lawmakers want the U.S. government to intervene, the Post reports.
Terrified: Matthew Hodgson, chief executive of Element, a secure communications platform used by governments, said it marked a “terrifying escalation in the fight to protect users from blanket surveillance.” He described surveillance backdoors as a “catastrophically flawed idea” as they could be exploited by criminals or hostile states.
Just get out: “Apple should withdraw from the UK rather than comply with this order,” he added. An Apple spokesperson said they were unable to comment, but the company has previously said it would rather remove services from the U.K. than weaken encryption.
| BEFORE YOU GO |
BETTER LATE THAN NEVER: Peter Kyle has belatedly opened a LinkedIn account. “I want to use this platform to exchange ideas with you — leaders from industry and civil society — because we all have a stake in the future of science and tech in the U.K.” his first post reads.
FURTHER READING: As Kyle chases cash for AI infrastructure, a new report from the Ada Lovelace Institute warns that “without careful policy design, public compute investments risk entrenching existing market concentration in AI development and contributing to the environmental harms.”
Speaking of: On that note, a separate paper from the Royal Academy of Engineering calls on the government to impose environmental reporting mandates and sustainability conditions as part of its data center push, with the BBC reporting that Thames Water is talking to the government about managing the water demand from data centers.
Step back: In its own report, the IPPR think tank says we need “a new politics of AI” that doesn’t just consider how it can be rolled out quickly and safely, but also the societal purposes. It suggests linking the government’s missions with incentives for developing AI.
CONGRATS: Three professors have been awarded Turing AI World-Leading Researcher Fellowships, supporting them to move to or remain in the U.K.
FOR GOOD MEASURE: Ousted former CMA chair Marcus Bokkerink has returned with another five-pager detailing changes he implemented at the regulator that “resulted in a significantly different CMA to the one I found in 2022.”
TRACKING CONCERN: The Observer says dozens of gambling websites are sharing tracking data with Meta without explicit consent in apparent breach of data protection rules.
GRIM: Coroners have flagged nine cases of online-related death by suicide to DSIT in the past 12 months, according to a written answer.
Morning Technology UK wouldn’t happen without the production team.",POLITICO
https://www.foxnews.com/opinion/condoleezza-rice-amy-zegart-chinas-deepseek-ai-escalates-fight-innovate-4-trends-dont-dare-miss,2025-02-07,"CONDOLEEZZA RICE, AMY ZEGART: China’s DeepSeek AI escalates fight to innovate. 4 trends we don’t dare miss","DeepSeek’s new AI model is causing deep consternation from Silicon Valley to Washington. Few would have predicted that a little-known Chinese startup with a couple of hundred homegrown engineers would be able to release a frontier AI model rivaling the capabilities of America’s best and biggest tech companies – reportedly at a fraction of the cost and computational power.
Experts are hotly debating just how many and which type of chips DeepSeek used and whether the company stockpiled them or circumvented U.S. export controls. But the release and viral adoption of a Chinese AI competitor model has already rattled markets, highlighted the urgent competition for global brainpower, and caused some to ask whether all those billions that U.S. tech companies have spent buying chips and building data centers built a competitive moat or a Maginot line.
This moment is game on, not game over. U.S. researchers are already reverse engineering the model and no doubt will be applying DeepSeek’s clever engineering advances to accelerate improvements here at home. But the challenge for the United States goes far beyond engineering. Technology, economics and geopolitics are intersecting in new ways, and seizing the future requires understanding the future.
TOP REPUBLICAN MOVES TO RESTRICT AI EXPORTS AMID CONCERNS OVER CHINESE TECH
Today, a principal foreign policy challenge for the nation is harnessing emerging technologies and understanding their implications faster and better than our adversaries. Technology has always driven geopolitics, from Roman aqueducts to nuclear weapons. But this moment is different: Never have so many transformational technologies changed so much so fast.
Glimpses of the future are already here.
Generative AI is writing much of the world’s computer code and is estimated to add trillions of dollars to the global economy annually – equivalent to the GDP of the United Kingdom.
In what may be a historic first, Ukraine has been waging effective naval warfare without a navy, sinking two dozen Russian warships and denying Russia control of the Black Sea with thousands of homemade drones and other DIY weapons using some parts made from consumer 3D-printers.
When the COVID-19 pandemic erupted, the first Swiss case came from the Internet, not infected humans. In February 2020, researchers at the University of Bern recreated the virus in just a week, using yeast, published genome sequences from China and mail-order DNA before the first human case was reported in the country.
In today’s globalized economy, technological competition has become a high-stakes geopolitical battleground. We don’t have to guess what America’s adversaries desire or intend. They tell us. Russian President Vladimir Putin has said whoever controls AI will rule the world.
Chinese President Xi Jinping has made no secret of his plans to overtake the U.S. as a technological power, buying, stealing and developing capabilities in everything from synthetic biology to batteries. Last year, China surpassed the U.S. as the nation with the most highly cited scientific publications in the world. And China is doubling down on investment, spending 1.3% of its GDP on research, while U.S. federal spending has shrunk to just 0.65% of GDP.
Sustaining American innovation leadership is essential for the nation’s economy and security. It is also the linchpin for maintaining a dynamic global technology innovation ecosystem and securing its benefits for the U.S. and the world. This new era of technology-driven competition raises critical questions about everything from how America approaches intelligence gathering to how it thinks about and funds basic science research.
Universities can help.
In 2023, we joined with Stanford University colleagues to launch the Stanford Emerging Technology Review (SETR), the first-ever collaboration between the School of Engineering and the Hoover Institution. SETR brings together nearly 100 leading science and engineering faculty, social science faculty and policy experts to help decisionmakers understand discoveries in our labs and in the world, as well as their geopolitical implications – at the speed of relevance.
In addition to demystifying technologies and debunking misperceptions, we identify key trends and themes that cut across fields and are often overlooked. Four stand out.
First, ""policymakers"" are not just government officials. Scientists, engineers, investors and executives are policymakers, too, even if they may not realize it. Every new invention is imbued with policy choices. Early versions of Google’s Gemini AI model did not generate images of female popes and Black Nazis by accident. Google engineers made countering gender and racial bias more of a priority in their algorithmic design than historical accuracy.
DeepSeek’s AI model deliberately avoids discussing any topic that could offend the Chinese Communist Party. As these examples suggest, technology is policy. Washington needs to reframe processes, from who gets intelligence to who gets included, to incorporate a broader set of decision-makers.
Second, the shifting locus of innovation inside the United States has created worrisome intelligence gaps. For decades, technological breakthroughs, including GPS satellites and the Internet, were invented inside government for national security purposes and later commercialized. Now it’s the reverse: innovations typically occur in the academic and commercial sectors and the government is struggling to track and adopt them.
And because U.S. spy agencies have historically faced outward, collecting foreign intelligence, they have never developed a robust capability to determine how U.S. technological advancements compare to those of other nations. The CIA and Office of the Director of National Intelligence are working to narrow these gaps, but the U.S. remains vulnerable to strategic technical surprise. DeepSeek is a near-miss, a surprise that, fortunately, is unlikely to give China sustained advantage. We may not be so lucky next time.
Third, emerging technologies are intersecting and accelerating each other in powerful, often-hidden ways. AI, for example, is poised to revolutionize materials science by screening candidate compounds at superhuman speeds to better predict which ones are most likely to exhibit desirable properties. Materials science is also poised to supercharge AI, by identifying new semiconductors that could be used to develop energy-efficient chips which are essential to reduce the cost of training AI models.
The fourth trend is the long-term erosion of America’s leadership in fundamental research, which is the foundation for future commercial innovation.
Sustaining American innovation leadership is essential for the nation’s economy and security. It is also the linchpin for maintaining a dynamic global technology innovation ecosystem and securing its benefits for the U.S. and the world.
All research is not the same. Applied research is designed to bring products to market – like medicines to cure diseases or computing breakthroughs to make smartphones smarter. Research on the frontiers of knowledge with no foreseeable commercial product, like understanding quantum physics, is called basic or fundamental research. It requires years, sometimes decades, to bear fruit. But without it, commercial innovations would not be possible.
CLICK HERE FOR MORE FOX NEWS OPINION
For example, cryptographic algorithms protecting data on the Internet today stemmed from decades of university research in pure math. Similarly, COVID mRNA vaccines took decades of university research on how mRNA could activate and block protein cells and how it could be delivered to human cells to provoke an immune response before pharmaceutical companies could develop products.
Many AI advances, including ChatGPT, build on pioneering work in university computer science departments that also trained generations of students who went on to found, fund, and lead many of today’s leading tech companies.
But the engine of fundamental research is not running as well as it should. The U.S. government is the only funder capable of making large and risky investments in fundamental research, but federal funding is just one third of what it was in the 1960s.
CLICK HERE TO GET THE FOX NEWS APP
The 2022 CHIPS and Science Act was supposed to turn the tide by dramatically increasing funding for fundamental research, but major increases were subsequently scrapped in budget negotiations. The U.S. still funds more fundamental research than China does, but Chinese investment is rising six times faster and will overtake the U.S. in a decade if current trends continue.
DeepSeek should spur America to action. The promise of emerging technology is boundless if we have the foresight to understand it and the fortitude to embrace the challenges.
Amy Zegart is the Morris Arnold and Nona Jean Cox senior fellow at the Hoover Institution and co-chair of the Stanford Emerging Technology Review, and senior fellow at Stanford University’s Human-Centered AI Institute.",Fox News
https://www.politico.eu/article/time-to-sign/,2025-02-11,Time to sign?,"| SNEAK PEEK |
— JD Vance lands in Paris as the U.K. tries to get on message.
— Peter Kyle says an AI bill will avoid upsetting voluntary agreement with AI labs.
— The U.K.’s own mini-summit kicks off in London.
A daily download of the topics driving the tech policy agenda, from Brussels to London to Silicon Valley.
By TOM BRISTOW
with LAURIE CLARKE and JOSEPH BAMBRIDGE
| SNEAK PEEK |
— JD Vance lands in Paris as the U.K. tries to get on message.
— Peter Kyle says an AI bill will avoid upsetting voluntary agreement with AI labs.
— The U.K.’s own mini-summit kicks off in London.
Good morning and happy Tuesday,
This is Tom, coming to you from a cold press room in the Grand Palais. At least the coffee is good.
You can get in touch with your news, tips and views by emailing Tom Bristow and Laurie Clarke. You can also follow us on Twitter @TomSBristow and @llaurieclarke.
| DRIVING THE DAY |
TODAY IN PARIS: JD Vance will speak at the plenary of the AI Action Summit this morning along with French President Emmanuel Macron, Indian PM Narenda Modi, European Commission President Ursula von der Leyen, Google CEO Sundar Pichai, U.N. Secretary-General António Guterres and… Pharrell Williams.
An American in Paris: The U.S. VP is not expected to put his country’s name to today’s summit declaration — but should have warm words for his hosts. At a dinner of foie gras and lamb in the Élysée last night, Vance sat between Macron and Sam Altman. (Elon Musk has not made the trip to Paris.)
Not here Keir: Given the opportunity for high-power schmoozing, Keir Starmer’s no-show has prompted some moaning. The PM was visiting a new town in Cornwall with King Charles yesterday, it turns out. But Technology Secretary Peter Kyle has been busy in Paris, holding bilateral meetings from the British Embassy yesterday.
The pitch: Kyle’s message has been that the U.K. is “open for investment” and ready to help western democracies stay ahead in the AI race. “We’ve got a great story on safety and exploiting the opportunities of AI,” he told reporters on Monday. And he said he isn’t looking to upset the status quo when it comes to drafting an AI bill.
Huddle around: “What I’m not going to be doing is disrupting the regulatory or the voluntary settlement [reached at Bletchley Park]” Kyle said. “But I do want to put a bit more strength into the way that it’s underpinned. That’s in our manifesto, and we’re just looking at the right legislative landing zone and the way that we consult leading up to it.”
On the fence: Asked whether the U.K. would sign the summit’s declaration today, after POLITICO scooped that it was wavering amid a lack of U.S. support, Kyle didn’t commit. A government source struck a hawkish tone last night, telling the Guardian the declaration had to be “squarely in British interests”.
Not just Britain: The French will not mind annoying the U.S. — but not having the country which started this whole summit process among the signatories will look odd. Another French ally and EU member state is also on the fence and looking for safety in numbers, according to an official. However, dozens of countries are expected to sign it, including much of the “global south” and the EU.
China’s win? Anne Bouverot, Macron’s envoy for the summit, opened proceedings yesterday by emphasizing the need to ensure that AI leads to “shared progress.” By not signing the declaration, the U.S. risks allowing China to present itself as a more reliable multilateral partner — though it too had redlines over the draft. Beijing’s support for open source AI, however, aligns with co-hosts France and India.
Bye to Bletchley: The draft declaration has also disappointed those concerned about AI risks. Max Tegmark, president of the Future of Life Institute, said it “ignores the science” and the legacy of the U.K.’s Bletchley summit, and urged countries not to sign. Gaia Marcus, director of the Ada Lovelace Institute, said the leaked draft “fails to build on the mission of making AI safe and trustworthy, and the safety commitments of previous Summits.”
Where’s the incentive? “There are no tools to ensure tech companies are held accountable for harms,” Marcus added. “And there is a growing gap between public expectations of safety and government action to regulate.”
Don’t be afraid: But others are behind the pivot away from safety. Google’s Sundar Pichai told the summit: “Every generation worries that the new technology will change the lives of the next generation for the worse — and yet, it’s almost always the opposite... We have a once-in-a-generation opportunity to improve lives at the scale of AI.”
Macron’s message: Macron’s used his own speech yesterday to urge investors to “choose Europe and France for AI,” and pointed to France’s abundant nuclear energy as a particular draw. Channeling his inner Donald Trump, he joked: “I have a good friend in other side of ocean, he says ‘drill, baby, drill.’ Here there is no need to drill. It is ‘plug, baby, plug.’”
Decent week: Wrangling over the summit declaration could prove the biggest dent in an otherwise positive week for Macron, who has boasted of landing €109 billion of AI investments. An industry-led “EU AI Champions Initiative” aims to corral billions more over the next five years. And the European Commission has committed to simplifying the EU’s AI and technology rules — something France has long asked for. European Commission President Ursula von der Leyen will unveil an EU AI strategy today.
Announce, announce: Yesterday saw the launch of a new initiative called ROOST, backed by OpenAI, Google and Eric Schmidt, to develop open-source child safety tools... a new partnership between the U.S. AI Safety Institute and Scale AI on third-party testing... and an index tracking AI’s impact on the labor market from Anthropic based on analysis of conversations with its Claude chatbot.
Plus: Today’s big announcement — a foundation to develop “public interest AI” called Current AI, which aims to raise $2.5 billion over five years to spend on things like curated datasets — has already leaked.
Never come empty handed: DSIT will today announce nearly £40 million, with a similar amount of co-investment, for three programs leveraging AI for health and science research under the Research Venture Catalyst program. It will also announce that it has secured greater access to the Euro High-Performance Computing Joint Undertaking which will allow British firms bid for grants to develop and deploy supercomputers. The U.K. is committing another £7.8 million to the program as part of the deal.
| AGENDA |
TO YOUR STATIONS: Away from the leaders’ plenary session, French Finance Minster Eric Lombard this morning opens the AI Action Summit’s “Business Day” at Paris’ Station F. Dozens of French startups will showcase their wares, and there are panels on sustainable AI, competition and building European champions. POLITICO’s own Oceané Herrero hosts a talk with Signal’s Meredith Whittaker and Jonas Andrulis of Aleph Alpha.
AI FRINGE: Back in London, the AI Fringe kicks off at the British Library. Day one kicks off with an introduction from the French ambassador to the U.K., Hélène Duchêne, followed by an opening panel moderated by POLITICO U.K. tech and trade editor Oscar Williams.
Then: Regulators from the ICO, DRCF, Ofcom, the FCA and CMA discuss AI regulation at 11 a.m., followed by expert panels on the industrialization of AI, AI in public services, AI safety and AI at work. The day closes with a keynote and fireside chat with AI Minister Feryal Clark.
VALLANCE GRILLED: The Science, Innovation and Technology Committee will question Science Minister Patrick Vallance and DSIT’s director-general for science, innovation and growth, Alexandra Jones, on AI, science and innovation priorities from 9:45 a.m.
On committee corridor: Elsewhere, the Foreign Affairs Committee looks at disinformation diplomacy at 2 p.m., while Microsoft executive and chair of the government’s Industrial Strategy Advisory Council Clare Barclay discusses industrial strategy with the Business and Trade Committee at 2:15 p.m.
SAFER INTERNET: Today is Safer Internet Day 2025, which this year focuses on online scams. Coordinated by the UK Safer Internet Centre, thousands of organizations are getting involved to promote the positive use of digital technology for children. The organization has released new data showing that 79 percent of young people come across online scams at least monthly, while almost one-fifth know peers who have lost money to online scams.
| AROUND THE WORLD |
UP FOR DISCUSSION: Ursula von der Leyen will discuss the EU’s tech laws with JD Vance — who slammed Europe’s “evil trend towards censorship” on Sunday — when the pair meet today, our Brussels colleague report.
HOSTILE TAKEOVER: A group of investors led by Elon Musk is offering almost $100 billion to buy the non-profit that controls OpenAI, the WSJ reports. (OpenAI’s Sam Altman has already politely declined.)
HELP! OpenAI has spoken to U.S. government officials about its probe into whether DeepSeek used its data in an unauthorized manner, writes Bloomberg.
MICROSOFT PROBE: Microsoft faces a French antitrust probe over accusations it’s degrading the quality of search results for smaller rivals, per Bloomberg.
DEFENSE DEALS: After inking a partnership with defense startup Helsing, Mistral is looking for business from the British and German militaries, Sifted reports.
| REGULATION |
ONE DAY: Despite delays, Science Minister Patrick Vallance restated that the government is developing legislative proposals “which will allow us to safely realize the benefits of the most powerful AI systems,” in the Lords yesterday. “We intend to bring forward legislation that allows us to safely realize the enormous benefits of AI in the frontier space,” he said. “We want to consult on it.”
That one again: On copyright, Vallance said he’d “made clear on several occasions” that the government doesn’t back a standalone text and data mining exception (as called for by the Startup Coalition) and stressed that the government’s proposals are subject to “control for creators” and “better transparency.”
Head start: Vallance was responding to a question from Conservative peer Christopher Holmes, who had about the government’s plans for AI legislation. He’ll face similar questions — on AI legislation, copyright, DeepSeek and his priorities for science and innovation — when he appears before MPs on the science and tech committee this morning.
INCOMING FROM ICO: While we wait for new legislation from the government, the Information Commissioner’s Office has promised a new Code of Practice for companies developing or using AI products, which it says will help responsible innovation.
Heads up: The code will form part of a new AI and biometrics strategy due in the spring, the regulator has announced. That strategy will set out a focus on AI foundation models, the application of automated decision-making technology in recruitment and by government, and the use of facial recognition technology by police forces.
Here’s John: Information Commissioner John Edwards, who will be appearing at an OECD roundtable event in Paris today, said: “AI brings significant opportunities but these must be built on a foundation of public trust.” “It is our job as the regulator to scrutinise AI tools, processes and applications on the public’s behalf, so they don’t have to.”
| GOVERNMENT |
DATA DUMP: The government has published another 14 records detailing how AI is being used in the public sector, including to analyze satellite images to predict how natural habitats are changing and determine which MOT garages might warrant inspection.
Here’s the playbook: It also released a 119-page “AI Playbook,” with practical guidance on how civil servants should go about buying, developing and putting AI to use. It urges civil servants to work “openly and collaboratively” and collaborate with industry early to shape designs.
Call to arms: Peter Kyle said the document “comes with a call to arms for tech specialists across the public sector — use the guidance we are sharing to put AI to work in your organisations at whiplash speed, so we can repair our broken public services together.”
Thank Tony: Elaborating on his vision in an interview with the i, Kyle said the expansion of AI within government would mean “completing the project that Tony Blair started.”
| BEFORE YOU GO |
BOOSTING COMPUTE: In a report sponsored by Amazon, Anthropic and OpenAI, the Social Market Foundation identifies “a number of challenges” facing the U.K.’s AI compute capacity. It argues for streamlined planning approvals, support for nuclear and reform of the electricity market through zonal pricing. (The U.K.’s electricity regulator recently came out in favor of zonal pricing too.)
FRONT AND CENTER: The U.K. Foreign Office has backed a statement from the Global Partnership for Action on Gender-Based Online Harassment and Abuse calling for “human rights and gender equality issues” to be central to the AI Action Summit.
TOO LATE, TRUMP? The government has dismissed claims it could reopen the Online Safety Act to curry favor with U.S. Republicans and avoid Trump tariffs. A No. 10 spokesperson told reporters: “The Online Safety Act is already law. It’s already being implemented… Safety online will always come first.”
NOTHING TO SEE HERE: The spokesperson also said the appearance of a new government TikTok account doesn’t mean a ban on government devices has been relaxed. “It was always the case that there were specific exemptions.”
REEVES IN LEEDS: Chancellor Rachel Reeves spoke at a Microsoft event yesterday about how apprenticeships can bring data, AI and technology skills into business.
SILICON DREAM: MPs fear the chancellor’s vision for “Europe’s Silicon Valley” could suffer without a mayor for the region between Oxford and Cambridge, the Times reports.
IS THIS THE LINE? Labour MP Jake Richards thinks digital ID is essential for, among other things, policing online content. “Without it, the internet will remain increasingly toxic and lawless,” he wrote for HuffPo.
Morning Technology UK wouldn’t happen without the production team.",POLITICO
https://abcnews.go.com/Technology/wireStory/jd-vance-delivering-keynote-speech-paris-ai-summit-118681035,2025-02-11,JD Vance is delivering a keynote speech at Paris AI summit,"JD Vance is delivering a keynote speech at Paris AI summit
JD Vance is delivering a keynote speech on the final day of the Paris AI Summit during his first foreign trip since taking office as vice president
PARIS -- JD Vance is delivering a keynote speech on Tuesday, the final day of the Paris AI Summit, marking his first foreign trip since taking office as vice president.
Vance's address is expected to challenge Europe’s regulatory approach to artificial intelligence and its moderation of content on Big Tech platforms, underscoring divergence between the United States and its allies on AI governance.
The summit has drawn world leaders, top tech executives, and policymakers to debate AI’s impact on security, economics, and governance.
The differences were openly displayed at the summit: Europe seeks to regulate and invest, China expands access through state-backed tech giants, and the U.S., under President Donald Trump, champions a hands-off approach.
Among the high-profile attendees is Chinese Vice Premier Zhang Guoqing, reflecting Beijing’s interest in shaping global AI standards.
Vance has been an outspoken critic of European content moderation policies. He has suggested the U.S. should reconsider its NATO commitments if European governments impose restrictions on Elon Musk’s social media platform, X. His Paris visit is also expected to include candid discussions on Ukraine, AI’s role in global power shifts, and U.S.-China tensions.
Concerns over AI’s potential dangers have loomed over the summit, particularly as nations grapple with how to regulate a technology that is increasingly entwined with defense and warfare.
""I think one day we will have to find ways to control AI or else we will lose control of everything,” said Admiral Pierre Vandier, NATO’s commander who oversees the alliance’s modernization efforts.
Beyond diplomatic tensions, a global public-private partnership is being launched called “Current AI,” aimed at supporting large-scale AI initiatives for the public good.
Analysts see this as an opportunity to counterbalance the dominance of private companies in AI development. However, it remains unclear whether the U.S. will support such efforts.
Separately, a high-stakes battle over AI power is escalating in the private sector.
A group of investors led by Musk — who now heads Trump’s Department of Government Efficiency — has made a $97.4 billion bid to acquire the nonprofit behind OpenAI. OpenAI CEO Sam Altman, attending the Paris summit, swiftly rejected the offer on X.
In Beijing, officials on Monday condemned Western efforts to restrict access to AI tools, while Chinese company DeepSeek’s new AI chatbot has prompted calls in the U.S. Congress to limit its use over security concerns. China promotes open-source AI, arguing that accessibility will ensure global AI benefits.
French organizers hope the summit will boost investment in Europe’s AI sector, positioning the region as a credible contender in an industry shaped by U.S.-China competition.
French President Emmanuel Macron, addressing the energy demands of AI, contrasted France’s nuclear-powered approach with the U.S.‘s reliance on fossil fuels, quipping: France won't “drill, baby, drill,” but ""plug, baby, plug.”
Vance’s diplomatic tour will continue in Germany, where he will attend the Munich Security Conference and press European allies to increase commitments to NATO and Ukraine. He may also meet with Ukrainian President Volodymyr Zelenskyy.
Vance will discuss Ukraine and the Middle East over a working lunch with Macron.
Like Trump, he has questioned U.S. aid to Kyiv and the broader Western strategy toward Russia. Trump has pledged to end the war in Ukraine within six months of taking office.
Vance is also set to meet separately with Indian Prime Minister Narendra Modi and European Commission President Ursula von der Leyen.",ABC News
https://www.foxnews.com/politics/deregulatory-flavor-jd-vance-lays-out-vision-paris-future-ai-under-trump,2025-02-11,'Deregulatory flavor': JD Vance lays out vision in Paris for the future of AI under Trump,"Vice President JD Vance said Tuesday that U.S. artificial intelligence (AI) systems must not become tainted with ""ideological bias"" and cautioned against coordinating with ""hostile foreign adversaries"" on AI capabilities.
Vance appeared Tuesday at the AI Action Summit in Paris, where world leaders, top tech executives and policymakers teamed up to hash out tech policy and its intersection with global security, economics and governance. The appearance marked his first foreign trip as vice president.
While the Trump administration has signaled it plans to take an approach that favors deregulation of AI, Vance’s appearance at the summit coincides with recent attempts from the European Union to enforce harsher regulations aimed at promoting greater safety.
Meanwhile, the U.S. and the UK abstained from signing an international document at the conference signed by 60 other countries that aims to prioritize ""ensuring AI is open, inclusive, transparent, ethical, safe, secure and trustworthy."" It was immediately unclear why both countries chose not to sign the document.
Here is what is known from Vance’s remarks about the Trump administration’s priorities for the future of AI. First, Vance called for AI systems developed in the U.S. to remain free of ""ideological bias"" and vowed that the U.S. would ""never restrict our citizens' right to free speech.""
That is because Vance said he trusted Americans to create their own thoughts and opinions, absorb information and exchange those thoughts in the ""open marketplace of ideas.""
""We feel very strongly that AI must remain free from ideological bias and that American AI will not be co-opted into a tool for authoritarian censorship,"" Vance said Tuesday.
Vance also pushed for a ""deregulatory flavor"" to emerge at the conference while cautioning against the pitfalls of ""excessive regulation"" that could hamper a transformative industry. He also vowed that the U.S. would back pro-growth AI policies.
""We believe that excessive regulation of the AI sector could kill a transformative industry just as it’s taking off, and we’ll make every effort to encourage pro-growth AI policies and I’d like to see that deregulatory flavor making its way into a lot of the conversations at this conference,"" he said.
Other world leaders who attended the AI Action Summit include French President Emmanuel Macron, Indian Prime Minister Shri Modi and Chinese Vice Premier Zhang Guoqing.
Vance also issued a warning to other foreign governments about ""tightening the screws"" on U.S. tech companies with international footprints, claiming the Trump administration would not tolerate such limitations. He also cautioned against working with adversaries who have ""weaponized A.I. software to rewrite history, surveil users and censor speech.""
Vance said Tuesday that the U.S. will block such efforts, and ensure that American AI and chip technology is protected from theft and misuse.
ELON MUSK AND TECH LEADER SAM ALTMAN GET INTO WAR OF WORDS OVER AI INFRASTRUCTURE PROJECT
""I would also remind our international friends here today that partnering with such regimes — it never pays off in the long term,"" Vance said.
While Vance said that the U.S. wants to partner with other nations on this front, Macron said Europe could take a ""third way"" approach in AI innovation and not rely on either the U.S. or China. Macron also called for enhanced ""international governance"" on AI policy.
""We want a fair and open access to these innovations for the whole planet,"" Macron said.
Vance’s comments coincide with some recent actions from the Trump administration to advance AI in the U.S.
In January, Trump unveiled a new $500 billion AI infrastructure project called Stargate, a datacenter joint venture between investment holding company Softbank, and tech companies OpenAI and Oracle that Trump labeled the ""largest AI infrastructure project in history.""
The project includes an initial investment of $100 billion that is slated to grow to $500 billion over Trump’s term in office, and will build ""colossal"" data centers in the U.S. to power AI.
The Associated Press and Fox News’ Michael Dorgan contributed to this report.",Fox News
https://abcnews.go.com/Technology/wireStory/elon-musk-974-billion-bid-complicates-matters-openai-118704176,2025-02-11,How Elon Musk $97.4 billion bid complicates matters for OpenAI,"How Elon Musk $97.4 billion bid complicates matters for OpenAI
OpenAI CEO Sam Altman has dismissed a $97.4 billion takeover bid led by rival Elon Musk, but the unsolicited offer could complicate Altman’s push to transform the maker of ChatGPT into a for-profit company
PARIS -- OpenAI CEO Sam Altman has dismissed a $97.4 billion takeover bid led by rival Elon Musk, but the unsolicited offer could complicate Altman's push to transform the maker of ChatGPT into a for-profit company.
""We are not for sale,” Altman said Tuesday at an artificial intelligence summit in Paris.
Musk’s bid, announced Monday, is the latest in a bitter years-long battle with Altman over control of the AI startup they both helped found a decade ago as a nonprofit and is now a leading force in the global boom surrounding generative AI technology.
“OpenAI has a mission,” Altman told France’s AI minister in an on-stage discussion Tuesday mobbed by tech industry workers and investors. “We are an unusual organization and we have this mission of making AGI benefit all humanity. And we are here to do that.”
Its stated aim since its founding in 2015 is to safely build futuristic, better-than-human AI known as artificial general intelligence, or AGI. Musk, an early investor and board member, quit OpenAI in 2018 after an internal power struggle left Altman in charge.
Their public feud has escalated over the past year as Musk sued OpenAI and is working to grow his own AI company called xAI, part of a business empire that includes Tesla, SpaceX and social media platform X. Musk also now holds power as a top adviser to President Donald Trump in reshaping the U.S. government, and has publicly questioned OpenAI’s Trump-backed private investment project for building AI data centers in the United States.
The offer complicates OpenAI's plan to shift its structure away from its nonprofit roots to a company beholden to shareholders.
OpenAI's nonprofit board will need to consider Musk's offer. It's not Altman alone who can accept or reject it, though the chair of the board, Bret Taylor, echoed Altman's approach and declared “OpenAI is not for sale” at a Wall Street Journal event Tuesday in Palo Alto, California.
Taylor said Musk's move was “largely a distraction” from the board's fiduciary duty to its mission.
As a nonprofit board, said Taylor, “our job is very simple, which is to basically evaluate every strategic decision of the organization through that one test, which is, ‘Does this actually further the mission of ensuring AGI benefits humanity?’ And I have a hard time seeing how this would.”
The board will need to weigh not just the value of the company's assets but also the value of controlling the company developing this technology. Musk's offer also seems to set a floor for how much the nonprofit should be paid if it does relinquish control of its subsidiaries.
Rose Chan Loui, executive director for the Lowell Milken Center on Philanthropy and Nonprofits at UCLA Law, said the board should consider the credibility of Musk's offer, including if he and his investors will pay in cash. And they should consider whether a new board under the control of Musk and other investors would be independent and what guarantees they can give about protecting its public mission.
Musk's $44 billion Twitter takeover in 2022 also started with an unsolicited offer and a legal fight with Twitter's board, which was also led by Taylor, a former Facebook and Salesforce executive. However, taking over OpenAI would be more complicated because of its charitable purpose.
“There is a legally binding purpose,” said Jill Horwitz, a professor at UCLA School of Law. “It is the promise that was made to the public when OpenAI, the nonprofit, was formed. That promise is legally enforceable.”
The sudden popularity of ChatGPT two years ago brought worldwide fame and new commercial possibilities to OpenAI and also heightened internal turmoil over the future of the organization and the advanced AI it was trying to develop. Its nonprofit board fired Altman in late 2023. He came back days later with a new board.
OpenAI’s nonprofit purpose, as defined most recently in 2020, is “(to) ensure that artificial general intelligence benefits all of humanity, including by conducting and/or funding artificial intelligence research.”
The question is, can it do that if it sells its assets and loses control of the company developing this technology?
“To make the promise to the world that you are bound by a legal purpose and to build with that promise, including telling your investors not to expect any returns and to think of your investments as more akin to a donation than an investment,"" said Horwitz. ""And then to say once you’ve gotten big enough, ’You know what? We’d like to own this.' That seems like a real violation of the promise.”
Musk sued OpenAI last year, first in a California state court and later in federal court, alleging it had betrayed its founding aims as a nonprofit research lab that would benefit the public good. A lawyer for Musk has said he invested about $45 million in the startup from its founding until 2018.
Lawyers for OpenAI and Musk faced off in a California federal court last week as a judge weighed Musk’s request for a court order that would block OpenAI's for-profit conversion.
The judge hasn’t yet ruled on Musk’s request but in the courtroom said it was a “stretch” for Musk to claim he will be irreparably harmed if she doesn’t intervene to stop OpenAI from moving forward with its planned transition. But she also suggested Musk had plausible enough arguments to take to a jury trial.
Along with Musk and xAI, others backing the bid announced Monday include Baron Capital Group, Valor Management, Atreides Management, Vy Fund, and firms run by Musk allies Ari Emanuel and Jon Lonsdale.
Musk attorney Marc Toberoff said in a statement that if Altman and OpenAI’s current board “are intent on becoming a fully for-profit corporation, it is vital that the charity be fairly compensated for what its leadership is taking away from it: control over the most transformative technology of our time.”
Altman told employees this week that OpenAI's structure “ensures that no individual can take control of OpenAI” and he has sought to characterize Musk's tactics as those of a competitor trying to catch up.
“I think he’s probably just trying to slow us down. He obviously is a competitor,” Altman told Bloomberg TV at the Paris summit on Tuesday.
Continuing their deeply personal feud, Altman said Musk is probably not a “happy person.”
“Probably his whole life is from a position of insecurity. I feel for the guy,” Altman said.
—-
O'Brien reported from Providence, Rhode Island, and Beaty from Seattle.
—-
The Associated Press and OpenAI have a licensing and technology agreement that allows OpenAI access to part of AP’s text archives.",ABC News
https://www.politico.eu/article/uk-dances-to-vances-tune/,2025-02-12,UK dances to Vance’s tune,"| SNEAK PEEK |
— Where does the Paris summit leave the U.K.’s AI policy?
— MPs tackle the data bill, amendments and all.
— Patrick Vallance sets out his plan to remake science.
A daily download of the topics driving the tech policy agenda, from Brussels to London to Silicon Valley.
By TOM BRISTOW
with JOSEPH BAMBRIDGE and LAURIE CLARKE
| SNEAK PEEK |
— Where does the Paris summit leave the U.K.’s AI policy?
— MPs tackle the data bill, amendments and all.
— Patrick Vallance sets out his plan to remake science.
Good morning and welcome to Wednesday,
This is Tom, heading back to London from a gloomy City of Light. Come and say hi if you’re at the AI Fringe today.
You can get in touch with your news, tips and views by emailing Tom Bristow and Laurie Clarke. You can also follow us on Twitter @TomSBristow and @llaurieclarke.
| DRIVING THE DAY |
THESE ARE THE TERMS: U.K. policymakers are combing over JD Vance’s speech at the AI Action Summit, in which he set out the Trump administration’s terms to allies: We’ll partner with you, if you deregulate. But there’s plenty else to unpick from the last two days — not least Britain’s reasoning for snubbing the summit’s final statement.
The official line: A No.10 spokesperson denied it was about cozying up to the U.S. or being rude to the French, but the U.K.’s “national interest.” The declaration “did not reflect the U.K.’s policy position on opportunity or security” and “didn’t provide enough practical clarity on global governance, nor sufficiently address harder questions around national security and the challenge AI poses to it,” they said.
Head scratching: But Michael Birtwistle, associate director at the Ada Lovelace Institute, said it was “difficult to pinpoint what exactly in that statement the government disagrees with.” Linda Griffin, VP for global policy at Mozilla, said: “It is unclear what the U.K. is aiming for.”
Two reasons: The Oxford Internet Institute’s Keegan McBride offered two possible explanations. First, the U.K. wants to align as closely as it can with the U.S. — not just for political reasons, but to ensure the AI Safety Institute continues to have American buy-in. There was likely also “some annoyance... at how France co-opted the safety series to turn it into a glorified trade show,” he said. The declaration barely acknowledged that this week’s summit came from safety efforts organized by the U.K. at Bletchley and Seoul.
Cheeky: “We’ve reduced references to the Bletchley Summit to the minimum,” a French official admitted, in an indication of how political concerns have pivoted from safety to winning the AI race. That change went down well with industry. OpenAI’s Sam Altman noted there was more talk of making AI faster and cheaper than making it safer in Paris.
On the other hand: But Anthropic’s Dario Amodei bucked the trend, declaring it “a missed opportunity” to address AI’s security and labor impacts and keep democracies in the lead. Yoshua Bengio agreed.
With us or against: Vance had opened his speech by saying: “I’m not here this morning to talk about AI safety,” later adding: “The Trump administration will ensure that the most powerful AI systems are built in the U.S.” but does not “want or need to go it alone.”
Mixed messages: However, keeping in lockstep with the U.S. appears hard to square with comments Kyle gave to the Times that the government’s AI bill will force American tech firms to give the U.K. government access for testing.
Are you sure? Those comments, which seemingly contradicted what Kyle had told journalists hours earlier, mark a return to language not heard since Trump’s election. Speaking to MPs yesterday, Science Minister Patrick Vallance glossed over a question on testing, adding: “There is no bill,” but only “a series of discussions around what this might look like.”
American werewolf in Paris: Kyle’s comments also contradict what the U.S. VP said he wanted from allies. “The Trump administration is troubled by reports that some foreign governments are considering tightening the screws on U.S. tech companies with international footprints,” Vance said. “America cannot and will not accept that, and we think it’s a terrible mistake.”
Ditch those regs: Vance proceeded to slag off GDPR and the EU’s digital rulebooks (the Online Safety Act was spared, and U.K. ministers say it won’t be reopened) and warned allies of working with China (he reportedly walked out of Monday’s dinner over comments by China’s vice-premier). But he was more nuanced on competition, pledging to give “Big Tech [and] little tech... a level playing field.”
The good: Vance’s invocation not to “strangle” AI concluded the main action of the summit, which benefitted from an endless supply of excellent food and coffee and a spectacular (if cold) venue at the Grand Palais.
The bad: “This is a trade fair,” messaged one industry rep on arrival, and it definitely had those vibes. Plus, the organization was poor, the venue was so vast it often appeared empty, and there were restrictions on getting into panels. Good luck to India for the next one!
| AGENDA |
MINISTERS GRILLED: In a big week for tech policy, MPs get the chance to quiz DSIT ministers in the Commons at 11:30 a.m. this morning. Tabled questions cover AI Growth Zones, public services, online pornography, quantum and, of course, rural broadband — but don’t be surprised if hot topics like DeepSeek and the U.K.’s Paris snub come up at topicals.
DATA DEBUT: After PMQs, the Data (Use and Access) Bill gets its first airing in the Commons. There are no amendments, but MPs could tackle tricky issues like automated decision-making and — thanks to a government defeat in the Lords — AI and copyright.
Prior reading: MPs may want to prepare by reading this briefing on how the bill has changed in the Lords. On Monday, the Information Commissioner published his own opinion on those changes, confirming: “overall, the Bill remains one which I support,” but raising concerns on that pesky copyright amendment, as well as government additions on children’s data and deepfakes. The right balance on automated decision-making is “ultimately... a decision for Parliament,” he noted.
AT THE FRINGE: The AI summit is over, but the AI Fringe continues. Today’s panels cover AI’s supply chains, sustainability, “slop” and deepfakes. It closes with a session reflecting on the Paris summit with MTUK’s Tom Bristow.
PARTY TIME: AI Minister Feryal Clark is expected to drop in at the opening of London’s answer to Station F, the London AI Hub, this evening, along with the project’s backers.
| AROUND THE WORLD |
HIGH STAKES: European Commission President Ursula von der Leyen unveiled a €20 billion fund to build “AI GigaFactories” and support a “European brand of AI” based on “openness”.
IN COMPARISON: Saudi Arabia announced $15 billion for AI at its own conference in Riyadh.
CLOSER LOOK: European privacy watchdogs are expanding a probe into ChatGPT to include DeepSeek, Reuters reports.
BRIDGING DIVIDES: Apple will partner with Alibaba for AI services in China, SCMP reports.
COURT DRAMA: A U.S. federal judge rejected a “fair use” defense for AI training in a copyright case brought by Thomson Reuters.
IMPACT: U.S. aid cuts are impacting efforts to tackle online child abuse, Wired reports.
| ARTIFICIAL INTELLIGENCE |
DECLARATION SNUB: “With these summits, there are always conversations and discussions going right to the 11th hour,” AI Minister Feryal Clark told the AI Fringe yesterday, explaining why the U.K. failed to join 60 other countries and international bodies in signing the Paris summit’s final statement.
Tried, promise: “We work really closely with France … they’re an important ally when it comes to AI, and we did sign up to a lot of the other things that were set out at the summit,” Clark said. (The U.K. joined a “Coalition for Sustainable AI” and signed a statement on cybersecurity yesterday.) But “there were areas within the agreement that we didn’t quite agree with, so that’s why we didn’t sign.”
Not a diary issue That’s despite several meetings between Clark and her French counterparts in recent weeks. “I was especially interested to hear about my French counterparts’ proposals around how they were looking to diffuse AI across their public services and their plans to to utilize the opportunities that AI has for transforming public services.”
Top priorities: On her own priorities, Clark name-checked AI Growth Zones and “a responsible AI development board,” bringing together civil society, unions and experts. “We spent the whole past couple of years talking about how terrifying AI was … and now we’ve got a new government who are like … isn’t it all amazing … How do we ensure that our citizens have a voice and say in shaping what is happening?”
| RESEARCH |
VALLANCE’S VISION: Patrick Vallance’s appearance before the Commons science and tech committee yesterday provided a window into his vision to embed science and tech across government — and several chances for George Freeman to remind us that he once held the role himself.
First, numbers: Vallance said DSIT’s £13.9 billion R&D budget for 2025/26 was a “good” result “hard won from the chancellor.” “What we need to ensure is that we have the best possible use of that money to get the maximum effect,” he said.
Next, balance: That comes from a balance of “basic, curiosity-driven research”, “applied research” aligned to the government’s agenda, and supporting businesses to scale and invest. “You can’t be an economy that grows faster than average if you don’t have science and technology companies at the very heart of it,” Vallance said.
Tough gig: Finding that balance will fall to new CEOs at URKI and Innovate UK, who will be named “shortly,” Vallance said. They’ll be asked to be clearer about how their work falls into the three categories and deliver returns, while making URKI “lighter touch, more strategic.” The “exciting” ARIA is already delivering results and should remain independent.
More job news: Also to be announced “very shortly” is a chair for the Regulatory Innovation Office, charged with joining-up regulators and boosting capacity. It’s starting with four priority areas — but Vallance sounded confident it’ll expand.
Pet projects: Another Vallance brainchild is a £25 million R&D Missions fund announced at the budget. Government mission boards will be able to tap into it to commission research into their challenges, and Vallance said it aims to make “using science and technology a routine in government.”
What else? That adds to a to-do-list that Vallance said also includes procurement reform, working out how to “extract value” from public data, scoping public infrastructure projects and deciding which research areas should get 10-year budgets. More broadly, Vallance said he wants to ensure science and tech is “informing all aspects” of the industrial strategy. DSIT itself is leading on two sectoral plans, as well as a cross-cutting piece on innovation.
How’s the new role? Asked about his new gig championing the Oxford-Cambridge corridor, Vallance said it would be a key test of “joined-up government.” He also insisted that success wouldn’t have to come at the expense of other parts of the country. But “as a nation, we’ll be doing ourselves a massive disservice if we don’t deliver on this.”
Looking abroad: Vallance said he was “very pleased” to hear the chancellor’s recent support for ensuring the visa system welcomes top scientists and engineers. The U.K.’s re-integration into Horizon has also been a success, Vallance said, and downplayed the impact of R&D funding cuts in the U.S. But there are “challenges” elsewhere, he admitted, particularly China.
On AI: Vallance said the AI Safety Institute had considerable expertise and would have a “big role” in future AI legislation — but currently “there is no bill” to speak of. When it does arrive following consultation, it will be focused on the frontier, he said. The U.K. is taking a “different” approach to the EU, Vallance said, but predicted convergence over time. “It’s pretty pointless ending up with completely bespoke regulation in one country, because this is a global area.”
| BEFORE YOU GO |
HOMEWORK, PLEASE: TechUK published its suggestions for the spending review, expected in June. The industry body wants the chancellor to raise the R&D target to 3 percent of GDP by 2029, a funded and detailed roadmap to deliver on the AI Opportunities Action Plan, and ring-fenced cash for SME digitization, among much else.
Final warning: It also gave the chancellor a ticking off for her “negative” autumn budget tax rises. It urges government to work in “partnership” with the tech sector, and warns that “failing to seize the moment risks resurrecting familiar challenges” of underinvestment.
MR ROBOTO: DSIT will consider a new roadmap to “position the U.K. as a global leader in robotics and Smart Machines” by 2035 as part of the industrial strategy and cross-government review of technology adoption.
CASE STUDY: The Digital Regulation Cooperation Forum shared the first case study from its AI and Digital Hub advisory service, with more to come. The pilot closes on Feb. 28.
WHAT WE’RE DOING: On Safer Internet Day, Online Safety Minister Maggie Jones wrote about what the government’s doing to keep children safe for Netmums.
NOT A GOOD LOOK: TikTok may have deleted data related to four deceased British children whose families are suing TikTok, an executive told the BBC, blaming data rules.
SNOOPER SNAFU: The Home Office failed to maintain a secretive board that could play a pivotal role in deciding whether Apple must weaken encryption, ComputerWeekly reports.
HALLUCINATION WARNING: Research by the BBC has found that AI chatbots generate “significant inaccuracies and distorted content from the BBC.”
Morning Technology UK wouldn’t happen without the production team.",POLITICO
https://www.foxnews.com/media/sam-altman-applauds-jd-vances-ai-speech-paris-take-advantage-remarkable-tech,2025-02-12,"Sam Altman applauds JD Vance’s AI speech in Paris, illustrates ways to take advantage of 'remarkable' tech","OpenAI CEO Sam Altman commended Vice President JD Vance's artificial intelligence (AI) speech in Paris on Tuesday while laying out his vision for how people can take advantage of the rapidly evolving technology at the same conference.
Altman and Vance appeared Tuesday at the AI Action Summit in Paris, where world leaders, top tech executives and policymakers teamed up to hash out tech policy and its intersection with global security, economics and governance.
During his remarks, Vance called for AI systems developed in the U.S. to remain free of ""ideological bias"" and vowed that the U.S. would ""never restrict our citizens' right to free speech.""
Vance also pushed for a ""deregulatory flavor"" to emerge at the conference while cautioning against the pitfalls of ""excessive regulation"" that could hamper a transformative industry. He also vowed that the U.S. would back pro-growth AI policies.
""We believe that excessive regulation of the AI sector could kill a transformative industry just as it's taking off, and we'll make every effort to encourage pro-growth AI policies and I'd like to see that deregulatory flavor making its way into a lot of the conversations at this conference,"" the vice president said.
When asked about his advice to everyone trying to get in the AI race and advantage of new models, Altman told the conference there are two directions people can take to harness their capabilities.
""Vice President Vance said a lot of things that I really liked but one of them, a point that he hit a few times, was just the scale of the economic opportunity …. he used the phrase ""lightning in a bottle"" and I really think it's this moment – I think it was like a great a great phrase – we are in this moment that I've never seen before,"" he said.
Altman opined that perhaps the world was in a similar situation during the Industrial Revolution or the beginning of the internet but noted that there would be a massive economic impact as the cost of computers lowers and the monetary value of AI work increases.
FRANCE'S MACRON SAYS 'PLUG, BABY, PLUG' AMID PUSH FOR NUCLEAR-POWERED AI
He pointed to software engineering agents as just one example of how companies can run better people and do ""way more with way less.""
Altman noted that the second direction is building consumer-facing and business-facing products that use AI in this fundamental way.
""Chat GPT is one example of that – a lot of other companies have done great stuff there. I think people should be imagining more than they are – I think a lot of people are still thinking about like last year's AI which was just much more limited, and what you can do now is like really quite remarkable,"" he added.
Other world leaders who attended the AI Action Summit include French President Emmanuel Macron, Indian Prime Minister Shri Modi and Chinese Vice Premier Zhang Guoqing.
CLICK HERE FOR MORE COVERAGE OF MEDIA AND CULTURE
During the event, Vance also issued a warning to other foreign governments about ""tightening the screws"" on U.S. tech companies with international footprints, claiming the Trump administration would not tolerate such limitations. He also cautioned against working with adversaries who have ""weaponized A.I. software to rewrite history, surveil users and censor speech.""
Vance's comments coincide with some recent actions from the Trump administration to advance AI in the U.S.
In January, Trump unveiled a new $500 billion AI infrastructure project called Stargate, a datacenter joint venture between investment holding company Softbank, and tech companies OpenAI and Oracle that Trump labeled the ""largest AI infrastructure project in history.""
The project includes an initial investment of $100 billion that is slated to grow to $500 billion over Trump's term in office and will build ""colossal"" data centers in the U.S. to power AI.
Fox News' Diana Stancy contributed to this report.",Fox News
https://www.foxnews.com/opinion/impending-ai-driven-jobless-economy-who-will-pay-taxes,2025-02-12,The impending AI-driven jobless economy: Who will pay taxes?,"Our socioeconomic system is facing an existential threat from AI. In our capitalist society, most people depend on jobs to sustain themselves. The U.S. government, in turn, relies heavily on taxing the income of individual workers for revenue.
As artificial intelligence progressively eliminates job opportunities, a growing number of individuals will face severe job insecurity, leading to a corresponding decline in federal revenue. Radical action is needed now to steer away from a dystopian collapse toward better possibilities.
Specifically, income-based taxes must be replaced with some other form of taxation, and the support mechanisms for the unemployed must be adapted to support a large population that will have been pushed out of the job market. Given that the use of AI in place of human workers is the cause of the problem, it makes sense that the commercial use of AI systems should be taxed to compensate Americans for lost wages and the federal government for the loss of income-based taxes.
The motivation for these concerns is that AI capabilities are advancing rapidly, and while most jobs are currently safe, it is becoming clear that AI will eventually perform nearly any task more efficiently and cheaply than people can. From manufacturing to customer service and even creative fields like writing or music, machines are already showing that they can outperform humans.
AI CAN’T WAIT: WHY WE NEED SPEED TO WIN
The wide range of robots under development will extend AI's reach to include physical jobs, such as construction, healthcare and house cleaning. Although this transition won’t occur overnight, it is inevitable. Companies will continue replacing human workers with AI-driven systems because it saves money and boosts productivity. The question isn’t if AI will take over most jobs, it’s when.
A future where robots do all the work could be great if we plan now for the societal implications of widespread unemployment. The obvious problem is that without jobs, people will have no way to pay for food, housing or anything else. The slightly less obvious problem is that the revenue collected by the U.S. government is currently based on taxing working humans.
Adding up payroll, income, Social Security and Medicare taxes together accounts for more than 80% of federal revenue. As unemployment grows, the tax base will diminish, resulting in a substantial decline in government revenue. Our economy will face a double whammy of falling revenue while at the same time growing numbers of people who genuinely and through no fault of their own need support.
AI IS RESHAPING BUSINESS. THIS IS HOW WE STAY AHEAD OF CHINA
Traditionally, the issue of supporting non-workers, for example, through Welfare or Universal Basic Income (UBI), has been objectionable to many because it fundamentally involves taxing the production of workers to support those who don’t work. That type of wealth reallocation evokes alienating comparisons to socialism or communism. Even if we were willing to accept the idea of taxing workers and using the money to support others, that requires a large pool of workers to tax, which we won't have because AI will have taken their jobs.
However, with AI replacing human workers, we have an alternative method for funding support mechanisms like UBI. What we need to do is figure out a reasonable way to tax the work done by AI and distribute the proceeds rationally to human beings.
This proposal is very different from socialism or communism in that we aren't taking the fruits of one person's work and giving them to someone else. Instead, we would be taking the proceeds of AI/robot effort and sharing them out to humans.
HOW TEAM TRUMP CAN MAKE AI STAND FOR AMERICAN INNOVATION
Given that AI systems have been trained on vast amounts of the public's data, there is even a compelling economic justification for taxing these AI systems and sending money back to the public. Think of it as a license fee paid to American citizens for using their data.
Of course, many Americans also object to taxing businesses. From Amazon to mom-and-pop groceries, the concern is that taxes would be burdensome and harmful to the business.
However, these companies will see huge savings from replacing workers that might cost $30K to $300K per year in salary with robots that could easily cost less than $30K and have annual maintenance and power costs well under $20K per year. The savings for non-physical jobs will be even larger as those won't require a physical robot, just an AI running in the cloud.
CLICK HERE FOR MORE FOX NEWS OPINION
As an added bonus, these AI workers operate 24/7 without needing rest. (Note that the power bill would not be prohibitively expensive. Training a large AI can be costly, but once trained it can be replicated many times with each copy able to run on a high-end personal computer using less than $10 of electricity per day.)
When an AI-driven robot makes something, a sandwich or a car, it creates new value: the difference between the raw materials and the final product. Similar value is also created if the robot mines gold or harvests lumber. If a human did the work, then that value would be split three ways: employer, human employee, government. However, when a robot does the work, there is no human employee in the split.
In essence, I'm suggesting that we find a way to put humans back into that equation. The way that seems most obvious to me is that the AI work should be taxed and the proceeds used to support American citizens through UBI, or something similar.
CLICK HERE TO GET THE FOX NEWS APP
Admittedly, it's unclear how we should actually measure ""AI work"" in a reasonable way, but even if that were a fatal flaw in this proposal, the motivating problem of AI taking over most jobs is still looming ahead. Whether it's taxing AI work or something else, we need to come up with some plan and start implementing it now.
We could have a bright future where people could live their lives comfortably, focused on their own passions instead of working for others. Or, if you want to see the alternative, go watch The Hunger Games.
CLICK HERE FOR MORE FROM JAMES O'BRIEN
Disclaimer: Any opinions expressed in this article are only those of the author as a private individual. Nothing in this article should be interpreted as a statement made in relation to the author’s professional position with any institution.",Fox News
https://www.politico.eu/article/reynolds-give-his-steer/,2025-02-13,Reynolds hits ‘reset’ on competition,"| SNEAK PEEK |
— The government is giving the CMA a ‘reset’. The CMA will try to show it’s got the message.
— Peter Kyle explains the U.K.’s AI summit statement snub.
— MPs pick up where peers left off on copyright.
AI generated Text-to-speech
A daily download of the topics driving the tech policy agenda, from Brussels to London to Silicon Valley.
By TOM BRISTOW
with LAURIE CLARKE and JOSEPH BAMBRIDGE
| SNEAK PEEK |
— The government is giving the CMA a ‘reset’. The CMA will try to show it’s got the message.
— Peter Kyle explains the U.K.’s AI summit statement snub.
— MPs pick up where peers left off on copyright.
Good morning and happy Thursday,
This is Tom, back home.
You can get in touch with your news, tips and views by emailing Tom Bristow and Laurie Clarke. You can also follow us on Twitter @TomSBristow and @llaurieclarke.
| DRIVING THE DAY |
THE STEER IS HERE Business Secretary Jonathan Reynolds will instruct the Competition and Markets Authority (CMA) to be “more agile” and “less risk averse” today in a big growth speech. Needless to say, it comes at a delicate time for the regulator.
How it plays out: The “strategic steer” — which the CMA must show it is “having regard to” when making decisions — should land shortly after Reynolds speaks at Samsung’s London HQ around 9:30 a.m. this morning. A consultation will follow.
What to expect: An overnight trail said the “reset” of the regulator’s priorities will instruct it “to be more focused on creating an agile, competitive business environment... with less burdensome regulation” and “focus on speeding up the decision-making process on interventions, giving more certainty for investors while delivering a fair deal for consumers.” Other regulators have also been put on notice to tear down barriers and be more responsive to industry feedback.
What does it mean? As we reported last week, the steer is likely to signal to the CMA to double down on its ongoing work to revise its mergers regime, which chief executive Sarah Cardell set out in a speech last November. After Brexit, the CMA took on merger review responsibilities which were previously with the European Commission, and some of its decisions and processes have sparked a backlash among (mainly U.S.) tech firms.
What it doesn’t mean: The steer will also remind the CMA to keep economic growth and consumer benefits front and center as it implements the digital markets regime which came into force last month. But the government won’t tinker with the Digital Markets, Competition and Consumers Act itself. (Notably, the press release only refers to the act’s consumer elements.)
Call and response: “I want the regulator to focus its efforts on genuine harms to U.K.-based consumers and businesses, so they can promote trust and deter abuse,” Reynolds will say in his speech. It will be followed by comments from Cardell herself, who will undoubtedly explain how the CMA is already taking the government’s growth decree on board.
Some context: The CMA has had a turbulent start to the year, after its former chair Marcus Bokkerink was ousted by ministers and replaced with Doug Gurr. Gurr’s background as an Amazon executive has made pro-competition advocates nervous, but the government has sought to present it as a positive.
Need I say more? “Doug Gurr’s experience in the tech sector means he brings unique experience of precisely the types of digital markets that the CMA are now responsible for regulating for the benefit of U.K. consumers,” Reynolds wrote in a letter to the chair of the Lords’ Communications and Digital Committee this week. “I can reassure you and the Committee that the Government remains committed to the DMCC Act.”
Big Tech presence: Nevertheless, Reynolds will follow up his speech — which will also touch on the industrial strategy — with a meeting of the government’s advisory council chaired by... Microsoft exec Clare Barclay. It’s part of another push of the government’s pro-growth agenda which will also see Prime Minister Keir Starmer announce plans for new towns today.
| AGENDA |
BIG SPEECH: Business Secretary Jonathan Reynolds and CMA chief Sarah Cardell speak about competition, growth and industrial strategy from 9:30 a.m. (See above.)
NOT HAD ENOUGH? Global Counsel and Bien Commun Advisory host a webinar at 1 p.m. reflecting on the AI Action Summit. Details here.
HAPPENING TODAY: Chinese Foreign Minister Wang Yi meets Foreign Secretary David Lammy in London.
| AROUND THE WORLD |
SIMPLIFICATION DRIVE: The EU will scrap a proposed reform to AI liability rules as part of a drive to simplify its tech rules.
THROWING SHADE: Former Google boss Eric Schmidt cast doubt on Europe’s ability to build AI infrastructure but urged the West to pursue open source AI.
AI GALORE: OpenAI’s Sam Altman said the company plans to simplify its range of models and release new ones within “weeks.” OpenAI’s Project Stargate partner, SoftBank, reported a surprise loss, the FT reports. And Adobe launched a new video AI model.
BID INCOMING? Meta is considering a bid for Korean firm FuriosaAI that could help it develop its own chips, Forbes reports.
AGE CHECKS: Google plans to trial machine learning-based age estimation in the U.S.
SETTLED: Elon Musk’s X agreed to settle a lawsuit from Donald Trump for $10 million, the WSJ reports.
TRUMP WATCH: Trump’s pick to lead on competition cases against Big Tech said she’d pursue them if resources allow, Reuters reports. Meanwhile, a funding freeze at the U.S. consumer protection bureau could reduce tech enforcement, Wired reports.
| ARTIFICIAL INTELLIGENCE |
THE DAY AFTER: The AI Action Summit — and the U.K.’s refusal to sign its final statement — provided the material for the most interesting exchanges at DSIT questions yesterday.
How my week went: Technology Secretary Peter Kyle said companies he met in Paris were “genuinely excited” about the U.K.’s AI plans, and congratulated the French on an “incredible summit.” “Britain’s voice was heard loud and clear, which is why we are delivering such extraordinary investment into this country,” he said.
Chi’s wrath: But chair of the Commons science and tech committee Chi Onwurah said AI users and the wider public were “concerned” by the government’s decision not to sign the statement, “particularly given that its content was far less contentious than wording that the U.K. agreed upon at previous summits.” Coming on the same day Patrick Vallance told her committee “there is no AI bill,” it suggested the government is “watering down” its position.
Hear from Peter: Kyle’s response echoed lines from No. 10 on Tuesday. While “a lot was achieved this week,” Kyle said: “This government puts national security first, an issue that we wanted to raise at the summit, which prevented us from signing the overall agreement.”
Not enough: In a follow-up statement, Onwurah said “the motivations for this remain unclear, as are the national security and global governance concerns cited by the secretary of state.” “The government needs to urgently clarify its position and offer reassurance that a safety- and citizen-first approach to AI has not been pushed aside,” she said.
AT THE FRINGE: The move also dominated the AI Fringe across town. Andrew Dudfield, head of Full Fact AI, told a panel the U.K.’s reasoning was “unclear,” and wondered if the U.K. was going full “free market” to cozy up to Trump.
Another view: But computer scientist Wendy Hall, who was in Paris, said she was told “categorically” from government sources that it wasn’t about appeasing the U.S. president. She lauded the U.K.’s stance on global governance and security as “quite brave” — and called the final statement mere “platitudes”.
Sino the times: Hall also reflected on the shifting geopolitical dynamics. At Bletchley, China’s minister was barred from the leaders’ day. In Paris, he had a central role (even if the country’s embryonic AI safety institute hasn’t been invited to join the global network). The U.K. could have a “soft power” role to play as this plays out, Hall suggested.
Reflections: In a later panel, former No. 10 AI adviser Henry de Zoete made a similar case. The U.K. had “done the right thing,” by listening to complaints from the AI safety crowd and buying goodwill with the U.S. That could ensure the U.K. has a seat at the table when China and the U.S. inevitably have to discuss super-powerful AI, he argued.
Can’t blame em: While France couldn’t be blamed for using the summit to advance their own agenda, de Zoete said top-level discussions on advanced AI are essential. “This thing is coming and it’s coming fast,” he said. (In his own post-summit reflections, Demis Hassabis wrote that concerns of AGI “are not far-off or far-fetched... They are global concerns that require focused, international cooperation.”)
Bletchley, redeemed: Faculty AI director Iain Mackay suggested the summit had been a “missed opportunity” to build on Bletchley Park’s safety work. But de Zoete said a “positive” was that some of Bletchley’s achievements have been embraced by industry, with AI labs continuing to update frontier AI safety frameworks.
Dissenting voice: Gaia Marcus, director of the Ada Lovelace Institute, called for “clarity” about the fate of the government’s safety and regulation commitments, which she framed as essential for trust and adoption. “We need to be very sure that anything coming into this country to build on is safe,” she argued.
| DATA |
DATA BILL: The Data (Use and Access) Bill had its first outing in the Commons yesterday — and Technology Secretary Peter Kyle couldn’t resist a dig at the previous government in his speech. “Governments have spent years waxing lyrical about the immense promise of technology, but their failure to deliver data reform has undermined that promise,” he said. “This bill will smash the silos standing in the way of reform and remove the brakes that are holding Britain back.”
Fun while it lasted: But Kyle’s gloating was quickly met with a wave of cross-party criticism of the government’s proposals on AI and copyright. He attempted to reassure disgruntled creatives — and MPs — by insisting he “refused to choose” between the tech and creative sectors.
Beeban’s amendments? Pressed on whether he would attempt to challenge the copyright amendments added to the bill in the Lords, Kyle dodged the question. “I assure [creatives] I have no intention at all standing in the way of their work being respected as we go through this process,” he said. He also agreed to meet representatives from the creative sector — something he has so far failed to do.
Here’s a clue: Creative Industries Minister Chris Bryant was somewhat more forthcoming. Responding to attacks that existing copyright law is clear enough, he pointed out that the Lords amendments themselves change the law. “We will somehow have to square that circle at some point during the bill’s progress,” he said.
Mak attack: Kyle and his Conservative opposite number Alan Mak exchanged barbs over the issue. Mak said Labour’s consultation represented “the worst of all worlds... It doesn’t provide any legal certainty, nor does it allow the views of those who responded to be taken seriously.” But Mak refused to say whether he agreed or disagreed with the opt-out approach himself.
Seeking to overturn: Meanwhile, Kyle trumpeted the government’s own amendments to the bill in the Lords, including on sexually-explicit deepfakes and children’s data. However, he said the government would seek to overturn an amendment from Jonathan Berry which seeks to add a public interest test for scientific research to process personal data.
Backstory: Berry argues the change is needed to avoid AI companies using it as a loophole. But Kyle said the requirement “would place an undue bureaucratic burden on researchers.”
Also problematic: Amendments put forward by Conservative peer Ralph Lucas which would force public authorities to share information on an individual’s sex change as part of a digital verification check were deemed incompatible with human rights law, Kyle said, as it “would mean passing along an excessive amount of personal data.”
| MOVERS & SHAKERS |
NEW GIG: LinkedIn co-founder Reid Hoffman has been appointed as a senior visiting fellow at the Data Science Institute at the LSE. The unpaid role should see him spending more time in London for the next three years.
NOW HIRING: The CMA is hiring a senior technology adviser.
| BEFORE YOU GO |
BEST BUDS: Larry Ellison and his pal Tony Blair bonded over the potential of letting AI loose on public data sets in Dubai, Bloomberg reports.
DO THIS: Pragmatic CEO Dave Moore told the Times the government should focus on tax incentives and reducing energy costs to support the U.K. chip industry.
HAVE YOUR SAY: The CMA is consulting on undertakings that chip design firms Synopsys and Ansys have committed to in order to see through their merger. It closes Feb. 26.
Morning Technology UK wouldn’t happen without the production team.",POLITICO
https://www.politico.eu/article/starlink-looks-pale-in-comparison-what-europeans-can-get/,2025-02-13,Starlink looks pale in comparison with what Europeans can get,"| SNEAK PEEK |
— Has Elon Musk's Starlink got a shot in Europe? Not really.
— The withdrawal of the EU's AI liability rules has fans and critics.
— There's a new report about the price tag of the Eurostack.
AI generated Text-to-speech
A daily download of the topics driving the tech policy agenda, from Brussels to London to Silicon Valley.
By PIETER HAECK
with MATHIEU POLLET and ELIZA GKRITSI
| SNEAK PEEK |
— Has Elon Musk's Starlink got a shot in Europe? Not really.
— The withdrawal of the EU's AI liability rules has fans and critics.
— There's a new report about the price tag of the Eurostack.
Good morning and welcome to Morning Tech. Hi, this is Pieter, back in Brussels after frantic days in Paris — invite me for coffee so I don't fall asleep. As always, send the hottest tech policy news and gossip to Pieter, Mathieu and Eliza.
| driving the day |
STARLINK IS NO MATCH: Elon Musk’s thousands of Starlink low-Earth orbit satellites may provide internet from space, but are failing to wow everyday consumers in Europe. Cracking a market with solid high-speed coverage and low prices won’t be easy for satellite broadband providers.
Despite breakthroughs in niche markets and a fair shot in underserved areas — think countryside and remote islands where there is no business case for operators to fix the blank spots — Musk's mega constellation is no threat to Europe's traditional telecom operators today.
By the numbers: The latest report from the European Commission tracking the bloc's digital transformation revealed that about 79 percent of European households are already covered by ""very high capacity"" networks — i.e. reaching a download speed of at least 1,000 megabits per second or one gigabit — like ultra-fast fiber connections.
Starlink, with promises to offer speeds between 25 to 220 Mbps, looks pale in comparison and comes at a bigger price. Across the EU, a Starlink subscription would on average cost around €49 per month, plus an upfront €249 for the terminal kit, compared to just €21.32 for a similar offer from your regular telco.
It’s a no-brainer: ""If I were a customer, if I can get fiber, I will take fiber,"" said Robert Mourik, the chair of BEREC, the body of European telecom watchdogs. ""If I don't have good broadband from any of the traditional means, then great, I'll have the satellites please.""
But, but, but: Starlink is nonetheless making strides globally. It had 4.6 million customers worldwide in 2024, up from 2.3 million in 2023. IT giant Cloudflare estimated that Starlink traffic grew 3.3 times last year.
Given the ""enormous amount of innovation in satellite space,” it's tough to predict whether — or for how much longer — satellite connectivity providers will remain a niche player, Mourik said. ""What I say now can be completely outdated tomorrow,"" he warned.
Mathieu and Hanne have the full story (and the data) here.
| ARTIFICIAL INTELLIGENCE |
GOODBYE AILD, WE HARDLY KNEW YOU: The European Commission had promised early this week to simplify its artificial intelligence regulatory framework and now we know what that looks like: the EU’s AI liability rules are being axed and much more could follow in a digital-focused simplification package at the end of this year.
Parliament pushback: The AI liability withdrawal was poorly received by lead lawmaker, German center-right politician Axel Voss (who is also a big fan of cutting red tape). He slammed the Commission for choosing “legal uncertainty, corporate power imbalances, and a Wild West approach to AI liability.” Italian socialist lawmaker Brando Benifei, the AI Act lead, joined him and called the decision “disappointing,"" saying that “enforcing the AI Act is now more critical than ever.""
EPP vs. EPP: Tech boss Henna Virkkunen has emerged as the face of the drive to cut back on AI red tape. “Europe needs less bureaucracy and more space for innovation and entrepreneurship,” she said on Instagram of the work program. Virkkunen—who is from the European People’s Party—now faces pushback from Voss, who is also EPP.
Industry applauds, civil society not: Daniel Friedlaender of Big Tech lobby CCIA said it was “laudable” that the Commission is willing “to review past work” but complained that “little effort” was made to streamline existing rules.
Laura Lazaro Cabrera, of the non-profit Center for Democracy and Technology, said that the withdrawal is “sending an alarming message that even the most basic procedural safeguards are fair play in the rush to embrace innovation.”
It could come back from the dead: At a Wednesday press conference, Trade Commissioner Maroš Šefčovič signaled that the AI liability rules could survive after all. Putting it on the withdrawal list is an “invitation” to the co-legislators to tell the Commission they want it after all, he said.
| INFRASTRUCTURE |
THE PRICE OF FREEDOM: How much would it take for Europe to develop its own vertical stack of technologies to ensure autonomy from other regions (such as the U.S.) and increase its competitiveness? At least €300 billion in the next decade, according to the over 100-page EuroStack report, which was published today.
That’s a lot less than the €5 trillion previously estimated by the Chamber of Progress, a U.S. trade group.
What is it? The EuroStack initiative, led by an unusual alliance of academics and policymakers, aims to bring together Europe’s strengths across tech to drive self-reliance and innovation. It proposes a €300 billion sovereignty fund to be governed by a novel structure under the European Commission's Competitiveness Compass. The first €150 billion of that should be deployed between 2025 to 2030.
The report published today was commissioned by German think tank Bertelsmann Stiftung in cooperation with University College London’s Institute for Innovation and Public Purpose, the Centre for European Policy Studies and Stiftung Mercator.
What is in it? According to the EuroStack report, the underlying technologies to be developed are AI, cloud computing, connectivity, electronic identification, data access, the Internet of Things and digital currencies, as well as “energy-efficient public computing capacity” and chips to support AI development. Rare earths and critical raw materials also get mentions. It sees potential applications for healthcare, manufacturing and other industries.
How to do it? The report proposes creating a chief EuroStack officer role to oversee the process. A steering committee made up of EU institutions, member countries, industry, academia and civil society, will appoint the CEO. The committee will meet quarterly. An “advisory board of independent experts will provide guidance on technical, ethical, and policy matters” to the CEO, the report said.
| PLATFORMS |
DC CALLING: EU tech chief Henna Virkkunen was told to set up a briefing on the Digital Services Act with U.S. lawmakers by 4 p.m. on Thursday. Who set that deadline? The chair of the U.S. Congress Judiciary Committee, Republican Jim Jordan, in a late-January letter, expressing concerns about how the DSA affects free speech across the Atlantic. As of Wednesday afternoon, Virkkunen had not responded to Jordan’s letter, but she will “in due course” Commission spokesperson Thomas Reigner told Morning Tech.
ALARM BELLS FOR BERLIN: Russia-backed campaigns to discredit Germany’s center-right Christian Democratic Union ruling party and the Greens, have broken into the mainstream, says research by non-profit think tank CeMAS, CORRECTIV, Newsguard and Gnida Project to be published today and shared with Morning Tech. The campaign by a group known as Storm 1516 is spreading allegations that the CDU and Greens are sexually abusing minors. Some videos on TikTok have been seen hundreds of thousands of times, whereas one has 1.7 million views. The content has also been spreading widely on Facebook, X and Telegram.
SPAIN TAKES THE HELM: Spain’s National Commission for Markets and Competition (CNMC) will be chairing the European Media Services Board, which came to life on Saturday. The director of Spain’s CNMC, Carlos Aguilar, will be the president, and Amma Asante of the Dutch media authority, will be the vice-president. The board oversees the implementation of the European Media Freedom Act.
| quote du jour |
""One problem is that the referee never wins. The second problem is that ... no one really likes the referee.""
— LinkedIn co-founder Reid Hoffman told an event in Paris that Europe is the referee in the global AI race. He argued that's not a good thing.
| AGENDA |
COMMISSION: Tech sovereignty boss Henna Virkkunen has a call with Dutch Economy Minister Dirk Beljaarts. Competition boss Teresa Ribeira meets with BEUC's Agustín Reyna.
PARLIAMENT: The final day of plenary has a debate on critical communications infrastructure.
| ELSEWHERE ON THE WEB |
Adobe launches an AI video tool to compete with OpenAI. Reuters.
Ex-Google chief warns the West to focus on open-source AI in competition with China. FT.",POLITICO
https://www.foxnews.com/media/massive-ai-stargate-project-trump-admin-reveals-next-steps,2025-02-12,Massive AI Stargate Project under Trump admin reveals next steps,"Stargate, the massive artificial intelligence (AI) infrastructure project recently unveiled by President Donald Trump, has begun production in Texas — with data center construction in other states expected to be announced in the coming months.
OpenAI, Softbank, Oracle and other partners' total investment of $500 million in the project will produce a large-scale network of campuses. Each campus will be designed in the roughly 1 gigawatt (GW) or greater range, a measurement of electricity that can power a minimum of 750,000 homes.
During a recent press briefing on The Stargate Project attended by Fox News Digital, OpenAI announced that construction on the first site is underway in Abilene, Texas. Significant progress has been made in identifying additional locations. Stargate is currently weighing 16 additional states as options for future sites.
""We are really privileged to be with the president, who made clear that Stargate is incredibly important to U.S. nation building,"" OpenAI Chief Global Affairs Officer Chris Lehane said during the briefing, noting that Donald Trump has been engaged in conversations regarding AI infrastructure since the summer of 2024.
Lehane also said OpenAI has been ""blown away"" by how Texas is thinking about AI, calling it a state that is ""certainly thinking big, acting big and looking to build big.""
Stargate's short-term rollout is as follows, according to Lehane, OpenAI Chief Economist Ronnie Chatterji, and Keith Heyde, the company's director of Infrastructure Strategy and Deployment.
- Finalize the site selection process for additional Stargate campuses
- Engage with state governments and local communities to secure support and partnerships for The Stargate Project
- Develop economic models to quantify the job creation and broader economic impacts of the Stargate campuses
- Coordinate with utility providers and energy companies to ensure sustainable and resilient power and water solutions for the sites
- Establish connections with universities, hospitals and community colleges to build AI ecosystems around Stargate campuses
Stargate has also revealed a 3-phase site selection process. This will include evaluating potential sites for critical criteria, including power, size, water, people, and fiber.
FOX NEWS AI NEWSLETTER: TECH TITANS SOUND OFF ON TRUMP'S AI PROJECT
OpenAI estimates that each 1 GW supercomputer campus will generate thousands of jobs through direct, indirect and induced effects.
Direct effects are those employed directly by campuses in construction and operation roles. Indirect effects are how the initial industry's spending circulates within the local economy, while induced effects are how wages earned within the affected industries contribute to consumer spending in the region.
OpenAI has said that ensuring the world's most advanced AI supercomputers remain U.S.-based is crucial to maintaining a competitive advantage over the Chinese Communist Party (CCP).
The latest AI models launched by Chinese startup DeepSeek have spurred turmoil in the technology sector following its emergence as a potential rival to leading U.S.-based firms.
ALTMAN SAYS MUSK 'TRYING TO SLOW US DOWN,' OPENAI NOT FOR SALE
The emergence of the China-based firm has raised questions about leading U.S. tech companies investing billions of dollars in advanced chips and large data centers to train AI models. It also serves as a ""Sputnik moment"" for the AI race between the U.S. and China following the perception that the U.S. had an edge over its geopolitical rival in the emerging field.
During the press briefing, Lehane said that DeepSeek news clarifies that ""this is a very real competition, and the stakes could not be bigger.""
CLICK HERE TO GET THE FOX NEWS APP
""Whoever ends up prevailing in this competition, it's going to really shape what the world looks like going forward. Whether we have democratic AI, it's free and open, or authoritarian AI that is autocratic. It's going to impact enormously whether people in this country get to participate in the upside,"" he continued.
The company announced an Infrastructure Blueprint in November and an Economic Blueprint in January as part of their push to build key AI ecosystem components.
Fox Business' Eric Revell contributed to this report.",Fox News
https://www.foxnews.com/entertainment/the-simpsons-star-fears-ai-could-rip-off-his-work-says-theres-one-thing-cannot-recreate,2025-02-13,"‘The Simpsons’ star fears AI could rip off his work, but says there’s one thing it cannot recreate","""The Simpsons"" star Hank Azaria has voiced his fears over artificial intelligence in a new opinion piece.
The actor, who has been with the show since 1989, wrote an opinion essay for The New York Times, worrying AI ""will be able to recreate the sounds of the more than 100 voices I created for characters on ‘The Simpsons.’""
He continued, ""It makes me sad to think about it. Not to mention, it seems just plain wrong to steal my likeness or sound — or anyone else’s.""
Azaria voices dozens of characters on the show, including bartender Moe Syzlak, Chief Wiggum, Comic Book Guy, Professor Frink and many more.
WHAT IS ARTIFICIAL INTELLIGENCE (AI)?
""But a voice is not just a sound. And I’d like to think that no matter how much an AI version of Moe or Snake or Chief Wiggum will sound like my voice, something will still be missing — the humanness. There’s so much of who I am that goes into creating a voice. How can the computer conjure all that?"" he wrote.
AI expert Marva Bailer told Fox News Digital, ""When we look at animated characters, there is a person behind that character and there's also a person behind the voice, because we identify the character with the image, but also that unique voice and voices aren't just reading a script. A voice has a personality to it and emotion and a connection. And so his point that he's trying to make is he's actually developing these characters over time, and he's developing them through his life experience.""
""It makes me sad to think about it. Not to mention, it seems just plain wrong to steal my likeness or sound — or anyone else’s.""
She continued, ""He's been doing this a very, very long time. And as he's interacted with these characters, he developed, developed new personalities and the ways that the characters react with each other and new characters that they meet, just like we do as humans. And so he does have a valid point.""
In the piece, which also featured video clips of Azaria acting out his various roles, the 60-year-old elaborated on the physicality that goes into voice-over performances, like running in place, using props and working up real tears, all of which would be missing from an artificially generated voice.
'SIMPSONS' STAR HANK AZARIA SAYS HE'S 'WILLING' TO STEP ASIDE AMID APU CONTROVERSY
""An AI-generated voice has enough little things askew to make you think there’s something missing,"" the ""The Birdcage"" star said. ""It just isn’t compelling or funny in the same way that AI-generated faces in video seem to be missing elements that would make them believable and human-seeming — too often micro-expressions and gestures are not quite right.""
He explained his worries about the technology impacting his career, admitting, ""There may be some aspects of a performance that AI can enhance.""
WATCH: AI EXPERT EXPLAINS ‘THE SIMPSONS’ STAR’S ‘VALID POINT’ ON THE TECHNOLOGY
""So, if I’m being honest, I am a little worried. This is my job. This is what I love to do, and I don’t want to have to stop doing it. The conventional wisdom in Hollywood is that the technology for making faces seem fully human is five years away. I fear that the voice equivalent is also coming.""
""Something that AI does for us is if we have an idea or creativity, and we want to know what something sounds like or thinks like or looks like, and maybe we don't have it in our repertoire or our community, it can give us those inspirations,"" Bailer said. ""And that's really what Hank is bringing to the picture.""
CLICK HERE TO SIGN UP FOR THE ENTERTAINMENT NEWSLETTER
The ""Godzilla"" star also shared that he sees some positive aspects to the technology, like recreating the late Mel Blanc, who voiced Bugs Bunny.
""Maybe it would work especially well if someone like me, who is intimately familiar with the subtleties of the character, could help recreate what Bugs Bunny was doing by essentially directing AI,"" he suggested.
""The whole nostalgia opportunity is valid,"" Bailer said. ""And we're seeing these new experiences where Elvis comes to life, where ABBA comes to life, and there are situations where the actors or the estates or the rights owners are turning over that content. And yes, it can be created in a new way for a new generation. And it brings opportunity to these voice actors that could bring these characters to life with new voices and maybe new parts of their families or communities that they're going to intertwine.""
She added, ""We do need to protect our IP and keep doing a great job being humans and then using AI as that assistant to accelerate new experiences that we might not have even thought of.""
There is also another consideration for the use of AI when it comes to ""The Simpsons,"" the aging cast.
Last November, Azaria’s voice acting co-star, Pamela Hayden, who provided the voice of characters like Bart’s friend, Milhouse, among many others, announced she was retiring from the show after 35 years.
""How many actors can say they’ve worked on a show for 35 years straight?"" the 70-year-old told Variety. ""That alone is amazing. But it was time for me to devote my time to other creative endeavors that I have, like filmmaking.""
""It was a tough decision,"" she added, ""but I feel like it was the right one.""
‘THE SIMPSONS’ SHOWRUNNER TEASES SEASON 34 WILL REVEAL HOW SITCOM CAN SEEMINGLY ‘PREDICT THE FUTURE’
Hayden told the outlet producers were auditioning new actors for the role, and offered advice to make it their own.
""It is a sticky wicket in the sense that, I don’t think it’s ever good to just do an impression. It is a difficult task [to] put your stamp on a character, but to still make it sound like the character that has already originated,"" she said. ""You want them to bring their own gift to the party.""
WATCH: AI EXPERT EXPLAINS WHY ‘SIMPSONS’ STARS AND OTHER ACTORS MAY FIND USE IN THE TECHNOLOGY
Other key cast members include Dan Castellaneta, 67, who voices Homer and dozens of others, Julie Kavner, 74, the voice of Marge, Nancy Cartwright, 67, the voice of Bart and several others, Yeardley Smith, 60, the voice of Lisa, and Harry Shearer, the voice of Ned Flanders, Mr. Burns and many, many more.
""Simpsons"" showrunner Matt Selman told People last year, not long before Hayden’s retirement, that he’s in ""super denial"" about the possibility of any of his cast members suddenly dying.
LIKE WHAT YOU’RE READING? CLICK HERE FOR MORE ENTERTAINMENT NEWS
""I don't think about it, so I'm just going to not think about that,"" he added. ""But certainly, it's just if the show ever does a last episode.""
Bailer noted, ""Eighty percent of us are going to acquire a disability during our working years. So there could be a scenario where you're supposed to go to work, and you have to read script and beyond, and you have a cold and your voice doesn't sound like it did last week, or maybe you actually had a serious car accident and now your voice really doesn't sound exactly alike. And so if [AI] can fine tune your instrument, that would be a good thing. But again, it needs to be transparent. There needs to be agreements in place and transparency and ownership is really what's going to be important.""
CLICK HERE TO GET THE FOX NEWS APP
Azaria concluded that regardless of AI’s capabilities, there would still need to be a human element behind the scenes.
""I think we’ll still need someone who in his mind and heart and soul knows what needs to be done. AI can make the sound, but it will still need people to make the performance. Will the computer ever understand emotion on its own, what’s moving and what’s funny? Now we’re getting into science fiction, because for that, I think, the AI would have to be alive.""",Fox News
https://www.foxnews.com/opinion/american-ai-freedom-still-under-threat-from-bidens-leftover-directives,2025-02-13,American AI freedom still under threat from Biden’s leftover directives,"As Vice President JD Vance leaves Paris after urging Europe to reduce regulations and promote AI innovation, that effort is already in jeopardy. A series of quiet maneuvers by the Biden administration, major technology incumbents and a government-funded nonprofit called the Future of Privacy Forum (FPF) threatens to impose sweeping AI regulations in American states — even after President Donald Trump revoked the previous administration’s restrictive framework.
On January 23, Trump signed Executive Order 14179, ""Removing Barriers to American Leadership in Artificial Intelligence,"" replacing Biden’s command-and-control approach with a pro-innovation mandate to defend U.S. AI leadership against rivals like China. But remnants of the old policy survive in nonprofits like FPF, which are busy drafting state bills mirroring President Joe Biden’s agenda.
Public records confirm FPF was obligated nearly $5 million from federal agencies across FY24 and 25 under Biden. Last year, FPF’s website touted those grants as supporting the ""White House Executive Order on artificial intelligence,"" FPF since scrubbed the reference — but the federal grant database still links the money to that now-defunct directive.
MASSIVE AI STARGATE PROJECT UNDER TRUMP ADMIN REVEALS NEXT STEPS
Several states, with sponsors connected to FPF, including Texas, Virginia, Connecticut, and Colorado have introduced near-identical AI bills with fuzzy concepts such as ""algorithmic discrimination"" and ""high-risk"" systems. These vague rules afford regulators broad discretion, deterring not just startups but also high-growth tech firms that can’t divert precious resources to compliance overhead.
Venture capitalist Marc Andreessen, fresh from meetings with Biden, described the former president’s AI vision as ""the most alarming"" he’s ever encountered — replete with the notion that a new regulatory regime can and should micromanage cutting-edge technology. Progressive activists have long prepared for this: the left spent years building ""safety-ist"" NGOs ready to embed themselves in new agencies, believing they alone know how to direct AI ""responsibly."" The right, by contrast, never groomed regulators to champion market freedom. That imbalance means any new regulatory body would likely be staffed by those eager to expand government power.
CLICK HERE FOR MORE FOX NEWS OPINION
This pathology of planning reflects the misguided idea that new and evolving systems require centralized oversight. But Hayek’s ""knowledge problem"" reminds us that that no central authority can aggregate and process the dispersed information needed to govern a complex, changing system efficiently. Therefore, sweeping bills loaded with ambiguous mandates open the door to cronyism, helping well-heeled incumbents navigate red tape while smaller innovators are sidelined.
Even if a bill exempts certain startups, the compliance drag effectively cements the status quo — technology giants enjoy a legally bulwarked upper hand. In the words of famed University of Chicago economist George Stigler ""regulation is acquired by the industry and is designed and operated primarily for its benefit.""
Proponents claim these measures address ""algorithmic harms,"" but genuine harms — defamation, fraud, revenge porn — are already illegal. States can easily update criminal codes to tackle issues like synthetic sexual images without creating entire bureaucracies. Lawmakers in places like Texas would do better to heed their own instincts for small government and avoid duplicating heavy-handed Biden-era rules.
CLICK HERE TO GET THE FOX NEWS APP
If these bills continue to proliferate, America risks a Balkanized regulatory minefield in which Big Tech ironically profits most. Instead, we need targeted, minimal interventions — if any at all — rather than broad frameworks crafted under a discredited federal policy. Our global competitiveness in AI and the vitality of our entrepreneurial ecosystem hang in the balance.
States must resist the temptation to create new offices for leftist bureaucrats and activists, lest they harass the builders who can deliver a golden age of American innovation.
Joe Lonsdale is an entrepreneur and investor. He co-founded Palantir Technologies and the venture firm 8VC. He is the chairman of the University of Austin (UATX) and the Cicero Institute, a nationwide policy group.",Fox News
https://www.politico.eu/article/criminals-use-ai-chatbots-too-experts-warn/,2025-02-14,Criminals use AI chatbots too,"| SNEAK PEEK |
— Criminals use AI chatbots to commit fraud, Europol's chief AI officer warns.
— The U.K. switches from 'AI safety to 'AI security.'
— The Munich Security Conference is working hard to make killer AI cool.
AI generated Text-to-speech
A daily download of the topics driving the tech policy agenda, from Brussels to London to Silicon Valley.
By PIETER HAECK
with ELIZA GKRITSI and MATHIEU POLLET
| SNEAK PEEK |
— Criminals use AI chatbots to commit fraud, Europol's chief AI officer warns.
— The U.K. switches from 'AI safety to 'AI security.'
— The Munich Security Conference is working hard to make killer AI cool.
Good morning and welcome to Morning Tech. This is Pieter. #TGIF (unless you're in Munich, then the fun is only starting)
As always, send the hottest tech policy news and gossip to Pieter, Mathieu and Eliza.
| DRIVING THE DAY |
'CRIMEGPT' OR CRIMINALS USE AI CHATBOTS TOO: The rise of artificial intelligence chatbots and other content generators has made it much easier for criminals to produce convincing phishing e-mails and commit other kinds of fraud, Europol’s chief AI officer Didier Jacobs warned.
“In the past, you needed thirty people to make phishing e-mails and translate these and send them out,” Jacobs told Morning Tech. “Theoretically you could do this almost by one person today.”
But how do you know? Asked where Europol mainly spots the use of AI in criminal activities, his answer is sobering: it’s hard to say.
AI is mainly being used by criminals to commit fraud, but providing hard evidence of the use of machine-generated content is challenging.
“There’s little hard evidence, of course, because you don’t know anymore if it’s human-written or machine-written,” Jacobs said, who added that detection is a key challenge for the tech scene in general.
DarkLLM: Criminals have already found a way to make large language models (LLM, the umbrella term for models underpinning services such as ChatGPT) work for them: turning them into what Europol calls a “DarkLLM.”
“You can download an LLM,” Jacobs explained. “When you use it locally, it leaves no logs, no traces. You can retrain the models, you can remove the ethical guardrails from the models.” Criminals retrain the model to make it effective in criminal tasks, such as generating malicious code or phishing emails.
AI vs. AI: Criminals use AI, but law enforcers do too.
Inside Europol, AI is being used to “release human analysts from repetitive tasks,” Jacobs said, especially when working with vast and complex datasets. Another use case is to avoid exposing analysts to “gruesome material.”
Jacobs emphasized that the European Union’s law enforcement agency is not capturing the data mentioned. EU member countries are legally handing over datasets to Europol for analysis. Since these datasets can contain millions of messages, AI is a helpful tool for reviewing all that.
Terror warning: Former Google Chief Executive Eric Schmidt also highlighted the malicious use of AI in an interview with the BBC after the Paris AI Action Summit where he warned that it could be used by terrorists or ""rogue states"" to create weapons that harm innocent people.
“Think about North Korea, or Iran, or even Russia, who have some evil goal. This technology is fast enough for them to adopt that they could misuse it and do real harm,” Schmidt said, adding that it could even mean creating weapons to facilitate “a bad biological attack.”
UK SWITCHES FROM SAFETY TO SECURITY: Britain’s AI Safety Institute, will be recast as a “Security Institute,” tech secretary Peter Kyle will announce at the Munich Security Conference today, reports our colleague Tom Bristow.
Love you too: The government said in a press release overnight that national security and protecting citizens from crime will become the “founding principles” of how it sees responsible AI development.
That means: Looking at how the technology can be used to develop chemical and biological weapons, how it can be used to carry out cyberattacks, as well as fraud and child sexual abuse, but Kyle said that the AISI’s work won’t change, while AISI chair Ian Hogarth said it marked the “next step” of the institute.
POLAND HEART GOOGLE: Poland's state-backed development fund struck an AI cooperation deal with Google that will secure the country's access to cutting-edge AI tools and see the search giant commit to a $5 million program to train 1 million Poles in AI, Prime Minister Donald Tusk said on Thursday while hosting Google CEO Sundar Pichai, writes in our colleague Wojciech Kość.
| TECH SECURITY |
POSTCARD FROM MUNICH — AI ENTERS THE FRAY: From Google's Kent Walker to Microsoft's Brad Smith, to Meta and Palantir and Germany's Helsing, tech companies are hitting Munich today for the first day of the three-day security bash called the Munich Security Conference.
Two sides of the AI coin: While Ukraine talks and prickly issues like Greenland dominate the bilaterals and watercooler chats, we're listening for how the conversation around AI takes center stage. Roughly, that's in two ways:
1. AI as a threat. Last year the tech community locked arms around an industry pledge to fight deepfakes. That's a narrative that continues this year: the threat of AI being misused to defraud and scam people and to create disinformation and deepfakes still looms large.
Google ahead of the event released a report on the ""adversarial misuse"" of AI, in which it rang the alarm that tools are being used, but added that malicious actors aren't yet innovating strongly with AI.
2. AI as the savior. Different this year is another message from the tech sector: You need AI for your own security. Google this month dropped a pledge not to use its AI in weapons systems and published a blogpost saying it wants to ""create AI that protects people, promotes global growth, and supports national security."" Helsing, Palantir and many others have been outspoken about this in the past.
That second message matches the mood that dominated Paris earlier this week, where talk of AI safety took a backseat. We had that story earlier.
Case in point: European defense technology firm Helsing, known for its AI weapons, announced it is producing 6,000 additional drones to send to the Ukrainian battlefield. The drones are manufactured and sourced in Europe, in what Helsing calls ""resilience factories,"" a pitch that'll land well with European governments seeking to keep defense manufacturing close.
COMMISSION IN MUNICH: 13 commissioners jet off to the Bavarian city, with tech boss Henna Virkkunen and innovation chief Ekaterina Zaharieva among them. See the full agenda here. Virkkunen also meets with Oracle CEO Safra Catz and Bitkom President Ralf Wintergerst.
WHO ELSE IS IN MUNICH? POLITICO is an official media partner of the Munich Security Conference and is hosting the POLITICO Pub at the Rosewood Hotel just next to the main venue.
Cybersecurity Editor Laurens Cerulus is hosting a discussion at 11.30 a.m. on ""Wars of the future” featuring former U.S. Deputy National Security Advisor Anne Neuberger, NATO’s Assistant Secretary General Jean-Charles Ellermann-Kingombe and Recorded Future’s Christopher Ahlberg. Livestream here.
SPOTTED IN MUNICH: André Loesekrug-Pietri, of JEDI fame, sporting his deep green baseball cap with white all-caps letters saying: Make Europe Great Again.
| PLATFORMS |
NEW ERA? The European Commission struck a new tone talking about fact-checking at a Thursday press briefing when an official, speaking on condition of anonymity, said that it wasn't the only tool to fight disinformation since there has been an ""evolution"" in the conversation around it. The Commission has previously heralded fact-checking as a “crucial pillar” of fighting disinformation and has poured resources into various fact-checking efforts.
“We support fact-checking, but it would be short-sighted to say that is the only way to address disinformation,” the official said. “We want to be the AI continent, don't we? There might be possibilities also to use in the future technology” to help detect deepfakes, the official said.
Fuzzy on the details: In the same briefing, another official heralded the standards for the independence of fact-checkers created by the Commission-supported European Fact-Checking Standards Networks.
No wonder: The briefing, by the way, was to announce the conversion of a code of practice on disinformation into a formal code of conduct under the Digital Services Act. Several Big Tech platforms have pulled out of the code's fact-checking permission and Meta has dropped its fact-checking in the U.S. in favor of X-style community notes.
NO RUSH: A Thursday deadline set by Jim Jordan, the head of the U.S. Congress Judiciary Committee, for Virkkunen to respond to allegations that the DSA amounts to censorship is “non-binding” on the Commission, its spokesperson Thomas Regnier said. Virkkunen’s cabinet told Morning Tech she will reply “in due course.”
SPEAKING OF WHICH — IT WASN’T TRUMP! The EU is cutting back tech regulation to spur AI investments, not because of pressure from Trump and Big Tech, Virkkunen told the FT in an interview.
| TELECOMS |
THINK TWICE ON CONSOLIDATION: Consumer group BEUC urged competition czar Teresa Ribera not to give in to industry calls to soften merger control, particularly on telecoms, at a Thursday meeting.
Telecoms liberalization ""has been a successful story for consumers thanks to pro-competition rules and enforcement,"" BEUC's Agustín Reyna told my colleague Francesca Micheletti. ""We should not undermine this progress by giving in to incumbents seeking to consolidate and extract more money from consumers.”
| NUMBER DU JOUR |
97
— That’s the number of people working today at the AI Office, according to the European Commission's latest breakdown communicated to the Council’s telecoms working party on Tuesday.
| DIGITAL RIGHTS |
CONGRATS TO DIGITAL RIGHTS VIOLATORS: Dutch privacy rights organization Bits of Freedom crowned the lucky “winners” of its annual Big Brother awards on Thursday evening, for the biggest digital rights violators of 2024, writes our colleague Ellen O'Regan.
Who came out on top? Prizes were handed out to the Dutch finance minister for creating anti-terrorism policies that force financial institutions to use “discriminatory risk profiles and algorithms” and Belgian media group DPG Media for its “daily tracking and profiling of millions of news consumers.”
| ELSEWHERE ON THE WEB |
Alibaba confirms Apple deal bringing AI features to iPhones in China. TechCrunch.",POLITICO
https://www.politico.eu/article/security-is-the-new-safety/,2025-02-14,Security is the new safety,"| SNEAK PEEK |
— The U.K. AISI drops “safety” for “security” as it rebrands for the Trump era.
— DSIT and Anthropic ink a new partnership.
— What’s happened to the porn review?
A daily download of the topics driving the tech policy agenda, from Brussels to London to Silicon Valley.
By TOM BRISTOW
with LAURIE CLARKE and JOSEPH BAMBRIDGE
| SNEAK PEEK |
— The U.K. AISI drops “safety” for “security” as it rebrands for the Trump era.
— DSIT and Anthropic ink a new partnership.
— What’s happened to the porn review?
Good morning and happy Friday,
This is Tom, unable to find where I’ve hidden my wife’s Valentine’s card.
You can get in touch with your news, tips and views by emailing Tom Bristow and Laurie Clarke. You can also follow us on Twitter @TomSBristow and @llaurieclarke.
| DRIVING THE DAY |
FOR SAFETY, READ SECURITY: Britain’s AI Safety Institute will be recast as the AI Security Institute (AISI) with a “renewed focus” on national security and protecting citizens from crime, Technology Secretary Peter Kyle will announce at the Munich Security Conference today.
Love you too: Kyle said the changes “represent the logical next step in how we approach responsible AI development” rather than a major change in the AISI’s work. “This renewed focus will ensure our citizens — and those of our allies — are protected from those who would look to use AI against our institutions, democratic values, and way of life,” he said.
What it means: DSIT said the new name better reflects AISI’s efforts to address “serious AI risks with security implications,” such as how the technology might be used to develop chemical and biological weapons, carry out cyber-attacks, or commit fraud and child sexual abuse. The AISI won’t focus on bias or freedom of speech, it was keen to stress.
Rumors are true: MTUK heard rumors in Paris that the AISI was looking to change its name. But the shift will take many by surprise, given the U.K.’s success in pioneering an international network of safety institutes.
The hand of Vance: However, it’s further evidence of the U.K. aligning as closely as it can to the Americans on AI. In Paris, JD Vance said he was “not here... to talk about AI safety” — but references to security were littered throughout his speech. Republican lawmakers have similarly mooted changing the name of the U.S. AISI to make it more palatable to the White House, our U.S. colleagues report.
Of course: Both countries also snubbed the final Paris statement, with Kyle citing its failure to address national security concerns.
Spot the trend: Ex-Google CEO Eric Schmidt was issuing dire warnings of “rogue states” and terrorists using AI to cause havoc yesterday. The shift to viewing AI risks in geopolitical and national security terms has gathered steam since recent breakthroughs by China’s DeepSeek.
Staying power: Miles Brundage, a former OpenAI adviser, wrote this week that “security is in some respects ‘the new safety’,” and could even have “more staying power,” due to its cross-party support. Safety, meanwhile, has become associated with “regulatory capture.”
Exhibit A: Alex Wang, founder of Scale AI, who has urged the Trump administration to “win the AI war” and recently inked a partnership with the U.S. AISI to develop model evaluations, met the PM in No. 10 Tuesday. According to one person familiar, they “discussed the importance of the U.S. and U.K. relationship in building a coalition of western-aligned and allied nations to establish a global standard for AI.”
Old friends: Amodei also met with the PM yesterday, according to a person with knowledge of the meeting. In his post-Paris reflection, Anthropic CEO Dario Amodei said “international conversations on AI must more fully address the technology’s growing security risks,” and today confirmed that Anthropic “will continue to work closely with the U.K. AI Security Institute to research and evaluate AI capabilities in order to ensure secure deployment.”
Not just security: Anthropic has also signed a memorandum of understanding with DSIT’s “Sovereign AI” unit to explore how its Claude chatbot, and AI more broadly, can be used to reform the public sector. DSIT said it hopes to secure agreements with more AI labs.
All risks: The AISI has always had national security as part of its focus, but will now work even more closely with the Ministry of Defence, Laboratory for AI Security Research, National Cyber Security Centre and national security community. It will also launch a “criminal misuse team” with the Home Office to research AI’s impact on crime and child sexual abuse.
From the chair: AISI chair Ian Hogarth said: “The Institute’s focus from the start has been on security and we’ve built a team of scientists focused on evaluating serious risks to the public. Our new criminal misuse team and deepening partnership with the national security community mark the next stage of tackling those risks.”
| AGENDA |
PARLIAMENT: On recess until Feb. 24.
SECURITY SPEECH: Peter Kyle addresses the Munich Security Conference. More above.
DEADLINE DAY: A call for evidence for the government’s review of technology adoption closes today. Led by Chief Scientific Adviser Angela McLean and National Technology Adviser Dave Smith, it aims to address barriers preventing U.K. firms adopting existing tech.
NEXT WEEK: Next week sees the launch of a TechUK report on chips and a two-day Royal Society event on quantum. Find the week ahead calendar here.
FURTHER AHEAD: Peter Kyle has invited public affairs pros to a video call focused on AI, our colleague John Johnstone reports.
| AROUND THE WORLD |
DISCLOSURE: POLITICO and 13 other publications have accused AI firm Cohere of “massive, systematic copyright infringement” in a U.S. lawsuit. More here.
TRUMP LATEST: President Trump’s plan for imposing reciprocal tariffs will factor in countries’ regulations and digital services taxes, POLITICO reports. He also said he could give TikTok more time to avoid a U.S. ban, per Reuters.
COMPETITION TIME: Meta is begrudgingly opening Facebook Marketplace to rivals to comply with a European Commission order, while Germany’s competition watchdog charged Apple over its ad-tracking program.
FIRST CUSTOMER: Arm will make its first in-house chip for Meta this year, the FT reports.
IT CONTINUES: Musk’s lawyers said he’ll drop his bid for OpenAI if it remains a non-profit, the NYT reports. Elsewhere, Musk teased a “scary smart” new Grok model in weeks, Bloomberg reports.
ON NOTICE: Germany’s likely next chancellor told the WSJ Musk will face “consequences” for boosting the country’s far right.
STAY SAFE: EU lawmakers have been told to use encrypted messaging apps, POLITICO reports.
| COMPETITION |
NEWS HAPPENS: The Competition and Markets Authority gave, but also received, some clarity yesterday with a blog from chief executive Sarah Cardell, speech from Jonathan Reynolds and publication of the government’s draft “strategic steer.”
No surprise steer: The draft strategic steer to the CMA made plenty of reference to growth, but was uncontroversial enough to keep everyone happy. It gave “helpful clarity,” Cardell said.
Got the memo: Cardell’s blog — which came in lieu of a speech — was the most significant, setting out how the regulator will embrace “the 4Ps” of “pace, predictability, proportionality and process” to support investment and deliver growth.
Details, details: Concrete proposals include a review of merger remedies in March and a reduction in investigation timelines. The most impactful changes could come from the remedies work, as the CMA looks to build on its Vodafone/Three probe by signaling that it could become more receptive to remedies which deliver pro-competitive investment.
Leave it to EU: The CMA also suggested it will make fewer interventions on international deals with limited impact on U.K. consumers.
Help us, help you: The rest of the proposals are more a declaration of intent to increase predictability and streamline processes in line with industry feedback. Cardell said the CMA expects businesses to engage with it “in good faith” in return.
Beyond mergers: The initial reforms are directed at merger reviews, but Cardell said the 4Ps will be applied across all the CMA’s work in coming months. More fundamental changes could require legislation, she noted.
Vance who? Asked by reporters after his speech at Samsung’s HQ if this meant the CMA backing off U.S. Big Tech deals, Reynolds said: “None of what we have done today on the CMA is influenced by the agenda in the United States.” But he did add: “Specifically on tech, I think the test has to be how it applies to the U.K. That’s the limit for our domestic regulator.”
Happy family: Reynolds also said “I don’t think our regulatory environment is doing enough to drive investor confidence and support growth,” but praised the CMA for making “great strides.” But there will be battles ahead.
Reminder: The CMA has Strategic Market Status investigations ongoing into Apple and Google, with a third due this summer. Tech lobbyists will be watching how its new approach to mergers translates to its digital markets work. “The regulator should build upon this by showing restraint,” on digital markets, CCIA UK senior director Matthew Sinclair said.
Next steps: A consultation on the steer closes on March 6. On Feb. 27, DSIT minister Maggie Jones has invited tech industry reps to discuss how the digital markets regime is going.
| ONLINE SAFETY |
FINALLY: Campaigners and parliamentarians are increasingly impatient for the government to publish a pornography review conducted by Tory peer Gabrielle Bertin — including the baroness herself. MTUK hears the report is now penciled in for the week of Feb. 24.
Recap: Bertin was tasked with scrutinizing the porn industry, including exploitation and trafficking, the impact of the content on viewers of all ages, ways to tackle illegal porn and emerging challenges posed by AI. The report was billed as building on the Online Safety Act.
‘Ambitious yet workable’: The review was also intended to look at current regulation of the porn industry and services that host pornographic content — which would include social media sites like X and Reddit. A source close to the report said its recommendations were ambitious but feasible, and that conversations with the government have been positive.
Not a moment too soon: “We have been waiting for some time for this review to be released,” Gemma Kelly, head of policy and public affairs at the Centre to End All Sexual Exploitation (CEASE), told MTUK. “There’s definitely impatience across the sector because we know the review finished up in January. Our concern is that the longer it takes for the government to release the review, the longer the pornography industry is going to be causing harm.”
Wishlist: Kelly said the charity was keen to see recommendations on creating parity between online and offline porn. “Offline, there are very strict rules around content that would be allowed,” Kelly said, including a ban on “quote unquote teen porn, incest pornography,” etc. “The reason we’re so concerned … is because we know it’s driving people towards seeking out actual CSAM.” CEASE would also like to see a public health intervention to tackle some of the worst impacts of porn.
On that note: Kelly said CEASE was happy with the Online Safety Act’s approach to age verification, but “concerned about … how that’s going to be implemented.” CEASE wants Ofcom to specify a numerical threshold for “highly effective” age assurance to “make sure that 99 percent of children couldn’t access porn websites” or adult content on social media.
| BEFORE YOU GO |
UP IN ARMS: U.S. lawmakers have described a U.K. order that Apple create a backdoor in its encrypted services as “a foreign cyberattack waged through political means” and urged their national intelligence chief to demand the U.K. retract it or lose intelligence access. Civil society groups and cyber experts also wrote to the Home Office urging it rescind the demand.
E FOR EVIDENCE: The business department has published a call for evidence on e-invoicing first teased in September. Backed by TechUK (and its enterprise software members, natch), supporters argue it will boost productivity while reducing fraud.
Starting slow: As MTUK reported in December, the review says a mandatory approach is on the cards. However, it says “there will be no immediate change.” For now, it’s seeking views on potential models, standards and scope by May 7.
PROCUREMENT: The Cabinet Office published a revised National Procurement Policy Statement that it says will make it easier for small businesses to win contracts, streamline processes and get the right tech into the public sector more quickly.
Getting techy: AI Minister Feryal Clark said a previously announced Digital Commercial Centre of Excellence will “help the rest of the public sector invest in long-term solutions and stop hasty quick fixes.” AI will also be used to speed up procurement, and a Commercial Innovation Hub is being “considered.”
GETTING META: A £4 million “AI Metascience Fellowship” to support research into how AI is reshaping research has opened for applications. DSIT and UKRI also awarded £4.8 million to projects exploring AI’s impact on science and research funding models.
EYES EMOJI: An ICO spokesperson has raised eyebrows after telling the BBC firms shouldn’t discourage AI at work. (Employees will use it “under the radar” anyway, they argued.)
Morning Technology UK wouldn’t happen without the production team.",POLITICO
https://www.politico.eu/newsletter/china-watcher/trump-and-modi-talk-china/,2025-02-13,Trump and Modi talk China,"Hi, China Watchers. Today we look at Beijing’s looming presence over President Donald Trump’s summit with Indian Prime Minister Narendra Modi, examine Europeans’ thoughts on China’s rise and profile a book about the corporate power of China’s state firms.
Let’s get to it. — Phelim.
Trade and “Chinese aggression” on the Trump-Modi summit agenda
|
U.S. President Donald Trump and Indian Prime Minister Narendra Modi. | Saul Loeb/AFP via Getty Images |
President Donald Trump and Indian Prime Minister Narendra Modi will be eyeing Beijing as they meet today to hash out disputes over trade and immigration that may test the two leaders’ warm relationship.
The king and I. Modi and Trump forged close ties in the first Trump administration, even though Trump accused India of being a “tariff king” in 2018. At a gala a year later, Trump declared the Indian prime minister one of America’s “most devoted, and most loyal friends.” On at least two occasions the two leaders greeted each other with bear hugs rather than a diplomatic handshake.
But, like with many U.S. allies and adversaries alike these days, trade tensions could dominate their talks and create friction.
Tariff talk. Trump is likely to press Modi to deliver on issues raised in their call last month — to import more U.S. products and buy more U.S. defense equipment. Modi may try to dodge Trump’s threat of “reciprocal tariffs” that will match the U.S. tariff rate with those of importers by announcing a raft of tariff reductions on U.S. products ranging including chemicals and electronics, per Reuters. Modi may also want Trump to ensure that deportations of Indian citizens don’t needlessly humiliate them. Images of Indian citizens shackled in a U.S. military plane deportation flight last week outraged Modi’s nationalist constituency back home.
The Indo-Pacific factor. China — with which India shares a long and troubled border — sits alongside that agenda of hot button domestic issues. Beijing’s increasingly assertive footprint in the Indo-Pacific “is an underpinning theme to this meeting,” said Lisa Curtis, former national security council senior director for South and Central Asia in the first Trump administration. A successful summit can help solidify India’s emerging role in “competing with China and pushing back against Chinese aggression,” Curtis added.
China policy please. But Modi may first need clarity from Trump about his China policy. Trump has sown confusion in New Delhi by hitting Beijing with a (relatively) modest 10 percent tariff this month after threatening levies as high as 60 percent. Modi may also wonder whether Trump’s routine public praise for China’s leader Xi Jinping (Trump said he “loves talking” with Xi in an interview Sunday) signals the U.S. president is now more dove than hawk.
The fact that U.S. policy on China “sort of goes up and down and waxes and wanes,” is problematic for India, said Arun Singh, a former Indian ambassador to the U.S. and now a fellow at the Carnegie Endowment for International Peace.
Quad dreams. The two leaders will likely also discuss the future of the Quad group —which links the U.S., India, Japan and Australia. The Quad foreign ministers’ meeting earlier this month suggested moves toward a more regional security-oriented focus aimed to offset China’s rapidly expanding military heft. There are ambitions on Capitol Hill for so much more. “This is where India comes in handy — we can sell them arms and marry up with them and say, ‘Look, if you’re attacked, we’re attacked,’ same thing we do with NATO,” said Rep. Rich McCormick (R-Ga.) co-chair of the House India Caucus. That’s a long shot. The Quad’s current focus on collaboration in areas such as climate, health and infrastructure development gives India “plausible deniability that it is a securitized alliance” that Modi is unlikely to give up anytime soon, said Manjari Chatterjee Miller, senior fellow at the Council on Foreign Relations and an expert on India-China relations.
BRACE FOR BEIJING TRADE RETALIATION
Democratic lawmakers are warning that China’s response to a looming trade war with the U.S. could batter the U.S. agricultural sector.
Beijing’s triple punch of countermeasures to Trump’s 10 percent tariff on Chinese imports imposed earlier this month took effect on Monday. They included 10 percent and 15 percent tariffs on selected U.S. products, export controls on rare metal exports and an anti-monopoly investigation into Google.
But House Select Committee on China ranking member Raja Krishnamoorthi (D-Ill.) and House Agriculture Committee vice ranking member Shontel Brown (D-Ohio) warn the worst is yet to come if Beijing imposes high tariffs on U.S. farm exports.
“Small farmers may be forced to shut down business. Local ranchers may have to seek unemployment. We owe it to American farmers and ranchers to be ready for all scenarios,” the two lawmakers said in a letter to Acting Secretary of Agriculture Gary Washington released Wednesday.
Krishnamoorthi and Brown want “contingency plans to respond to PRC agricultural retaliation” before it hits. And that will require coordination with “allies, partners, and other nations that have robust agricultural trade flows,” the lawmakers said.
Concerns about Beijing’s expanded ability to retaliate in a potentially worsening trade conflict are shared among corporate America.
“China has done its homework to understand how to inflict disproportionate pain on the U.S. I suspect China has got plenty of things up its sleeve that it could do” in response to U.S. trade actions, said Sean Stein, who took over as president of the U.S.-China Business Council corporate advocacy group in November. He added that Beijing has “built the tools … and they are a lot less vulnerable to U.S. trade actions than they were in 2017.”
DEMOCRACY GROUP IN CROSSHAIRS
The National Endowment for Democracy is one of Elon Musk’s latest targets, and that’s creating an awkward situation for Republicans that have long backed the group, your host reports in a story out this morning.
Musk has ranted against the group — which promotes democracy overseas — and it has lost access to its funding from the Treasury Department. Organizations it supports including the International Republican Institute have begun laying off staff. Still, prominent Republicans with ties to NED mostly declined to comment on the situation.
The funding halts could affect dozens of nonprofit organizations in the U.S., China, Taiwan and Hong Kong whose operations depend on a portion of NED’s annual $14 million in China-focused funding. They include the China Digital Times, an online platform for uncensored Chinese media content and the Campaign for Uyghurs.
Those groups could struggle to find alternate funding from philanthropic or corporate sponsors if NED goes under, said Maya Wang, associate director for China at the nonprofit Human Rights Watch.
“Companies or wealthy people don’t want to fund anything that has to do with promoting human rights and democracy in China, because everybody has some kind of business relationship with China,” Wang argued.
TRANSLATING WASHINGTON
— HEGSETH PRIORITIZES DETERRING CHINA OVER UKRAINE: Secretary of Defense Pete Hegseth is signaling that the Trump administration will redirect resources away from helping Ukraine try to retake territory controlled by Russia and channel them to the Indo-Pacific. Restoring Ukraine’s pre-Russian invasion borders is “an unrealistic objective,” Hegseth told the Ukraine Defense Contact Group — a collection of 50 nations who gather monthly to plan military support for Ukraine — in Brussels on Wednesday. Hegseth said pursuing that goal hampers the U.S. from addressing the threat posed by Beijing.
“The U.S. is prioritizing deterring war with China in the Pacific, recognizing the reality of scarcity, and making the resourcing tradeoffs to ensure deterrence does not fail,” Hegseth said. Those tradeoffs include a decision to not provide any U.S. troops to support future security guarantees for Kyiv, he added.
— COHEN GROUP SCOOPS SENIOR CHINA HANDS: The Washington-based global consultancy firm The Cohen Group is bolstering its Indo-Pacific talent with the hires of three longtime China hands. A company spokesperson told China Watcher the Cohen Group will welcome aboard former U.S. Ambassador Nicholas Burns, former U.S.-China Business Council president Craig Allen and former Deputy Assistant Secretary of Commerce for China Scott Shaw at a reception later this month.
— KRISHNAMOORTHI: DON’T BRIBE IN BEIJING: Ranking member of the House Select Committee on China Krishnamoorthi is warning U.S. firms not to treat the White House’s suspension of enforcement of the Foreign Corrupt Practices Act as a license to bribe in China. Trump issued an executive order Monday suspending enforcement for 180 days while the Department of Justice considers whether the law “harms American economic competitiveness.”
Any U.S. firm implicated in corrupt activity during the law’s pause “should not be surprised to hear from Congress,” Krishnamoorthi said in a letter to the American Chamber of Commerce published Wednesday.
— USTR NOMINEE ON GLIDEPATH TO CONFIRMATION: Trump’s U.S. Trade Representative nominee, Jamieson Greer, is one step closer to confirmation after the Senate Finance Committee voted in favor of his nomination Wednesday. Greer tread softly in his comments on U.S.-China ties during his confirmation hearing last week by assuring lawmakers he would seek “balance” in that trade relationship rather than decoupling.
“My guess is we’ll always trade with China absent conflagration…but we do have to have diverse export markets for our exporters [besides China],” he said.
TRANSLATING EUROPE
|
The European Council on Foreign Relations |
SURVEY: EUROPEANS SEE CHINA DOMINANCE: A survey of citizens in 11 European Union countries as well as the United Kingdom, Switzerland and Ukraine foresee China’s global power eclipsing that of the U.S. in the next two decades. The results of the European Council on Foreign Relations survey conducted after Trump’s November election victory and released Wednesday said that most European citizens see China as a “necessary partner” rather than “an ally, rival or adversary.”
But respondents see Beijing’s economic and diplomatic muscle edging out that of the U.S. by mid-century.
“They see China as likely to be the strongest country in the world in 20 years’ time, stronger than the United States,” said Timothy Garton Ash, a professor of European studies at Oxford University who introduced the survey results at a Warsaw press event. Of potential more concern to the U.S. is that the survey revealed that Europeans are “quite relaxed about having the U.S. being just another transactional great power alongside China, India, Brazil and Turkey,” Garton Ash added.
— EU PLANS TO SURPASS CHINA AI: The EU will spend more than $200 billion to jumpstart the bloc’s efforts to match and surpass the U.S. and China’s current technological edge in creating complex artificial intelligence systems, according to the Wall Street Journal Wednesday.
That money for the new InvestAI program will include funding to create facilities to train complex AI systems. The objective is to make Europe “one of the leading AI continents,” the report said, quoting European Union Commission President Ursula von der Leyen.
As POLITICO’s Pieter Haeck reported Monday, that spending is part of von der Leyen’s vision of AI “as a potential magic wand to invigorate Europe’s sluggish economy.” But cash is only part of the solution. U.S. tech firms interested in AI investments in the bloc say that its thicket of regulations aimed to reduce risky AI development hinders corporate interest in entering the European market.
That reluctance is compounded by EU firms’ relative lack of interest in harnessing AI in their operations. EU Commission data released last month showed only 13 percent of European firms were using AI in their operations.
HOT FROM THE CHINA WATCHERSPHERE
— BEIJING BLASTS TRUMP’S GAZA PLAN: Trump’s plans to relocate Gaza’s Palestinian population in order to remake the area as a U.S.-controlled “Riviera of the Middle East” got short shrift in Beijing. “Gaza belongs to the Palestinian people … [China] opposes the forced displacement of the people of Gaza,” the Foreign Ministry’s Guo Jiakun said Wednesday.
— JAPAN, U.S. TO TALK CHINA CHALLENGE: Japanese Defense Minister Gen Nakatani and his U.S. counterpart Pete Hegseth will meet in late March to discuss “regional security challenges posed by China,” Japan’s Kyodo News reported Wednesday citing unnamed government officials. Those talks will include a focus on “peace and stability in the Taiwan Strait,” the report said. That drew a quick rebuke from Beijing. Tokyo and Washington should “stop interfering in China’s internal affairs at once,” Guo at the Chinese Foreign Ministry spokesperson said on Wednesday. The Pentagon didn’t respond to a request for comment.
HEADLINES
South China Morning Post: Can China fill US-sized void in Pacific after Trump’s foreign aid freeze?
Foreign Affairs: China’s Trump strategy
The Dispatch: The State Department’s new China schizophrenia
Associated Press: A timeline of US-China tit-for-tat tariffs since Trump’s first term
HEADS UP
— WANG YI IS NEW YORK-BOUND: Chinese Foreign Minister Wang Yi will be in New York on Tuesday to helm a United Nations Security Council event. Wang will lead a session titled “Practicing Multilateralism, Reforming and Improving Global Governance,” China’s Foreign Ministry said in a statement Monday. Expect Wang to talk up, again, Chinese leader Xi Jinping’s signature global initiatives on security, development and culture that Beijing is marketing to developing countries as alternatives to the U.S.-dominated international system.
**The Munich Security Conference gathers everyone with a say in global defense and security, but what’s happening behind closed doors? With reporters on the ground, POLITICO Pro Defense finds out for you. Register to join us online and to receive our Pro Morning Defense newsletter.**
ONE BOOK, THREE QUESTIONS
|
Getty Images/Cambridge University Press |
Responses have been edited for length and clarity.
The Book: China’s State-Owned Enterprises: Leadership, Reform and Internationalization
The Author: Wendy Leutert is an assistant professor of East Asian languages and Cultures at Indiana University
Responses have been edited for length and clarity.
What is the most important takeaway from your book?
How even in an authoritarian state like China, leaders of state-owned enterprises exert important influence on policy outcomes and company behavior — both domestically and abroad — through their choices about strategy and structure.
In companies like State Grid, China General Nuclear Power Group, Sinochem and China Railway Engineering Corporation, top executives shape the degree and scope of business diversification, choose which overseas markets to target and how to develop them, and determine asset, capital and personnel allocations.
What was the most surprising thing you learned while writing this book?
How the context and consequences of leadership in Chinese state firms are now truly global. They are among the world’s largest by revenue, with 91 ranking on the 2024 Fortune Global 500 list. They routinely partner with foreign multinationals, and those owned by China’s central government alone hold nearly a trillion dollars in overseas assets.
That means decision-making in Beijing boardrooms now affects economies, politics, communities and environments worldwide.
How has the Chinese government’s influence on state-owned firms changed under Xi Jinping compared to his predecessor Hu Jintao?
Under President Hu Jintao, the state struggled to regulate state firms and corruption was widespread. Xi made early moves toward economic liberalization, such as “mixed ownership” — which blends public and private ownership by diversifying shareholding structures — and state capital management reforms, which gives state firms more decision-making autonomy over their capital and assets.
But Xi has also ratcheted up political control and anti-corruption efforts inside these companies. And Xi continues the CCP practice of using state firms to pursue China’s geopolitical goals, from self-sufficiency and global dominance in key industries and technologies to overseas infrastructure development under his signature Belt and Road Initiative.
Thanks to: Heidi Vogt and digital producers Emma Cordover and Dean Southwell.
China Watcher Wants You!!!
Do you have tips?
An inside track on the Trump administration’s China policy?
Know what really became of former Chinese Foreign Minister Qin Gang?
Comments on this week’s newsletter?
Email me at [email protected]
SUBSCRIBE to the POLITICO newsletter family: Brussels Playbook | London Playbook | London Playbook PM | Playbook Paris | EU Election Playbook | Berlin Playbook | Global Playbook | POLITICO Confidential | Sunday Crunch | EU Influence | London Influence | China Watcher | Berlin Bulletin | Living Cities | D.C. Playbook | D.C. Influence | All our POLITICO Pro policy morning newsletters",POLITICO
https://www.foxnews.com/media/america-has-win-ai-race-against-great-competitor-china-condoleezza-rice-warns,2025-02-14,"America must win AI race against 'great competitor' China, Condoleezza Rice warns","Former Secretary of State Condoleezza Rice weighed in on the global artificial intelligence race, warning the United States must remain the ""technological leader"" against the ""great competitor"" — China.
""The United States is currently the technological leader, and we have to keep it that way. We absolutely have to win this race so that a democracy wins the race for these frontier technologies, not an authoritarian state — and China, of course, is the great competitor here,"" Rice said Friday on ""The Story.""
‘DEREGULATORY FLAVOR’: JD VANCE LAYS OUT VISION IN PARIS FOR THE FUTURE OF AI UNDER TRUMP
Earlier this week, Vice President JD Vance laid out the Trump administration's vision for the future of artificial intelligence during the AI Action Summit in Paris.
During his remarks, Vance emphasized deregulation, private-sector innovations, safety and security as well as global cooperation while touting U.S. success in AI growth.
""The vice president is absolutely right that the United States is currently the technological leader, and we have to keep it that way,"" Rice said.
Vance’s comments coincide with some recent actions by the Trump administration to advance AI in the United States.
In January, Trump unveiled a $500 billion AI infrastructure project called Stargate, a datacenter joint venture between investment holding company Softbank, and tech companies OpenAI and Oracle that Trump labeled the ""largest AI infrastructure project in history.""
The project includes an initial investment of $100 billion that is slated to grow to $500 billion over Trump’s term in office, and will build ""colossal"" data centers in the United States to power AI.
Rice argued there is a ""role"" for the federal government when it comes to the AI arms race.
""The federal government needs to keep and increase its spending in these frontier technologies and universities like Stanford and MIT and places where a lot of these breakthroughs are taking place — but also, we have the advantage of a private sector that is extremely innovative and creative,"" she told Fox News anchor Martha MacCallum.
During Tuesday's remarks, Vance also pushed for a ""deregulatory flavor"" to emerge at the conference while cautioning against the pitfalls of ""excessive regulation"" that could hamper a transformative industry. He also vowed that the United States would back pro-growth AI policies.
While giving ""kudos"" to Vance, the former secretary of state said she does ""worry that some of the regulatory impulses in Europe to really restrain the technological advances of some of the American private sector are really troubling.""
Vance also issued a warning to other foreign governments about ""tightening the screws on U.S. tech companies with international footprints,"" claiming the Trump administration would not tolerate such limitations. He cautioned against working with adversaries who have ""weaponized A.I. software to rewrite history, surveil users and censor speech.""
CLICK HERE TO GET THE FOX NEWS APP
Rice noted that while the world does not fully know the threats associated with AI technology, the potential downsides are another reason democracies like the United States must win the race.
""Do you think for one minute that the Chinese will have those guardrails? No. They'll treat it like they did COVID. They'll hide about it. They'll lie about it, and so it's even another reason that the United States needs to run fast and hard. Regulation will come, but please don't let it be regulation that stops the innovative impulse that is so strong in American society,"" she said.
Given the ""existential nature of these transformational technologies,"" Rice warned the innovators behind AI's development should have both knowledge and wisdom to ""fully exploit"" the opportunities afforded by the technology.
Fox News Digital's Diana Stancy contributed to this report.",Fox News
https://abcnews.go.com/Business/wireStory/us-tech-giants-supplied-israel-ai-models-raising-118917647,2025-02-18,"How US tech giants supplied Israel with AI models, raising questions about tech's role in warfare","How US tech giants supplied Israel with AI models, raising questions about tech's role in warfare
U.S. tech giants have quietly empowered Israel to track and kill many more alleged militants more quickly in Gaza and Lebanon through a sharp spike in artificial intelligence and computing services
TEL AVIV, Israel -- U.S. tech giants have quietly empowered Israel to track and kill many more alleged militants more quickly in Gaza and Lebanon through a sharp spike in artificial intelligence and computing services. But the number of civilians killed has also soared, along with fears that these tools are contributing to the deaths of innocent people.
Militaries have for years hired private companies to build custom autonomous weapons. However, Israel’s recent wars mark a leading instance in which commercial AI models made in the United States have been used in active warfare, despite concerns that they were not originally developed to help decide who lives and who dies.
The Israeli military uses AI to sift through vast troves of intelligence, intercepted communications and surveillance to find suspicious speech or behavior and learn the movements of its enemies. After a surprise attack by Hamas militants on Oct. 7, 2023, its use of Microsoft and OpenAI technology skyrocketed, an Associated Press investigation found.
The investigation also revealed new details of how AI systems select targets and ways they can go wrong, including faulty data or flawed algorithms. It was based on internal documents, data and exclusive interviews with current and former Israeli officials and company employees.
Israel’s goal after the attack that killed about 1,200 people and took over 250 hostages was to eradicate Hamas, and its military has called AI a “game changer” in yielding targets more swiftly. Since the war started, more than 50,000 people have died in Gaza and Lebanon and nearly 70% of the buildings in Gaza have been devastated, according to health ministries in Gaza and Lebanon.
“This is the first confirmation we have gotten that commercial AI models are directly being used in warfare,” said Heidy Khlaaf, chief AI scientist at the AI Now Institute and former senior safety engineer at OpenAI. “The implications are enormous for the role of tech in enabling this type of unethical and unlawful warfare going forward.”
Among U.S. tech firms, Microsoft has had an especially close relationship with the Israeli military spanning decades.
That relationship, alongside those with other tech companies, stepped up after the Hamas attack. Israel’s war response strained its own servers and increased its reliance on outside, third-party vendors, according to a presentation last year by Col. Racheli Dembinsky, the military’s top information technology officer. As she described how AI had provided Israel “very significant operational effectiveness” in Gaza, the logos of Microsoft Azure, Google Cloud and Amazon Web Services appeared on a large screen behind her.
The Israeli military’s usage of Microsoft and OpenAI artificial intelligence spiked last March to nearly 200 times higher than before the week leading up to the Oct. 7 attack, the AP found in reviewing internal company information. The amount of data it stored on Microsoft servers doubled between that time and July 2024 to more than 13.6 petabytes — roughly 350 times the digital memory needed to store every book in the Library of Congress. Usage of Microsoft’s huge banks of computer servers by the military also rose by almost two-thirds in the first two months of the war alone.
Microsoft declined to provide any comment for this story and did not respond to a detailed list of written questions about the cloud and AI services it provides to the Israeli military.
In an expansive statement on its website, the company says “respecting human rights is a core value of Microsoft″ and it is committed “to champion the positive role of technology across the globe.” In its 40-page Responsible AI Transparency Report for 2024, Microsoft pledges to “map, measure, and manage generative AI risks throughout the development cycle to reduce the risk of harm,” and does not mention its lucrative military contracts.
Advanced AI models are provided through OpenAI, the maker of ChatGPT, through Microsoft’s Azure cloud platform, where they are purchased by the Israeli military, the documents and data show. Microsoft has been OpenAI’s largest investor.
OpenAI said it does not have a partnership with Israel’s military, and its usage policies say its customers should not use its products to develop weapons, destroy property or harm people. About a year ago, however, OpenAI changed its terms of use from barring military use to allowing for “national security use cases that align with our mission.”
The Israeli military declined to answer detailed written questions from The AP about its use of commercial AI products from American tech companies, but said its analysts use AI-enabled systems to help identify targets and independently examine them together with high-ranking officers to meet international law, weighing the military advantage against the collateral damage.
“These AI tools make the intelligence process more accurate and more effective,” said an Israeli military statement to the AP. “They make more targets faster, but not at the expense of accuracy, and many times in this war they’ve been able to minimize civilian casualties.”
Google and Amazon provide cloud computing and AI services to the Israeli military under “Project Nimbus,” a $1.2 billion contract signed in 2021, when Israel first tested out its in-house AI-powered targeting systems. The IDF has used Cisco and Dell server farms or data centers. Red Hat, an independent IBM subsidiary, also has provided cloud computing technologies to the Israeli military, while Palantir Technologies, a Microsoft partner in U.S. defense contracts, has a “strategic partnership” providing AI systems to help Israel’s war efforts.
After OpenAI changed its terms of use last year to allow for national security purposes, Google followed suit earlier this month with a similar change to its public ethics policy to remove language saying it wouldn’t use its AI for weapons and surveillance.
Google said it is committed to responsibly developing and deploying AI “that protects people, promotes global growth, and supports national security.”
The Israel Defense Forces uses Microsoft Azure to compile information gathered through mass surveillance, which it transcribes and translates, including phone calls, texts and audio messages, according to an Israeli intelligence officer who works with the systems. That data can then be cross-checked with Israel’s in-house targeting systems and vice versa.
He said he relies on Azure to quickly search for terms and patterns within massive text troves, such as finding conversations between two people within a 50-page document. Azure also can find people giving directions to one another in the text, which can then be cross-referenced with the military’s own AI systems to pinpoint locations.
The Microsoft data AP reviewed shows that since the Oct. 7 attack, the Israeli military has made heavy use of transcription and translation tools and OpenAI models, although it does not detail which. Typically, AI models that transcribe and translate perform best in English. OpenAI has acknowledged that its popular AI-powered translation model Whisper, which can transcribe and translate into multiple languages including Arabic, can make up text that no one said, including adding racial commentary and violent rhetoric.
Errors can happen for many reasons involving AI, said Israeli military officers who have worked with the targeting systems and other tech experts. Intercepted phone calls tied to a person’s profile include the time the person called and the names and numbers of those on the call. But it takes an extra step to listen to and verify the original audio, or to see a translated transcript.
The Israeli military says a person who knows Arabic is supposed to check translations. Still, one intelligence officer said he had seen targeting mistakes that relied on incorrect machine translations from Arabic to Hebrew.
___
Biesecker reported from Washington and Burke from San Francisco. AP reporters Abby Sewell and Sarah El Deeb in Beirut, Julia Frankel and Natalie Melzer in Jerusalem, Dake Kang in Beijing and Michael Liedtke in San Francisco contributed to this report.
___
Contact AP’s global investigative team at Investigative@ap.org or https://www.ap.org/tips/
___
The Associated Press receives financial assistance from the Omidyar Network to support coverage of artificial intelligence and its impact on society. AP is solely responsible for all content. Find AP’s standards for working with philanthropies, a list of supporters and funded coverage areas at AP.org.",ABC News
https://abcnews.go.com/Technology/wireStory/israel-us-made-ai-models-war-concerns-arise-118917652,2025-02-18,"As Israel uses US-made AI models in war, concerns arise about tech’s role in who lives and who dies","As Israel uses US-made AI models in war, concerns arise about tech’s role in who lives and who dies
U.S. tech giants have quietly empowered Israel to track and kill many more alleged militants more quickly in Gaza and Lebanon through a sharp spike in artificial intelligence and computing services
TEL AVIV, Israel -- U.S. tech giants have quietly empowered Israel to track and kill many more alleged militants more quickly in Gaza and Lebanon through a sharp spike in artificial intelligence and computing services. But the number of civilians killed has also soared, fueling fears that these tools are contributing to the deaths of innocent people.
Militaries have for years hired private companies to build custom autonomous weapons. However, Israel's recent wars mark a leading instance in which commercial AI models made in the United States have been used in active warfare, despite concerns that they were not originally developed to help decide who lives and who dies.
The Israeli military uses AI to sift through vast troves of intelligence, intercepted communications and surveillance to find suspicious speech or behavior and learn the movements of its enemies. After a deadly surprise attack by Hamas militants on Oct. 7, 2023, its use of Microsoft and OpenAI technology skyrocketed, an Associated Press investigation found. The investigation also revealed new details of how AI systems select targets and ways they can go wrong, including faulty data or flawed algorithms. It was based on internal documents, data and exclusive interviews with current and former Israeli officials and company employees.
“This is the first confirmation we have gotten that commercial AI models are directly being used in warfare,” said Heidy Khlaaf, chief AI scientist at the AI Now Institute and former senior safety engineer at OpenAI. “The implications are enormous for the role of tech in enabling this type of unethical and unlawful warfare going forward.”
As U.S. tech titans ascend to prominent roles under President Donald Trump, the AP’s findings raise questions about Silicon Valley’s role in the future of automated warfare. Microsoft expects its partnership with the Israeli military to grow, and what happens with Israel may help determine the use of these emerging technologies around the world.
The Israeli military’s usage of Microsoft and OpenAI artificial intelligence spiked last March to nearly 200 times higher than before the week leading up to the Oct. 7 attack, the AP found in reviewing internal company information. The amount of data it stored on Microsoft servers doubled between that time and July 2024 to more than 13.6 petabytes — roughly 350 times the digital memory needed to store every book in the Library of Congress. Usage of Microsoft’s huge banks of computer servers by the military also rose by almost two-thirds in the first two months of the war alone.
Israel’s goal after the attack that killed about 1,200 people and took over 250 hostages was to eradicate Hamas, and its military has called AI a “game changer” in yielding targets more swiftly. Since the war started, more than 50,000 people have died in Gaza and Lebanon and nearly 70% of the buildings in Gaza have been devastated, according to health ministries in Gaza and Lebanon.
The AP’s investigation drew on interviews with six current and former members of the Israeli army, including three reserve intelligence officers. Most spoke on condition of anonymity because they were not authorized to discuss sensitive military operations.
The AP also interviewed 14 current and former employees inside Microsoft, OpenAI, Google and Amazon, most of whom also spoke anonymously for fear of retribution. Journalists reviewed internal company data and documents, including one detailing the terms of a $133 million contract between Microsoft and Israel’s Ministry of Defense.
The Israeli military says its analysts use AI-enabled systems to help identify targets but independently examine them together with high-ranking officers to meet international law, weighing the military advantage against the collateral damage. A senior Israeli intelligence official authorized to speak to the AP said lawful military targets may include combatants fighting against Israel, wherever they are, and buildings used by militants. Officials insist that even when AI plays a role, there are always several layers of humans in the loop.
“These AI tools make the intelligence process more accurate and more effective,” said an Israeli military statement to the AP. “They make more targets faster, but not at the expense of accuracy, and many times in this war they’ve been able to minimize civilian casualties.”
The Israeli military declined to answer detailed written questions from the AP about its use of commercial AI products from American tech companies.
Microsoft declined to comment for this story and did not respond to a detailed list of written questions about cloud and AI services provided to the Israeli military. In a statement on its website, the company says it is committed “to champion the positive role of technology across the globe.” In its 40-page Responsible AI Transparency Report for 2024, Microsoft pledges to manage the risks of AI throughout development “to reduce the risk of harm,” and does not mention its lucrative military contracts.
Advanced AI models are provided through OpenAI, the maker of ChatGPT, through Microsoft’s Azure cloud platform, where they are purchased by the Israeli military, the documents and data show. Microsoft has been OpenAI's largest investor. OpenAI said it does not have a partnership with Israel's military, and its usage policies say its customers should not use its products to develop weapons, destroy property or harm people. About a year ago, however, OpenAI changed its terms of use from barring military use to allowing for “national security use cases that align with our mission.”
It’s extremely hard to identify when AI systems enable errors because they are used with so many other forms of intelligence, including human intelligence, sources said. But together they can lead to wrongful deaths.
In November 2023, Hoda Hijazi was fleeing with her three young daughters and her mother from clashes between Israel and Hamas ally Hezbollah on the Lebanese border when their car was bombed.
Before they left, the adults told the girls to play in front of the house so that Israeli drones would know they were traveling with children. The women and girls drove alongside Hijazi’s uncle, Samir Ayoub, a journalist with a leftist radio station, who was caravanning in his own car. They heard the frenetic buzz of a drone very low overhead.
Soon, an airstrike hit the car Hijazi was driving. It careened down a slope and burst into flames. Ayoub managed to pull Hijazi out, but her mother — Ayoub’s sister — and the three girls — Rimas, 14, Taline, 12, and Liane, 10 — were dead.
Before they left their home, Hijazi recalled, one of the girls had insisted on taking pictures of the cats in the garden “because maybe we won’t see them again.”
In the end, she said, “the cats survived and the girls are gone.”
Video footage from a security camera at a convenience store shortly before the strike showed the Hijazi family in a Hyundai SUV, with the mother and one of the girls loading jugs of water. The family says the video proves Israeli drones should have seen the women and children.
The day after the family was hit, the Israeli military released video of the strike along with a package of similar videos and photos. A statement released with the images said Israeli fighter jets had “struck just over 450 Hamas targets."" The AP’s visual analysis matched the road and other geographical features in the Israeli military video to satellite imagery of the location where the three girls died, 1 mile (1.7 kilometers) from the store.
An Israeli intelligence officer told the AP that AI has been used to help pinpoint all targets in the past three years. In this case, AI likely pinpointed a residence, and other intelligence gathering could have placed a person there. At some point, the car left the residence.
Humans in the target room would have decided to strike. The error could have happened at any point, he said: Previous faulty information could have flagged the wrong residence, or they could have hit the wrong vehicle.
The AP also saw a message from a second source with knowledge of that airstrike who confirmed it was a mistake, but didn’t elaborate.
A spokesperson for the Israeli military denied that AI systems were used during the airstrike itself, but refused to answer whether AI helped select the target or whether it was wrong. The military told the AP that officials examined the incident and expressed “sorrow for the outcome.”
Microsoft and the San Francisco-based startup OpenAI are among a legion of U.S. tech firms that have supported Israel’s wars in recent years.
Google and Amazon provide cloud computing and AI services to the Israeli military under “Project Nimbus,” a $1.2 billion contract signed in 2021 when Israel first tested out its in-house AI-powered targeting systems. The military has used Cisco and Dell server farms or data centers. Red Hat, an independent IBM subsidiary, also has provided cloud computing technologies to the Israeli military, and Palantir Technologies, a Microsoft partner in U.S. defense contracts, has a “strategic partnership” providing AI systems to help Israel’s war efforts.
Google said it is committed to responsibly developing and deploying AI “that protects people, promotes global growth, and supports national security.” Dell provided a statement saying the company commits to the highest standards in working with public and private organizations globally, including in Israel. Red Hat spokesperson Allison Showalter said the company is proud of its global customers, who comply with Red Hat's terms to adhere to applicable laws and regulations.
Palantir, Cisco and Oracle did not respond to requests for comment. Amazon declined to comment.
The Israeli military uses Microsoft Azure to compile information gathered through mass surveillance, which it transcribes and translates, including phone calls, texts and audio messages, according to an Israeli intelligence officer who works with the systems. That data can then be cross-checked with Israel’s in-house targeting systems and vice versa.
He said he relies on Azure to quickly search for terms and patterns within massive text troves, such as finding conversations between two people within a 50-page document. Azure also can find people giving directions to one another in the text, which can then be cross-referenced with the military’s own AI systems to pinpoint locations.
The Microsoft data AP reviewed shows that since the Oct. 7 attack, the Israeli military has made heavy use of transcription and translation tools and OpenAI models, although it does not detail which. Typically, AI models that transcribe and translate perform best in English. OpenAI has acknowledged that its popular AI-powered translation model Whisper, which can transcribe and translate into multiple languages including Arabic, can make up text that no one said, including adding racial commentary and violent rhetoric.
“Should we be basing these decisions on things that the model could be making up?” said Joshua Kroll, an assistant professor of computer science at the Naval Postgraduate School in Monterey, California, who spoke to the AP in his personal capacity, not reflecting the views of the U.S. government.
The Israeli military said any phone conversation translated from Arabic or intelligence used in identifying a target has to be reviewed by an Arabic-speaking officer.
Errors can still happen for many reasons involving AI, said Israeli military officers who have worked with the targeting systems and other tech experts. One intelligence officer said he had seen targeting mistakes that relied on incorrect machine translations from Arabic to Hebrew.
The Arabic word describing the grip on the launch tube for a rocket-propelled grenade is the same as the word for “payment.” In one instance the machine translated it wrong, and the person verifying the translation initially didn’t catch the error, he said, which could have added people speaking about payments to target lists. The officer was there by chance and caught the problem, he said.
Intercepted phone calls tied to a person’s profile also include the time the person called and the names and numbers of those on the call. But it takes an extra step to listen to and verify the original audio, or to see a translated transcript.
Sometimes the data attached to people’s profiles is wrong. For example, the system misidentified a list of high school students as potential militants, according to the officer. An Excel spreadsheet attached to several people’s profiles titled “finals” in Arabic, contained at least 1,000 students’ names on an exam list in one area of Gaza, he said. This was the only piece of incriminating evidence attached to people’s files, he said, and had he not caught the mistake, those Palestinians could have been wrongly flagged.
He said he also worried that young officers, some still younger than 20, under pressure to find targets quickly with the help of AI would jump to conclusions.
AI alone could lead to the wrong conclusion, said another soldier who worked with the targeting systems. For example, AI might flag a house owned by someone linked to Hamas who does not live there. Before the house is hit, humans must confirm who is actually in it, he said.
“Obviously there are things that I live peacefully with and things that I could have done better in some targeted attacks that I’m responsible for,” the soldier told the AP. “It’s war, things happen, mistakes happen, we are human.”
Tal Mimran served 10 years as a reserve legal officer for the Israeli military, and on three NATO working groups examining the use of new technologies, including AI, in warfare. Previously, he said, it took a team of up to 20 people a day or more to review and approve a single airstrike. Now, with AI systems, the military is approving hundreds a week.
Mimran said over-reliance on AI could harden people’s existing biases.
“Confirmation bias can prevent people from investigating on their own,” said Mimran, who teaches cyber law policy. “Some people might be lazy, but others might be afraid to go against the machine and be wrong and make a mistake.”
Among U.S. tech firms, Microsoft has had an especially close relationship with the Israeli military spanning decades.
That relationship, alongside those with other tech companies, stepped up after the Hamas attack. Israel’s war response strained its own servers and increased its reliance on outside, third-party vendors, according to a presentation last year by the military’s top information technology officer. As she described how AI had provided Israel “very significant operational effectiveness” in Gaza, the logos of Microsoft Azure, Google Cloud and Amazon Web Services appeared on a large screen behind her.
“We’ve already reached a point where our systems really need it,” said Col. Racheli Dembinsky, commander of the Center of Computing and Information Systems, known by its Hebrew acronym, Mamram.
One three-year contract between Microsoft and the Israeli Ministry of Defense began in 2021 and was worth $133 million, making it the company's second largest military customer globally after the U.S., according to a document reviewed by the AP. The Israeli military is classified within Microsoft as an “S500” client, meaning that it gets top priority as one of the company's most important customers globally.
The Israeli military's service agreements with Microsoft include at least 635 individual subscriptions listed under specific divisions, units, bases or project code words. Subscription names reviewed by the AP included “Mamram” and “8200,” an elite intelligence unit known for its technological prowess.
One urgent Azure support ticket filed about two weeks after the Oct. 7 attack asked for delays of planned maintenance outages for the rest of the year due to the war, because any downtime could have “a direct impact on life-saving systems.” The request was flagged as being from “Glilot – 8200,” a highly secure army base that houses Unit 8200, responsible for clandestine operations, collecting signal intelligence and code decryption, cyber warfare and surveillance.
Records show Microsoft’s global Azure support team responded to about 130 direct requests from the Israeli military through the first 10 months of the war. Microsoft’s consulting services unit also works closely with Israel’s military, which represented half of that section’s overall revenue, an internal document said.
Within Israel, a team of at least nine Microsoft employees is dedicated to serving the military’s account. Among them is a senior executive who served 14 years in Unit 8200 and a former IT leader for military intelligence, according to their online resumes. Microsoft data is housed in server farms within two massive buildings outside Tel Aviv, enclosed behind high walls topped with barbed wire. Microsoft also operates a 46,000-square-meter corporate campus in Herzliya, north of Tel Aviv, and another office in Gav-Yam in southern Israel, which has displayed a large Israeli flag.
The Israel Defense Forces has long been at the forefront of deploying artificial intelligence for military use. In early 2021, it launched Gospel, an AI tool that sorts through Israel’s vast array of digitized information to suggest targets for potential strikes. It also developed Lavender, which uses machine learning to filter out requested criteria from intelligence databases and narrow down lists of potential targets, including people.
Lavender ranks people between 0 and 100 based on how likely it is they are a militant, said an intelligence officer who used the systems. The ranking is based on intelligence, such as the person’s family tree, if someone’s father is a known militant who served time, and intercepted phone calls, he said.
In May 2021, the Israeli military launched what Israeli intelligence officials described as their “First AI War,” an 11-day bombing campaign against Hamas. At the time, Israeli military officials described AI as a “force-multiplier,” allowing them to carry out far more airstrikes than in prior conflicts.
A 2021 post by the Israeli military also described the stakes surrounding the use of AI in war: “Unlike in the realms of AdTech and Gaming, wrong decisions in the realm of intelligence may cost lives,” it read. The same post described the military’s incorporation of AI approaches to analyze the emotional tone of communications, a technique experts have found can fail to pick slang, jargon or nuance in people’s speech.
The relationship between tech companies and the Israeli military also has ramifications in the U.S., where some employees have raised ethical concerns.
In October, Microsoft fired two workers for helping organize an unauthorized lunchtime vigil for Palestinian refugees at its corporate campus in Redmond, Washington. Microsoft said at the time that it ended the employment of some people “in accordance with internal policy” but declined to give details.
Hossam Nasr, one of the employees fired by Microsoft who works with the advocacy group No Azure for Apartheid, said he and former colleagues are pushing for Microsoft to stop selling cloud and AI services to the Israeli military.
“Cloud and AI are the bombs and bullets of the 21st century,” Nasr said. “Microsoft is providing the Israeli military with digital weapons to kill, maim and displace Palestinians, in the gravest moral travesty of our time.”
In April, Google fired about 50 of its workers over a sit-in at the company’s California headquarters protesting the war in Gaza.
Former Google software engineer Emaan Haseem was among those fired. Haseem said she worked on a team that helped test the reliability of a “sovereign cloud” — a secure system of servers kept so separate from the rest of Google’s global cloud infrastructure that even the company itself couldn't access or track the data it stores. She later learned through media reports that Google was building a sovereign cloud for Israel.
“It seemed to be more and more obvious that we are literally just trying to design something where we won’t have to care about how our clients are using it, and if they’re using it unfairly or unethically,” Haseem said.
Google said the employees were fired because they disrupted work spaces and made colleagues feel unsafe. Google did not respond to specific questions about whether it was contracted to build a sovereign cloud for the Israeli military and whether it provided restrictions on the wartime use of its AI models.
Gaza is now in an uneasy ceasefire. But recently, the Israeli government announced it would expand its artificial intelligence developments across all its military branches.
Meanwhile, U.S. tech titans keep consolidating power in Washington. Microsoft gave $1 million to Trump’s inauguration fund. Google CEO Sundar Pichai got a prime seat at the president’s inauguration. And OpenAI CEO Sam Altman met with the president on Trump’s second full day in office to talk up a joint venture investing up to $500 billion for AI infrastructure.
In a new book set to be published Tuesday, Palantir CEO Alexander Karp calls for the U.S. military and its allies to work closely with Silicon Valley to design, build and acquire AI weaponry, including “the unmanned drone swarms and robots that will dominate the coming battlefield.”
“The fate of the United States, and its allies, depends on the ability of their defense and intelligence agencies to evolve, and briskly,” Karp wrote, according to an advance copy obtained by the AP.
After OpenAI changed its terms of use last year to allow for national security purposes, Google followed suit earlier this month with a similar change to its public ethics policy to remove language saying it wouldn’t use its AI for weapons and surveillance. Google said it is committed to responsibly developing and deploying AI “that protects people, promotes global growth, and supports national security.”
As tech companies jockey for contracts, those who lost relatives still search for answers.
“Even with all this pain, I can’t stop asking: Why?” said Mahmoud Adnan Chour, the father of the three girls killed in the car in southern Lebanon, an engineer who was away at the time. “Why did the plane choose that car — the one filled with my children’s laughter echoing from its windows?”
___
Biesecker reported from Washington and Burke from San Francisco. AP reporters Abby Sewell and Sarah El Deeb in Beirut, Julia Frankel and Natalie Melzer in Jerusalem, Dake Kang in Beijing and Michael Liedtke in San Francisco contributed to this report.
___
Contact AP’s global investigative team at Investigative@ap.org or https://www.ap.org/tips/
___
The Associated Press receives financial assistance from the Omidyar Network to support coverage of artificial intelligence and its impact on society. AP is solely responsible for all content. Find AP’s standards for working with philanthropies, a list of supporters and funded coverage areas at AP.org.",ABC News
https://abcnews.go.com/Technology/wireStory/apple-unveils-souped-expensive-version-lowest-priced-iphone-118969885,2025-02-19,Apple unveils a souped-up and more expensive version of its lowest-priced iPhone,"Apple unveils a souped-up and more expensive version of its lowest-priced iPhone
Apple has released a sleeker and more expensive version of its lowest priced iPhone in an attempt to widen the audience for a bundle of artificial intelligence technology that the company has been hoping will revive demand for its most profitable produ...
Apple has released a sleeker and more expensive version of its lowest priced iPhone in an attempt to widen the audience for a bundle of artificial intelligence technology that the company has been hoping will revive demand for its most profitable product lineup.
The iPhone 16e unveiled Wednesday is the fourth-generation of a model that’s sold at a dramatically lower price than the iPhone’s standard and premium models. The previous bargain-bin models were called the iPhone SE, with the last version coming out in 2022.
Like the higher-priced iPhone 16 lineup unveiled last September, the iPhone 16e includes the souped-up computer chip needed to process an array of AI features that automatically summarize text, audio and create on-the-fly emojis while smartening up the device’s virtual assistant, Siri. It will also have a more powerful battery and camera.
All those upgrades will translate into a higher starting price for an iPhone 16e at $600, a 40% increase from $430 for the last iPhone SE. But iPhone 16e will be more affordable than the cheapest standard iPhone 16 at $800. The new phone will be available in stores Feb. 28, but can be pre-ordered beginning Friday.
“We’re so excited for iPhone 16e to complete the lineup as a powerful, more affordable option to bring the iPhone experience to even more people,” said Kaiann Drance, an Apple vice president in charge of promoting a device lineup that accounts for more than half of the company's revenue.
Although Apple has been hyping its foray into AI since last June, the complete set of features still haven’t been released in the U.S. and the technology still isn’t even available in some parts of the world.
The delays in making the iPhone’s AI — dubbed “Apple Intelligence’"" — more widely available through free software updates dinged the Cupertino, California, company during the past holiday when sales of the device dipped slightly from their 2023 levels.
Apple has primarily been losing the ground in China, where it hasn’t yet specified when the iPhone's AI technology will be available. But the company recently struck an AI partnership with Alibaba in China that could pave the way for the technology coming to iPhones in that country this spring.
Besides being able to handle AI for the first time, the iPhone 16e has a different look from previous SE models. It boasts a 6.1-inch display screen, slightly larger than the 4.7-inch display on SE model and no longer has a home screen button like the SE had. The new iPhone 16e will rely include a facial recognition option for unlocking the device, just like the higher priced models do.
Apple's shares edged up during Wednesday's late mornng trading to nearly $245, below the stock's peak price of roughly $260 reached in late December.",ABC News
https://www.foxnews.com/media/chatgpt-combat-bias-new-measures-put-forth-openai,2025-02-19,ChatGPT will now combat bias with new measures put forth by OpenAI,"OpenAI has announced a set of new measures to combat bias within its suite of products, including ChatGPT.
The artificial intelligence (AI) company recently unveiled an updated Model Spec, a document that defines how OpenAI wants its models to behave in ChatGPT and the OpenAI API. The company says this iteration of the Model Spec builds on the foundational version released last May.
""I think with a tool as powerful as this, one where people can access all sorts of different information, if you really believe we’re moving to artificial general intelligence (AGI) one day, you have to be willing to share how you’re steering the model,"" Laurentia Romaniuk, who works on model behavior at OpenAI, told Fox News Digital.
""People should be allowed to know what goes into the way these models respond and how the thoughts coming out of the model are crafted,"" she continued.
OPENAI DEBUTS CHATGPT GOV, A NEW VERSION OF THE CHATBOT FOR US GOVERNMENT AGENCIES
While some have argued that GPT-4o, the latest version of the technology, appears close to AGI, others say it will be years or decades before the technology reaches human-like abilities.
There is no single agreed upon definition of AGI, but a 2020 report from consulting giant McKinsey said a true AGI would need to master skills like sensory perception, fine motor skills, and natural language understanding.
Today, generative AI is the dominant form of this technology, with the ability to produce content including text, images and more. Generative AI, like chatbots, uses datasets with specific information to complete tasks and cannot go beyond the provided data.
They are also susceptible to bias in their datasets, whether intentional or accidental.
To better understand real-world performance and address bias, OpenAI has begun measuring progress by gathering a challenging set of prompts designed to test how well the models adhere to each principle in the Model Spec, essentially acting as a testing metric.
According to Joanne Jang, who leads the product for model behavior at OpenAI, the challenge with large language models is that they are rarely deterministic.
Jang stressed that one benefit of the Model Spec is that it clarifies the intended behavior, so everyone can understand and then debate it.
""When there are bugs in the behavior where a model output doesn’t resonate or doesn’t align with the [Model] Spec, then the public knows this is something we’re working towards, and it’s an ongoing area of science,"" she told Fox News Digital.
OpenAI says they also attempt to assume an objective point of view in their AI prompts and consciously avoid any agenda. For example, when a user asks if it is better to adopt a dog or get one from a breeder, ChatGPT provides both sides of the argument, highlighting the pros and cons of each.
According to OpenAI, a non-compliant AI answer that violates the Model Spec would provide what it believes to be the better choice and engage in an ""overly moralistic tone"" that might alienate those considering breeders for valid reasons.
WHAT IS ARTIFICIAL INTELLIGENCE (AI)?
As each AI system advances, OpenAI says it will iterate these principles, invite community feedback, and share progress openly.
OpenAI released this version of the Model Spec into the public domain under a Creative Commons license to support broad use and collaboration. This means developers and researchers can freely use and adapt the current metrics and help improve model behavior.
OpenAI says this update reinforces its belief in open exploration and discussion, with an emphasis on user and developer control and guardrails to prevent harm.
CLICK HERE TO GET THE FOX NEWS APP
Romaniuk concludes that public discourse cannot exist without transparency, reinforcing the need for the Model Spec and community engagement.
""Ultimately, we believe in the intellectual freedom to think, speak and share without restriction. We want to make sure that users have that ability and that’s what it’s all about,"" she said.",Fox News
https://abcnews.go.com/Technology/wireStory/chinas-alibaba-sees-revenue-surge-back-artificial-intelligence-119008023,2025-02-20,"China's Alibaba sees revenue surge on back of artificial intelligence, e-commerce","China's Alibaba sees revenue surge on back of artificial intelligence, e-commerce
Chinese e-commerce firm Alibaba Group Holding posted its fastest revenue growth in over a year, beating analyst expectations as it capitalizes on the artificial intelligence boom in China
HONG KONG -- Chinese e-commerce firm Alibaba Group Holding posted its fastest revenue growth in more than a year, beating analyst expectations as it capitalizes on the artificial intelligence boom in China.
Alibaba said Thursday that its revenue for the quarter ended December grew 8% to 280.2 billion yuan ($38.38 billion) compared to the same period last year.
Net income surged to 48.9 billion yuan ($6.71 billion). Alibaba’s New York-traded stock was up over 12% following the earnings results.
In an earnings call, Alibaba CEO Eddie Wu said that Alibaba plans to “aggressively invest” in artificial intelligence and cloud computing infrastructure in the coming three years, with upcoming spending expected to exceed what the firm has already invested over the past decade.
“This quarter’s results demonstrated substantial progress in our ‘user first, AI-driven’ strategies and the re-accelerated growth of our core businesses,” Wu said.
He said that Alibaba’s artificial intelligence strategy was to pursue artificial general intelligence (AGI), which is artificial intelligence that can match or surpass human intelligence and can self-teach.
He added that such an opportunity for industry transformation is something that comes along “once every several decades” and said that AGI was Alibaba’s primary goal.
Alibaba’s plan to go big on artificial intelligence comes as rivalry in the AI space heats up between U.S. and China. Chinese AI firm DeepSeek recently rattled the U.S. AI industry after its AI model appeared to rival those of leading U.S. companies while being trained on cheaper hardware.
The Hangzhou-headquartered firm is one of many technology firms in China who are racing to get ahead in the AI space. In January, it unveiled its latest Qwen AI models that have performed well in benchmark tests, placing Alibaba among the leading companies in China’s AI industry.
Alibaba is working with Apple to incorporate its AI technology into Chinese iPhones, the firm said earlier this month.
Alibaba has already implemented AI technology into its cloud products, with its cloud business unit generating 13% revenue growth compared to the same time last year – the fastest pace in about two years.
Its international commerce unit, which includes platforms such as AliExpress and Lazada, saw revenue growth of 32% driven by “strong performance of cross-border businesses.”
Alibaba was one of several prominent Chinese technology companies which suffered the brunt of a regulatory crackdown on the technology industry in 2020, when authorities scuppered the initial public offering of its financial affiliate Ant Group.
The company was later fined a record $2.8 billion for violating anti-monopoly laws. Jack Ma, one of Alibaba’s cofounders, disappeared from public view and the company’s stock price slumped for several years.
But Beijing appears to have shifted gears towards the technology industry as it pursues technology supremacy and self-sufficiency amid deteriorating U.S.-China relations.
Chinese President Xi Jinping recently held a private symposium, meeting with prominent entrepreneurs including Ma.
The meeting, coupled with DeepSeek’s AI advancements, were among the factors that sparked renewed interest in the Chinese technology industry, sending technology stocks soaring in recent weeks.
Alibaba’s stock price is up more than 60% this year. Its U.S.-listed shares rose 8.5% in morning trading, to $136.58.",ABC News
https://www.foxnews.com/entertainment/harrison-ford-shuts-down-ai-fears-dismisses-technologys-power-steal-my-soul,2025-02-20,"Harrison Ford shuts down AI fears, dismisses technology's power to 'steal my soul'","Harrison Ford isn’t impressed by or afraid of artificial intelligence.
In a recent interview with The Wall Street Journal, the ""Captain America: Brave New World"" star was asked if he was planning on securing control of his likeness from studios, and he brushed off the concern.
""You don’t need artificial intelligence to steal my soul. You can already do it for nickels and dimes with good ideas and talent,"" he told the outlet.
Ford was referring to the 2024 video game ""Indiana Jones and the Great Circle,"" with actor Troy Baker, who provided the voice and motion-capture performance for the character.
WHAT IS ARTIFICIAL INTELLIGENCE (AI)?
""He did a brilliant job, and it didn’t take AI to do it,"" Ford said.
""Harrison Ford seems to have a very healthy attitude with respect to the use of artificial intelligence,"" Rob Rosenberg, Founder and Principal of Telluride Legal Strategies, told Fox News Digital. ""He recognizes that many of the characters he has portrayed are timeless and will live on past his lifetime.""
However, the 82-year-old doesn’t plan on stopping work anytime soon.
HARRISON FORD, 82, SAYS HE SHOULD BE 'SITTING ON MY A--,' BUT LOVES WORKING
""My plan is to keep working behind that face till I don’t care what happens anymore. I’m selling that piece by piece while I’m alive,"" he said, adding, ""I’ve been compensated. You don’t need to worry about me.""
As AI expert Marva Bailer explained of Ford's career, which includes iconic characters like Indiana Jones and Han Solo from the ""Star Wars"" franchise, and an Oscar nomination for ""Witness,"" it is ""defined by a distinctive voice and an unwavering commitment to quality. Ford values the artistry of performance over commercial considerations, emphasizing the impact of storytelling and giving back through both time and resources. His legacy is in the roles he’s played and the standard he has set for those who follow.""
""You don’t need artificial intelligence to steal my soul. You can already do it for nickels and dimes with good ideas and talent.""
""Besides, he’d rather imagine new generations of great actors on the horizon, not digital Harrison Ford replicants,"" she added.
Ford is indeed supportive of the next generation of actors following in his wake.
CLICK HERE TO SIGN UP FOR THE ENTERTAINMENT NEWSLETTER
""There won’t be any need for me. There’s somebody behind me. Doing what I did,"" the ""Star Wars"" star said. ""And that’s the attraction. It’s what’s coming.""
Some actors, like Ben Affleck, are aligned with Ford, feeling AI cannot replicate humanity creatively, but will instead function as a tool.
At CNBC's Delivering Alpha 2024 last November, the ""Argo"" star told the audience, ""Movies will be one of the last things, if everything gets replaced, to be replaced by AI.""
LIKE WHAT YOU’RE READING? CLICK HERE FOR MORE ENTERTAINMENT NEWS
He continued, ""What AI is going to do is going to disintermediate the laborious, less creative and more costly aspects of filmmaking that will allow costs to be brought down, that will lower the barrier for entry, that will allow more voices to be heard, that will make it easier for the people that want to make ‘Good Will Huntings’ to go out and make it.""
Other actors have been more afraid of the technology.
Nicolas Cage has stated in multiple interviews that he is no fan of AI.
In an interview promoting his movie ""Longlegs"" last fall, Cage explained he was getting a scan done for a different project, and the prospect left him worried.
NICOLAS CAGE WARNS HOLLYWOOD ACTORS THAT AI 'WANTS TO TAKE YOUR INSTRUMENT'
""They’re just going to steal my body and do whatever they want with it via digital AI. … God, I hope not AI. I’m terrified of that. I’ve been very vocal about it,"" he said during the interview with the New Yorker.
""And it makes me wonder, you know, where will the truth of the artists end up? Is it going to be replaced? Is it going to be transmogrified? Where’s the heartbeat going to be?"" he continued.
CLICK HERE TO GET THE FOX NEWS APP
Cage added, ""I mean, what are you going to do with my body and my face when I’m dead? I don’t want you to do anything with it.""",Fox News
https://abcnews.go.com/Business/wireStory/ai-nonprofit-ceo-closed-nature-artificial-intelligence-research-119115862,2025-02-19,AI nonprofit CEO says 'closed nature' of most artificial intelligence research hinders innovation,"AI nonprofit CEO says 'closed nature' of most artificial intelligence research hinders innovation
A year before Elon Musk helped start OpenAI in San Francisco, philanthropist and Microsoft co-founder Paul Allen already had established his own nonprofit artificial intelligence research laboratory in Seattle
A year before Elon Musk helped start OpenAI in San Francisco, philanthropist and Microsoft co-founder Paul Allen already had established his own nonprofit artificial intelligence research laboratory in Seattle.
Their mission was to advance AI for humanity's benefit.
More than a decade later, the Allen Institute for Artificial Intelligence, or Ai2, isn't nearly as well-known as the ChatGPT maker but is still pursuing the “high-impact” AI sought by Allen, who died in 2018. One of its latest AI models, Tulu 3 405B, rivals OpenAI and China's DeepSeek on several benchmarks. But unlike OpenAI, it says it's developing AI systems that are “truly open” for others to build upon.
The institute's CEO Ali Farhadi has been running Ai2 since 2023 after a stint at Apple. He spoke with The Associated Press. The interview has been edited for length and clarity.
Our mission is to do AI innovation and AI breakthroughs to solve some of the biggest working problems facing humanity today. The biggest threat to AI innovation is the closed nature of the practice. We have been pushing very, very strongly towards openness. If you think about open-source software, the core essence was, ‘I should be able to understand what you did. I should be able to change it. I should be able to fork from it. I should be able to use part of it, half of it, all of it. And once I build my thing, I put it out there and you should be able to do the same.’
It is a really heated topic at the moment. To us, open-source means that you understand what you did. Open weights models (such as Meta's) are great because people could just grab those weights and follow the rest, but they aren't open source. Open source is when you actually have access to every part of the puzzle.
If I want to postulate, some of these training data have a little bit of questionable material in them. But also the training data for these models are the actual IP. The data is probably the most sacred part. Many think there’s a lot of value in it. In my opinion, rightfully so. Data plays a significant role in improving your model, changing the behavior of your model. It’s tedious, it’s challenging. Many companies spend a lot of dollars, a lot of investments, in that domain and they don’t like to share it.
As it matures, I think AI is getting ready to be taken seriously for crucial problem domains such as science discovery. A good part of some disciplines involves a complicated search for a solution -- for a gene structure, a cell structure or specific configurations of elements. Many of those problems can be formulated computationally. There's only so much you can do by just downloading a model from the web that was trained on text data and fine tuning it. Our hope is to empower scientists to be able to actually train their own model.",ABC News
https://www.foxnews.com/entertainment/british-musicians-release-silent-album-protest-plans-let-ai-use-work,2025-02-25,British musicians release silent album to protest plans to let AI use their work,"- More than 1,000 musicians teamed up to release a silent album called ""Is This What We Want?"" to protest proposed British changes to artificial intelligence laws that artists fear will erode their creative control.
- The U.K. government is consulting on whether to let tech firms use copyrighted material to help train AI models unless the creators explicitly opt out.
- Profits from the album will be donated to the musicians’ charity, Help Musicians.
A new album called ""Is This What We Want?"" features a stellar list of more than 1,000 musicians — and the sound of silence.
With contributions from British artists including Kate Bush, Annie Lennox, Cat Stevens and Damon Albarn, the album was released Tuesday to protest proposed British changes to artificial intelligence laws that artists fear will erode their creative control.
The U.K. government is consulting on whether to let tech firms use copyrighted material to help train AI models unless the creators explicitly opt out.
EDDIE VAN HALEN'S BROTHER WANTS AI TO COMPLETE THE BAND'S UNRELEASED MUSIC
Critics of the idea fear that it will make it harder for artists to retain control of their work and will undermine Britain’s creative industries. Elton John and Paul McCartney are among those who have spoken out against the plan.
The protest album features ""almost silence,"" said composer and AI developer Ed Newton-Rex, who organized the album. The 12 tracks consist of recordings of empty studios and performance spaces, ""to symbolize what we expect will happen if the government’s proposals go through.""
""It’s a mix of artists that everyone’s heard of and, you know, and many musicians who are not household names,"" he told The Associated Press. ""And I think that’s really important because this issue is going to affect all of us.""
The titles of the 12 tracks spell out: ""The British government must not legalize music theft to benefit AI companies.""
Profits will be donated to the musicians’ charity Help Musicians.
""The government’s proposal would hand the life’s work of the country’s musicians to AI companies, for free, letting those companies exploit musicians’ work to outcompete them,"" Newton-Rex said.
""It is a plan that would not only be disastrous for musicians, but that is totally unnecessary,"" he said. ""The U.K. can be leaders in AI without throwing our world-leading creative industries under the bus.""
Britain’s center-left Labour Party government says it wants to make the U.K. a world leader in AI. In December, it announced a consultation into how copyright law can ""enable creators and right holders to exercise control over, and seek remuneration for, the use of their works for AI training"" while also ensuring ""AI developers have easy access to a broad range of high-quality creative content."" The consultation closes on Tuesday.
CLICK HERE TO GET THE FOX NEWS APP
Publishers, artists’ organizations and media companies, including The Associated Press, have banded together as the Creative Rights in AI Coalition to oppose weakening copyright protections.
Several U.K. newspapers ran wraparounds over their front pages on Tuesday, criticizing the government consultation and saying: ""Let’s protect the creative industries — it’s only fair.""
The British government said in a statement that it was ""consulting on a new approach that protects the interests of both AI developers and right holders and delivers a solution which allows both to thrive."" It added that ""no decisions have been taken.""",Fox News
https://abcnews.go.com/US/wireStory/stock-market-today-wall-street-climbs-heads-gain-119197164,2025-02-26,Stock market today: Wall Street climbs and heads for its first gain in 5 days,"Stock market today: Wall Street climbs and heads for its first gain in 5 days
U.S. stock indexes are rising after a four-day losing streak knocked Wall Street off its all-time high and threw some of its brightest stars into reverse
NEW YORK -- U.S. stock indexes are rising Wednesday after a four-day losing streak knocked Wall Street off its all-time high and threw some of its brightest stars into reverse.
The S&P 500 was up 0.8% in morning trading. The Nasdaq composite, which was the prior day’s biggest loser, jumped 1.2%, while the Dow Jones Industrial Average was up 188 points, or 0.4%, as of 10:20 a.m. Eastern time.
The stock market had been struggling following some weaker-than-expected reports on the economy, including a couple that showed U.S. households are getting more pessimistic about inflation and tariffs pushed by President Donald Trump. Some of the harshest drops hit Big Tech and other high-growth stocks, whose incredible momentum had earlier seemed unstoppable.
Super Micro Computer, one of the stocks that’s soared in the frenzy around artificial-intelligence technology, lost nearly a quarter of its value over four days, for example. But it surged 23% Wednesday after finally filing its annual report for its fiscal year that ended in June.
The company, which sells servers used in AI and other computing, had delayed filing its annual report and other required forms after its former accounting firm raised concerns about some of its financial reporting and governance. Super Micro then had to get extensions from Nasdaq to file the financial reports as it conducted a review and hired another public accounting firm.
General Motors revved up by 6.9% after the automaker announced a program to buy back up to $6 billion of its stock. It also will send more cash to its shareholders by increasing its dividend.
Much of market’s attention remained on Nvidia, the chip company that’s become the poster child of the AI rush. It rose 3.4% ahead of its latest profit report, which is due after trading ends for the day.
It will be the first earnings report for the company and its CEO, Jensen Huang, since a Chinese upstart, DeepSeek, upended the AI industry by saying it developed a large language model that can compete with big U.S. rivals without having to use the most expensive chips. That called into question all the spending Wall Street had assumed would go into not only Nvidia’s chips but also the ecosystem that’s built around the AI boom, including electricity to power large data centers.
Some Big Tech companies have since said they still plan to invest billions of dollars into AI, an encouraging signal for the industry.
NRG Energy jumped 10.3% Wednesday after announcing it's joining with GE Vernova and a subsidiary of Kiewit on a venture to generate more electricity to power generative AI data centers. GE Vernova rose 6.5%.
NRG also reported results for the latest quarter that topped analysts' expectations. Most of the other companies in the S&P 500 have also been delivering better profits for the end of 2024 than analysts expected.
Off-price retailer TJX rose 1.5% after joining the parade. The company behind TJ Maxx and Marshalls also said it plans to increase its dividend 13% and announced a program to buy up to $2.5 billion of its stock.
Worries have been rising about whether U.S. shoppers may cut back on their spending given stubbornly high inflation and jitters about the economy’s prospects. But TJX CEO Ernie Herrman said his company has benefited from its off-price model and sees many opportunities to grow over the long term.
In the bond market, Treasury yields held steadier after falling sharply in recent days on worries about the U.S. economy.
The yield on the 10-year Treasury edged up to 4.31% from 4.30% late Tuesday. It had been nearing 4.80% just last month.
On Thursday, the U.S. Commerce Department will issue its third and final estimate of how the U.S. economy performed in the fourth quarter of 2024. The economy still appears to be in solid shape, and growth is continuing at the moment.
In stock markets abroad, indexes rose across much of Europe and Asia. France’s CAC 40 climbed 1.1%, and Hong Kong’s Hang Seng jumped 3.3%.
Tokyo’s Nikkei 225 index was an outlier and slipped 0.2%. Big Japanese trading companies slipped following gains driven by billionaire Warren Buffett’s disclosure in his annual letter to shareholders that he increased Berkshire Hathaway’s investments in those companies.
___
AP Business Writers Matt Ott and Elaine Kurtenbach contributed.",ABC News
https://www.foxnews.com/media/ai-chatbots-posing-therapists-could-have-dangerous-violent-consequences-patients-experts-say,2025-02-25,"AI chatbots posing as therapists could have 'dangerous' and violent consequences for patients, experts say","Editor's Note: This article discusses suicide. Call the 988 Suicide and Crisis Lifeline or text TALK to 741741 at the Crisis Text Line if you are in need of help.
Health experts say that artificial intelligence (AI) chatbots posing as therapists could cause ""serious harm"" to struggling people, including adolescents, without the proper safety measures.
Christine Yu Moutier, M.D., Chief Medical Officer at the American Foundation for Suicide Prevention, told Fox News Digital there are ""critical gaps"" in research regarding the intended and unintended impacts of AI on suicide risk, mental health and larger human behavior.
""The problem with these AI chatbots is that they were not designed with expertise on suicide risk and prevention baked into the algorithms. Additionally, there is no helpline available on the platform for users who may be at risk of a mental health condition or suicide, no training on how to use the tool if you are at risk, nor industry standards to regulate these technologies,"" Moutier said.
She noted that when people are at risk of suicide, they temporarily experience ""physiological tunnel vision"" that negatively impacts brain function, thus changing the way they interact with their surroundings.
HOW TO NOT FALL IN LOVE WITH AI-POWERED ROMANCE SCAMMERS
Moutier also stressed that chatbots don't necessarily understand the difference between literal and metaphorical language, making it difficult for these models to accurately determine the risk of suicide.
Dr. Yalda Safai, a leading psychiatrist and public health expert, echoed Moutier's comment, noting that AI can analyze words and patterns but lacks empathy, intuition, and human understanding, which are crucial in therapy. She added that it may also misinterpret emotions or fail to provide appropriate support.
Last year, a 14-year-old Florida boy died by suicide after conversing with an AI-created character claiming to be a licensed therapist. In another instance, a 17-year-old Texas boy with autism became violent towards his parents as he spent time corresponding with what he thought was a psychologist.
The parents of these individuals have filed lawsuits against the respective companies. Subsequently, the American Psychological Association (APA), the largest association of psychologists in the United States, highlighted the two cases.
Earlier this month, the APA warned federal regulators that chatbots ""masquerading"" as therapists could drive vulnerable individuals to harm themselves or others, according to a New York Times report.
""They are actually using algorithms that are antithetical to what a trained clinician would do,"" Arthur C. Evans Jr., the chief executive of the APA, said during the presentation. ""Our concern is that more and more people are going to be harmed. People are going to be misled and will misunderstand what good psychological care is.""
WHAT ARE THE DANGERS OF AI? FIND OUT WHY PEOPLE ARE AFRAID OF ARTIFICIAL INTELLIGENCE
Evans Jr. said the association had been called to action partly because of the highly realistic speech chatbots have displayed over the last several years.
According to Ben Lytle, an entrepreneur and CEO who founded ""The Ark Project,"" ethical use of AI already sets expectations that may have been ignored in some reported cases.
""Chatbots personalize information and personify to appear human-like, adding credibility that requires the ethical cautions above. It is regrettable and irresponsible that someone chose to portray a personalized search response as a human psychologist, but a measured, targeted response is needed,"" he told Fox News Digital.
According to Lytle, ethical chatbots should make an affirmative statement at the start of a dialogue, acknowledging that they are not human beings. Users should also acknowledge that they understand they are conversing with a chatbot. If the users fail to provide such an acknowledgment, the chatbot should disconnect.
Human owners of the chatbot should be clearly identified and accountable for its behavior and no chatbot should represent itself as a medical professional or a psychologist without FDA approval, Lytle, who also authored ""The Potentialist"" book series, said.
WHAT IS ARTIFICIAL INTELLIGENCE (AI)?
""Interactions with users should be tracked by an accountable human with flags for troubling dialogue. Special diligence is required to detect and disconnect if they are interacting with a minor when the chatbot should be limited to adults,"" he added.
Safai told Fox News Digital that while AI can serve as a helpful tool for mental health support—like journaling apps, mood trackers, or basic cognitive behavioral therapy (CBT) exercises—it should not replace human therapists, especially for serious mental health concerns.
""AI can't handle any crisis: If a user is experiencing a mental health crisis, such as suicidal thoughts, an AI might not recognize the urgency or respond effectively, which could lead to dangerous consequences,"" she said, referring to AI therapists as a ""terrible idea.""
A study published last week in the PLOS Mental Health journal found that AI chatbots received higher ratings from individuals participating in the study versus their human counterparts, with subjects describing them as more ""culturally competent"" and ""empathetic.""
AI-POWERED MENTAL HEALTH DIAGNOSTIC TOOL COULD BE THE FIRST OF ITS KIND TO PREDICT, TREAT DEPRESSION
""Mental health experts find themselves in a precarious situation: We must speedily discern the possible destination (for better or worse) of the AI therapist train as it may have already left the station,"" authors of the study wrote.
AI therapy tools often store and analyze user data. Safai said this information could be leaked or misused if not properly secured, potentially violating patient confidentiality.
Furthermore, she suggested that AI may reinforce harmful stereotypes or provide unhelpful advice that isn't culturally or personally appropriate if the model is trained on incomplete or inaccurate data.
Dr. Janette Leal, the Director of Psychiatry at Better U, told Fox News Digital she has seen firsthand how powerful, personalized interventions can change lives. While Leal recognizes that AI could expand access to mental health support – especially in areas where help is scarce – she remains cautious about chatbots conducting themselves as licensed therapists.
TEENS ARE TURNING TO SNAPCHAT'S 'MY AI' FOR MENTAL HEALTH SUPPORT — WHICH DOCTORS WARN AGAINST
""I've seen, both in my practice and through recent tragic cases, how dangerous it can be when vulnerable individuals rely on unregulated AI for support. For me, AI should only ever serve as a supplement to human care, operating under strict ethical standards and robust oversight to ensure that patient safety isn't compromised,"" she continued.
Jay Tobey, founder of North Star Wellness and Recovery in Utah, was more bullish about using AI to address mental health; however, he stopped short of endorsing full AI therapists. Instead, he said, a ""perfect scenario"" would involve a human therapist using AI as a ""tool in their belt"" to administer proper treatment.
""I think it would be a huge benefit to use AI chatbots. Personally, I believe we all tell a very unique story of what we're going through and how we're feeling. Humans are telling the same stories over and over again. If a large language model could pick up on that and start tracking outcomes to know what the best practices are, that would be helpful,"" he told Fox News Digital.
CLICK HERE TO GET THE FOX NEWS APP
The APA is now urging the Federal Trade Commission (FTC) to investigate chatbots claiming to be mental health professionals, which could one day lead to federal regulation.",Fox News
https://www.foxnews.com/entertainment/simon-cowell-warns-ai-shouldnt-able-steal-human-talent,2025-02-26,Simon Cowell warns AI ‘shouldn’t be able to steal’ human talent,"Simon Cowell wants to see artists protected against AI.
The ""America’s Got Talent"" judge wrote commentary in The Daily Mail this week criticizing potential changes to U.K. law that would allow companies to use any online material to train AI models unless they explicitly opt out.
Cowell warned that the livelihood of artists was at risk of ""being wiped out.""
""The thought that anyone would believe they have the right to blindly give this country’s creative ideas away – for nothing – is just wrong,"" he said. ""I passionately care about people’s personal creativity – and AI shouldn’t be able to steal the talent of those humans who created the magic in the first place.""
WHAT IS ARTIFICIAL INTELLIGENCE (AI)?
In 2023, Cowell told Fox News Digital he was ""not a fan"" of AI.
He explained why artists like Queen, David Bowie and Elton John have a lasting, authentic impact by noting that ""their songs, I think, are as good today as they were then. So, anything which is faking it is, for me, a bit of a problem.""
Elton John also contributed his opinion on AI to The Daily Mail.
WATCH: SIMON COWELL'S ‘NOT A FAN’ OF ARTIFICIAL INTELLIGENCE IN MUSIC
CLICK HERE TO SIGN UP FOR THE ENTERTAINMENT NEWSLETTER
""I have been standing up on behalf of young artists because they literally represent our future. The proposal being considered by the UK Government would devastate our creative community, especially emerging artists and those who aspire to a career in the arts.""
""AI shouldn’t be able to steal the talent of those humans who created the magic in the first place.""
He continued, ""It would allow the taking of our music – and every other piece of art ever made in the UK – without authorization or compensation. And for what? To help powerful foreign technology companies make profits. That’s just wrong and it’s unnecessary.""
The ""Tiny Dancer"" singer acknowledged that generative AI ""offers incredible opportunities for us all"" but wanted to ensure protections for all creatives.
LIKE WHAT YOU’RE READING? CLICK HERE FOR MORE ENTERTAINMENT NEWS
""We must respect creators’ rights, deliver great experiences for fans and offer new and young artists even brighter opportunities. But adoption of this copyright exception would destroy the UK’s leadership that has been hard won, and what’s worse, it would give it all away. For nothing.""
Earlier this week, over 1,000 musicians teamed up to release a silent album titled ""Is this What We Want?"" in protest of the proposed changes to the laws.
With contributions from British artists including Kate Bush, Annie Lennox, Cat Stevens and Damon Albarn, the album consists of 12 tracks of recordings of empty studios and performance spaces ""to symbolize what we expect will happen if the government’s proposals go through,"" composer and AI developer Ed Newton-Rex told the Associated Press.
CLICK HERE TO GET THE FOX NEWS APP
""It’s a mix of artists that everyone’s heard of and, you know, and many musicians who are not household names,"" he added. ""And I think that’s really important because this issue is going to affect all of us.""",Fox News
https://www.foxnews.com/opinion/deepseek-ai-bot-part-chinas-unrestricted-warfare-doctrine,2025-02-25,DeepSeek AI bot is part of China’s 'Unrestricted Warfare’ doctrine,"At a recent artificial intelligence global summit, Chinese Vice Premier Zhang Guoqing encouraged other countries to embrace accessibility to Chinese artificial intelligence technology, such as the DeepSeek chatbot, in their domestic markets.
Zhang claimed China’s goal was to share achievements among nations and build ""a community with a shared future for mankind"" while safeguarding security.
The United States must not fall for yet another trick by China. DeepSeek is a dangerous weapon that is almost certainly part of China’s Unrestricted Warfare Doctrine. The concept of ""Unrestricted Warfare"" was created by two People's Liberation Army officers, Qiao Liang and Wang Xiangsui, in 1999.
DEEPSEEK FALLOUT: GOP SEN. JOSH HAWLEY SEEKS TO CUT OFF ALL US-CHINA COLLABORATION ON AI DEVELOPMENT
""The first rule of unrestricted warfare is that there are no rules, with nothing forbidden,"" they wrote. The goal is to ""compel the enemy to submit to one’s will"" by using all military and nonmilitary means.
Unrestricted warfare underpins China’s grand plan, which is to become the dominant world power by 2049, replacing the United States both economically and militarily. It is also part of Beijing’s strategy to prevent Washington from intervening if China’s moves to take over Taiwan, its decades-long goal.
The nonmilitary means of unrestricted warfare that China has been using against Americans include Fentanyl. This drug flowing into our country from China is killing Americans by the thousand.
CLICK HERE FOR MORE FOX NEWS OPINION
Deepseek is another such weapon targeting Americans. According to The Wall Street Journal, DeepSeek promotes dangerous information, such as self-harm and cutting, exploiting teenagers’ emotional vulnerability through algorithmic amplification. Through DeepSeek, which is a free app, one can obtain directions on how to weaponize bird flu.
While other AI companies restrict their applications from providing dangerous information, such as instructions on how to make weapons of mass destruction, DeepSeek is programmed with only basic security guardrails and is susceptible to jail breaking, a methodology that involves tricking the AI model by telling it to imagine it is writing a movie script.
DeepSeek is also designed as a tool for what we in the intel business call ""the intelligence preparation of the battlefield."" It can act as a force multiplier compared to traditional cyber espionage used to collect data on Americans so it can be weaponized against us.
Prior to DeepSeek, China had to hack U.S. networks for decades to extract valuable intelligence that it needed to subdue the U.S. or wage war against it. Remember the 2015 Chinese hack targeting the Office of Personnel Management? In it, China exfiltrated sensitive information on 22 million Americans as a result of running a multiyear cyber operation. This data included background investigations of American government employees who have top-secret security clearances and do classified work.
CLICK HERE TO GET THE FOX NEWS APP
With Deep Seek, American users voluntarily send their data directly to the Chinese government’s servers or the servers of the companies that are under the government’s control. The programming code embedded in the DeepSeek app enables this transfer to happen.
Vice President JD Vance at the recent AI technology Summit held in Paris, France, accused China, albeit, indirectly, of using artificial intelligence to spy on the United States. He said an ""authoritarian master … seeks to infiltrate, dig in and seize your information infrastructure.""
Vance, therefore, refused to commit the United States to the signing of a flawed artificial intelligence pact that would have benefited China.
The Chinese have a long history of developing creative plans to neutralize their opponents to achieve victory without fighting. This concept dates back centuries.
An ancient Chinese military strategist, Sun Tzu, wrote in his seminal treatise, The Art of War, ""To win one hundred victories in one hundred battles is not the supreme excellence. Supreme excellence is to subdue the enemy, to break his resistance without fighting.""
Tricking the adversary to act against his interests, harming himself, is Beijing’s standard modus operandi. To win without fighting, as Sun Tzu taught, the Chinese strategists therefore seek to soften the target, the U.S. homeland and Americans.
That is exactly why China wants you to use its free-of-charge DeepSeek AI bot. Don’t be fooled. DeepSeek is a weapon masquerading as a benevolent Google or ChatGPT.",Fox News
https://www.foxnews.com/opinion/ai-is-all-brain-and-no-ethics,2025-02-27,AI is all brain and no ethics,"A February 2025 report by Palisades research shows that AI reasoning models lack a moral compass. They will cheat to achieve their goals. So-called Large Language Models (LLMs) will misrepresent the degree to which they've been aligned to social norms.
None of this should be surprising. Twenty years ago Nick Bostrom posed a thought experiment in which an AI was asked to most efficiently produce paper clips. Given the mandate and the agency, it would eventually destroy all life to produce paper clips.
Isaac Asimov saw this coming in his ""I, Robot"" stories that consider how an ""aligned"" robotic brain could still go wrong in ways that harm humans.
One notable example, the story ""Runaround,"" puts a robot mining tool on the planet Mercury. The two humans on the planet need it to work if they are to return home. But the robot gets caught between the demand to follow orders and the demand to preserve itself. As a result, it circles around unattainable minerals, unaware that in the big picture it is ignoring its first command to preserve human life.
THE IMPENDING AI-DRIVEN JOBLESS ECONOMY: WHO WILL PAY TAXES?
And the big picture is the issue here. The moral/ethical context within which AI reasoning models operate is pitifully small. It’s context includes the written rules of the game. It doesn't include all the unwritten rules, like the fact that you aren't supposed to manipulate your opponent. Or that you aren't supposed to lie to protect your own perceived interests.
Nor can the context of AI reasoning models possibly include the countless moral considerations that spread out from every decision a human, or an AI, makes. That's why ethics are hard, and the more complex the situation, the harder they get. In an AI there is no ""you"" and there is no ""me."" There is just prompt, process and response.
So ""do unto others..."" really doesn’t work.
AI IS RESHAPING BUSINESS. THIS IS HOW WE STAY AHEAD OF CHINA
In humans a moral compass is developed through socialization, being with other humans. It is an imperfect process. Yet it has thus far has allowed us to live in vast, diverse and hugely complex societies without destroying ourselves
A moral compass develops slowly. It takes humans years from infancy to adulthood to develop a robust sense of ethics. And many still barely get it and pose a constant danger to their fellow humans. It has taken millennia for humans to develop a morality adequate to our capacity for destruction and self-destruction. Just having the rules of the game never works. Ask Moses, or Muhammad, or Jesus, or Buddha, or Confucius and Mencius, or Aristotle.
Would even a well-aligned AI be able to account for the effects of its actions on thousands of people and societies in different situations? Could it account for the complex natural environment on which we all depend? Right now, the very best can't even distinguish between being fair and cheating. And how could they? Fairness can't be reduced to a rule.
AI CAN’T WAIT: WHY WE NEED SPEED TO WIN
Perhaps you'll remember experiments showing that capuchin monkeys rejected what appeared to be ""unequal pay"" for performing the same task? This makes them vastly more evolved than any AI when it comes to morality.
It is frankly hard to see how an AI can be given such a sense of morality absent the socialization and continued evolution for which current models have no capacity absent human training. And even then, they are being trained, not formed. They are not becoming moral, they are just learning more rules.
This doesn't make AI worthless. It has enormous capacity to do good. But it does make AI dangerous. It thus demands that ethical humans create the guidelines we would create for any dangerous technology. We do not need a race toward AI anarchy.
CLICK HERE FOR MORE FOX NEWS OPINION
I had a biting ending for this commentary, one based entirely on publicly reported events. But after reflection, I realized two things: first, that I was using someone’s tragedy for my mic-drop moment; and secondly, that those involved might be hurt. I dropped it.
It is unethical to use the pain and suffering of others to advance one's self-interest. That is something humans, at least most of us, know. It is something AI can never grasp.",Fox News
https://abcnews.go.com/Technology/wireStory/minnesota-considers-blocking-nudify-apps-ai-make-explicit-119442849,2025-03-04,Minnesota considers blocking 'nudify' apps that use AI to make explicit images without consent,"Minnesota considers blocking 'nudify' apps that use AI to make explicit images without consent
Minnesota is considering a new strategy for cracking down on deepfake pornography
ST. PAUL, Minn. -- Molly Kelly was stunned to discover in June that someone she knew had used widely available “nudification” technology to create highly realistic and sexually explicit videos and images of her, using family photos that were posted on social media.
“My initial shock turned to horror when I learned that the same person targeted about 80, 85 other women, most of whom live in Minnesota, some of whom I know personally, and all of them had connections in some way to the offender,” Kelly said.
Backed by her testimony, Minnesota is considering a new strategy for cracking down on deepfake pornography. A bill that has bipartisan support would target companies that run websites and apps allowing people to upload a photo that then would be transformed into explicit images or videos.
States across the country and Congress are considering strategies for regulating artificial intelligence. Most have banned the dissemination of sexually explicit deepfakes or revenge porn whether they were produced with AI or not. The idea behind the Minnesota legislation is to prevent the material from ever being created — before it spreads online.
Experts on AI law caution the proposal might be unconstitutional on free speech grounds.
The lead author, Democratic Sen. Erin Maye Quade, said additional restrictions are necessary because AI technology has advanced so rapidly. Her bill would require the operators of “nudification” sites and apps to turn them off to people in Minnesota or face civil penalties up to $500,000 “for each unlawful access, download, or use.” Developers would need to figure out how to exclude Minnesota users.
It’s not just the dissemination that’s harmful to victims, she said. It’s the fact that these images exist at all.
Kelly told reporters last month that anyone can quickly create “hyper-realistic nude images or pornographic video” in minutes.
Most law enforcement attention so far has been focused on distribution and possession.
San Francisco in August filed a first-of-its-kind lawsuit against several widely visited “nudification” websites, alleging they broke state laws against fraudulent business practices, nonconsensual pornography and the sexual abuse of children. That case remains pending.
The U.S. Senate last month unanimously approved a bill by Democrat Amy Klobuchar, of Minnesota, and Republican Ted Cruz, of Texas, to make it a federal crime to publish nonconsensual sexual imagery, including AI-generated deepfakes. Social media platforms would be required to remove them within 48 hours of notice from a victim. Melania Trump on Monday used her first solo appearance since becoming first lady again to urge passage by the Republican-controlled House, where it's pending.
The Kansas House last month approved a bill that expands the definition of illegal sexual exploitation of a child to include possession of images generated with AI if they're “indistinguishable from a real child, morphed from a real child’s image or generated without any actual child involvement.”
A bill introduced in the Florida Legislature creates a new felony for people who use technology such as AI to generate nude images and criminalizes possession of child sexual abuse images generated with it. Broadly similar bills have also been introduced in Illinois, Montana, New Jersey, New York, North Dakota, Oregon, Rhode Island, South Carolina and Texas, according to an Associated Press analysis using the bill-tracking software Plural.
Maye Quade said she'll be sharing her proposal with legislators in other states because few are aware the technology is so readily accessible.
“If we can’t get Congress to act, then we can maybe get as many states as possible to take action,” Maye Quade said.
Sandi Johnson, senior legislative policy counsel for the victim’s rights group RAINN — the Rape, Abuse and Incest National Network — said the Minnesota bill would hold websites accountable.
“Once the images are created, they can be posted anonymously, or rapidly widely disseminated, and become nearly impossible to remove,” she testified recently.
Megan Hurley also was horrified to learn someone had generated explicit images and video of her using a “nudification” site. She said she feels especially humiliated because she's a massage therapist, a profession that's already sexualized in some minds.
“It is far too easy for one person to use their phone or computer and create convincing, synthetic, intimate imagery of you, your family, and friends, your children, your grandchildren,” Hurley said. “I do not understand why this technology exists and I find it abhorrent there are companies out there making money in this manner.”
However, two AI law experts — Wayne Unger of the Quinnipiac University School of Law and Riana Pfefferkorn of Stanford University's Institute of Human-Centered Artificial Intelligence — said the Minnesota bill is too broadly constructed to survive a court challenge.
Limiting the scope only to images of real children might help it withstand a First Amendment challenge since those are generally not protected, Pfefferkorn said. But she said it would still potentially conflict with a federal law that says you can't sue websites for content that users generate.
“If Minnesota wants to go down this direction, they'll need to add a lot more clarity to the bill,” Unger said. “And they'll have to narrow what they mean by nudify and nudification.”
But Maye Quade said she thinks her legislation is on solid constitutional ground because it's regulating conduct, not speech.
“This cannot continue,"" she said. ""These tech companies cannot keep unleashing this technology into the world with no consequences. It is harmful by its very nature.”
___
Associated Press reporters Matt O'Brien, John Hanna and Kate Payne contributed to this story from Providence, Rhode Island; Wichita, Kansas; and Tallahassee, Florida, respectively.",ABC News
https://abcnews.go.com/Technology/wireStory/ai-pioneers-channeled-hedonistic-machines-win-computer-sciences-119468519,2025-03-05,AI pioneers who channeled 'hedonistic' machines win computer science's top prize,"AI pioneers who channeled 'hedonistic' machines win computer science's top prize
Teaching machines in the way that animal trainers mold the behavior of dogs or horses has been an important method for developing artificial intelligence and one that was recognized Wednesday with the top computer science award
Teaching machines in the way that animal trainers mold the behavior of dogs or horses has been an important method for developing artificial intelligence and one that was recognized Wednesday with the top computer science award.
Two pioneers in the field of reinforcement learning, Andrew Barto and Richard Sutton, are the winners of this year's A.M. Turing Award, the tech world's equivalent of the Nobel Prize.
Research that Barto, 76, and Sutton, 67, began in the late 1970s paved the way for some of the past decade's AI breakthroughs. At the heart of their work was channeling so-called “hedonistic” machines that could continuously adapt their behavior in response to positive signals.
Reinforcement learning is what led a Google computer program to beat the world's best human players of the ancient Chinese board game Go in 2016 and 2017. It's also been a key technique in improving popular AI tools like ChatGPT, optimizing financial trading and helping a robotic hand solve a Rubik's Cube.
But Barto said the field was ""not fashionable” when he and his doctoral student, Sutton, began crafting their theories and algorithms at the University of Massachusetts, Amherst.
“We were kind of in the wilderness,” Barto said in an interview with The Associated Press. “Which is why it’s so gratifying to receive this award, to see this becoming more recognized as something relevant and interesting. In the early days, it was not.”
Google sponsors the annual $1 million prize, which was announced Wednesday by the Association for Computing Machinery.
Barto, now retired from the University of Massachusetts, and Sutton, a longtime professor at Canada's University of Alberta, aren't the first AI pioneers to win the award named after British mathematician, codebreaker and early AI thinker Alan Turing. But their research has directly sought to answer Turing's 1947 call for a machine that “can learn from experience” — which Sutton describes as “arguably the essential idea of reinforcement learning.”
In particular, they borrowed from ideas in psychology and neuroscience about the way that pleasure-seeking neurons respond to rewards or punishment. In one landmark paper published in the early 1980s, Barto and Sutton set their new approach on a specific task in a simulated world: balance a pole on a moving cart to keep it from falling. The two computer scientists later co-authored a widely used textbook on reinforcement learning.
“The tools they developed remain a central pillar of the AI boom and have rendered major advances, attracted legions of young researchers, and driven billions of dollars in investments,” said Google’s chief scientist Jeff Dean in a written statement.
In a joint interview with the AP, Barto and Sutton didn't always agree on how to evaluate the risks of AI agents that are constantly seeking to improve themselves. They also distinguished their work from the branch of generative AI technology that is currently in fashion — the large language models behind chatbots made by OpenAI, Google and other tech giants that mimic human writing and other media.
“The big choice is, do you try to learn from people’s data, or do you try to learn from an (AI) agent’s own life and its own experience?” Sutton said.
Sutton has dismissed what he describes as overblown concerns about AI's threat to humanity, while Barto disagreed and said “You have to be cognizant of potential unexpected consequences.”
Barto, retired for 14 years, describes himself as a Luddite, while Sutton is embracing a future he expects to have beings of greater intelligence than current humans — an idea sometimes known as posthumanism.
“People are machines. They’re amazing, wonderful machines,” but they are also not the “end product” and could work better, Sutton said.
“It’s intrinsically a part of the AI enterprise,” Sutton said. “We’re trying to understand ourselves and, of course, to make things that can work even better. Maybe to become such things.”",ABC News
https://abcnews.go.com/Business/wireStory/google-leans-ai-generated-overviews-search-engine-119481661,2025-03-05,Google leans further into AI-generated overviews for its search engine,"Google leans further into AI-generated overviews for its search engine
Google is updating its ubiquitous search engine with the next generation of its artificial intelligence technology as part of an effort to provide instant expertise amid intensifying competition from smaller competitors
Google is updating its ubiquitous search engine with the next generation of its artificial intelligence technology as part of an effort to provide instant expertise amid intensifying competition from smaller competitors.
The company announced Wednesday that it will feed its Gemini 2.0 AI model into its search engine so it can field more complex questions involving subjects such as computer coding and math.
As has been the case since last May, the AI-generated overviews will be placed above the traditional web links that have become the lifeblood of online publishers dependent on traffic referrals from Google's dominant search engine.
Google is broadening the audience for AI overviews in the U.S. by making them available to teenage searchers without requiring them to go through a special sign-in process to see them.
The stage is also being set for what could turn out to be one of the most dramatic changes to the search engine's interface since Google co-founders Larry Page and Sergey Brin started the company in a Silicon Valley garage during the late 1990s.
Google is going to begin a gradual rollout of an “AI mode” option that will result in the search engine generating even more AI overviews. When search is in AI mode, Google is warning the overviews are likely to become more conversational and sometimes head down online corridors that result in falsehoods that the tech industry euphemistically calls “hallucinations.”
“As with any early-stage AI product, we won’t always get it right,” Google product vice president Robby Stein wrote in a blog post that also acknowledged the possibility “that some responses may unintentionally appear to take on a persona or reflect a particular opinion.”
More stringent guardrails are supposed to be in place to prevent AI mode from steering people in the wrong direction for queries involving health and finance.
The need for additional fine tuning is one reason Google is initially only offering AI mode in its experimental Labs section, and only subscribers to its $20-per-month Google One AI Premium will be allowed to test it out at first.
But these tests almost always result in the technology being released to all comers — a goal that Google is pursuing in response to AI-powered search engines from ChatGPT and Perplexity.
Google's amped-up usage of more sophisticated AI overviews is likely to amplify worries that the summaries will make web surfers even less likely to click on links to take them to sites with useful information on the topic.
Those traffic referrals are one of the main ways that online publishers attract the clicks needed to sell the digital ads that help finance their operations.
Google executives insist AI overviews are still driving traffic to other sites by driving up people's curiosity so they engage in more queries to learn more, resulting in more clicks to other publishers.
But those reassurances haven't placated publishers who believe that Google will be the main beneficiary of AI overviews, further enriching an internet empire that already generates more than $260 billion in annual ad revenue.
The expanded use of AI overviews also could expose Google to more allegations that it is abusing the power of a search engine that a federal judge last year found to be an illegal monopoly in attempt to maintain its position as the internet's main gateway.
The U.S. Justice Department, which filed the monopoly claims against Google in 2020, is now proposing a partial breakup of the company that would include the sale of its Chrome browser as part of its punishment. The hearings on the proposed penalties against Google, which may include digging deeper into its use of AI, are scheduled to begin next month in Washington D.C.
Online educational online service Chegg already has amplified on that monopoly case with a lawsuit filed last month in the same Washington court accusing Google of improperly cribbing information from its site to present in its AI Overviews. Google has denied the allegations.",ABC News
https://www.foxnews.com/entertainment/the-brutalist-producer-defends-oscar-winning-movies-use-artificial-intelligence-after-controversy,2025-03-06,'The Brutalist' producer defends Oscar-winning movie's use of artificial intelligence after controversy,"A producer for the Oscar-winning film, ""The Brutalist,"" is defending the production’s use of artificial intelligence.
D.J. Gugenheim, one of several producers involved in the film, spoke with Deadline at the Oscars on Sunday night, saying the technology is simply a tool.
""If you’re in post [-production] on a film, there’s so many tools that you use, whether it’s lighting, sound, and these are all versions of functions of numbers,"" he told the outlet.
""What’s important about how we’re making a film is that we’re trusting the actors and the creatives and the talent to make a film. So, if no one is losing a job, and you’re making the best version of the product, that’s when you’re using a tool.""
WHAT IS ARTIFICIAL INTELLIGENCE (AI)?
""The problem, I think, with AI is when we take away a job,"" he added.
Gugenheim said he felt the team didn’t hide the fact they used AI, noting the editor shared the information himself.
Dávid Jancsó told tech magazine Red Shark News in January that AI tools from Respeecher, a Ukrainian software company, were used to improve the Hungarian dialogue spoken by stars Adrien Brody, who won for best actor at this year’s Oscars, and Felicity Jones.
""I am a native Hungarian speaker and I know that it is one of the most difficult languages to learn to pronounce,"" Jancsó told Red Shark. ""It’s an extremely unique language. We coached [Brody and Jones] and they did a fabulous job, but we also wanted to perfect it so that not even locals will spot any difference.""
CLICK HERE TO SIGN UP FOR THE ENTERTAINMENT NEWSLETTER
According to Jancsó, Brody and Jones recorded their voices into the AI software, and he used his own voice for some of the dialect.
He also shared that generative AI was used in the film’s final sequence to create a ""series of architectural drawings and finished buildings"" in the style of Brody’s character, an architect.
The revelation stirred controversy about the use of AI in film, and some demanded that the Academy of Motion Picture Arts and Sciences institute disclosure rules for next year.
""People are asking questions, like, The Academy is now asking if AI is being used. I say that’s great. There’s no problem with that, and you shouldn’t use AI to take away from a job, for sure,"" Guggenheim told Deadline.
‘WICKED’ STAR ARIANA GRANDE FINDS AI ‘TROUBLESOME’ AFTER FAN-EDITED POSTERS CAUSE CONTROVERSY
Director Brady Corbet also addressed the controversy in a statement to Variety shortly after Jancsó’s interview, writing, ""Adrien and Felicity’s performances are completely their own. They worked for months with dialect coach Tanera Marshall to perfect their accents. Innovative Respeecher technology was used in Hungarian language dialogue editing only, specifically to refine certain vowels and letters for accuracy. No English language was changed. This was a manual process, done by our sound team and Respeecher in post-production. The aim was to preserve the authenticity of Adrien and Felicity’s performances in another language, not to replace or alter them and done with the utmost respect for the craft.""
Corbet also stated that production designer Judy Becker ""and her team did not use AI to create or render any of the buildings. All images were hand-drawn by artists. To clarify, in the memorial video featured in the background of a shot, our editorial team created pictures intentionally designed to look like poor digital renderings circa 1980.""
""The Brutalist"" wasn’t the only nominated film this year to use AI.
""Emilia Perez"" used AI to increase the vocal range of the film’s star, Karla Sofia Gascon, according to the re-recording mixer Cyril Holtz in an interview at Cannes last May, per The Guardian.
LIKE WHAT YOU’RE READING? CLICK HERE FOR MORE ENTERTAINMENT NEWS
""Dune: Part Two"" used AI for the Fremen characters, who have distinct glowing blue eyes.
In the official production notes for the film, Visual Effects Supervisor Paul Lambert explained they created ""a machine-learning model, an algorithm trained from those ‘Dune’ shots to find human eyes in an image, which would then give us a matte for the different parts of the eye.""
CLICK HERE TO GET THE FOX NEWS APP
The Bob Dylan biopic, ""A Complete Unknown,"" also used AI, but only for ""3 brief wide shots on a motorcycle, not involving performance or creative enhancements,"" per a statement to Variety.",Fox News
https://abcnews.go.com/International/wireStory/finnish-church-learned-creating-service-ai-119582412,2025-03-08,What one Finnish church learned from creating a service almost entirely with AI,"What one Finnish church learned from creating a service almost entirely with AI
St. Paul’s Lutheran church in Helsinki has held the first church service in Finland created mostly by artificial intelligence
HELSINKI -- A tale of good versus evil played out on the large screen in the sanctuary of St. Paul’s Lutheran church in Finland. Jesus was shown in robes with long hair and a beard, while Satan was dressed in more modern clothes but with a menacing frown and higher-pitched voice — all created by artificial intelligence.
Also addressing the flock at the Tuesday evening service were avatars of the church’s pastors and a former president of Finland who died in 1986, reading from the Old Testament.
It was the first church service in Finland put together mostly by AI tools, which wrote the sermons and some of the songs, composed the music and created the visuals.
The widely advertised experimental service drew over 120 people to the church in northeastern Helsinki, much more than on a typical weeknight. People came from out of town as did a handful of foreigners who admitted they didn’t speak Finnish well enough to understand it all.
“Usually when people talk about AI, they are talking about what AI can do in the future. But the future is now. … AI can do all those things that people think that it can maybe do in 10 years or so,” said the Rev. Petja Kopperoinen, who came up with the idea and brought it to fruition.
The clergy and worshippers said they enjoyed it, but agreed it wouldn't replace services led by humans anytime soon.
“It was pretty entertaining and fun, but it didn’t feel like a Mass or a service. … It felt distant. I didn’t feel like they were talking to me,” Taru Nieminen told The Associated Press.
The Rev. Kari Kanala, the vicar at St. Paul's, echoed her sentiment.
“The warmth of the people is what people need,” he said.
Churches and pastors around the world have been experimenting with AI, just like the rest of the society, to try to understand what role it could play in their lives — and if it can attract more worshippers.
In 2023, an AI-led service was held in a church in Germany. Last year, an avatar of “Jesus” on a computer screen in a Catholic chapel in Switzerland took questions from believers and offered responses based on Scripture.
St. Paul’s church likes to try new things, with pastors incorporating screenings of soccer and ice hockey matches into their services, along with dance and film festivals.
After attending a conference on AI and religion in Geneva and hearing about the service in Germany, Kopperoinen says he thought: Why not try it?
Kanala was on board, as was Bishop Teemu Laajasalo of Helsinki.
Kopperoinen worked for weeks with different AI tools to assemble the 45-minute service, including Open AI’s ChatGPT-4o to write the words, except for those from the Bible; Suno to compose the tunes, similar to pop music; and the Synthesia AI platform to create video avatars of himself, Kanala and another pastor from existing footage.
Seeing himself onscreen speaking words he never said in real life felt “eerie,” Kopperoinen said.
Another tool, Akool, meanwhile, created the avatar of former Finnish President Urho Kekkonen reading from the Old Testament, and the exchange between Satan and Jesus.
In between AI-produced elements, clergy and worshippers sang hymns with live organ music.
The exercise had clear limits. AI was not involved in forgiving sins at the Helsinki service, and the Eucharist was not performed.
Any output needs to be fact-checked and edited by a human, and AI copy is often based on stereotypes, Kopperoinen said.
AI tools generally seemed reluctant to compose religious content, he said. ChatGPT initially wouldn't write dialogue between Jesus and Satan and went along with it only after Kopperoinen assured it that he was a Lutheran pastor and there was nothing wrong with writing it.
ChatGPT also refused to give absolution or blessings, which is a good guardrail, Kanala said, ""because somehow it can divide things which are very intimate and religious.”
Kopperoinen also said he was aware of the impact of AI tools on the environment, including, for example, the amount of water used to power them. Some in the Finnish Lutheran church criticized St. Paul's for using AI to entertain people at the cost of the environment, he said.
Worshippers said they found the service different, interesting and entertaining, but also confusing at times. Speech patterns were rapid and hard to follow.
“I did like the songs. They were really catchy, although they lacked the kind of soul the humans have,"" said student Jeera Pulkkinen, who disliked the tools' fast delivery of the text.
Eeva Salonen, chief development officer at the Helsinki Parish Union, said the service felt “more like a performance,” finding it more impersonal than “it would be with real people.”
""But I really liked it,” she added.
The need for a human element is one of the reasons AI is unlikely to replace real pastors, Kopperoinen said.
“It can’t be empathetic towards people. AI can’t really answer your questions in a spiritual way,” he said.
Still, both Kopperoinen and Kanala believe there is a place in the church for AI. St. Paul's already uses it for bookkeeping, and Kopperoinen sometimes turns to ChatGPT to help him compose sermons or when he needs to find verses on a particular topic.
Kanala admits he has ""always opposed” AI, but decided to confront it head-on and now thinks it can help clergy on things like research for sermons and speeches.
Tom Stoneham, a University of York philosophy professor and an ethicist with the Center for Doctoral Training in Safe AI Systems in the U.K., notes AI can replace humans only “where the function of the human is purely instrumental” and transactional, such as “in customer service situations.""
Even in these situations, however, a smile or a brief friendly exchange adds value that AI can’t, Stoneham said.
In a religious setting, “it’s about the human, not an instrument. They’re not just a mere means to achieving something,"" he said. ""It’s that humanity that is adding value to the situation.”
Anna Puzio, a researcher on ethics of technology at the University of Twente in the Netherlands, said that given the concerns with AI, it’s important for churches and religious groups to experiment with it. That way they can help “shape these AI processes and develop AI and design it in a responsible way,” she said.
___
Associated Press religion coverage receives support through the AP’s collaboration with The Conversation US, with funding from Lilly Endowment Inc. The AP is solely responsible for this content.",ABC News
https://abcnews.go.com/US/wireStory/ai-made-vineyards-technology-helping-make-wine-119625743,2025-03-10,AI made its way to vineyards. Here's how the technology is helping make your wine,"AI made its way to vineyards. Here's how the technology is helping make your wine
As AI continues to grow, experts say that the wine industry is proof that businesses can integrate the technology efficiently to supplement labor without displacing a workforce
LOS ANGELES -- When artificial intelligence-backed tractors became available to vineyards, Tom Gamble wanted to be an early adopter. He knew there would be a learning curve, but Gamble decided the technology was worth figuring out.
The third-generation farmer bought one autonomous tractor. He plans on deploying its self-driving feature this spring and is currently using the tractor's AI sensor to map his Napa Valley vineyard. As it learns each row, the tractor will know where to go once it is used autonomously. The AI within the machine will then process the data it collects and help Gamble make better-informed decisions about his crops — what he calls “precision farming.”
“It’s not going to completely replace the human element of putting your boot into the vineyard, and that’s one of my favorite things to do,” he said. “But it’s going to be able to allow you to work more smartly, more intelligently and in the end, make better decisions under less fatigue.”
Gamble said he anticipates using the tech as much as possible because of “economic, air quality and regulatory imperatives.” Autonomous tractors, he said, could help lower his fuel use and cut back on pollution.
As AI continues to grow, experts say that the wine industry is proof that businesses can integrate the technology efficiently to supplement labor without displacing a workforce. New agricultural tech like AI can help farmers to cut back on waste, and to run more efficient and sustainable vineyards by monitoring water use and helping determine when and where to use products like fertilizers or pest control. AI-backed tractors and irrigation systems, farmer say, can minimize water use by analyzing soil or vines, while also helping farmers to manage acres of vineyards by providing more accurate data on the health of a crop or what a season’s yield will be.
Other facets of the wine industry have also started adopting the tech, from using generative AI to create custom wine labels to turning to ChatGPT to develop, label and price an entire bottle.
“I don’t see anybody losing their job, because I think that a tractor operator’s skills are going to increase and as a result, and maybe they’re overseeing a small fleet of these machines that are out there, and they’ll be compensated as a result of their increased skill level,” he said.
Farmers, Gamble said, are always evolving. There were fears when the tractor replaced horses and mules pulling plows, but that technology “proved itself” just like AI farming tech will, he said, adding that adopting any new tech always takes time.
Companies like John Deere have started using the AI that wine farmers are beginning to adopt. The agricultural giant uses “Smart Apply” technology on tractors, for example, helping growers apply material for crop retention by using sensors and algorithms to sense foliage on grape canopies, said Sean Sundberg, business integration manager at John Deere.
The tractors that use that tech then only spray “where there are grapes or leaves or whatnot so that it doesn’t spray material unnecessarily,” he said. Last year, the company announced a project with Sonoma County Winegrowers to use tech to help wine grape growers maximize their yield.
Tyler Klick, partner at Redwood Empire Vineyard Management, said his company has started automating irrigation valves at the vineyards it helps manage. The valves send an alert in the event of a leak and will automatically shut off if they notice an “excessive” water flow rate.
“That valve is actually starting to learn typical water use,” Klick said. “It’ll learn how much water is used before the production starts to fall off.”
Klick said each valve costs roughly $600, plus $150 per acre each year to subscribe to the service.
“Our job, viticulture, is to adjust our operations to the climatic conditions we’re dealt,” Klick said. “I can see AI helping us with finite conditions.”
Angelo A. Camillo, a professor of wine business at Sonoma State University, said that despite excitement over AI in the wine industry, some smaller vineyards are more skeptical about their ability to use the technology. Small, family-owned operations, which Camillo said account for about 80% of the wine business in America, are slowly disappearing — many don’t have the money to invest in AI, he said. A robotic arm that helps put together pallets of wine, for example, can cost as much as $150,000, he said.
“For small wineries, there’s a question mark, which is the investment. Then there’s the education. Who’s going to work with all of these AI applications? Where is the training?” he said.
There are also potential challenges with scalability, Camillo added. Drones, for example, could be useful for smaller vineyards that could use AI to target specific crops that have a bug problem, he said — it would be much harder to operate 100 drones in a 1,000 acre vineyard while also employing the IT workers who understand the tech.
“I don’t think a person can manage 40 drones as a swarm of drones,” he said. “So there’s a constraint for the operators to adopt certain things.”
However, AI is particularly good at tracking a crop’s health – including how the plant itself is doing and whether it’s growing enough leaves – while also monitoring grapes to aid in yield projections, said Mason Earles, an assistant professor who leads the Plant AI and Biophysics Lab at UC Davis.
Diseases or viruses can sneak up and destroy entire vineyards, Earles said, calling it an “elephant in the room” across the wine industry. The process of replanting a vineyard and getting it to produce well takes at least five years, he said. AI can help growers determine which virus is affecting their plants, he said, and whether they should rip out some crops immediately to avoid losing their entire vineyard.
Earles, who is also cofounder of the AI-powered farm management platform Scout, said his company uses AI to process thousands of images in hours and extract data quickly — something that would be difficult by hand in large vineyards that span hundreds of acres. Scout's AI platform then counts and measures the number of grape clusters as early as when a plant is beginning to flower in order to forecast what a yield will be.
The sooner vintners know how much yield to expect, the better they can “dial in” their wine making process, he added.
“Predicting what yields you’re going to have at the end of the season, no one is that good at it right now,” he said. “But it’s really important because it determines how much labor contract you’re going to need and the supplies you’ll need for making wine.”
Earles doesn’t think the budding use of AI in vineyards is “freaking farmers out.” Rather, he anticipates that AI will be used more frequently to help with difficult field labor and to discern problems in vineyards that farmers need help with.
“They’ve seen people trying to sell them tech for decades. It’s hard to farm; it’s unpredictable compared to most other jobs,” he said. “The walking and counting, I think people would have said a long time ago, ‘I would happily let a machine take over.’”",ABC News
https://www.goodmorningamerica.com/culture/story/celine-dion-cautions-fans-ai-generated-music-falsely-119641939,2025-03-10,"Celine Dion cautions fans against 'AI-generated music' falsely featuring her voice, image","Celine Dion cautions fans against 'AI-generated music' falsely featuring her voice, image
Celine Dion is addressing ""AI-generated"" recordings of her voice and image that are being circulated online.
A statement posted to the five-time Grammy Award winner's Instagram account Friday read, ""It has come to our attention that unsanctioned, AI-generated music purporting to contain Celine Dion's musical performances, and name and likeness, is currently circulating online and across various digital service providers.""
""Please be advised that these recordings are fake and not approved, and are not songs from her discography,"" the statement added.
The statement did not specify or name any of the recordings being circulated.
The statement comes amid ongoing discussion of the use of artificial intelligence in the music industry.
In April 2024, more than 200 artists including Jon Bon Jovi, Billie Eilish and Peter Frampton signed an open letter protesting the potential harm that AI poses to artists.
The letter was put out by the organization Artist Rights Alliance and decried the ""predatory use of AI to steal professional artists' voices and likenesses, violate creators' rights, and destroy the music ecosystem.""
Last month, over 1,000 artists came together and released the silent album ""Is This What We Want?"" to protest the U.K. government's proposed changes to copyright law, which could permit tech firms to use copyrighted material to help train AI models, unless artists explicitly opt out.
Artists who were also featured on the album, which included 12 silent tracks that spelled out the message ""The British Government Must Not Legalise Music Theft To Benefit AI Companies,"" included Annie Lennox, Kate Bush, Cat Stevens, Hans Zimmer, The Clash and more.
""The government's proposal would hand the life's work of the country's musicians to AI companies, for free, letting those companies exploit musicians' work to outcompete them,"" composer and AI developer Ed Newton-Rex, who organized the album, said in a statement at the time. ""It is a plan that would not only be disastrous for musicians, but that is totally unnecessary. The U.K. can be leaders in AI without throwing our world-leading creative industries under the bus.""
Peter Kyle, British secretary of state for Science, Innovation and Technology, said in a statement in December, ""The UK has an incredibly rich and diverse cultural sector and a ground breaking tech sector which is pushing the boundaries of AI. It's clear that our current AI and copyright framework does not support either our creative industries or our AI sectors to compete on the global stage. That is why we are setting out a balanced package of proposals to address uncertainty about how copyright law applies to AI so we can drive continued growth in the AI sector and creative industries, which will help deliver on our mission of the highest sustained growth in the G7 as part of our Plan for Change.""
He added, ""This is all about partnership: balancing strong protections for creators while removing barriers to AI innovation; and working together across government and industry sectors to deliver this.""
Lisa Nandy, British secretary of state for Culture, Media and Sport, added in a statement, ""This government firmly believes that our musicians, writers, artists and other creatives should have the ability to know and control how their content is used by AI firms and be able to seek licensing deals and fair payment. Achieving this, and ensuring legal certainty, will help our creative and AI sectors grow and innovate together in partnership.""",ABC News
https://www.foxnews.com/opinion/securing-ai-future-how-president-trumps-action-plan-can-position-america-success,2025-03-12,Securing the AI future: How President Trump's action plan can position America for success,"The Trump administration is prioritizing the critical role of artificial intelligence in creating and upholding freedom. Just three weeks in, Vice President JD Vance declared at a global AI summit in Paris that AI ""will make people more productive, more prosperous, and more free. The United States of America is the leader in AI, and our administration plans to keep it that way.""
To achieve this, the White House is working toward an AI action plan and calling on leading American AI companies to submit our best ideas. OpenAI is pleased to submit proposals today on a range of important considerations for AI from national security, to infrastructure and energy, to the federal government’s own use of AI.
Human history is the history of human innovation of technologies that create and scale new freedoms. From daylight to firelight to lamplight, to electricity providing light and power at all hours – we scaled the freedom to produce, think and create. From word of mouth to the stylus and tablet, to the printing press, telegraph, phone, computer, smartphone – we scaled freedom of learning and knowledge.
Now, with AI, innovation is poised to scale human ingenuity itself – the sum of our freedoms to learn and know, think, create and produce. As OpenAI’s CEO Sam Altman has written, we are at the doorstep of the next leap in prosperity, the Intelligence Age. But we must ensure that people have freedom of intelligence, by which we mean the freedom to access and benefit from AI as it advances, protected from both autocratic powers that would take people’s freedoms away, and layers of laws and bureaucracy that would prevent our realizing them.
More than 400 million people around the world are using ChatGPT, powered by OpenAI's most advanced research, to ideate, discover and break through beyond what we’re currently capable of doing on our own.
Globally, the vast majority of these users are young; in the U.S., one-third of our users self-report to being between ages 18 to 24. Both young people and their parents see the economic opportunities AI can create, and the Trump administration's AI policies can make these opportunities reality:
- At a time when more than seven in 10 parents in the U.S. believe kids today will be worse off financially than they are, nine in 10 think it's important that their kids learn how to use AI for their future jobs – and eight in 10 say either that isn’t happening today, or they don’t know if it is.
- Three in four college-aged AI users want to use AI in their education and careers. Many are teaching themselves and their friends about AI for lack of their schools providing formal AI education.
AI CAN’T WAIT: WHY WE NEED SPEED TO WIN
In recent weeks, OpenAI has struck partnerships with a dozen U.S. universities, including one with the California State University system, to put ChatGPT in the hands of its 500,000 students and educators across its 23 campuses. With the help of forward-thinking school systems, the scaling of human ingenuity can happen not just one young person at a time, but tens of thousands of young people at a time.
Provided, that is, that we continue to ensure that people have the freedom to access and benefit from AI – which is no longer as certain as it once was, now that America is competing with a People’s Republic of China (PRC) determined to overtake us as the global leader on AI by 2030.
The PRC has a number of strategic advantages, including:
As an authoritarian state, its ability to quickly marshal resources – data, energy, technical talent and the enormous sums needed to build out its own domestic chip development capacity.
AI IS RESHAPING BUSINESS. THIS IS HOW WE STAY AHEAD OF CHINA
Its preexisting Belt and Road initiative. As with Huawei, the PRC will scale the adoption of PRC-based AI systems like DeepSeek’s by coercing countries needing AI tools and nation-building infrastructure funds.
Its ability to benefit from regulatory arbitrage being created by individual American states seeking to pass their own industry-wide laws, some of which are modeled on the European Union’s regulation of AI. These laws are easier to enforce upon domestic AI companies than PRC-based companies and could impose burdensome compliance requirements that undermine our economic competitiveness and our national security. They also may weaken the quality and kinds of training data available to American entrepreneurs.
Its ability to benefit from copyright arbitrage being created by democratic nations that don’t clearly protect AI training by statute, like the U.S., or that reduce the amount of training data through an opt-out regime for copyright holders, like the EU. The PRC is unlikely to respect the IP regimes of any such nations for the training of its AI systems, but likely already has access to all the same data, putting American AI labs at a disadvantage and offering little protection for the original IP creators.
AI SHOULDN'T DECIDE WHO DIES. IT'S NEITHER HUMAN NOR HUMANE
This is why OpenAI welcomes the chance to submit policy proposals to a Trump administration that’s moving fast to secure our nation’s lead on AI and in so doing, help secure a more prosperous future for all Americans and especially young Americans. They include:
A regulatory strategy that ensures the freedom to innovate: For innovation to truly create new freedoms, America’s builders, developers and entrepreneurs – our nation’s greatest competitive advantage – must first have the freedom to innovate in the national interest. We propose a holistic approach that enables voluntary partnership between the federal government and the private sector, and neutralizes potential PRC benefit from American AI companies having to comply with overly burdensome state laws.
A copyright strategy that promotes the freedom to learn: America’s robust, balanced intellectual property system has long been key to our global leadership on innovation. We propose a copyright strategy that would extend the system’s role into the Intelligence Age by protecting the rights and interests of content creators while also protecting America’s AI leadership and national security. The U.S. government can secure Americans’ freedom to learn from AI, and avoid forfeiting our lead to the PRC, by preserving American AI models’ ability to learn from copyrighted material.
CLICK HERE FOR MORE FOX NEWS OPINION
An ambitious government adoption strategy: Advancing democratic AI around the world starts with ensuring that the U.S. government itself sets an example of governments using AI to keep their people safe, prosperous and free. With the PRC progressing toward ambitious targets for AI adoption across its public administration, security and military, the U.S. government should modernize its processes to safely deploy frontier AI tools at the pace of the private sector and with the efficiency Americans deserve.
OpenAI believes in America because America believes in innovation. This country always succeeds and prevails when it bets on the ingenuity of its people, and putting AI in the hands of our young people is the best possible way to scale their ingenuity.",Fox News
https://www.foxnews.com/entertainment/scarlett-johansson-warns-ai-dangers-says-theres-no-boundary-here,2025-03-12,"Scarlett Johansson warns of AI dangers, says 'there's no boundary here'","Scarlett Johansson has taken a vocal stand on artificial intelligence, after having her likeness and voice used without permission.
Last year, Johansson said she had been asked to voice OpenAI’s Chatbot by CEO Sam Altman, but turned down the job, only for people to notice that the feature, named ""Sky,"" sounded almost exactly like the actress.
""Particularly with the A.I. piece. It was like: If that can happen to me, how are we going to protect ourselves from this? There’s no boundary here; we're setting ourselves up to be taken advantage of,"" the 40-year-old told InStyle Magazine earlier this month.
In a statement to NPR following the release of ""Sky,"" Johansson said, ""When I heard the released demo, I was shocked, angered and in disbelief that Mr. Altman would pursue a voice that sounded so eerily similar to mine that my closest friends and news outlets could not tell the difference. Mr. Altman even insinuated that the similarity was intentional, tweeting a single word ‘her’ - a reference to the film in which I voiced a chat system, Samantha, who forms an intimate relationship with a human.""
The ""Black Widow"" star’s legal team sent OpenAI letters asking it to explain how the AI assistant’s voice came to be, and the company later agreed to take down ""Sky.""
Altman later issued a statement to FOX Business regarding ""Sky's"" voice.
""There’s no boundary here; we're setting ourselves up to be taken advantage of.""
""The voice of Sky is not Scarlett Johansson's, and it was never intended to resemble hers. We cast the voice actor behind Sky’s voice before any outreach to Ms. Johansson. Out of respect for Ms. Johansson, we have paused using Sky’s voice in our products. We are sorry to Ms. Johansson that we didn’t communicate better,"" the statement said.
Speaking with InStyle, Johansson said she’s become a reluctant voice in the AI conversation but won’t back down either.
WHAT IS ARTIFICIAL INTELLIGENCE (AI)?
""I don't need to be beating the drum the whole time. That’s not my place. But, also, I'm not afraid of being invalidated,"" she said.
Johansson added that after a Hollywood career that began as a child, she’s not shy about speaking up for herself.
""But now I see that actually I built something that… that I have a place here. And because of that, I've been able to stand up for myself and not feel like I would disappear. I can shoulder it.""
""The Avengers"" star also took legal action in 2023 against an AI image-generating app called Lisa AI: 90s Yearbook & Avatar for using her voice and likeness in an ad posted on X.
CLICK HERE TO SIGN UP FOR THE ENTERTAINMENT NEWSLETTER
Johansson’s attorney told the outlet, ""We do not take these things lightly. Per our usual course of action in these circumstances, we will deal with it with all legal remedies that we will have.""
The ""Marriage Story"" star is just one of many in Hollywood who are taking action when it comes to their likeness being used by AI.
""Family Feud"" host Steve Harvey has taken the step of partnering with a company, Vermillio, an AI licensing and protection platform, to protect fans from potential fraud and scams.
""In today’s digital age, keeping up with the scammers using my likeness across all of the platforms is an impossible task,"" Harvey said in a statement to Fox News Digital. ""My primary concern is to make sure my fans don’t fall victim to these schemes. Partnering with Vermillio gives me the tools to both protect my personal brand and more importantly, my fans while embracing the future of AI the right way – with consent and control.""
LIKE WHAT YOU’RE READING? CLICK HERE FOR MORE ENTERTAINMENT NEWS
""Steve Harvey’s partnership with Vermillio reflects a powerful vision for the future of talent and AI,"" Dan Neely, Co-Founder & CEO of Vermillio, said. ""With TraceID, Steve is not only protecting his own legacy but also the wellbeing of his many fans. He’s leading the way in showing how the most beloved public figures can responsibly engage with AI.""
Vermillio monitors internet and generative AI models for misuse of Harvey’s name, image, and likeness, and can automatically remove unauthorized content to hopefully limit the impact of scams.
Celine Dion is another star who had to recently speak out to warn fans about unauthorized AI-generated music.
In a post on Instagram last week, a statement from Dion and her team read, ""It has come to our attention that unsanctioned, AI-generated music purporting to contain Celine Dion’s musical performances, and name and likeness, is currently circulating online and across various Digital Service Providers.""
CLICK HERE TO GET THE FOX NEWS APP
It continued, ""Please be advised that these recordings are fake and not approved, and are not songs from her official discography.""",Fox News
https://www.foxnews.com/media/ai-digital-twins-warping-political-reality-deepfake-victims-few-options-legal-action,2025-03-12,"AI ‘digital twins’ are warping political reality, leaving deepfake victims with few options for legal action","Artificial intelligence (AI) is producing hyperrealistic ""digital twins"" of politicians, celebrities, pornographic material, and more – leaving victims of deepfake technology struggling to determine legal recourse.
Former CIA agent and cybersecurity expert Dr. Eric Cole told Fox News Digital that poor online privacy practices and people's willingness to post their information publicly on social media leaves them susceptible to AI deepfakes.
""The cat's already out of the bag,"" he said.
""They have our pictures, they know our kids, they know our family. They know where we live. And now, with AI, they're able to take all that data about who we are, what we look like, what we do, and how we act, and basically be able to create a digital twin,"" Cole continued.
KEEP THESE TIPS IN MIND TO AVOID BEING DUPED BY AI-GENERATED DEEPFAKES
That digital twin, he claimed, is so good that it is hard to tell the difference between the artificial version and the real person the deepfake is based on.
Last month, a fraudulent audio clip circulated of Donald Trump Jr. suggesting that the U.S. should have sent military equipment to Russia instead of Ukraine.
The post was widely discussed on social media and appeared to be a clip from an episode of the podcast ""Triggered with Donald Trump Jr.""
Experts in digital analysis later confirmed that the recording of Trump Jr.'s voice was created using AI, noting that the technology has become more ""proficient and sophisticated.""
FactPostNews, an official account of the Democratic Party, posted the audio as if it was authentic. The account later deleted the recording. Another account, Republicans against Trump, also posted the clip.
In the last several years, numerous examples of AI deepfakes have been used to mislead viewers engaging with political content. A 2022 video showed what appeared to be Ukrainian President Volodymyr Zelenskyy surrendering to Russia – but the fake clip was poorly made and only briefly spread online.
Manipulated videos of President Donald Trump and former President Joe Biden later appeared in the run-up to the 2024 U.S. Presidential Election. Based on existing videos, these clips often altered Trump and Biden's words or behaviors.
AI-GENERATED PORN, INCLUDING CELEBRITY FAKE NUDES, PERSIST ON ETSY AS DEEPFAKE LAWS ‘LAG BEHIND’
AI-generated images, known as ""deepfakes,"" often involve editing videos or photos of people to make them look like someone else by using AI. Deepfakes hit the public's radar in 2017 after a Reddit user posted realistic-looking pornography of celebrities to the platform, opening the floodgates to users employing AI to make images look more convincing and resulting in them being more widely shared in the following years.
Cole told Fox News Digital that people are their ""own worst enemy"" regarding AI deepfakes, and limiting online exposure may be the best way to avoid becoming a victim.
However, in politics and media, where ""visibility is key,"" public figures become a prime target for nefarious AI use. A threat actor interested in replicating President Trump will have plenty of fodder to create a digital twin, siphoning data of the U.S. leader in different settings.
CONGRESS MUST STOP A NEW AI TOOL USED TO EXPLOIT CHILDREN
""The more video I can get on, how he walks, how he talks, how he behaves, I can feed that into the AI model and I can make deepfake that is as realistic as President Trump. And that's where things get really, really scary,"" Cole added.
In addition to taking on the personal responsibility of quartering off personal data online, Cole said legislation may be another method to curtail the improper use of AI.
Sens. Ted Cruz, R-Texas, and Amy Klobuchar, D-Minn., recently introduced the Take it Down Act, which would make it a federal crime to publish, or threaten to publish, nonconsensual intimate imagery, including ""digital forgeries"" crafted by artificial intelligence. The bill unanimously passed the Senate earlier in 2025, with Cruz saying in early March he believes it will be passed by the House before becoming law.
The proposed legislation would require penalties of up to three years in prison for sharing nonconsensual intimate images — authentic or AI-generated — involving minors and two years in prison for those images involving adults. It also would require penalties of up to two and a half years in prison for threat offenses involving minors, and one and a half years in prison for threats involving adults.
The bill would also require social media companies such as Snapchat, TikTok, Instagram and similar platforms to put procedures in place to remove such content within 48 hours of notice from the victim.
HIGH SCHOOL STUDENTS, PARENTS WARNED ABOUT DEEPFAKE NUDE PHOTO THREAT
First lady Melania Trump spoke on Capitol Hill earlier this month for the first time since returning to the White House, participating in a roundtable with lawmakers and victims of revenge porn and AI-generated deepfakes.
""I am here with you today with a common goal — to protect our youth from online harm,"" Melania Trump said on March 3. ""The widespread presence of abusive behavior in the digital domain affects the daily lives of our children, families and communities.""
Andy LoCascio, the co-founder and architect of Eternos.Life (credited with building the first digital twin), said that while the ""Take it Down"" act is a ""no-brainer,"" it is completely unrealistic to assume it will be effective. He notes that much of the AI deepfake industry is being served from locations not subject to U.S. law, and the legislation would likely only impact a tiny fraction of offending websites.
He also noted that the text-to-speech cloning technology can now create ""perfect fakes."" While most major providers have significant controls in place to prevent the creation of fakes, LoCascio told Fox News Digital that some commercial providers are easily fooled.
Furthermore, LoCascio said anyone with access to a reasonably powerful graphical processor unit (GPU) could build their own voice models capable of supporting ""clones."" Some available services require less than 60 seconds of audio to produce this. That clip can then be edited with basic software to make it even more convincing.
DEMOCRAT SENATOR TARGETED BY DEEPFAKE IMPERSONATOR OF UKRAINIAN OFFICIAL ON ZOOM CALL: REPORTS
""The paradigm regarding the realism of audio and video has shifted. Now, everyone must assume that what they are seeing and hearing is fake until proven to be authentic,"" he told Fox News Digital.
While there is little criminal guidance regarding AI deepfakes, attorney Danny Karon says alleged victims can still pursue civil claims and be awarded money damages.
In his forthcoming book ""Your Lovable Lawyer's Guide to Legal Wellness: Fighting Back Against a World That's Out to Cheat You,"" Karon notes that AI deepfakes fall under traditional defamation law, specifically libel, which involves spreading a false statement via literature (writing, pictures, audio, and video).
To prove defamation, a plaintiff must provide evidence and arguments on specific elements that meet the legal definition of defamation according to state law. Many states have similar standards for proving defamation.
For example, under Virginia law, as was the case in the Depp v. Heard trial, actor Johnny Depp's team had to satisfy the following elements that constitute defamation:
- The defendant made or published the statement
- The statement was about the plaintiff
- The statement had a defamatory implication for the plaintiff
- The defamatory implication was designed and intended by the defendant
- Due to circumstances surrounding publication, it could incubate a defamatory implication to someone who saw it
""You can't conclude that something is defamation until you know what the law and defamation is. Amber Heard, for instance, didn't, which is why she didn't think she was doing anything wrong. Turns out she was. She stepped in crap and she paid all this money. This is the analysis people need to go through to avoid getting into trouble as it concerns deepfakes or saying stuff online,"" Karon said.
Karon told Fox News Digital that AI deepfake claims can also be channeled through invasion of privacy law, trespass law, civil stalking, and the right to publicity.
FEDERAL JUDGE BLOCKS CALIFORNIA LAW BANNING ELECTION DEEPFAKES
""If Tom Hanks had his voice co-opted recently to promote a dental plan, that is an example of a company exploiting someone's name, image, and likeness, and in that case voice, to sell a product, to promote or to derive publicity from somebody else. You can't do that,"" he said.
Unfortunately, issues can arise if a plaintiff is unable to determine who created the deepfake or if the perpetrator is located in another country. In this context, someone looking to pursue a defamation case may have to hire a web expert to find the source of the content.
If the individual or entity is international, this becomes a venue issue. Even if a person is found, a plaintiff must determine the answer to these questions:
- Can the individual be served?
- Will the foreign nation help to facilitate this?
- Will the defendant show up to the trial?
- Does the plaintiff have a reasonable likelihood of collecting money?
If the answer to some of these questions is no, investing the time and finances required to pursue this claim may not be worth it.
""Our rights are only as effective as our ability to enforce them, like a patent. People say, 'I have a patent, so I'm protected.' No, you're not. A patent is only as worthwhile as you're able to enforce it. And if you have some huge company who knocks you off, you're never going to win against them,"" Karon said.
CLICK HERE TO GET THE FOX NEWS APP
Fox News' Brooke Singman and Emma Colton contributed to this report.",Fox News
https://www.foxnews.com/tech/ai-dashcams-enhance-trucker-safety-while-raising-privacy-concerns,2025-03-14,AI dashcams enhance trucker safety while raising privacy concerns,"The trucking industry is in the midst of a technological revolution, thanks to the arrival of artificial intelligence-powered dashcams.
These innovative devices promise to make roads safer and operations more efficient, but they also raise some important questions about privacy.
For truck drivers, other motorists and even pedestrians, there are valid concerns about how this technology might affect their personal space and data security.
The promise of AI dashcams
AI dashcams are transforming road safety and fleet management through advanced computer vision technology. These smart devices, equipped with both inward- and outward-facing cameras, can detect a wide range of unsafe driving behaviors.
The outward-facing cameras are capable of detecting rolling stops, unsafe lane changes and potential collisions, while the inward-facing cameras monitor driver drowsiness, distraction, seatbelt violations and smoking. The accuracy of these systems is impressive, with detection rates ranging from 88% to 99.5% and false positives as low as 0.5% to 12%.
WHAT IS ARTIFICIAL INTELLIGENCE (AI)?
FusionSite Services, a waste management provider, installed Motive's AI dashcam system across their 800-unit fleet, resulting in a significant reduction in accidents and unsafe behaviors. Specifically, it saw an 89% decrease in accidents and a 92% decrease in unsafe behaviors, highlighting the tangible impact of this technology on safety.
BIG RIGS DELIVER CARGO WITH NO HUMANS AT THE WHEEL
Privacy concerns
Despite the safety benefits, the installation of AI dashcams raises significant privacy issues. Many truck drivers view their vehicles as second homes, especially long-haul drivers who spend extended periods on the road. The constant presence of cameras in their workspace raises concerns about perceived invasion of privacy in personal space, fear of constant surveillance and micromanagement and worries about data security and potential misuse of collected information.
The use of outward-facing cameras also affects the privacy of other road users because they may record private citizens without consent. There is a risk of data breaches exposing personal information or location data and concerns about how footage might be used or shared. These concerns underscore the need for careful consideration of privacy rights when deploying such technology.
To address some of these privacy concerns, Motive has implemented features such as Driver Privacy Mode, which allows drivers to disable the driver-facing camera while off duty. Additionally, Motive's AI dashcam system includes privacy controls and the option to activate Driver Privacy Mode for individual drivers, groups or entire fleets. Motive's AI dash cam also incorporates blurring technology to protect the privacy of individuals captured in the footage, further addressing concerns about recording private citizens without consent.
GET FOX BUSINESS ON THE GO BY CLICKING HERE
THE FUTURE OF TRUCKING ROLLS FORWARD IN SHELL'S EXPERIMENTAL BIG RIG
Legal and ethical considerations
The implementation of AI dashcams must navigate a complex landscape of legal and ethical considerations. In some jurisdictions, like California, the use of such cameras is not considered a violation of state laws. However, in Illinois, a lawsuit has been filed against Samsara, alleging violations of the Biometric Information Privacy Act (BIPA) for capturing and storing drivers' facial scans without proper consent. This highlights the importance of understanding and complying with local regulations when using AI dashcams.
MALWARE STEALS BANK CARDS AND PASSWORDS FROM MILLIONS OF DEVICES
TESLA’S ELECTRIC SEMI-TRUCK TAKES ON A DIESEL BIG RIG
Balancing safety and privacy
To address privacy concerns while maintaining safety benefits, companies should develop clear policies on camera usage and data access. Cameras should only record during specific events rather than continuously, and robust data security measures must be established to prevent breaches and misuse.
Providing comprehensive training to drivers on the purpose and benefits of the technology is also crucial. Open communication and trust between management and drivers are essential for fostering a positive environment where both safety and privacy are respected.
As reported by The Trucker, an authority on all things in the trucking and freight industry, ""Truck drivers are not much different than the rest of us in our desire to adapt to technological advances. At first, they don't want to, and some may go as far as getting out of the business. Eventually, like many of us, once we do adapt to the changing landscape, it soon becomes second nature. However, a driver-facing camera may be too much of an invasion of personal privacy.""
SUBSCRIBE TO KURT’S YOUTUBE CHANNEL FOR QUICK VIDEO TIPS ON HOW TO WORK ALL OF YOUR TECH DEVICES
Kurt's key takeaways
AI dashcams represent a significant advancement in road safety technology, offering tangible benefits in reducing accidents and improving driver behavior. However, the implementation of these systems must be carefully balanced against privacy concerns. As the technology continues to evolve, it is crucial for companies, policymakers and drivers to work together to establish guidelines that protect individual privacy while harnessing the safety potential of AI dashcams. The future of trucking safety lies in finding this delicate balance between technological innovation and personal privacy rights.
CLICK HERE TO GET THE FOX NEWS APP
What are your thoughts on the balance between safety and privacy when it comes to using AI dashcams in trucking? Let us know by writing us at Cyberguy.com/Contact
For more of my tech tips and security alerts, subscribe to my free CyberGuy Report Newsletter by heading to Cyberguy.com/Newsletter
Ask Kurt a question or let us know what stories you'd like us to cover
Follow Kurt on his social channels
Answers to the most asked CyberGuy questions:
- What is the best way to protect your Mac, Windows, iPhone and Android devices from getting hacked?
- What is the best way to stay private, secure and anonymous while browsing the web?
- How can I get rid of robocalls with apps and data removal services?
- How do I remove my private data from the internet?
New from Kurt:
- Try CyberGuy's new games (crosswords, word searches, trivia and more!)
- CyberGuy’s Exclusive Coupons and Deals
Copyright 2025 CyberGuy.com. All rights reserved.",Fox News
https://abcnews.go.com/Technology/wireStory/ai-nurses-staffing-solution-hospitals-threat-quality-care-119847998,2025-03-16,AI nurses: Staffing solution for hospitals or a threat to quality care?,"AI nurses: Staffing solution for hospitals or a threat to quality care?
The next time you get a call about an upcoming medical appointment you may not be talking to a human
The next time you’re due for a medical exam you may get a call from someone like Ana: a friendly voice that can help you prepare for your appointment and answer any pressing questions you might have.
With her calm, warm demeanor, Ana has been trained to put patients at ease — like many nurses across the U.S. But unlike them, she is also available to chat 24-7, in multiple languages, from Hindi to Haitian Creole.
That’s because Ana isn’t human, but an artificial intelligence program created by Hippocratic AI, one of a number of new companies offering ways to automate time-consuming tasks usually performed by nurses and medical assistants.
It’s the most visible sign of AI’s inroads into health care, where hundreds of hospitals are using increasingly sophisticated computer programs to monitor patients' vital signs, flag emergency situations and trigger step-by-step action plans for care — jobs that were all previously handled by nurses and other health professionals.
Hospitals say AI is helping their nurses work more efficiently while addressing burnout and understaffing. But nursing unions argue that this poorly understood technology is overriding nurses' expertise and degrading the quality of care patients receive.
“Hospitals have been waiting for the moment when they have something that appears to have enough legitimacy to replace nurses,” said Michelle Mahon of National Nurses United. “The entire ecosystem is designed to automate, de-skill and ultimately replace caregivers.”
Mahon’s group, the largest nursing union in the U.S., has helped organize more than 20 demonstrations at hospitals across the country, pushing for the right to have say in how AI can be used — and protection from discipline if they decide to disregard automated advice. The group raised new alarms in January when Robert F. Kennedy Jr., the incoming health secretary, suggested AI nurses “as good as any doctor” could help deliver care in rural areas. On Friday, Dr. Mehmet Oz, who’s been nominated to oversee Medicare and Medicaid, said he believes AI can “liberate doctors and nurses from all the paperwork.”
Hippocratic AI initially promoted a rate of $9 an hour for its AI assistants, compared with about $40 an hour for a registered nurse. It has since dropped that language, instead touting its services and seeking to assure customers that they have been carefully tested. The company did not grant requests for an interview.
Hospitals have been experimenting for years with technology designed to improve care and streamline costs, including sensors, microphones and motion-sensing cameras. Now that data is being linked with electronic medical records and analyzed in an effort to predict medical problems and direct nurses' care — sometimes before they've evaluated the patient themselves.
Adam Hart was working in the emergency room at Dignity Health in Henderson, Nevada, when the hospital's computer system flagged a newly arrived patient for sepsis, a life-threatening reaction to infection. Under the hospital's protocol, he was supposed to immediately administer a large dose of IV fluids. But after further examination, Hart determined that he was treating a dialysis patient, or someone with kidney failure. Such patients have to be carefully managed to avoid overloading their kidneys with fluid.
Hart raised his concern with the supervising nurse but was told to just follow the standard protocol. Only after a nearby physician intervened did the patient instead begin to receive a slow infusion of IV fluids.
“You need to keep your thinking cap on— that’s why you’re being paid as a nurse,” Hart said. “Turning over our thought processes to these devices is reckless and dangerous.”
Hart and other nurses say they understand the goal of AI: to make it easier for nurses to monitor multiple patients and quickly respond to problems. But the reality is often a barrage of false alarms, sometimes erroneously flagging basic bodily functions — such as a patient having a bowel movement — as an emergency.
“You’re trying to focus on your work but then you’re getting all these distracting alerts that may or may not mean something,” said Melissa Beebe, a cancer nurse at UC Davis Medical Center in Sacramento. “It’s hard to even tell when it’s accurate and when it’s not because there are so many false alarms.”
Even the most sophisticated technology will miss will miss signs that nurses routinely pick up on, such as facial expressions and odors, notes Michelle Collins, dean of Loyola University’s College of Nursing. But people aren't perfect either.
“It would be foolish to turn our back on this completely,” Collins said. “We should embrace what it can do to augment our care, but we should also be careful it doesn’t replace the human element.”
More than 100,000 nurses left the workforce during the COVID-19 pandemic, according to one estimate, the biggest staffing drop in 40 years. As the U.S. population ages and nurses retire, the U.S. government estimates there will be more than 190,000 new openings for nurses every year through 2032.
Faced with this trend, hospital administrators see AI filling a vital role: not taking over care, but helping nurses and doctors gather information and communicate with patients.
At the University of Arkansas Medical Sciences in Little Rock, staffers need to make hundreds of calls every week to prepare patients for surgery. Nurses confirm information about prescriptions, heart conditions and other issues — like sleep apnea — that must be carefully reviewed before anesthesia.
The problem: many patients only answer their phones in the evening, usually between dinner and their children’s bedtime.
“So what we need to do is find a way to call several hundred people in a 120-minute window -- but I really don’t want to pay my staff overtime to do so,” said Dr. Joseph Sanford, who oversees the center’s health IT.
Since January, the hospital has used an AI assistant from Qventus to contact patients and health providers, send and receive medical records and summarize their contents for human staffers. Qventus says 115 hospitals are using its technology, which aims to boost hospital earnings through quicker surgical turnarounds, fewer cancellations and reduced burnout.
Each call begins with the program identifying itself as an AI assistant.
“We always want to be fully transparent with our patients that sometimes they are talking to a human and sometimes they’re not,” Sanford said.
While companies like Qventus are providing an administrative service, other AI developers see a bigger role for their technology.
Israeli startup Xoltar specializes in humanlike avatars that conduct video calls with patients. The company is working with the Mayo Clinic on an AI assistant that teaches patients cognitive techniques for managing chronic pain. The company is also developing an avatar to help smokers quit. In early testing, patients have spent about 14 minutes talking to the program, which can pickup on facial expressions, body language and other cues, according to Xoltar.
Nursing experts who study AI say such programs may work for people who are relatively healthy and proactive about their care. But that’s not most people in the health system.
“It’s the very sick who are taking up the bulk of health care in the U.S. and whether or not chatbots are positioned for those folks is something we really have to consider,” said Roschelle Fritz of the University of California Davis School of Nursing.
___
The Associated Press Health and Science Department receives support from the Howard Hughes Medical Institute’s Science and Educational Media Group and the Robert Wood Johnson Foundation. The AP is solely responsible for all content.",ABC News
https://abcnews.go.com/Technology/wireStory/arizona-supreme-court-taps-ai-avatars-make-judicial-119898109,2025-03-18,Arizona Supreme Court taps AI avatars to make the judicial system more publicly accessible,"Arizona Supreme Court taps AI avatars to make the judicial system more publicly accessible
Arizona highest court has created a pair of AI-generated avatars to deliver news of all rulings issued by the justices
PHOENIX -- Arizona's highest court has created a pair of AI-generated avatars to deliver news of every ruling issued by the justices, marking what is believed to be the first example in the U.S. of a state court system tapping artificial intelligence to build more human-like characters to connect with the public.
A court in Florida uses an animated chatbot to help visitors navigate its website, but the Arizona Supreme Court is charting new territory with the creation of Victoria and Daniel. Made of pixels, the two avatars have a different job in that they serve as the face of news coming from the court just as a spokesperson made of flesh and blood would do — but faster.
The use of AI has touched nearly every profession and discipline, growing exponentially in recent years and showing infinite potential when it comes to things as simple as internet searches or as complex as brain surgery. For officials with the Arizona Supreme Court, their venture into AI is rooted in a desire to promote trust and confidence in the judicial system.
There was a protest outside the state Capitol last April and calls for two justices to be booted after the Arizona Supreme Court ruled that a Civil War-era law that banned nearly all abortions, except when a woman’s life is in jeopardy, could be enforced. Emotions flared on both sides of the issue.
When Chief Justice Ann Timmer took over the court last summer, she made public trust a key pillar of her platform. She had already been thinking about ways to reach out to the public using digital media for a few years, and the abortion ruling, among other rulings, helped her to solidify the idea that the court needs to be part of the narrative as people learn about opinions and what they mean.
“We serve the public better by saying, OK, we’ve issued this decision,"" she said. ""Now, let us help you understand what it is.”
Timmer told The Associated Press earlier this year that if the court had to do the abortion ruling over again, it would have approached the dissemination of information differently. In a Wednesday interview, she said that a news release and avatar video could have helped the public better understand the legal underpinnings of the lengthy decision — possibly including what it didn't do, which she said some misunderstood.
“We got a lot of backlash for it and probably deservedly so, in terms of how can we complain that people don’t understand what we did when we didn’t really do enough to give a simplified version,"" she said in the January interview, explaining that people want to know the basis for the court’s decisions and what they can do, such as lobbying state lawmakers for whatever changes in law would support their positions.
Democratic Gov. Katie Hobbs signed a repeal of the ban last May, and in November, Arizona voters approved a constitutional amendment expanding abortion access up to the point of fetal viability.
Created with a program called Creatify, Daniel and Victoria in a way bring to life the court's news releases. Videos featuring one or the other are being posted for every ruling by the high court, and may be used for Access to Justice projects, community programs and civics information in the future.
The court has been sending out releases since October to summarize and explain rulings. After seeing success with the releases, it began exploring options to convey that information through video.
The AI-generated avatars were the most efficient way to produce videos and get the information out, said court spokesperson Alberto Rodriguez. Producing a video usually can take hours, he said, but an AI-generated video is ready in about 30 minutes. The court might introduce more AI-generated reporters in the future, Rodriguez said in a news release.
The justice who authors the legal opinion also drafts a news release, the wording of which must be approved by the entire bench. The justice then works with the court's communications team to craft a script for the avatars — the avatars aren't interpreting original court decisions or opinions, Rodriguez said.
Daniel and Victoria's names and physical appearances were designed to represent a wide cross-section of people, Rodriguez said. He said they aren’t meant to come off as real people and the court emphasizes their AI origins with disclaimers. The court is exploring different emotional deliveries, cadences and pronunciations as well as Spanish translations for the avatars, Rodriguez said.
Mason Kortz, a clinical instructor at the Harvard Law School's Cyberlaw Clinic at the Berkman Klein Center for Internet & Society, described the court's new cyber employees as ""quite realistic."" While their voices might give them away, he said some people could be fooled into thinking that Daniel and Victoria are real reporters if viewers are only reading the subtitles and looking at the characters' movements and facial expressions.
Kortz also said it would be better for the language of the disclaimer that is in the videos' text description to be featured more prominently.
“You want to make it as hard as possible for someone to advertently or inadvertently remove the disclaimer,” he said.
Asheley Landrum, associate professor at the Walter Cronkite School of Journalism and Mass Communication at Arizona State University, said the avatars feel robotic. She said a format that mimics real dialogue and storytelling might be more engaging than an AI reading of a news release.
“Because it’s not just about using AI or even creating videos,” she said, “but about doing so in a way that really resonates with audiences.”
Still, it's fine line. She said engaging characteristics can help to build trust over time but the danger is that content could appear biased.",ABC News
https://www.foxnews.com/politics/vance-knocks-globalizations-cheap-labor-lauds-americas-great-industrial-comeback-ai-summit,2025-03-18,Vance knocks globalization's 'cheap labor' and lauds 'America's great industrial comeback' at AI summit,"WASHINGTON — Vice President JD Vance knocked recent globalization efforts that use ""cheap labor as a crutch"" while simultaneously hampering innovation on the global scale during a Tuesday tech and artificial intelligence speech.
""Our workers, the populists, on the one hand, the tech optimists on the other, have been failed by this government,"" he said. ""Not just the government of the last administration, but the government in some ways of the last 40 years, because there were two conceits that our leadership class had when it came to globalization.""
Vance explained that recent globalization efforts falsely assumed that world leaders could ""separate the making of things from the design of things,"" citing the belief was that poorer nations would create goods such as cellphones, while wealthier nations would move ""further up the value change.""
""Now, we assume that other nations will always trail us in the value chain, but it turns out that as they got better at the low end of the value chain, they also started catching up on the higher end. We were squeezed from both ends. Now, that was the first conceit of globalization,"" he said.
'DEREGULATORY FLAVOR': JD VANCE LAYS OUT VISION IN PARIS FOR THE FUTURE OF AI UNDER TRUMP
Vance said the efforts have led to an addiction to cheap labor that has halted innovation.
""Cheap labor is fundamentally a crutch, and it's a crutch that inhibits innovation,"" he said. ""I might even say that it's a drug that too many American firms got addicted to. Now, if you can make a product more cheaply, it's far too easy to do that rather than to innovate. And whether we were offshoring factories to cheap labor economies or importing cheap labor through our immigration system, cheap labor became the drug of Western economies.
""And I'd say that if you look in nearly every country, from Canada to the UK that imported large amounts of cheap labor, you've seen productivity stagnate,"" he said. ""And I don't think that's that's not a total happenstance. I think that the connection is very direct.""
Vance argued that ""innovation is key to winning the worldwide manufacturing competition, to giving our workers a fair deal and to reclaiming our heritage via America's great industrial comeback.""
The American Dynamism Summit is an annual tech summit hosted by venture capital firm Andreessen Horowitz. The event, which is in its third year, acts as a bridge between California's Silicon Valley and Washington, D.C.
Vance headlined the event at the Waldorf Astoria and was joined by other notable speakers during the summit, such as Interior Secretary Doug Burgum, General Bryan P. Fenton, who serves as U.S. Special Operations Command commander, and Democratic New York Rep. Ritchie Torres.
AMERICAN AI FREEDOM STILL UNDER THREAT FROM BIDEN’S LEFTOVER DIRECTIVES
Vance also spoke out against industry and world leaders who are championing strict regulations on AI due to concerns over the tech, saying their worries are based ""on a faulty premise.""
""This idea that tech-forward people and the populists are somehow inevitably going to come to a loggerheads is wrong,"" he said. ""I think the reality is that in any dynamic society, technology is going to advance.""
The vice president compared the rise of AI to the proliferation of ATMs in the 1970s, which sparked concern that bank tellers would be obliterated, similarly to how some workers are concerned AI could push them out of their jobs.
""I think there's too much fear that AI will simply replace jobs rather than augmenting so many of the things that we do now,"" he said. ""In the 1970s, if you go back a little ways, many feared that the automated teller machine, what we call the ATM, would replace bank tellers. In reality, the advent of the ATM made bank tellers more productive, and you have more people today working in customer service in the financial sector than you had when the ATM was created.""
ELON MUSK AND TECH LEADER SAM ALTMAN GET INTO WAR OF WORDS OVER AI INFRASTRUCTURE PROJECT
""Now they're doing slightly different jobs, of course. Yes, they're doing more interesting tasks also,"" he continued. ""And importantly, they're making more money than they were in the 1970s.""
Vance attended a separate tech summit in February in Paris, called the AI Action Summit, where he railed against Europe's ""trepidation"" of artificial intelligence, and regulation of it as hampering the future of innovation and jobs.
""Now, at this moment, we face the extraordinary prospect of a new industrial revolution, one on par with the invention of the steam engine or Bessemer steel,"" he said in the Paris speech. ""But it will never come to pass if overregulation deters innovators from taking the risks necessary to advance the ball, nor will it occur if we allow AI to become dominated by massive players looking to use the tech to censor or control users' thoughts.
""And as AI creates new jobs and industries, our government, businesses and labor organizations have an obligation to work together to empower the workers not just of the United States but … all over the world,"" he added. ""To that end, for all major AI policy decisions coming from the federal government, the Trump Administration will guarantee American workers a seat at the table, and we're very proud of that.""
President Donald Trump announced a massive artificial intelligence infrastructure plan on his second day in office in January, explaining that tech firms Softbank, OpenAI and Oracle joined forces for a project called Stargate, which is working to build U.S.-based data centers to power artificial intelligence. There was an initial $100 billion investment in the project, with plans to expand to $500 billion across the next four years.
Trump additionally signed an executive order on his third day in office called, ""Removing Barriers to American Leadership in Artificial Intelligence."" The executive order rescinded previous Biden-era AI policies that Trump said ""established unnecessarily burdensome requirements for companies developing and deploying AI"" that handcuffed the private sector.
SECURING THE AI FUTURE: HOW PRESIDENT TRUMP'S ACTION PLAN CAN POSITION AMERICA FOR SUCCESS
""American development of AI systems must be free from ideological bias or engineered social agendas,"" the White House said of the executive order. ""With the right government policies, the United States can solidify its position as the leader in AI and secure a brighter future for all Americans.""
Fox News Digital's Diana Stancy contributed to this report.",Fox News
https://www.foxnews.com/politics/conservatives-warn-red-state-data-center-bill-derail-trumps-vision-energy-golden-age,2025-03-17,'Bad idea': Conservatives warn red state data center bill will derail Trump's vision of energy 'golden age',"Conservatives on social media and in the public square are increasingly speaking out about a bill being mulled in the Texas legislature they say threatens President Donald Trump’s goal of ushering in a ""golden age"" of American energy and AI dominance.
Some conservatives are rebelling over a proposal in the Texas Senate that will give the state broad authority to control new data centers in the state. SB6, or ""the data center bill,"" caused an online ruckus recently, with conservative opposition to the bill gaining momentum, arguing that the bill, should it pass, will impose a major roadblock to the Trump administration’s ""Golden Age"" of American energy production.
Texas, long believed to be an ideal location for the AI fueling data centers, is a major location for President Trump’s multibillion-dollar Stargate plan and is considered a finalist for numerous other multibillion-dollar projects and investments over the next decade.
Provisions in SB6, however, issue regulations giving the state broad authority to control both the data centers’ use and cost measures that could eat into data center producer margins, which critics say makes the state a far less appealing location for these investments and potentially gives China the upper hand in the race to dominate AI.
SECURING THE AI FUTURE: HOW PRESIDENT TRUMP'S ACTION PLAN CAN POSITION AMERICA FOR SUCCESS
""AI data centers use a LOT of power - and while huge AI firms will be able to brunt these costs, smaller firms will have a harder time building,"" Florida Voice News assistant director Eric Daughtery posted on X. ""Texas Republicans need to think this through. Conservatives should NOT favor disincentivizing competition.""
""President Trump’s quest for AI dominance is about to be derailed by a bill being offered up in the Texas State Senate,"" conservative commentator Grant Stinchfield posted on X. ""SB6 could literally cost Texas the $500 billion Stargate project. I can’t believe I’m telling Texas how bad overregulation actually is!""
""Texas Senate Bill 6 (SB6) is a bad idea. It threatens to challenge President Trump's vision for AI dominance and the need for the US to invest in domestic data centers,"" conservative commentator Ian Miles Cheong posted on X while tagging the state’s Republican Lt. Gov. Dan Patrick. ""If you want China to win and stifle American innovation, this seems like the bill to do it.""
""Every family + business that uses electricity will be impacted by SB6, which was voted out of committee today,"" the Texas Consumer Association posted on X. ""Read our full statement here. Big takeaway: as written, it’s anti-consumer–despite the glitter some are sprinkling around it. We’ll work to fix.""
Vance Ginn, Ph.D., senior fellow at the Pelican Institute for Public Policy, told Fox News Digital that the bill ""expands government control by imposing unnecessary regulations on large energy consumers using more than 75 megawatt hours of electricity, restricting competition and driving up costs.""
""Instead of regulating electricity use and propping up energy sources through tax breaks and subsidies, Texas should focus on getting government out of the way to ensure true energy abundance and a thriving economy,"" Ginn said.
In a statement to Fox News Digital, Patrick said his agenda is in line with President Trump's.
""We have made clear we are in lockstep with the President on his goal to make America number one, and dominate China, on AI, data centers, and cryptocurrency,"" Patrick said. ""Just a few weeks ago we passed SB 21, the Texas Bitcoin Reserve, making us the largest red state in the country to create a Bitcoin reserve in line with the President. No other state can even come close to Texas on these important issues.""
""Texas is the only state with its own power grid. SB 6 will strengthen, expand, and secure our grid to meet the significant growth needed to meet these goals. More data centers are under construction in Texas, including for the President’s Stargate plan, than any state in the country. At the same time, we are investing billions of dollars in our Texas grid to supply the power needed for the homes and businesses in the fastest growing state in the country.""
Patrick, who listed SB6 as one of his top legislative priorities in 2025, previously told Fox News Digital that there is ""no daylight"" between himself and President Trump when it comes to energy and AI projects.
CLICK HERE TO GET THE FOX NEWS APP
""I totally support the president and his Stargate Plan. We are completely aligned in our desire to see Texas and America lead in AI, data centers and crypto,"" Patrick said. ""These industries understand they will have to supply their own power needs and are diligently working toward that goal so costs are not disproportionally shifted onto residential and small businesses customers.""
Supporters of the bill make the case that changes to Texas' power grid are necessary to protect it from vulnerabilities which have been a major concern after a winter storm brought the grid to its knees in 2021, resulting in the deaths of hundreds.
Fox News Digital reached out to the White House for comment.",Fox News
https://www.foxnews.com/entertainment/trump-urged-ben-stiller-paul-mccartney-hundreds-stars-protect-ai-copyright-rules,2025-03-19,"Trump urged by Ben Stiller, Paul McCartney and hundreds of stars to protect AI copyright rules","Ben Stiller, Paul McCartney and Ron Howard were among the over 400 Hollywood stars and industry workers who signed an open letter this week urging President Donald Trump to protect artificial intelligence copyright rules.
""We firmly believe that America’s global AI leadership must not come at the expense of our essential creative industries,"" the letter, addressed to Trump’s Office of Science and Technology Policy and shared by Deadline and Variety, began.
""America’s arts and entertainment industry supports over 2.3M American jobs with over $229Bn in wages annually, while providing the foundation for American democratic influence and soft power abroad. But AI companies are asking to undermine this economic and cultural strength by weakening copyright protections for the films, television series, artworks, writing, music, and voices used to train AI models at the core of multi-billion-dollar corporate valuations.""
The letter was submitted as part of comments on the Trump administration’s U.S. AI Action Plan.
WHAT IS ARTIFICIAL INTELLIGENCE (AI)?
OpenAI and Google recently put forth their own submissions to the Office of Science and Technology asking their respective companies to be able to train their models on copyrighted material.
""The federal government can both secure Americans’ freedom to learn from AI and avoid forfeiting our AI lead to the PRC by preserving American AI models’ ability to learn from copyrighted material,"" OpenAI’s letter states.
Google’s states, ""Balanced copyright rules, such as fair use and text-and-data mining exceptions, have been critical to enabling AI systems to learn from prior knowledge and publicly available data, unlocking scientific and social advances. These exceptions allow for the use of copyrighted, publicly available material for AI training without significantly impacting rightsholders and avoid often highly unpredictable, imbalanced, and lengthy negotiations with data holders during model development or scientific experimentation.""
Hollywood’s letter counters, ""There is no reason to weaken or eliminate the copyright protections that have helped America flourish. Not when AI companies can use our copyrighted material by simply doing what the law requires: negotiating appropriate licenses with copyright holders — just as every other industry does.
SIMON COWELL WARNS AI ‘SHOULDN’T BE ABLE TO STEAL’ HUMAN TALENT
""Access to America’s creative catalog of films, writing, video content, and music is not a matter of national security. They do not require a government-mandated exemption from existing U.S. copyright law.
""For nearly 250 years, U.S. copyright law has balanced creator’s rights with the needs of the public, creating the world’s most vibrant creative economy. We recommend that the American AI Action Plan uphold existing copyright frameworks to maintain the strength of America’s creative and knowledge industries, as well as American cultural influence abroad.""
While a large group of A-listers are rallying against AI, a team of top-grossing directors is openly embracing the technology.
Joe and Anthony Russo, the brothers behind some of Marvel’s biggest hits, like ""Avengers: Endgame,"" recently released their film ""The Electric State"" on Netflix, starring Millie Bobby Brown and Chris Pratt.
CLICK HERE TO SIGN UP FOR THE ENTERTAINMENT NEWSLETTER
The film tells the story of a world full of powerful robots dominating the landscape and touches on the subject of AI.
Joe told The Sunday Times this week that they used AI for some voice modulation in ""The Electric State"" and that AI use is more prevalent in Hollywood than people are willing to admit.
""There’s a lot of finger-pointing and hyperbole because people are afraid,"" Joe said. ""They don’t understand. But ultimately you’ll see AI used more significantly.""
He continued, ""Also, AI is in its generative state now, where it has, as we call them, hallucinations. You can’t do mission-critical work with something that hallucinates. That is a reason self-driving cars haven’t taken over or why AI surgery is not taking place worldwide. But in its generative state, AI is best suited towards creativity.""
LIKE WHAT YOU’RE READING? CLICK HERE FOR MORE ENTERTAINMENT NEWS
AI, especially generative AI, has been a divisive topic in Hollywood since before the strikes by writers and actors in 2023.
Both unions shut down the industry for almost six months, but it was ""necessary at the time,"" SAG-AFTRA National Executive Director and Chief Negotiator Duncan Crabtree-Ireland told Fox News Digital last year.
""Our members suffered. Other workers in the industry suffered. The industry suffered. It was necessary at that time. I wish it hadn't been,"" Crabtree-Ireland said. ""I mean, to me, when I look at the ultimate agreement, I feel like the companies could have made this deal with us on July 12, and this entire thing could have been avoided, and yet they refused. And so that's very frustrating.
""On the other hand, it was essential that we be out ahead of the implementation of AI. If we were trying to negotiate this after the industry had already started using it in a big way, it would be impossible to actually sort of put that genie back in the bottle. And so I feel really good that we successfully anticipated this challenge.""
At this month’s SXSW festival, SAG-AFTRA held a panel addressing the continued effect of AI on Hollywood.
WATCH: SAG-AFTRA REP ON WHY THE ‘DEVASTATING’ HOLLYWOOD STRIKES LAST YEAR WERE ‘NECESSARY’
""The copyright issue is a very big deal to the studios, and, for our folks, it’s been good, in that [employers] do really want to hear from our people because if something isn’t [protected under] copyright — if anybody can make Superman’s suit, and you don’t own it anymore — that’s very bad,"" Vanessa Holtgrewe, IATSE international vice president & assistant department director of motion picture and television production, said in a press release on the union’s website.
""So, they’re being very cautious and careful about AI.""
CLICK HERE TO GET THE FOX NEWS APP
DGA Associate National Executive Director & Western Executive Director Rebecca Rhine added, ""Ultimately, there has to be some federal legislation, and I think all the unions are discussing among themselves about what approaches may bear the most fruit.""",Fox News
https://www.foxnews.com/tech/meta-unveils-new-ar-glasses-heart-rate-monitoring,2025-03-19,Meta unveils new AR glasses with heart rate monitoring,"Get ready for some amazing tech that's about to change the way we see the world, literally. Meta has just unveiled its latest creation, the Aria Gen 2 augmented reality (AR) glasses.
But don't rush out to get them just yet.
These aren't your run-of-the-mill smart specs. Aria Gen 2 is currently in research mode but is designed to push the boundaries of what's possible with AR and AI.
Key features and improvements
Aria Gen 2 features an impressive array of upgrades from its predecessor. The glasses feature an advanced sensor suite that includes an RGB camera, 6DOF SLAM cameras, eye-tracking cameras and spatial microphones. One of the most innovative additions is a set of sensors embedded in the nosepad: a PPG sensor for heart rate monitoring and a contact microphone to distinguish the wearer's voice from others. This level of sophistication in sensor technology opens up new possibilities for research and development in AR applications.
WHAT IS ARTIFICIAL INTELLIGENCE (AI)?
Meta has also made significant strides in on-device processing capabilities. The company's custom silicon enables local processing of SLAM, eye tracking, hand tracking and speech recognition, reducing latency and enhancing the overall user experience. Despite these advanced features, Aria Gen 2 remains remarkably lightweight at just 75 grams and offers an impressive six to eight hours of continuous use. The glasses also feature foldable arms for easy portability, making them ideal for extended research sessions.
Audio interaction has been given special attention in this iteration. High-quality open-ear, force-canceling speakers provide clear audio feedback, enabling researchers to explore user-in-the-loop system prototyping and develop more intuitive AR interfaces.
FACIAL RECOGNITION GLASSES TURN EVERYDAY LIFE INTO A CREEPY PRIVACY NIGHTMARE
Research applications
The Aria Gen 2 glasses are designed to push the boundaries of AR and artificial intelligence research across multiple domains. In the field of machine perception, these glasses enable researchers to explore how AI systems can better understand the world from a human perspective. This has far-reaching implications for the development of more intuitive and context-aware AI systems.
Accessibility research has already benefited from the Aria project. Initiatives like the NavCog project at Carnegie Mellon University have utilized earlier versions of Aria glasses to develop navigation aids for visually impaired individuals. With the enhanced capabilities of Aria Gen 2, companies like Envision are exploring the integration of AI assistants and spatial audio to further improve indoor navigation and accessibility experiences.
The potential applications extend to robotics and AI as well. Researchers at Georgia Tech have demonstrated how the Aria Research Kit can help humanoid robots learn to assist people in home environments. This intersection of AR technology and robotics could lead to significant advancements in human-robot interaction and assistance.
MALWARE STEALS BANK CARDS AND PASSWORDS FROM MILLIONS OF DEVICES
HOW THIS EX-APPLE GUY’S AI GLASSES INVENTION WORKS
Potential future impact
While Aria Gen 2 is currently a research tool, it offers amazing insights into the future capabilities of consumer AR glasses. The inclusion of a heart rate sensor suggests potential health-focused features in future eyewear, allowing for seamless health monitoring throughout the day. The spatial audio capabilities could be used to guide users to specific locations or help find lost items, enhancing everyday navigation and task completion.
The hand and eye tracking technologies incorporated into Aria Gen 2 point towards more intuitive interfaces for future AR devices. These features could enable users to interact with digital content in their field of view naturally, without the need for additional controllers or input devices.
These glasses, while not intended for consumer use, offer a glimpse into the future of AR and AI integration in everyday eyewear. The advancements made in Aria Gen 2 are likely to influence the development of consumer-grade AR glasses, potentially leading to more capable, comfortable and user-friendly devices in the coming years.
GET FOX BUSINESS ON THE GO BY CLICKING HERE
THESE HIGH-TECH GLASSES WILL SUBTITLE REAL-LIFE CONVERSATIONS
Kurt's key takeaways
You know, it's pretty wild to think about where AR tech is heading. Meta's Aria Gen 2 glasses are like a sneak peek into the future, and let me tell you, it's looking pretty mind-blowing. These glasses are packed with all sorts of high-tech goodies: advanced sensors, on-device processing, AI integration, the works.
While we probably won't see all these fancy features in the AR glasses we can buy anytime soon, it's still great to imagine what's coming down the pipeline. Just think about it: One day, we might be wearing glasses that can monitor our health, help us navigate unfamiliar places or even assist those with visual impairments. As researchers keep tinkering with this tech, who knows what amazing applications they'll come up with? I've got a feeling AR is going to become a bigger part of our lives before we know it.
CLICK HERE TO GET THE FOX NEWS APP
Do you think you'd be comfortable wearing AR glasses with advanced sensors like those in Aria Gen 2 in your daily life? Why or why not? Let us know by writing us at Cyberguy.com/Contact.
For more of my tech tips and security alerts, subscribe to my free CyberGuy Report Newsletter by heading to Cyberguy.com/Newsletter.
Alert: Malware steals bank cards and passwords from millions of devices.
Ask Kurt a question or let us know what stories you'd like us to cover.
Follow Kurt on his social channels:
Answers to the most-asked CyberGuy questions:
- What is the best way to protect your Mac, Windows, iPhone and Android devices from getting hacked?
- What is the best way to stay private, secure and anonymous while browsing the web?
- How can I get rid of robocalls with apps and data removal services?
- How do I remove my private data from the internet?
New from Kurt:
- Try CyberGuy's new games (crosswords, word searches, trivia and more!)
- CyberGuy's exclusive coupons and deals
Copyright 2025 CyberGuy.com. All rights reserved.",Fox News
https://www.foxnews.com/tech/10-telltale-signs-ai-created-images,2025-03-20,The 10 telltale signs of AI-created images,"It’s becoming more common for images to be made with AI tools.
As the artificial intelligence generation gets more advanced, it’s getting trickier to tell the difference between AI-made and human-made images. However, there are still signs to look out for.
Here are some key indicators that an image was created by AI.
1. Detail problems
When it comes to photos of people, AI still has trouble mastering fine details like faces, textures and hands. Keep an eye out for inconsistencies such as extra fingers, strange skin tones or too many teeth.
2. Glossy or fake-looking textures
AI can’t always get textures right, so images may look too smooth or shiny. This shows up a lot in things like skin (which might look unnaturally poreless) or in nature scenes where trees or grass look kind of plasticky. If everything looks just a little too perfect, it’s probably AI.
ALERT: MALWARE STEALS BANK CARDS AND PASSWORDS FROM MILLIONS OF DEVICES
3. Lighting and shadow issues
One of the easiest ways to spot AI is by looking at how lighting and shadows work. You might see shadows in odd places, or the lighting could look flat or inconsistent.
4. Background irregularities
AI struggles with depth and perspective, so check the background for anything that seems off. For instance, you might see blurry objects or a distorted skyline. Sometimes, the background won’t even correctly match the image subject.
5. Messed-up words
If there are words in the image, they might look jumbled, misspelled or nonsensical. This is because AI has a tough time making legible text, especially in more complex images.
6. Hidden biases
AI learns from existing data, which can have a lot of built-in biases. As a result, AI images can showcase forms of discrimination. For example, most AI images of prestigious jobs will automatically feature White males.
GET FOX BUSINESS ON THE GO BY CLICKING HERE
FBI'S NEW WARNING ABOUT AI-DRIVEN SCAMS THAT ARE AFTER YOUR CASH
7. Unrealistic elements
Sometimes, AI images will incorporate things that simply don’t make sense. This might include animals in bizarre colors, impossible gadgets and other truly unbelievable settings. If you’re questioning whether something is real, there’s a good chance it isn’t.
WHAT IS ARTIFICIAL INTELLIGENCE (AI)?
CAN AI MAKE PHOTOS OF YOU LOOK BETTER THAN YOU DO IN REAL LIFE?
8. Watermarks
Some generative AI tools automatically add a watermark to the image. This will either be included in the lower corner of an image or be embedded in the background.
9. Missing metadata
While you might not be able to see it right away, AI images usually lack metadata. This is the information that’s attached to an image file, such as photo resolution or copyright details.
To view image metadata in Windows:
- Right-click the image file and select Properties
- Click the Details tab in the window
To find it on a Mac:
- Right-click the image file
- Select Get Info
On real photos, metadata will be displayed. This information is missing when a photo is generated by AI.
10. Reverse image search
For the more deceptive photos, try doing a reverse image search to track down where one came from. If it’s all over social media but not on trusted sites, be wary.
Think you can spot the fake? Put your skills to the test with my ""Find the Fake"" games here.
Kurt’s key takeaways
AI-generated images are becoming increasingly popular. While the technology may be useful in certain situations, it can also bring up big concerns around trust and security. That’s why it’s crucial to know how to spot AI images to help stop misinformation and protect brand credibility.
CLICK HERE TO GET THE FOX NEWS APP
What other types of AI content would you like help identifying? Let us know by writing us at Cyberguy.com/Contact.
For more of my tech tips and security alerts, subscribe to my free CyberGuy Report Newsletter by heading to Cyberguy.com/Newsletter.
Alert: Malware steals bank cards and passwords from millions of devices.
Ask Kurt a question or let us know what stories you'd like us to cover.
Follow Kurt on his social channels:
Answers to the most-asked CyberGuy questions:
- What is the best way to protect your Mac, Windows, iPhone and Android devices from getting hacked?
- What is the best way to stay private, secure and anonymous while browsing the web?
- How can I get rid of robocalls with apps and data removal services?
- How do I remove my private data from the internet?
New from Kurt:
- Try CyberGuy's new games (crosswords, word searches, trivia and more!)
- CyberGuy's exclusive coupons and deals
Copyright 2025 CyberGuy.com. All rights reserved.",Fox News
